LAT,LON,dist_to_miami_km,WMO_WIND,WMO_PRES,sst_current,sst_anom,sst_climo,merra_slp,merra_t2m,merra_rh2m,merra_u10,merra_v10,nino34,amo,year,month,day,dayofyear,is_hurricane_season,min_dist_7d,count_within_radius_7d,min_dist_30d,count_within_radius_30d,min_dist_365d,count_within_radius_365d,date,impact_next30,region
24.0,-79.0,229.8370878049577,20, ,29.483333587646484,0.1216392517089843,29.28543472290039,,,,,,26.65,-0.102,1981,7,2,183,1,229.8370878049577,0.0,229.8370878049577,0.0,229.8370878049577,0.0,1981-07-02 06:00:00,0,miami
24.4,-79.6,162.72113275761367, , ,29.27400016784668,-0.025482177734375,29.161012649536133,,,,,,26.65,-0.102,1981,7,2,183,1,162.72113275761367,1.0,162.72113275761367,1.0,162.72113275761367,1.0,1981-07-02 09:00:00,1,miami
25.0,-80.0,86.86128873894148,25, ,29.264331817626953,0.0418357849121093,29.161012649536133,,,,,,26.65,-0.102,1981,7,2,183,1,86.86128873894148,2.0,86.86128873894148,2.0,86.86128873894148,2.0,1981-07-02 12:00:00,1,miami
25.9,-80.2,15.400141897022278, , ,29.20699882507324,,29.201753616333008,,,,,,26.65,-0.102,1981,7,2,183,1,15.400141897022278,3.0,15.400141897022278,3.0,15.400141897022278,3.0,1981-07-02 15:00:00,1,miami
26.8,-80.3,115.95655816767268,25, ,,,29.13840675354004,,,,,,26.65,-0.102,1981,7,2,183,1,15.400141897022278,4.0,15.400141897022278,4.0,15.400141897022278,4.0,1981-07-02 18:00:00,1,miami
27.4,-80.4,183.34323726434295, , ,,,28.574907302856445,,,,,,26.65,-0.102,1981,7,2,183,1,15.400141897022278,5.0,15.400141897022278,5.0,15.400141897022278,5.0,1981-07-02 21:00:00,1,miami
28.0,-80.5,250.7572336656916,25, ,,,,,,,,,26.65,-0.102,1981,7,3,184,1,15.400141897022278,5.0,15.400141897022278,5.0,15.400141897022278,5.0,1981-07-03 00:00:00,1,miami
28.6,-80.7,319.5813996051289, , ,27.944665908813477,0.0698680877685546,27.46038055419922,,,,,,26.65,-0.102,1981,7,3,184,1,15.400141897022278,5.0,15.400141897022278,5.0,15.400141897022278,5.0,1981-07-03 03:00:00,1,miami
29.2,-80.8,386.9980901922669,30, ,27.56999969482422,-0.2370643615722656,27.82336044311523,,,,,,26.65,-0.102,1981,7,3,184,1,15.400141897022278,5.0,15.400141897022278,5.0,15.400141897022278,5.0,1981-07-03 06:00:00,1,miami
30.1,-81.0,488.8818884162219, , ,27.139331817626953,,27.99333953857422,,,,,,26.65,-0.102,1981,7,3,184,1,15.400141897022278,5.0,15.400141897022278,5.0,15.400141897022278,5.0,1981-07-03 09:00:00,1,miami
31.0,-81.0,587.8072521017518,30, ,27.10999870300293,,27.99333953857422,,,,,,26.65,-0.102,1981,7,3,184,1,15.400141897022278,5.0,15.400141897022278,5.0,15.400141897022278,5.0,1981-07-03 12:00:00,1,miami
31.8,-80.8,674.035048031373, , ,26.721332550048828,-1.6972808837890625,28.33231544494629,,,,,,26.65,-0.102,1981,7,3,184,1,15.400141897022278,5.0,15.400141897022278,5.0,15.400141897022278,5.0,1981-07-03 15:00:00,0,miami
32.5,-80.5,749.8612106065766,25, ,,,28.613300323486328,,,,,,26.65,-0.102,1981,7,3,184,1,15.400141897022278,5.0,15.400141897022278,5.0,15.400141897022278,5.0,1981-07-03 18:00:00,0,miami
33.2,-80.2,827.1016026726611, , ,,,,,,,,,26.65,-0.102,1981,7,3,184,1,15.400141897022278,5.0,15.400141897022278,5.0,15.400141897022278,5.0,1981-07-03 21:00:00,0,miami
34.0,-80.0,916.2431494756062, , ,,,,,,,,,26.65,-0.102,1981,7,4,185,1,15.400141897022278,5.0,15.400141897022278,5.0,15.400141897022278,5.0,1981-07-04 00:00:00,0,miami
10.5,-25.7,5959.111609874693,30,1009,27.36199951171875,-0.0182361602783203,27.42215347290039,,,,,,26.33,-0.123,1981,8,7,219,1,5959.111609874693,0.0,5959.111609874693,0.0,15.400141897022278,5.0,1981-08-07 06:00:00,0,miami
10.7,-27.0,5820.5121333340885, , ,27.48033332824707,-0.0450859069824218,27.51361846923828,,,,,,26.33,-0.123,1981,8,7,219,1,5820.5121333340885,0.0,5820.5121333340885,0.0,15.400141897022278,5.0,1981-08-07 09:00:00,0,miami
10.8,-28.1,5706.499674998208,30,1008,27.174665451049805,-0.4224205017089844,27.580181121826172,,,,,,26.33,-0.123,1981,8,7,219,1,5706.499674998208,0.0,5706.499674998208,0.0,15.400141897022278,5.0,1981-08-07 12:00:00,0,miami
10.9,-28.9,5622.380282924105, , ,27.373998641967773,-0.2494392395019531,27.60703468322754,,,,,,26.33,-0.123,1981,8,7,219,1,5622.380282924105,0.0,5622.380282924105,0.0,15.400141897022278,5.0,1981-08-07 15:00:00,0,miami
11.0,-29.6,5548.236140942696,30,1007,27.33566665649414,-0.3163642883300781,27.656429290771484,,,,,,26.33,-0.123,1981,8,7,219,1,5548.236140942696,0.0,5548.236140942696,0.0,15.400141897022278,5.0,1981-08-07 18:00:00,0,miami
11.1,-30.4,5464.203361019126, , ,27.336999893188477,-0.3457622528076172,27.68342399597168,,,,,,26.33,-0.123,1981,8,7,219,1,5464.203361019126,0.0,5464.203361019126,0.0,15.400141897022278,5.0,1981-08-07 21:00:00,0,miami
11.3,-31.3,5365.675992079336,35,1006,27.43633270263672,-0.2496528625488281,27.68696975708008,,,,,,26.33,-0.123,1981,8,8,220,1,5365.675992079336,0.0,5365.675992079336,0.0,15.400141897022278,5.0,1981-08-08 00:00:00,0,miami
11.5,-32.2,5267.206838820833, , ,27.474998474121097,-0.1997795104980468,27.67094039916992,,,,,,26.33,-0.123,1981,8,8,220,1,5267.206838820833,0.0,5267.206838820833,0.0,15.400141897022278,5.0,1981-08-08 03:00:00,0,miami
11.7,-33.1,5168.797627662401,35,1005,27.43633270263672,-0.182220458984375,27.641857147216797,,,,,,26.33,-0.123,1981,8,8,220,1,5168.797627662401,0.0,5168.797627662401,0.0,15.400141897022278,5.0,1981-08-08 06:00:00,0,miami
11.8,-34.1,5065.182544778248, , ,27.532665252685547,-0.0187187194824218,27.6258602142334,,,,,,26.33,-0.123,1981,8,8,220,1,5065.182544778248,0.0,5065.182544778248,0.0,15.400141897022278,5.0,1981-08-08 09:00:00,0,miami
12.0,-35.0,4966.905226161396,35,1004,27.55266571044922,0.0227718353271484,27.616113662719727,,,,,,26.33,-0.123,1981,8,8,220,1,4966.905226161396,0.0,4966.905226161396,0.0,15.400141897022278,5.0,1981-08-08 12:00:00,0,miami
12.2,-35.8,4878.5729713454275, , ,27.430999755859375,-0.0247211456298828,27.35344123840332,,,,,,26.33,-0.123,1981,8,8,220,1,4878.5729713454275,0.0,4878.5729713454275,0.0,15.400141897022278,5.0,1981-08-08 15:00:00,0,miami
12.5,-36.7,4775.796504800808,40,1003,27.422332763671875,0.010629653930664,27.395851135253903,,,,,,26.33,-0.123,1981,8,8,220,1,4775.796504800808,0.0,4775.796504800808,0.0,15.400141897022278,5.0,1981-08-08 18:00:00,0,miami
12.7,-37.7,4667.847722763645, , ,27.41266632080078,0.0226726531982421,27.444568634033203,,,,,,26.33,-0.123,1981,8,8,220,1,4667.847722763645,0.0,4667.847722763645,0.0,15.400141897022278,5.0,1981-08-08 21:00:00,0,miami
12.8,-38.7,4564.625352840073,40,1002,27.163331985473633,-0.1785888671875,27.45600318908691,,,,,,26.33,-0.123,1981,8,9,221,1,4564.625352840073,0.0,4564.625352840073,0.0,15.400141897022278,5.0,1981-08-09 00:00:00,0,miami
13.0,-39.7,4456.867072527296, , ,27.23833274841309,-0.1277408599853515,27.480506896972656,,,,,,26.33,-0.123,1981,8,9,221,1,4456.867072527296,0.0,4456.867072527296,0.0,15.400141897022278,5.0,1981-08-09 03:00:00,0,miami
13.1,-40.8,4344.055332636252,40,1001,27.357666015625,0.0100669860839843,27.255373001098633,,,,,,26.33,-0.123,1981,8,9,221,1,4344.055332636252,0.0,4344.055332636252,0.0,15.400141897022278,5.0,1981-08-09 06:00:00,0,miami
13.2,-41.9,4231.424199868802, , ,27.75033187866211,0.3641777038574219,27.282896041870117,,,,,,26.33,-0.123,1981,8,9,221,1,4231.424199868802,0.0,4231.424199868802,0.0,15.400141897022278,5.0,1981-08-09 09:00:00,0,miami
13.3,-43.0,4118.988622508983,40,1001,27.680999755859375,0.3451557159423828,27.28641128540039,,,,,,26.33,-0.123,1981,8,9,221,1,4118.988622508983,0.0,4118.988622508983,0.0,15.400141897022278,5.0,1981-08-09 12:00:00,0,miami
13.4,-44.0,4016.521690502643, , ,27.65566635131836,0.2576789855957031,27.351491928100582,,,,,,26.33,-0.123,1981,8,9,221,1,4016.521690502643,0.0,4016.521690502643,0.0,15.400141897022278,5.0,1981-08-09 15:00:00,0,miami
13.5,-45.0,3914.235981301057,40,1001,27.58366584777832,0.1244049072265625,27.418270111083984,,,,,,26.33,-0.123,1981,8,9,221,1,3914.235981301057,0.0,3914.235981301057,0.0,15.400141897022278,5.0,1981-08-09 18:00:00,0,miami
13.5,-46.0,3817.038139741182, , ,27.490665435791016,-0.0268268585205078,27.47793197631836,,,,,,26.33,-0.123,1981,8,9,221,1,3817.038139741182,0.0,3817.038139741182,0.0,15.400141897022278,5.0,1981-08-09 21:00:00,0,miami
13.5,-47.0,3720.168942823462,40,1001,27.61999893188477,0.0366802215576171,27.543792724609375,,,,,,26.33,-0.123,1981,8,10,222,1,3720.168942823462,0.0,3720.168942823462,0.0,15.400141897022278,5.0,1981-08-10 00:00:00,0,miami
13.5,-48.0,3623.6588566211785, , ,27.529998779296875,-0.1238327026367187,27.613630294799805,,,,,,26.33,-0.123,1981,8,10,222,1,3623.6588566211785,0.0,3623.6588566211785,0.0,15.400141897022278,5.0,1981-08-10 03:00:00,0,miami
13.5,-49.0,3527.541417133569,40,1002,27.61999893188477,-0.1004714965820312,27.68152236938477,,,,,,26.33,-0.123,1981,8,10,222,1,3527.541417133569,0.0,3527.541417133569,0.0,15.400141897022278,5.0,1981-08-10 06:00:00,0,miami
13.5,-50.0,3431.853628636756, , ,27.64699935913086,-0.1428031921386718,27.75255966186523,,,,,,26.33,-0.123,1981,8,10,222,1,3431.853628636756,0.0,3431.853628636756,0.0,15.400141897022278,5.0,1981-08-10 09:00:00,0,miami
13.5,-51.0,3336.63642095171,40,1004,27.80099868774414,-0.0734157562255859,27.836210250854492,,,,,,26.33,-0.123,1981,8,10,222,1,3336.63642095171,0.0,3336.63642095171,0.0,15.400141897022278,5.0,1981-08-10 12:00:00,0,miami
13.5,-52.0,3241.9351751434256, , ,27.836332321166992,-0.1403369903564453,27.94483757019043,,,,,,26.33,-0.123,1981,8,10,222,1,3241.9351751434256,0.0,3241.9351751434256,0.0,15.400141897022278,5.0,1981-08-10 15:00:00,0,miami
13.6,-52.9,3151.686876293212,35,1006,27.67966651916504,-0.329324722290039,28.029308319091797,,,,,,26.33,-0.123,1981,8,10,222,1,3151.686876293212,0.0,3151.686876293212,0.0,15.400141897022278,5.0,1981-08-10 18:00:00,0,miami
13.7,-53.9,3052.408452447373, , ,27.763999938964844,-0.3330707550048828,28.11691093444824,,,,,,26.33,-0.123,1981,8,10,222,1,3052.408452447373,0.0,3052.408452447373,0.0,15.400141897022278,5.0,1981-08-10 21:00:00,0,miami
13.8,-54.9,2953.585049736022,30,1007,28.040666580200195,-0.1474781036376953,28.226131439208984,,,,,,26.33,-0.123,1981,8,11,223,1,2953.585049736022,0.0,2953.585049736022,0.0,15.400141897022278,5.0,1981-08-11 00:00:00,0,miami
13.9,-55.7,2873.735299042393, , ,28.16466522216797,-0.1113204956054687,28.35024070739746,,,,,,26.33,-0.123,1981,8,11,223,1,2873.735299042393,0.0,2873.735299042393,0.0,15.400141897022278,5.0,1981-08-11 03:00:00,0,miami
14.0,-56.5,2794.1982228068982,30,1008,28.251333236694336,-0.1201095581054687,28.426259994506836,,,,,,26.33,-0.123,1981,8,11,223,1,2794.1982228068982,0.0,2794.1982228068982,0.0,15.400141897022278,5.0,1981-08-11 06:00:00,0,miami
14.1,-57.4,2705.863651208824, , ,28.432666778564453,0.0246124267578125,28.361881256103516,,,,,,26.33,-0.123,1981,8,11,223,1,2705.863651208824,0.0,2705.863651208824,0.0,15.400141897022278,5.0,1981-08-11 09:00:00,0,miami
14.3,-58.3,2612.0162740229994,30,1009,28.40733337402344,-0.0387153625488281,28.42102813720703,,,,,,26.33,-0.123,1981,8,11,223,1,2612.0162740229994,0.0,2612.0162740229994,0.0,15.400141897022278,5.0,1981-08-11 12:00:00,0,miami
14.4,-59.2,2524.604876229904, , ,28.371000289916992,-0.1089553833007812,28.46562767028809,,,,,,26.33,-0.123,1981,8,11,223,1,2524.604876229904,0.0,2524.604876229904,0.0,15.400141897022278,5.0,1981-08-11 15:00:00,0,miami
14.6,-60.1,2431.5741109905757,30,1010,28.47099876403809,-0.0413970947265625,28.5059757232666,,,,,,26.33,-0.123,1981,8,11,223,1,2431.5741109905757,0.0,2431.5741109905757,0.0,15.400141897022278,5.0,1981-08-11 18:00:00,0,miami
14.7,-61.0,2345.272090656465, , ,28.65199851989746,0.0453624725341796,28.609619140625,,,,,,26.33,-0.123,1981,8,11,223,1,2345.272090656465,0.0,2345.272090656465,0.0,15.400141897022278,5.0,1981-08-11 21:00:00,0,miami
14.9,-61.9,2253.2380641663012,25,1010,28.954999923706055,0.3105907440185547,28.646934509277344,,,,,,26.33,-0.123,1981,8,12,224,1,2253.2380641663012,0.0,2253.2380641663012,0.0,15.400141897022278,5.0,1981-08-12 00:00:00,0,miami
15.1,-62.8,2161.731024604481, , ,28.939332962036133,0.2583370208740234,28.684417724609375,,,,,,26.33,-0.123,1981,8,12,224,1,2161.731024604481,0.0,2161.731024604481,0.0,15.400141897022278,5.0,1981-08-12 03:00:00,0,miami
15.2,-63.8,2068.935685696574,25,1011,29.060333251953125,0.35211181640625,28.70699691772461,,,,,,26.33,-0.123,1981,8,12,224,1,2068.935685696574,0.0,2068.935685696574,0.0,15.400141897022278,5.0,1981-08-12 06:00:00,0,miami
15.3,-64.8,1977.3895796557003, , ,29.04166603088379,0.3307647705078125,28.710283279418945,,,,,,26.33,-0.123,1981,8,12,224,1,1977.3895796557003,0.0,1977.3895796557003,0.0,15.400141897022278,5.0,1981-08-12 09:00:00,0,miami
15.4,-65.7,1895.499356386109,25,1011,29.069000244140625,0.3736858367919922,28.6850643157959,,,,,,26.33,-0.123,1981,8,12,224,1,1895.499356386109,0.0,1895.499356386109,0.0,15.400141897022278,5.0,1981-08-12 12:00:00,0,miami
15.5,-66.7,1806.8133546659376, , ,29.099666595458984,0.4266300201416015,28.664411544799805,,,,,,26.33,-0.123,1981,8,12,224,1,1806.8133546659376,0.0,1806.8133546659376,0.0,15.400141897022278,5.0,1981-08-12 15:00:00,0,miami
15.6,-67.6,1727.8126801394385,25,1011,29.161666870117188,0.4925880432128906,28.67350959777832,,,,,,26.33,-0.123,1981,8,12,224,1,1727.8126801394385,0.0,1727.8126801394385,0.0,15.400141897022278,5.0,1981-08-12 18:00:00,0,miami
15.7,-68.6,1642.857011778556, , ,29.12066650390625,0.4513721466064453,28.670818328857425,,,,,,26.33,-0.123,1981,8,12,224,1,1642.857011778556,0.0,1642.857011778556,0.0,15.400141897022278,5.0,1981-08-12 21:00:00,0,miami
15.8,-69.5,1567.6611105618713,15, ,29.147998809814453,0.4981002807617187,28.65213394165039,,,,,,26.33,-0.123,1981,8,13,225,1,1567.6611105618713,0.0,1567.6611105618713,0.0,15.400141897022278,5.0,1981-08-13 00:00:00,0,miami
15.8,-70.4,1503.0535548127857, , ,29.108665466308594,0.479156494140625,28.65213394165039,,,,,,26.33,-0.123,1981,8,13,225,1,1503.0535548127857,0.0,1503.0535548127857,0.0,15.400141897022278,5.0,1981-08-13 03:00:00,0,miami
15.9,-71.2,1439.586724130607,15, ,28.963666915893555,0.3620586395263672,28.613685607910156,,,,,,26.33,-0.123,1981,8,13,225,1,1439.586724130607,0.0,1439.586724130607,0.0,15.400141897022278,5.0,1981-08-13 06:00:00,0,miami
16.0,-72.0,1378.3451128261331, , ,28.769332885742188,0.1999702453613281,28.57237434387207,,,,,,26.33,-0.123,1981,8,13,225,1,1378.3451128261331,0.0,1378.3451128261331,0.0,15.400141897022278,5.0,1981-08-13 09:00:00,0,miami
16.1,-72.8,1319.630839201599,15, ,28.856998443603516,0.3052577972412109,28.55936622619629,,,,,,26.33,-0.123,1981,8,13,225,1,1319.630839201599,0.0,1319.630839201599,0.0,15.400141897022278,5.0,1981-08-13 12:00:00,0,miami
16.2,-73.6,1263.787958577028, , ,28.864665985107425,0.3232593536376953,28.56412696838379,,,,,,26.33,-0.123,1981,8,13,225,1,1263.787958577028,0.0,1263.787958577028,0.0,15.400141897022278,5.0,1981-08-13 15:00:00,0,miami
16.4,-74.4,1201.4676426707365,15, ,28.886333465576172,0.3250007629394531,28.56412696838379,,,,,,26.33,-0.123,1981,8,13,225,1,1201.4676426707365,0.0,1201.4676426707365,0.0,15.400141897022278,5.0,1981-08-13 18:00:00,0,miami
16.6,-75.1,1147.0168955898014, , ,28.77199935913086,0.1533927917480468,28.583986282348633,,,,,,26.33,-0.123,1981,8,13,225,1,1147.0168955898014,0.0,1147.0168955898014,0.0,15.400141897022278,5.0,1981-08-13 21:00:00,0,miami
16.8,-75.7,1099.522748854077,15, ,28.80066680908203,0.0992603302001953,28.59950828552246,,,,,,26.33,-0.123,1981,8,14,226,1,1099.522748854077,0.0,1099.522748854077,0.0,15.400141897022278,5.0,1981-08-14 00:00:00,0,miami
17.1,-76.4,1039.8242708493312, , ,28.865665435791016,0.0585498809814453,28.90611457824707,,,,,,26.33,-0.123,1981,8,14,226,1,1039.8242708493312,0.0,1039.8242708493312,0.0,15.400141897022278,5.0,1981-08-14 03:00:00,0,miami
17.4,-77.0,986.4692496650856,15, ,28.95699882507324,0.035501480102539,28.940895080566406,,,,,,26.33,-0.123,1981,8,14,226,1,986.4692496650856,0.0,986.4692496650856,0.0,15.400141897022278,5.0,1981-08-14 06:00:00,0,miami
17.7,-77.5,938.4490804177284, , ,29.198999404907227,0.1208000183105468,29.0800724029541,,,,,,26.33,-0.123,1981,8,14,226,1,938.4490804177284,0.0,938.4490804177284,0.0,15.400141897022278,5.0,1981-08-14 09:00:00,0,miami
18.0,-78.0,892.1360331272076,15, ,29.415332794189453,0.1820125579833984,29.0800724029541,,,,,,26.33,-0.123,1981,8,14,226,1,892.1360331272076,0.0,892.1360331272076,0.0,15.400141897022278,5.0,1981-08-14 12:00:00,0,miami
18.4,-78.4,839.103951748534, , ,29.59666633605957,0.153360366821289,29.47150230407715,,,,,,26.33,-0.123,1981,8,14,226,1,839.103951748534,0.0,839.103951748534,0.0,15.400141897022278,5.0,1981-08-14 15:00:00,0,miami
18.8,-78.8,787.2163275855331,15, ,29.761999130249023,0.1652812957763672,29.527687072753903,,,,,,26.33,-0.123,1981,8,14,226,1,787.2163275855331,0.0,787.2163275855331,0.0,15.400141897022278,5.0,1981-08-14 18:00:00,0,miami
19.1,-79.2,747.7167492793997, , ,29.816665649414062,0.1714897155761718,29.72505760192871,,,,,,26.33,-0.123,1981,8,14,226,1,747.7167492793997,0.0,747.7167492793997,0.0,15.400141897022278,5.0,1981-08-14 21:00:00,0,miami
19.5,-79.5,699.8746271408515,15, ,29.696998596191406,0.009866714477539,29.716716766357425,,,,,,26.33,-0.123,1981,8,15,227,1,699.8746271408515,0.0,699.8746271408515,0.0,15.400141897022278,5.0,1981-08-15 00:00:00,0,miami
19.9,-79.8,653.0252710065387, , ,29.77666664123535,0.0109767913818359,29.716716766357425,,,,,,26.33,-0.123,1981,8,15,227,1,653.0252710065387,0.0,653.0252710065387,0.0,15.400141897022278,5.0,1981-08-15 03:00:00,0,miami
20.3,-80.0,607.630037309758,15, ,30.10333251953125,0.2906265258789062,29.82927894592285,,,,,,26.33,-0.123,1981,8,15,227,1,607.630037309758,0.0,607.630037309758,0.0,15.400141897022278,5.0,1981-08-15 06:00:00,0,miami
20.7,-80.3,562.9438254476411, , ,30.11599922180176,0.281341552734375,29.82927894592285,,,,,,26.33,-0.123,1981,8,15,227,1,562.9438254476411,0.0,562.9438254476411,0.0,15.400141897022278,5.0,1981-08-15 09:00:00,0,miami
21.0,-80.5,530.4096294930274,15, ,30.062332153320312,0.2044868469238281,29.810401916503903,,,,,,26.33,-0.123,1981,8,15,227,1,530.4096294930274,0.0,530.4096294930274,0.0,15.400141897022278,5.0,1981-08-15 12:00:00,0,miami
21.3,-80.7,498.814235303902, , ,30.14499855041504,0.2333354949951172,29.93000030517578,,,,,,26.33,-0.123,1981,8,15,227,1,498.814235303902,0.0,498.814235303902,0.0,15.400141897022278,5.0,1981-08-15 15:00:00,0,miami
21.7,-80.8,455.8612135523594,30,1007,30.272998809814453,0.3191032409667969,29.93000030517578,,,,,,26.33,-0.123,1981,8,15,227,1,455.8612135523594,0.0,455.8612135523594,0.0,15.400141897022278,5.0,1981-08-15 18:00:00,0,miami
22.1,-80.9,413.4723557300275, , ,,,30.25359535217285,,,,,,26.33,-0.123,1981,8,15,227,1,413.4723557300275,0.0,413.4723557300275,0.0,15.400141897022278,5.0,1981-08-15 21:00:00,0,miami
22.4,-81.0,382.6982585543331,35,1005,,,30.25359535217285,,,,,,26.33,-0.123,1981,8,16,228,1,382.6982585543331,0.0,382.6982585543331,0.0,15.400141897022278,5.0,1981-08-16 00:00:00,0,miami
22.7,-81.1,352.67615511043596, , ,,,30.25359535217285,,,,,,26.33,-0.123,1981,8,16,228,1,352.67615511043596,0.0,352.67615511043596,0.0,15.400141897022278,5.0,1981-08-16 03:00:00,0,miami
23.0,-81.2,323.6130878844363,35,1003,,,30.25359535217285,,,,,,26.33,-0.123,1981,8,16,228,1,323.6130878844363,0.0,323.6130878844363,0.0,15.400141897022278,5.0,1981-08-16 06:00:00,0,miami
23.4,-81.3,285.5131254819688, , ,29.703998565673828,0.1268806457519531,29.427425384521484,,,,,,26.33,-0.123,1981,8,16,228,1,285.5131254819688,0.0,285.5131254819688,0.0,15.400141897022278,5.0,1981-08-16 09:00:00,1,miami
23.8,-81.4,249.91309046288464,35,1001,29.501333236694336,-0.0989265441894531,29.427425384521484,,,,,,26.33,-0.123,1981,8,16,228,1,249.91309046288464,0.0,249.91309046288464,0.0,15.400141897022278,5.0,1981-08-16 12:00:00,1,miami
24.2,-81.4,212.09327795164896, , ,29.472332000732425,-0.2113151550292968,29.764822006225582,,,,,,26.33,-0.123,1981,8,16,228,1,212.09327795164896,0.0,212.09327795164896,0.0,15.400141897022278,5.0,1981-08-16 15:00:00,1,miami
24.5,-81.3,179.24197043503193,35,1000,29.50833320617676,-0.2587032318115234,29.764822006225582,,,,,,26.33,-0.123,1981,8,16,228,1,179.24197043503193,1.0,179.24197043503193,1.0,15.400141897022278,6.0,1981-08-16 18:00:00,1,miami
24.7,-81.3,162.36400061104484, , ,29.527999877929688,-0.323617935180664,29.764822006225582,,,,,,26.33,-0.123,1981,8,16,228,1,162.36400061104484,2.0,162.36400061104484,2.0,15.400141897022278,7.0,1981-08-16 21:00:00,1,miami
24.9,-81.3,146.92004049835236,35,998,29.501665115356445,-0.4357223510742187,29.764822006225582,,,,,,26.33,-0.123,1981,8,17,229,1,146.92004049835236,3.0,146.92004049835236,3.0,15.400141897022278,8.0,1981-08-17 00:00:00,1,miami
25.0,-81.3,139.88604266719543, , ,29.501665115356445,-0.4357223510742187,29.764822006225582,,,,,,26.33,-0.123,1981,8,17,229,1,139.88604266719543,4.0,139.88604266719543,4.0,15.400141897022278,9.0,1981-08-17 03:00:00,1,miami
25.2,-81.2,118.92301988575302,35,999,29.292665481567383,-0.7374191284179688,30.19478416442871,,,,,,26.33,-0.123,1981,8,17,229,1,118.92301988575302,5.0,118.92301988575302,5.0,15.400141897022278,10.0,1981-08-17 06:00:00,1,miami
25.5,-81.2,105.18055590882958, , ,29.39099884033203,-0.7393360137939453,30.19478416442871,,,,,,26.33,-0.123,1981,8,17,229,1,105.18055590882958,6.0,105.18055590882958,6.0,15.400141897022278,11.0,1981-08-17 09:00:00,1,miami
25.8,-81.2,101.03763565037016,35,999,,,30.19478416442871,,,,,,26.33,-0.123,1981,8,17,229,1,101.03763565037016,7.0,101.03763565037016,7.0,15.400141897022278,12.0,1981-08-17 12:00:00,1,miami
26.0,-81.2,104.28503152307216, , ,,,30.19478416442871,,,,,,26.33,-0.123,1981,8,17,229,1,101.03763565037016,8.0,101.03763565037016,8.0,15.400141897022278,13.0,1981-08-17 15:00:00,1,miami
26.2,-81.2,111.94281536845382,35,1001,,,,,,,,,26.33,-0.123,1981,8,17,229,1,101.03763565037016,9.0,101.03763565037016,9.0,15.400141897022278,14.0,1981-08-17 18:00:00,1,miami
26.4,-81.2,123.1912422009311, , ,,,,,,,,,26.33,-0.123,1981,8,17,229,1,101.03763565037016,10.0,101.03763565037016,10.0,15.400141897022278,15.0,1981-08-17 21:00:00,1,miami
26.5,-81.2,129.88234897067926,35,1003,,,,,,,,,26.33,-0.123,1981,8,18,230,1,101.03763565037016,11.0,101.03763565037016,11.0,15.400141897022278,16.0,1981-08-18 00:00:00,1,miami
26.6,-81.2,137.1496719820648, , ,,,,,,,,,26.33,-0.123,1981,8,18,230,1,101.03763565037016,12.0,101.03763565037016,12.0,15.400141897022278,17.0,1981-08-18 03:00:00,1,miami
26.8,-81.1,146.72487142419527,35,1004,,,,,,,,,26.33,-0.123,1981,8,18,230,1,101.03763565037016,13.0,101.03763565037016,13.0,15.400141897022278,18.0,1981-08-18 06:00:00,1,miami
27.0,-81.0,159.50079472999315, , ,,,,,,,,,26.33,-0.123,1981,8,18,230,1,101.03763565037016,14.0,101.03763565037016,14.0,15.400141897022278,19.0,1981-08-18 09:00:00,1,miami
27.2,-81.0,179.0194841666611,35,1005,,,,,,,,,26.33,-0.123,1981,8,18,230,1,101.03763565037016,15.0,101.03763565037016,15.0,15.400141897022278,20.0,1981-08-18 12:00:00,1,miami
27.3,-81.0,189.00428883898823, , ,,,,,,,,,26.33,-0.123,1981,8,18,230,1,101.03763565037016,16.0,101.03763565037016,16.0,15.400141897022278,21.0,1981-08-18 15:00:00,1,miami
27.6,-81.0,219.61374098105767,35,1005,,,,,,,,,26.33,-0.123,1981,8,18,230,1,101.03763565037016,16.0,101.03763565037016,16.0,15.400141897022278,21.0,1981-08-18 18:00:00,1,miami
28.1,-80.9,269.31704151564423, , ,,,27.733264923095703,,,,,,26.33,-0.123,1981,8,18,230,1,101.03763565037016,16.0,101.03763565037016,16.0,15.400141897022278,21.0,1981-08-18 21:00:00,1,miami
28.7,-80.8,332.2095895234494,35,1004,,,27.733264923095703,,,,,,26.33,-0.123,1981,8,19,231,1,101.03763565037016,16.0,101.03763565037016,16.0,15.400141897022278,21.0,1981-08-19 00:00:00,1,miami
29.2,-80.8,386.9980901922669, , ,27.56999969482422,-0.4761199951171875,28.01563835144043,,,,,,26.33,-0.123,1981,8,19,231,1,101.03763565037016,16.0,101.03763565037016,16.0,15.400141897022278,21.0,1981-08-19 03:00:00,1,miami
29.7,-80.8,441.98846082069406,40,1003,27.293333053588867,-0.8767566680908203,28.01563835144043,,,,,,26.33,-0.123,1981,8,19,231,1,101.03763565037016,16.0,101.03763565037016,16.0,15.400141897022278,21.0,1981-08-19 06:00:00,1,miami
30.3,-80.9,509.3961817075848, , ,27.296998977661133,-0.986215591430664,28.19745826721191,,,,,,26.33,-0.123,1981,8,19,231,1,101.03763565037016,16.0,101.03763565037016,16.0,15.400141897022278,21.0,1981-08-19 09:00:00,1,miami
31.0,-80.8,585.4995538410507,40,1002,27.17099952697754,-1.2248458862304688,28.19745826721191,,,,,,26.33,-0.123,1981,8,19,231,1,101.03763565037016,16.0,101.03763565037016,16.0,15.400141897022278,21.0,1981-08-19 12:00:00,1,miami
31.6,-80.4,649.5064521541434, , ,26.823331832885746,-1.7281417846679688,28.55267333984375,,,,,,26.33,-0.123,1981,8,19,231,1,101.03763565037016,16.0,101.03763565037016,16.0,15.400141897022278,21.0,1981-08-19 15:00:00,0,miami
32.2,-79.9,716.4676081684154,45,1001,26.70033264160156,-1.7870121002197266,28.399707794189453,,,,,,26.33,-0.123,1981,8,19,231,1,101.03763565037016,16.0,101.03763565037016,16.0,15.400141897022278,21.0,1981-08-19 18:00:00,0,miami
32.8,-79.4,786.3727999550636, , ,26.208332061767575,,28.412363052368164,,,,,,26.33,-0.123,1981,8,19,231,1,101.03763565037016,16.0,101.03763565037016,16.0,15.400141897022278,21.0,1981-08-19 21:00:00,0,miami
33.4,-78.8,859.907033653696,50,999,26.060998916625977,-1.9567642211914065,27.941190719604492,,,,,,26.33,-0.123,1981,8,20,232,1,101.03763565037016,16.0,101.03763565037016,16.0,15.400141897022278,21.0,1981-08-20 00:00:00,0,miami
34.1,-78.0,950.846219627677, , ,,,27.671539306640625,,,,,,26.33,-0.123,1981,8,20,232,1,101.03763565037016,16.0,101.03763565037016,16.0,15.400141897022278,21.0,1981-08-20 03:00:00,0,miami
34.7,-77.0,1039.934717957914,55,998,25.21933364868164,,27.75231552124023,,,,,,26.33,-0.123,1981,8,20,232,1,101.03763565037016,16.0,101.03763565037016,16.0,15.400141897022278,21.0,1981-08-20 06:00:00,0,miami
35.1,-76.1,1109.6894187485957, , ,24.69133186340332,,27.586732864379883,,,,,,26.33,-0.123,1981,8,20,232,1,101.03763565037016,16.0,101.03763565037016,16.0,15.400141897022278,21.0,1981-08-20 09:00:00,0,miami
35.5,-75.2,1183.009706165353,60,997,23.806665420532227,-3.702909469604492,27.324628829956055,,,,,,26.33,-0.123,1981,8,20,232,1,101.03763565037016,16.0,101.03763565037016,16.0,15.400141897022278,21.0,1981-08-20 12:00:00,0,miami
35.9,-74.2,1263.4568467004126, , ,27.0939998626709,-0.5135211944580078,28.26512336730957,,,,,,26.33,-0.123,1981,8,20,232,1,101.03763565037016,16.0,101.03763565037016,16.0,15.400141897022278,21.0,1981-08-20 15:00:00,0,miami
36.3,-73.0,1356.3782655473383,65,995,27.803665161132812,0.239297866821289,27.6295223236084,,,,,,26.33,-0.123,1981,8,20,232,1,101.03763565037016,16.0,101.03763565037016,16.0,15.400141897022278,21.0,1981-08-20 18:00:00,0,miami
36.7,-71.7,1458.3421933396037, , ,27.0679988861084,-0.4549617767333984,27.686664581298828,,,,,,26.33,-0.123,1981,8,20,232,1,101.03763565037016,16.0,101.03763565037016,16.0,15.400141897022278,21.0,1981-08-20 21:00:00,0,miami
37.1,-70.4,1563.9927998055707,70,995,26.326000213623047,-1.0024375915527344,27.38573455810547,,,,,,26.33,-0.123,1981,8,21,233,1,101.03763565037016,16.0,101.03763565037016,16.0,15.400141897022278,21.0,1981-08-21 00:00:00,0,miami
37.5,-69.2,1666.6111712772235, , ,26.635665893554688,-0.7890415191650391,27.447099685668945,,,,,,26.33,-0.123,1981,8,21,233,1,101.03763565037016,16.0,101.03763565037016,16.0,15.400141897022278,21.0,1981-08-21 03:00:00,0,miami
37.8,-68.0,1762.939357577077,55,998,26.61433219909668,-0.3155231475830078,27.4190616607666,,,,,,26.33,-0.123,1981,8,21,233,1,101.03763565037016,16.0,101.03763565037016,16.0,15.400141897022278,21.0,1981-08-21 06:00:00,0,miami
38.0,-66.7,1859.905437056475, , ,25.192333221435547,-1.7826042175292969,27.345258712768555,,,,,,26.33,-0.123,1981,8,21,233,1,101.03763565037016,16.0,101.03763565037016,16.0,15.400141897022278,21.0,1981-08-21 09:00:00,0,miami
38.1,-65.4,1952.2796438047908,45,1000,24.87566566467285,-1.8821887969970703,26.486133575439453,,,,,,26.33,-0.123,1981,8,21,233,1,101.03763565037016,16.0,101.03763565037016,16.0,15.400141897022278,21.0,1981-08-21 12:00:00,0,miami
38.3,-64.1,2054.391765964841, , ,25.51333236694336,-1.1922721862792969,26.67927360534668,,,,,,26.33,-0.123,1981,8,21,233,1,101.03763565037016,16.0,101.03763565037016,16.0,15.400141897022278,21.0,1981-08-21 15:00:00,0,miami
38.4,-62.8,2151.785224152539,40,1003,25.14066696166992,-1.7258892059326172,26.8502140045166,,,,,,26.33,-0.123,1981,8,21,233,1,101.03763565037016,16.0,101.03763565037016,16.0,15.400141897022278,21.0,1981-08-21 18:00:00,0,miami
38.2,-61.3,2247.793792203702, , ,25.093332290649418,-1.7542438507080078,26.793664932250977,,,,,,26.33,-0.123,1981,8,21,233,1,101.03763565037016,16.0,101.03763565037016,16.0,15.400141897022278,21.0,1981-08-21 21:00:00,0,miami
37.8,-59.7,2345.7683664129827,35,1005,25.56633186340332,-1.261089324951172,26.83502960205078,,,,,,26.33,-0.123,1981,8,22,234,1,101.03763565037016,16.0,101.03763565037016,16.0,15.400141897022278,21.0,1981-08-22 00:00:00,0,miami
23.4,-73.0,773.0264459274609,30,1003,27.33548355102539,-1.5935134887695312,28.91135597229004,,,,,,26.38,-0.217,1984,9,25,269,1,773.0264459274609,0.0,773.0264459274609,0.0,773.0264459274609,0.0,1984-09-25 12:00:00,0,miami
23.7,-73.4,723.1186455205909, , ,27.417741775512695,-1.5200481414794922,28.91135597229004,,,,,,26.38,-0.217,1984,9,25,269,1,723.1186455205909,0.0,723.1186455205909,0.0,723.1186455205909,0.0,1984-09-25 15:00:00,0,miami
23.9,-73.9,667.7349698805771,30,1003,27.53032112121582,-1.4363937377929688,28.994367599487305,,,,,,26.38,-0.217,1984,9,25,269,1,667.7349698805771,0.0,667.7349698805771,0.0,667.7349698805771,0.0,1984-09-25 18:00:00,0,miami
24.1,-74.4,612.4658175204601, , ,27.532901763916016,-1.4508018493652344,28.946168899536133,,,,,,26.38,-0.217,1984,9,25,269,1,612.4658175204601,0.0,612.4658175204601,0.0,612.4658175204601,0.0,1984-09-25 21:00:00,0,miami
24.3,-74.9,557.3254839994771,30,1002,27.57870864868164,-1.408395767211914,28.980070114135746,,,,,,26.38,-0.217,1984,9,26,270,1,557.3254839994771,0.0,557.3254839994771,0.0,557.3254839994771,0.0,1984-09-26 00:00:00,0,miami
24.4,-75.5,496.1401503256457, , ,27.55645179748535,-1.5457305908203125,29.141069412231445,,,,,,26.38,-0.217,1984,9,26,270,1,496.1401503256457,0.0,496.1401503256457,0.0,496.1401503256457,0.0,1984-09-26 03:00:00,0,miami
24.5,-76.0,444.6660910129297,30,1002,27.553871154785156,-1.642587661743164,29.141069412231445,,,,,,26.38,-0.217,1984,9,26,270,1,444.6660910129297,0.0,444.6660910129297,0.0,444.6660910129297,0.0,1984-09-26 06:00:00,0,miami
24.6,-76.5,393.2947946325975, , ,27.04612922668457,-2.223480224609375,29.389150619506836,,,,,,26.38,-0.217,1984,9,26,270,1,393.2947946325975,0.0,393.2947946325975,0.0,393.2947946325975,0.0,1984-09-26 09:00:00,0,miami
24.7,-77.0,342.05571174939314,40,1001,26.8212890625,-2.535207748413086,29.389150619506836,,,,,,26.38,-0.217,1984,9,26,270,1,342.05571174939314,0.0,342.05571174939314,0.0,342.05571174939314,0.0,1984-09-26 12:00:00,0,miami
24.8,-77.4,300.37174181225623, , ,27.0758056640625,-2.22576904296875,29.389150619506836,,,,,,26.38,-0.217,1984,9,26,270,1,300.37174181225623,0.0,300.37174181225623,0.0,300.37174181225623,0.0,1984-09-26 15:00:00,0,miami
25.0,-77.7,264.2655140341471,45,1000,27.26322555541992,-2.0419464111328125,29.362010955810547,,,,,,26.38,-0.217,1984,9,26,270,1,264.2655140341471,0.0,264.2655140341471,0.0,264.2655140341471,0.0,1984-09-26 18:00:00,0,miami
25.2,-78.1,219.06165767207565, , ,26.849998474121097,-2.4376888275146484,29.22484016418457,,,,,,26.38,-0.217,1984,9,26,270,1,219.06165767207565,0.0,219.06165767207565,0.0,219.06165767207565,0.0,1984-09-26 21:00:00,0,miami
25.4,-78.4,184.15279148318535,45,999,26.651288986206055,-2.6274166107177734,29.22484016418457,,,,,,26.38,-0.217,1984,9,27,271,1,184.15279148318535,1.0,184.15279148318535,1.0,184.15279148318535,1.0,1984-09-27 00:00:00,0,miami
25.6,-78.8,140.62755623843688, , ,26.693225860595703,-2.60367202758789,29.326082229614254,,,,,,26.38,-0.217,1984,9,27,271,1,140.62755623843688,2.0,140.62755623843688,2.0,140.62755623843688,2.0,1984-09-27 03:00:00,1,miami
25.8,-79.1,109.40132006846228,50,1000,27.27451515197754,-1.9964866638183592,29.326082229614254,,,,,,26.38,-0.217,1984,9,27,271,1,109.40132006846228,3.0,109.40132006846228,3.0,109.40132006846228,3.0,1984-09-27 06:00:00,1,miami
26.1,-79.5,78.74581655073277, , ,27.974193572998047,-1.267679214477539,29.229082107543945,,,,,,26.38,-0.217,1984,9,27,271,1,78.74581655073277,4.0,78.74581655073277,4.0,78.74581655073277,4.0,1984-09-27 09:00:00,1,miami
26.4,-79.8,81.04741685376628,50,1000,27.84290313720703,-1.387298583984375,29.229082107543945,,,,,,26.38,-0.217,1984,9,27,271,1,78.74581655073277,5.0,78.74581655073277,5.0,78.74581655073277,5.0,1984-09-27 12:00:00,1,miami
26.9,-80.1,126.90336355680932, , ,,,29.229082107543945,,,,,,26.38,-0.217,1984,9,27,271,1,78.74581655073277,6.0,78.74581655073277,6.0,78.74581655073277,6.0,1984-09-27 15:00:00,1,miami
27.3,-80.5,173.77721589686774,45,1001,,,,,,,,,26.38,-0.217,1984,9,27,271,1,78.74581655073277,7.0,78.74581655073277,7.0,78.74581655073277,7.0,1984-09-27 18:00:00,1,miami
27.6,-81.0,219.61374098105767, , ,,,,,,,,,26.38,-0.217,1984,9,27,271,1,78.74581655073277,7.0,78.74581655073277,7.0,78.74581655073277,7.0,1984-09-27 21:00:00,1,miami
27.8,-81.5,261.20963316162823,45,1002,,,,,,,,,26.38,-0.217,1984,9,28,272,1,78.74581655073277,7.0,78.74581655073277,7.0,78.74581655073277,7.0,1984-09-28 00:00:00,1,miami
28.1,-82.0,315.7985526464828, , ,,,,,,,,,26.38,-0.217,1984,9,28,272,1,78.74581655073277,7.0,78.74581655073277,7.0,78.74581655073277,7.0,1984-09-28 03:00:00,1,miami
28.5,-82.3,369.08077835993646,45,1002,,,,,,,,,26.38,-0.217,1984,9,28,272,1,78.74581655073277,7.0,78.74581655073277,7.0,78.74581655073277,7.0,1984-09-28 06:00:00,1,miami
29.0,-82.3,415.89378128113, , ,,,,,,,,,26.38,-0.217,1984,9,28,272,1,78.74581655073277,7.0,78.74581655073277,7.0,78.74581655073277,7.0,1984-09-28 09:00:00,1,miami
29.5,-82.1,456.1843423185903,45,1002,,,,,,,,,26.38,-0.217,1984,9,28,272,1,78.74581655073277,7.0,78.74581655073277,7.0,78.74581655073277,7.0,1984-09-28 12:00:00,1,miami
29.8,-82.0,482.96474386228, , ,,,,,,,,,26.38,-0.217,1984,9,28,272,1,78.74581655073277,7.0,78.74581655073277,7.0,78.74581655073277,7.0,1984-09-28 15:00:00,1,miami
30.1,-81.9,510.72910747484406,45,1001,,,,,,,,,26.38,-0.217,1984,9,28,272,1,78.74581655073277,7.0,78.74581655073277,7.0,78.74581655073277,7.0,1984-09-28 18:00:00,1,miami
30.4,-81.7,536.539082976157, , ,,,,,,,,,26.38,-0.217,1984,9,28,272,1,78.74581655073277,7.0,78.74581655073277,7.0,78.74581655073277,7.0,1984-09-28 21:00:00,1,miami
30.7,-81.4,561.7117524454889,45,1004,24.72612762451172,,27.88642692565918,,,,,,26.38,-0.217,1984,9,29,273,1,78.74581655073277,7.0,78.74581655073277,7.0,78.74581655073277,7.0,1984-09-29 00:00:00,1,miami
31.0,-81.0,587.8072521017518, , ,24.703548431396484,,27.88642692565918,,,,,,26.38,-0.217,1984,9,29,273,1,78.74581655073277,7.0,78.74581655073277,7.0,78.74581655073277,7.0,1984-09-29 03:00:00,1,miami
31.3,-80.5,616.5653571592112,45,1005,24.48870849609375,-3.3481674194335938,27.673736572265625,,,,,,26.38,-0.217,1984,9,29,273,1,78.74581655073277,7.0,78.74581655073277,7.0,78.74581655073277,7.0,1984-09-29 06:00:00,1,miami
31.7,-79.9,660.9204921833776, , ,25.44257926940918,-2.535802841186523,27.979015350341797,,,,,,26.38,-0.217,1984,9,29,273,1,78.74581655073277,7.0,78.74581655073277,7.0,78.74581655073277,7.0,1984-09-29 09:00:00,0,miami
32.2,-79.3,721.1321208035378,45,1004,25.75128936767578,-2.111684799194336,27.65789222717285,,,,,,26.38,-0.217,1984,9,29,273,1,78.74581655073277,7.0,78.74581655073277,7.0,78.74581655073277,7.0,1984-09-29 12:00:00,0,miami
32.5,-78.6,765.0155275543275, , ,26.866451263427734,-1.1009674072265625,27.65789222717285,,,,,,26.38,-0.217,1984,9,29,273,1,78.74581655073277,7.0,78.74581655073277,7.0,78.74581655073277,7.0,1984-09-29 15:00:00,0,miami
32.8,-77.8,816.1974926801965,45,1002,26.63225746154785,-1.2316417694091797,28.20878219604492,,,,,,26.38,-0.217,1984,9,29,273,1,78.74581655073277,7.0,78.74581655073277,7.0,78.74581655073277,7.0,1984-09-29 18:00:00,0,miami
33.2,-77.0,882.7698942032104, , ,26.778709411621097,-1.2510261535644531,27.86456871032715,,,,,,26.38,-0.217,1984,9,29,273,1,78.74581655073277,7.0,78.74581655073277,7.0,78.74581655073277,7.0,1984-09-29 21:00:00,0,miami
33.6,-76.2,952.8318272822572,50,1000,27.139354705810547,-0.9740486145019532,28.276233673095703,,,,,,26.38,-0.217,1984,9,30,274,1,78.74581655073277,7.0,78.74581655073277,7.0,78.74581655073277,7.0,1984-09-30 00:00:00,0,miami
34.0,-75.3,1029.952178002091, , ,26.77677345275879,-1.0562286376953125,27.675004959106445,,,,,,26.38,-0.217,1984,9,30,274,1,78.74581655073277,7.0,78.74581655073277,7.0,78.74581655073277,7.0,1984-09-30 03:00:00,0,miami
34.3,-74.4,1100.4757390464488,40,1005,26.299354553222656,-1.1676597595214844,27.221960067749023,,,,,,26.38,-0.217,1984,9,30,274,1,78.74581655073277,7.0,78.74581655073277,7.0,78.74581655073277,7.0,1984-09-30 06:00:00,0,miami
34.6,-73.5,1173.8022259282875, , ,25.53645133972168,-1.5732917785644531,27.221960067749023,,,,,,26.38,-0.217,1984,9,30,274,1,78.74581655073277,7.0,78.74581655073277,7.0,78.74581655073277,7.0,1984-09-30 09:00:00,0,miami
34.8,-72.5,1246.2248761606634,40,1007,24.27838706970215,-2.6041488647460938,26.86473846435547,,,,,,26.38,-0.217,1984,9,30,274,1,78.74581655073277,7.0,78.74581655073277,7.0,78.74581655073277,7.0,1984-09-30 12:00:00,0,miami
35.0,-71.5,1321.745891279469, , ,23.684837341308594,-3.14068603515625,26.86487579345703,,,,,,26.38,-0.217,1984,9,30,274,1,78.74581655073277,7.0,78.74581655073277,7.0,78.74581655073277,7.0,1984-09-30 15:00:00,0,miami
35.3,-70.4,1414.1187116778997,40,1007,24.180322647094727,-2.5788135528564453,26.732515335083008,,,,,,26.38,-0.217,1984,9,30,274,1,78.74581655073277,7.0,78.74581655073277,7.0,78.74581655073277,7.0,1984-09-30 18:00:00,0,miami
35.5,-69.1,1514.049220645614, , ,24.618709564208984,-2.19588851928711,26.801084518432617,,,,,,26.38,-0.217,1984,9,30,274,1,78.74581655073277,7.0,78.74581655073277,7.0,78.74581655073277,7.0,1984-09-30 21:00:00,0,miami
35.8,-67.7,1631.2556407309787,30,1007,24.03935432434082,-1.263946533203125,25.3298397064209,,,,,,26.04,-0.352,1984,10,1,275,1,78.74581655073277,7.0,78.74581655073277,7.0,78.74581655073277,7.0,1984-10-01 00:00:00,0,miami
36.1,-66.4,1743.5628340595108, , ,24.30064392089844,-0.909038543701172,25.131818771362305,,,,,,26.04,-0.352,1984,10,1,275,1,78.74581655073277,7.0,78.74581655073277,7.0,78.74581655073277,7.0,1984-10-01 03:00:00,0,miami
36.4,-65.0,1864.533834436424,30,1008,24.311613082885746,-0.8097324371337891,25.113759994506836,,,,,,26.04,-0.352,1984,10,1,275,1,78.74581655073277,7.0,78.74581655073277,7.0,78.74581655073277,7.0,1984-10-01 06:00:00,0,miami
36.6,-63.6,1980.7673253231444, , ,24.651935577392575,-0.3343925476074219,25.03014755249023,,,,,,26.04,-0.352,1984,10,1,275,1,78.74581655073277,7.0,78.74581655073277,7.0,78.74581655073277,7.0,1984-10-01 09:00:00,0,miami
36.8,-62.1,2106.285387309253,25,1012,24.47612953186035,-0.3788738250732422,24.863834381103516,,,,,,26.04,-0.352,1984,10,1,275,1,78.74581655073277,7.0,78.74581655073277,7.0,78.74581655073277,7.0,1984-10-01 12:00:00,0,miami
26.2,-71.4,879.9886478345791,20, ,25.23699951171875,-2.5916004180908203,27.697046279907227,,,,,,26.04,-0.352,1984,10,25,299,1,879.9886478345791,0.0,78.74581655073277,7.0,78.74581655073277,7.0,1984-10-25 06:00:00,0,miami
26.5,-72.2,801.8976595221684, , ,25.391332626342773,-2.388446807861328,27.72668075561523,,,,,,26.04,-0.352,1984,10,25,299,1,801.8976595221684,0.0,78.74581655073277,7.0,78.74581655073277,7.0,1984-10-25 09:00:00,0,miami
26.8,-73.0,726.1586030199273,25, ,24.990333557128903,-2.753213882446289,27.849517822265625,,,,,,26.04,-0.352,1984,10,25,299,1,726.1586030199273,0.0,78.74581655073277,7.0,78.74581655073277,7.0,1984-10-25 12:00:00,0,miami
27.0,-73.8,651.3532335493477, , ,25.03233337402344,-2.773591995239258,27.949382781982425,,,,,,26.04,-0.352,1984,10,25,299,1,651.3532335493477,0.0,78.74581655073277,7.0,78.74581655073277,7.0,1984-10-25 15:00:00,0,miami
27.0,-74.6,573.7330716771884,25, ,24.864999771118164,-2.963096618652344,27.944732666015625,,,,,,26.04,-0.352,1984,10,25,299,1,573.7330716771884,0.0,78.74581655073277,7.0,78.74581655073277,7.0,1984-10-25 18:00:00,0,miami
27.0,-75.4,496.7565156774327, , ,25.291000366210938,-2.5490474700927734,27.944732666015625,,,,,,26.04,-0.352,1984,10,25,299,1,496.7565156774327,0.0,78.74581655073277,7.0,78.74581655073277,7.0,1984-10-25 21:00:00,0,miami
26.9,-76.2,417.44029405838137,30, ,25.80966567993164,-2.03738784790039,27.92605972290039,,,,,,26.04,-0.352,1984,10,26,300,1,417.44029405838137,0.0,78.74581655073277,7.0,78.74581655073277,7.0,1984-10-26 00:00:00,0,miami
26.9,-77.1,333.0926939716893, , ,25.98933219909668,-1.8515739440917969,27.873926162719727,,,,,,26.04,-0.352,1984,10,26,300,1,333.0926939716893,0.0,78.74581655073277,7.0,78.74581655073277,7.0,1984-10-26 03:00:00,0,miami
26.9,-77.9,261.11580346474506,30, ,25.358665466308594,-2.493244171142578,27.937650680541992,,,,,,26.04,-0.352,1984,10,26,300,1,261.11580346474506,0.0,78.74581655073277,7.0,78.74581655073277,7.0,1984-10-26 06:00:00,0,miami
26.9,-78.5,210.82051866507635, , ,25.45366668701172,-2.545238494873047,28.15252685546875,,,,,,26.04,-0.352,1984,10,26,300,1,210.82051866507635,0.0,78.74581655073277,7.0,78.74581655073277,7.0,1984-10-26 09:00:00,0,miami
27.0,-79.2,169.46877250184244,30, ,26.363998413085938,-1.746723175048828,28.15252685546875,,,,,,26.04,-0.352,1984,10,26,300,1,169.46877250184244,1.0,78.74581655073277,8.0,78.74581655073277,8.0,1984-10-26 12:00:00,1,miami
27.1,-80.1,149.09261530418385, , ,26.819332122802734,,28.016244888305664,,,,,,26.04,-0.352,1984,10,26,300,1,149.09261530418385,2.0,78.74581655073277,9.0,78.74581655073277,9.0,1984-10-26 15:00:00,1,miami
27.2,-81.1,183.70647211267575,25, ,,,,,,,,,26.04,-0.352,1984,10,26,300,1,149.09261530418385,3.0,78.74581655073277,10.0,78.74581655073277,10.0,1984-10-26 18:00:00,1,miami
27.5,-82.1,270.7973157578238, , ,,,,,,,,,26.04,-0.352,1984,10,26,300,1,149.09261530418385,3.0,78.74581655073277,10.0,78.74581655073277,10.0,1984-10-26 21:00:00,1,miami
27.8,-83.0,359.2508873054503,25, ,23.34866523742676,-3.566375732421875,27.21317481994629,,,,,,26.04,-0.352,1984,10,27,301,1,149.09261530418385,3.0,78.74581655073277,9.0,78.74581655073277,10.0,1984-10-27 00:00:00,1,miami
27.9,-83.9,438.038718520152, , ,24.408666610717773,-2.8051681518554688,27.43256568908691,,,,,,26.04,-0.352,1984,10,27,301,1,149.09261530418385,3.0,78.74581655073277,8.0,78.74581655073277,10.0,1984-10-27 03:00:00,1,miami
28.0,-84.8,520.3483447778934,25, ,25.088333129882812,-2.1778125762939453,27.42382049560547,,,,,,26.04,-0.352,1984,10,27,301,1,149.09261530418385,3.0,78.74581655073277,7.0,78.74581655073277,10.0,1984-10-27 06:00:00,0,miami
28.2,-85.7,609.3455113969092, , ,25.154998779296875,-2.061513900756836,27.11432647705078,,,,,,26.04,-0.352,1984,10,27,301,1,149.09261530418385,3.0,81.04741685376628,6.0,78.74581655073277,10.0,1984-10-27 09:00:00,0,miami
28.5,-86.5,694.4028749110543,30, ,25.06633186340332,-2.102161407470703,27.132009506225582,,,,,,26.04,-0.352,1984,10,27,301,1,149.09261530418385,3.0,126.90336355680932,5.0,78.74581655073277,10.0,1984-10-27 12:00:00,0,miami
28.9,-87.2,775.0437401218942, , ,24.696998596191406,-2.251850128173828,27.132009506225582,,,,,,26.04,-0.352,1984,10,27,301,1,149.09261530418385,3.0,149.09261530418385,4.0,78.74581655073277,10.0,1984-10-27 15:00:00,0,miami
29.5,-87.8,856.7471400158947,30, ,23.85999870300293,-2.721364974975586,26.48540306091309,,,,,,26.04,-0.352,1984,10,27,301,1,149.09261530418385,3.0,149.09261530418385,3.0,78.74581655073277,10.0,1984-10-27 18:00:00,1,miami
30.1,-88.4,939.2322520236876, , ,20.411998748779297,-5.0321197509765625,25.263662338256836,,,,,,26.04,-0.352,1984,10,27,301,1,149.09261530418385,3.0,149.09261530418385,3.0,78.74581655073277,10.0,1984-10-27 21:00:00,1,miami
30.8,-89.0,1027.8978217661488, , ,,,24.63311195373535,,,,,,26.04,-0.352,1984,10,28,302,1,149.09261530418385,3.0,149.09261530418385,3.0,78.74581655073277,10.0,1984-10-28 00:00:00,0,miami
26.5,-79.5,107.28042836562813,20, ,26.45129013061523,-0.462188720703125,27.17803382873535,,,,,,25.52,-0.432,1984,11,23,328,1,107.28042836562813,1.0,107.28042836562813,4.0,78.74581655073277,11.0,1984-11-23 12:00:00,1,miami
26.7,-79.2,143.77620875465342, , ,25.28774070739746,-1.3266716003417969,26.569917678833008,,,,,,25.52,-0.432,1984,11,23,328,1,107.28042836562813,2.0,107.28042836562813,5.0,78.74581655073277,12.0,1984-11-23 15:00:00,1,miami
26.8,-78.8,180.5102276730125,20, ,24.238386154174805,-2.2046871185302734,26.569917678833008,,,,,,25.52,-0.432,1984,11,23,328,1,107.28042836562813,3.0,107.28042836562813,6.0,78.74581655073277,13.0,1984-11-23 18:00:00,1,miami
26.8,-78.3,221.13967251214345, , ,23.557418823242188,-2.649578094482422,26.066375732421875,,,,,,25.52,-0.432,1984,11,23,328,1,107.28042836562813,3.0,107.28042836562813,6.0,78.74581655073277,13.0,1984-11-23 21:00:00,0,miami
26.7,-77.7,269.5453090182667,25, ,23.910322189331055,-2.159095764160156,26.066375732421875,,,,,,25.52,-0.432,1984,11,24,329,1,107.28042836562813,3.0,107.28042836562813,6.0,78.74581655073277,13.0,1984-11-24 00:00:00,0,miami
26.6,-77.2,312.7459576377748, , ,24.506772994995117,-1.5828971862792969,26.089351654052734,,,,,,25.52,-0.432,1984,11,24,329,1,107.28042836562813,3.0,107.28042836562813,6.0,78.74581655073277,13.0,1984-11-24 03:00:00,0,miami
26.4,-76.7,355.8707093671512,25, ,24.756450653076172,-1.4656982421875,26.089351654052734,,,,,,25.52,-0.432,1984,11,24,329,1,107.28042836562813,3.0,107.28042836562813,6.0,78.74581655073277,13.0,1984-11-24 06:00:00,0,miami
26.2,-76.3,392.04026625835456, , ,24.71354866027832,-1.626504898071289,26.34303092956543,,,,,,25.52,-0.432,1984,11,24,329,1,107.28042836562813,3.0,107.28042836562813,6.0,78.74581655073277,13.0,1984-11-24 09:00:00,0,miami
26.0,-75.8,440.14389967692114,25, ,24.62096786499023,-1.8307437896728516,26.505382537841797,,,,,,25.52,-0.432,1984,11,24,329,1,107.28042836562813,3.0,107.28042836562813,6.0,78.74581655073277,13.0,1984-11-24 12:00:00,0,miami
25.9,-75.0,519.8138430304068, , ,24.32806396484375,-2.1669235229492188,26.623106002807617,,,,,,25.52,-0.432,1984,11,24,329,1,107.28042836562813,3.0,107.28042836562813,6.0,78.74581655073277,13.0,1984-11-24 15:00:00,0,miami
25.8,-74.0,619.9241540393604,30, ,24.6019344329834,-1.9367656707763672,26.707202911376953,,,,,,25.52,-0.432,1984,11,24,329,1,107.28042836562813,3.0,107.28042836562813,6.0,78.74581655073277,13.0,1984-11-24 18:00:00,0,miami
25.8,-73.2,699.9989729552342, , ,24.58548355102539,-1.8651065826416016,26.58401679992676,,,,,,25.52,-0.432,1984,11,24,329,1,107.28042836562813,3.0,107.28042836562813,6.0,78.74581655073277,13.0,1984-11-24 21:00:00,0,miami
25.8,-72.3,790.0757671593175,30, ,24.605484008789062,-1.7927360534667969,26.522151947021484,,,,,,25.52,-0.432,1984,11,25,330,1,107.28042836562813,3.0,107.28042836562813,6.0,78.74581655073277,13.0,1984-11-25 00:00:00,0,miami
25.8,-71.4,880.1435971430468, , ,24.541290283203125,-1.858755111694336,26.580284118652344,,,,,,25.52,-0.432,1984,11,25,330,1,107.28042836562813,3.0,107.28042836562813,6.0,78.74581655073277,13.0,1984-11-25 03:00:00,0,miami
25.9,-70.4,979.9037534865034,30, ,24.087419509887695,-2.3532180786132812,26.600034713745117,,,,,,25.52,-0.432,1984,11,25,330,1,107.28042836562813,3.0,107.28042836562813,6.0,78.74581655073277,13.0,1984-11-25 06:00:00,0,miami
26.0,-69.5,1069.6647111040702, , ,24.07935333251953,-2.3816566467285156,26.600034713745117,,,,,,25.52,-0.432,1984,11,25,330,1,107.28042836562813,3.0,107.28042836562813,6.0,78.74581655073277,13.0,1984-11-25 09:00:00,0,miami
26.0,-68.6,1159.5958367063415,30, ,24.75,-1.7116317749023438,26.60958480834961,,,,,,25.52,-0.432,1984,11,25,330,1,107.28042836562813,3.0,107.28042836562813,5.0,78.74581655073277,13.0,1984-11-25 12:00:00,0,miami
26.0,-67.7,1249.5168541372043, , ,24.635805130004883,-1.80291748046875,26.601863861083984,,,,,,25.52,-0.432,1984,11,25,330,1,107.28042836562813,3.0,107.28042836562813,4.0,78.74581655073277,13.0,1984-11-25 15:00:00,0,miami
26.0,-66.8,1339.4259285747455,30, ,24.1822566986084,-2.2340087890625,26.588842391967773,,,,,,25.52,-0.432,1984,11,25,330,1,107.28042836562813,3.0,107.28042836562813,3.0,78.74581655073277,13.0,1984-11-25 18:00:00,0,miami
26.0,-65.8,1439.3088850954186, , ,23.656774520874023,-2.716524124145508,26.567983627319336,,,,,,25.52,-0.432,1984,11,25,330,1,107.28042836562813,3.0,107.28042836562813,3.0,78.74581655073277,13.0,1984-11-25 21:00:00,0,miami
26.0,-64.8,1539.1729655777183,30, ,23.975160598754883,-2.4120941162109375,26.55927276611328,,,,,,25.52,-0.432,1984,11,26,331,1,107.28042836562813,3.0,107.28042836562813,3.0,78.74581655073277,13.0,1984-11-26 00:00:00,0,miami
26.0,-63.8,1639.0162073010329, , ,24.249677658081055,-2.221515655517578,26.63857078552246,,,,,,25.52,-0.432,1984,11,26,331,1,107.28042836562813,3.0,107.28042836562813,3.0,78.74581655073277,13.0,1984-11-26 03:00:00,0,miami
26.0,-62.8,1738.8367359296994,30, ,23.761289596557617,-2.721477508544922,26.668861389160156,,,,,,25.52,-0.432,1984,11,26,331,1,107.28042836562813,3.0,107.28042836562813,3.0,78.74581655073277,13.0,1984-11-26 06:00:00,0,miami
26.0,-61.9,1828.654292005771, , ,24.050321578979492,-2.3965511322021484,26.6296443939209,,,,,,25.52,-0.432,1984,11,26,331,1,107.28042836562813,3.0,107.28042836562813,3.0,78.74581655073277,13.0,1984-11-26 09:00:00,0,miami
26.1,-61.0,1917.8151463827344,30, ,24.075483322143555,-2.2688732147216797,26.17353057861328,,,,,,25.52,-0.432,1984,11,26,331,1,107.28042836562813,3.0,107.28042836562813,3.0,78.74581655073277,13.0,1984-11-26 12:00:00,0,miami
26.1,-60.0,2017.5099374552487, , ,24.175161361694336,-2.1950645446777344,26.21908187866211,,,,,,25.52,-0.432,1984,11,26,331,1,107.28042836562813,3.0,107.28042836562813,3.0,78.74581655073277,13.0,1984-11-26 15:00:00,0,miami
26.1,-59.0,2117.176072184014,30, ,23.767742156982425,-2.587970733642578,26.21845817565918,,,,,,25.52,-0.432,1984,11,26,331,1,107.28042836562813,3.0,107.28042836562813,3.0,78.74581655073277,13.0,1984-11-26 18:00:00,0,miami
26.3,-58.3,2185.534755476041, , ,23.848709106445312,-2.456195831298828,26.29172706604004,,,,,,25.52,-0.432,1984,11,26,331,1,107.28042836562813,3.0,107.28042836562813,3.0,78.74581655073277,13.0,1984-11-26 21:00:00,0,miami
26.5,-57.5,2263.8713835341855,30, ,23.969032287597656,-2.3720626831054688,26.29172706604004,,,,,,25.52,-0.432,1984,11,27,332,1,107.28042836562813,3.0,107.28042836562813,3.0,78.74581655073277,13.0,1984-11-27 00:00:00,0,miami
26.8,-56.4,2371.4402060830876, , ,24.018064498901367,-2.1209964752197266,26.25696182250977,,,,,,25.52,-0.432,1984,11,27,332,1,107.28042836562813,3.0,107.28042836562813,3.0,78.74581655073277,13.0,1984-11-27 03:00:00,0,miami
27.1,-55.4,2469.0868588204617,30, ,24.049999237060547,-1.916706085205078,25.804691314697266,,,,,,25.52,-0.432,1984,11,27,332,1,107.28042836562813,3.0,107.28042836562813,3.0,78.74581655073277,13.0,1984-11-27 06:00:00,0,miami
27.5,-54.6,2546.6475641276556, , ,24.27322578430176,-1.551982879638672,25.804691314697266,,,,,,25.52,-0.432,1984,11,27,332,1,107.28042836562813,3.0,107.28042836562813,3.0,78.74581655073277,13.0,1984-11-27 09:00:00,0,miami
28.0,-54.0,2604.6321519056924,30, ,24.094837188720703,-1.5181427001953125,25.738563537597656,,,,,,25.52,-0.432,1984,11,27,332,1,107.28042836562813,3.0,107.28042836562813,3.0,78.74581655073277,13.0,1984-11-27 12:00:00,0,miami
28.4,-53.5,2653.408915578976, , ,23.586450576782227,-1.85528564453125,25.389394760131836,,,,,,25.52,-0.432,1984,11,27,332,1,107.28042836562813,3.0,107.28042836562813,3.0,78.74581655073277,13.0,1984-11-27 15:00:00,0,miami
28.9,-52.9,2712.4088338886413,30, ,23.04161262512207,-2.190946578979492,25.409358978271484,,,,,,25.52,-0.432,1984,11,27,332,1,107.28042836562813,3.0,107.28042836562813,3.0,78.74581655073277,13.0,1984-11-27 18:00:00,0,miami
29.4,-52.0,2800.938162381918, , ,22.857418060302734,-2.1395835876464844,24.93646812438965,,,,,,25.52,-0.432,1984,11,27,332,1,107.28042836562813,3.0,107.28042836562813,3.0,78.74581655073277,13.0,1984-11-27 21:00:00,0,miami
30.0,-51.0,2899.6137958823056,30, ,22.99322509765625,-1.7450942993164062,24.89911651611328,,,,,,25.52,-0.432,1984,11,28,333,1,107.28042836562813,3.0,107.28042836562813,3.0,78.74581655073277,13.0,1984-11-28 00:00:00,0,miami
30.6,-50.2,2979.3138853899077, , ,22.683547973632812,-1.7008705139160156,24.431982040405273,,,,,,25.52,-0.432,1984,11,28,333,1,107.28042836562813,3.0,107.28042836562813,3.0,78.74581655073277,13.0,1984-11-28 03:00:00,0,miami
31.1,-49.5,3049.1345328662715,25, ,22.115806579589844,-2.0403060913085938,24.02606773376465,,,,,,25.52,-0.432,1984,11,28,333,1,107.28042836562813,3.0,107.28042836562813,3.0,78.74581655073277,13.0,1984-11-28 06:00:00,0,miami
26.0,-85.0,481.7261146484109,25,1012,29.1651611328125,-0.1985301971435547,29.35832977294922,,,,,,26.56,-0.161,1985,7,21,202,1,481.7261146484109,0.0,481.7261146484109,0.0,78.74581655073277,13.0,1985-07-21 06:00:00,0,miami
25.9,-85.0,481.44641644722503, , ,29.1651611328125,-0.1985301971435547,29.35832977294922,,,,,,26.56,-0.161,1985,7,21,202,1,481.44641644722503,0.0,481.44641644722503,0.0,78.74581655073277,13.0,1985-07-21 09:00:00,0,miami
25.8,-84.9,471.4122932037188,25,1011,29.23290252685547,-0.1089401245117187,29.35832977294922,,,,,,26.56,-0.161,1985,7,21,202,1,471.4122932037188,0.0,471.4122932037188,0.0,78.74581655073277,13.0,1985-07-21 12:00:00,0,miami
25.7,-84.8,461.627262437325, , ,29.286773681640625,-0.0601253509521484,29.35832977294922,,,,,,26.56,-0.161,1985,7,21,202,1,461.627262437325,0.0,461.627262437325,0.0,78.74581655073277,13.0,1985-07-21 15:00:00,0,miami
25.6,-84.7,452.10812828057846,25,1011,29.41645050048828,0.0887622833251953,29.35832977294922,,,,,,26.56,-0.161,1985,7,21,202,1,452.10812828057846,0.0,452.10812828057846,0.0,78.74581655073277,13.0,1985-07-21 18:00:00,0,miami
25.6,-84.5,432.0852550905909, , ,29.41645050048828,0.0887622833251953,29.35832977294922,,,,,,26.56,-0.161,1985,7,21,202,1,432.0852550905909,0.0,432.0852550905909,0.0,78.74581655073277,13.0,1985-07-21 21:00:00,0,miami
25.6,-84.4,422.07431556906647,25,1010,29.539031982421875,0.2305545806884765,29.28711700439453,,,,,,26.56,-0.161,1985,7,22,203,1,422.07431556906647,0.0,422.07431556906647,0.0,78.74581655073277,13.0,1985-07-22 00:00:00,0,miami
25.7,-84.3,411.55570291052106, , ,29.539031982421875,0.2305545806884765,29.28711700439453,,,,,,26.56,-0.161,1985,7,22,203,1,411.55570291052106,0.0,411.55570291052106,0.0,78.74581655073277,13.0,1985-07-22 03:00:00,0,miami
25.8,-84.2,401.33633685025393,30,1009,29.415483474731445,0.1397209167480468,29.28711700439453,,,,,,26.56,-0.161,1985,7,22,203,1,401.33633685025393,0.0,401.33633685025393,0.0,78.74581655073277,13.0,1985-07-22 06:00:00,0,miami
25.9,-84.1,391.439076620716, , ,29.415483474731445,0.1397209167480468,29.28711700439453,,,,,,26.56,-0.161,1985,7,22,203,1,391.439076620716,0.0,391.439076620716,0.0,78.74581655073277,13.0,1985-07-22 09:00:00,0,miami
26.0,-84.0,381.8883700573416,30,1008,29.415483474731445,0.1397209167480468,29.28711700439453,,,,,,26.56,-0.161,1985,7,22,203,1,381.8883700573416,0.0,381.8883700573416,0.0,78.74581655073277,13.0,1985-07-22 12:00:00,0,miami
26.1,-83.9,372.7102446983403, , ,29.227096557617188,-0.0277347564697265,29.227468490600582,,,,,,26.56,-0.161,1985,7,22,203,1,372.7102446983403,0.0,372.7102446983403,0.0,78.74581655073277,13.0,1985-07-22 15:00:00,0,miami
26.2,-83.8,363.93225734549543,35,1007,29.227096557617188,-0.0277347564697265,29.227468490600582,,,,,,26.56,-0.161,1985,7,22,203,1,363.93225734549543,0.0,363.93225734549543,0.0,78.74581655073277,13.0,1985-07-22 18:00:00,0,miami
26.4,-83.6,347.69389078512245, , ,29.20935440063477,-0.0506172180175781,29.227468490600582,,,,,,26.56,-0.161,1985,7,22,203,1,347.69389078512245,0.0,347.69389078512245,0.0,78.74581655073277,13.0,1985-07-22 21:00:00,0,miami
26.5,-83.4,330.6165493725819,35,1004,29.21129035949707,-0.065378189086914,29.30767250061035,,,,,,26.56,-0.161,1985,7,23,204,1,330.6165493725819,0.0,330.6165493725819,0.0,78.74581655073277,13.0,1985-07-23 00:00:00,1,miami
26.6,-83.2,314.3083341942118, , ,29.225482940673828,-0.0900382995605468,29.30767250061035,,,,,,26.56,-0.161,1985,7,23,204,1,314.3083341942118,0.0,314.3083341942118,0.0,78.74581655073277,13.0,1985-07-23 03:00:00,1,miami
26.6,-82.9,285.8590938039354,40,1004,29.266773223876953,,29.30767250061035,,,,,,26.56,-0.161,1985,7,23,204,1,285.8590938039354,0.0,285.8590938039354,0.0,78.74581655073277,13.0,1985-07-23 06:00:00,1,miami
26.5,-82.7,263.5011189355341, , ,29.241289138793945,-0.1963329315185547,29.30767250061035,,,,,,26.56,-0.161,1985,7,23,204,1,263.5011189355341,0.0,263.5011189355341,0.0,78.74581655073277,13.0,1985-07-23 09:00:00,1,miami
26.4,-82.3,222.18813645204492,40,1005,29.331289291381836,-0.1969356536865234,29.669843673706055,,,,,,26.56,-0.161,1985,7,23,204,1,222.18813645204492,0.0,222.18813645204492,0.0,78.74581655073277,13.0,1985-07-23 12:00:00,1,miami
26.3,-81.7,162.1427885789687, , ,,,29.669843673706055,,,,,,26.56,-0.161,1985,7,23,204,1,162.1427885789687,1.0,162.1427885789687,1.0,78.74581655073277,14.0,1985-07-23 15:00:00,1,miami
26.4,-81.1,115.17212696540876,40,1006,,,,,,,,,26.56,-0.161,1985,7,23,204,1,115.17212696540876,2.0,115.17212696540876,2.0,78.74581655073277,15.0,1985-07-23 18:00:00,1,miami
26.7,-80.6,111.9969471265446, , ,,,,,,,,,26.56,-0.161,1985,7,23,204,1,111.9969471265446,3.0,111.9969471265446,3.0,78.74581655073277,16.0,1985-07-23 21:00:00,1,miami
27.2,-80.3,160.29378578345458,40,1006,,,28.574907302856445,,,,,,26.56,-0.161,1985,7,24,205,1,111.9969471265446,4.0,111.9969471265446,4.0,78.74581655073277,17.0,1985-07-24 00:00:00,1,miami
27.7,-80.3,215.79678088011875, , ,,,28.574907302856445,,,,,,26.56,-0.161,1985,7,24,205,1,111.9969471265446,4.0,111.9969471265446,4.0,78.74581655073277,17.0,1985-07-24 03:00:00,1,miami
28.3,-80.4,282.99821054508163,50,1005,28.46193504333496,,28.45088577270508,,,,,,26.56,-0.161,1985,7,24,205,1,111.9969471265446,4.0,111.9969471265446,4.0,78.74581655073277,17.0,1985-07-24 06:00:00,1,miami
28.8,-80.4,338.46926541073617, , ,28.560321807861328,0.3567314147949219,28.45088577270508,,,,,,26.56,-0.161,1985,7,24,205,1,111.9969471265446,4.0,111.9969471265446,4.0,78.74581655073277,17.0,1985-07-24 09:00:00,1,miami
29.4,-80.4,405.0802487630817,60,1004,28.53967666625977,0.1705608367919922,28.76277732849121,,,,,,26.56,-0.161,1985,7,24,205,1,111.9969471265446,4.0,111.9969471265446,4.0,78.74581655073277,17.0,1985-07-24 12:00:00,1,miami
30.0,-80.4,471.721151579791, , ,28.438386917114254,0.0137348175048828,28.76277732849121,,,,,,26.56,-0.161,1985,7,24,205,1,111.9969471265446,4.0,111.9969471265446,4.0,78.74581655073277,17.0,1985-07-24 15:00:00,1,miami
30.5,-80.5,527.740074278419,65,1003,28.010000228881836,-0.2449512481689453,27.99333953857422,,,,,,26.56,-0.161,1985,7,24,205,1,111.9969471265446,4.0,111.9969471265446,4.0,78.74581655073277,17.0,1985-07-24 18:00:00,1,miami
31.0,-80.5,583.2512214559463, , ,27.731611251831055,-0.5549297332763672,27.99333953857422,,,,,,26.56,-0.161,1985,7,24,205,1,111.9969471265446,4.0,111.9969471265446,4.0,78.74581655073277,17.0,1985-07-24 21:00:00,1,miami
31.6,-80.5,649.8840285774767,65,1002,27.799354553222656,-0.5410079956054688,28.33231544494629,,,,,,26.56,-0.161,1985,7,25,206,1,111.9969471265446,4.0,111.9969471265446,4.0,78.74581655073277,17.0,1985-07-25 00:00:00,0,miami
32.2,-80.5,716.5324475344395,65,1003,28.091289520263672,-0.32928466796875,28.613300323486328,,,,,,26.56,-0.161,1985,7,25,206,1,111.9969471265446,4.0,111.9969471265446,4.0,78.74581655073277,17.0,1985-07-25 03:00:00,0,miami
32.9,-80.7,795.2662907497987,55,1004,,,28.613300323486328,,,,,,26.56,-0.161,1985,7,25,206,1,111.9969471265446,4.0,111.9969471265446,4.0,78.74581655073277,17.0,1985-07-25 06:00:00,0,miami
33.8,-80.7,895.1584384931872, , ,,,,,,,,,26.56,-0.161,1985,7,25,206,1,111.9969471265446,4.0,111.9969471265446,4.0,78.74581655073277,17.0,1985-07-25 09:00:00,0,miami
34.8,-80.5,1005.446916734452,45,1006,,,,,,,,,26.56,-0.161,1985,7,25,206,1,111.9969471265446,4.0,111.9969471265446,4.0,78.74581655073277,17.0,1985-07-25 12:00:00,0,miami
35.7,-80.3,1105.136679361045, , ,,,,,,,,,26.56,-0.161,1985,7,25,206,1,111.9969471265446,4.0,111.9969471265446,4.0,78.74581655073277,17.0,1985-07-25 15:00:00,0,miami
36.6,-80.1,1205.1954161626386,30,1009,,,,,,,,,26.56,-0.161,1985,7,25,206,1,111.9969471265446,4.0,111.9969471265446,4.0,78.74581655073277,17.0,1985-07-25 18:00:00,0,miami
37.5,-79.8,1305.762449562675, , ,,,,,,,,,26.56,-0.161,1985,7,25,206,1,111.9969471265446,4.0,111.9969471265446,4.0,78.74581655073277,17.0,1985-07-25 21:00:00,0,miami
38.3,-79.5,1395.7064547270318,25,1011,,,,,,,,,26.56,-0.161,1985,7,26,207,1,111.9969471265446,4.0,111.9969471265446,4.0,78.74581655073277,17.0,1985-07-26 00:00:00,0,miami
21.2,-68.5,1295.0594426481728,25, ,27.336999893188477,0.5830173492431641,26.665536880493164,,,,,,28.56,0.059,1987,5,24,144,0,1295.0594426481728,0.0,1295.0594426481728,0.0,1295.0594426481728,0.0,1987-05-24 12:00:00,0,miami
21.3,-68.7,1271.5698265613075, , ,27.26566505432129,0.5704917907714844,26.665536880493164,,,,,,28.56,0.059,1987,5,24,144,0,1271.5698265613075,0.0,1271.5698265613075,0.0,1271.5698265613075,0.0,1987-05-24 15:00:00,0,miami
21.5,-69.0,1234.0267369790774,25, ,27.44766616821289,0.7450065612792969,26.665536880493164,,,,,,28.56,0.059,1987,5,24,144,0,1234.0267369790774,0.0,1234.0267369790774,0.0,1234.0267369790774,0.0,1987-05-24 18:00:00,0,miami
21.7,-69.3,1196.577777408927, , ,27.444000244140625,0.7909317016601562,26.665536880493164,,,,,,28.56,0.059,1987,5,24,144,0,1196.577777408927,0.0,1196.577777408927,0.0,1196.577777408927,0.0,1987-05-24 21:00:00,0,miami
22.0,-69.5,1164.2568412120756,25, ,27.218332290649418,0.6205539703369141,26.726280212402344,,,,,,28.56,0.059,1987,5,25,145,0,1164.2568412120756,0.0,1164.2568412120756,0.0,1164.2568412120756,0.0,1987-05-25 00:00:00,0,miami
22.3,-69.6,1141.9853766091264, , ,26.918333053588867,0.4615211486816406,26.444408416748047,,,,,,28.56,0.059,1987,5,25,145,0,1141.9853766091264,0.0,1141.9853766091264,0.0,1141.9853766091264,0.0,1987-05-25 03:00:00,0,miami
22.6,-69.5,1139.6542004810112,25, ,26.78499984741211,0.4033050537109375,26.444408416748047,,,,,,28.56,0.059,1987,5,25,145,0,1139.6542004810112,0.0,1139.6542004810112,0.0,1139.6542004810112,0.0,1987-05-25 06:00:00,0,miami
22.9,-69.4,1138.33298628616, , ,26.804332733154297,0.5193538665771484,26.383508682250977,,,,,,28.56,0.059,1987,5,25,145,0,1138.33298628616,0.0,1138.33298628616,0.0,1138.33298628616,0.0,1987-05-25 09:00:00,0,miami
23.3,-69.3,1134.876423527631,30, ,26.93466567993164,0.8115081787109375,26.052898406982425,,,,,,28.56,0.059,1987,5,25,145,0,1134.876423527631,0.0,1134.876423527631,0.0,1134.876423527631,0.0,1987-05-25 12:00:00,0,miami
23.7,-69.2,1133.1680565204924, , ,27.04366683959961,1.0186634063720703,26.052898406982425,,,,,,28.56,0.059,1987,5,25,145,0,1133.1680565204924,0.0,1133.1680565204924,0.0,1133.1680565204924,0.0,1987-05-25 15:00:00,0,miami
24.0,-69.0,1145.4482632756778,30, ,27.031999588012695,1.0826568603515625,26.052898406982425,,,,,,28.56,0.059,1987,5,25,145,0,1133.1680565204924,0.0,1133.1680565204924,0.0,1133.1680565204924,0.0,1987-05-25 18:00:00,0,miami
24.3,-68.9,1148.839639855144, , ,26.856998443603516,1.061960220336914,25.75809097290039,,,,,,28.56,0.059,1987,5,25,145,0,1133.1680565204924,0.0,1133.1680565204924,0.0,1133.1680565204924,0.0,1987-05-25 21:00:00,0,miami
24.6,-68.8,1153.2159007420748,30, ,26.719331741333008,1.0102691650390625,25.75809097290039,,,,,,28.56,0.059,1987,5,26,146,0,1133.1680565204924,0.0,1133.1680565204924,0.0,1133.1680565204924,0.0,1987-05-26 00:00:00,0,miami
24.9,-68.9,1138.5525444943682, , ,26.670665740966797,1.059307098388672,25.75809097290039,,,,,,28.56,0.059,1987,5,26,146,0,1133.1680565204924,0.0,1133.1680565204924,0.0,1133.1680565204924,0.0,1987-05-26 03:00:00,0,miami
25.3,-69.0,1123.7884449170183,30, ,26.711332321166992,1.294513702392578,25.36780548095703,,,,,,28.56,0.059,1987,5,26,146,0,1123.7884449170183,0.0,1123.7884449170183,0.0,1123.7884449170183,0.0,1987-05-26 06:00:00,0,miami
25.7,-69.2,1100.7421057783222, , ,26.62066650390625,1.312761306762695,25.36780548095703,,,,,,28.56,0.059,1987,5,26,146,0,1100.7421057783222,0.0,1100.7421057783222,0.0,1100.7421057783222,0.0,1987-05-26 09:00:00,0,miami
26.0,-69.4,1079.6574951006314,30, ,26.569000244140625,1.3760242462158203,25.36780548095703,,,,,,28.56,0.059,1987,5,26,146,0,1079.6574951006314,0.0,1079.6574951006314,0.0,1079.6574951006314,0.0,1987-05-26 12:00:00,0,miami
25.8,-69.5,1070.2521953135133, , ,26.523666381835938,1.3259029388427734,25.36747169494629,,,,,,28.56,0.059,1987,5,26,146,0,1070.2521953135133,0.0,1070.2521953135133,0.0,1070.2521953135133,0.0,1987-05-26 15:00:00,0,miami
25.7,-69.4,1080.7257989024663,30, ,26.63833236694336,1.3288860321044922,25.36780548095703,,,,,,28.56,0.059,1987,5,26,146,0,1070.2521953135133,0.0,1070.2521953135133,0.0,1070.2521953135133,0.0,1987-05-26 18:00:00,0,miami
26.1,-69.0,1119.4692269141265, , ,26.566999435424805,1.4985294342041016,24.88244247436523,,,,,,28.56,0.059,1987,5,26,146,0,1070.2521953135133,0.0,1070.2521953135133,0.0,1070.2521953135133,0.0,1987-05-26 21:00:00,0,miami
26.5,-68.8,1139.8228616411222,30, ,26.534000396728516,1.596027374267578,24.88244247436523,,,,,,28.56,0.059,1987,5,27,147,0,1070.2521953135133,0.0,1070.2521953135133,0.0,1070.2521953135133,0.0,1987-05-27 00:00:00,0,miami
26.8,-69.1,1111.5124479300662, , ,26.4603328704834,1.7473487854003906,24.88244247436523,,,,,,28.56,0.059,1987,5,27,147,0,1070.2521953135133,0.0,1070.2521953135133,0.0,1070.2521953135133,0.0,1987-05-27 03:00:00,0,miami
26.8,-69.6,1061.9889931657306,30, ,26.402332305908203,1.6588802337646484,24.93406867980957,,,,,,28.56,0.059,1987,5,27,147,0,1061.9889931657306,0.0,1061.9889931657306,0.0,1061.9889931657306,0.0,1987-05-27 06:00:00,0,miami
26.5,-69.8,1040.3660883903297, , ,26.59533309936523,1.61273193359375,24.93406867980957,,,,,,28.56,0.059,1987,5,27,147,0,1040.3660883903297,0.0,1040.3660883903297,0.0,1040.3660883903297,0.0,1987-05-27 09:00:00,0,miami
26.1,-69.9,1029.6005892886708,30, ,26.559999465942383,1.4674205780029297,24.93406867980957,,,,,,28.56,0.059,1987,5,27,147,0,1029.6005892886708,0.0,1029.6005892886708,0.0,1029.6005892886708,0.0,1987-05-27 12:00:00,0,miami
25.9,-69.8,1039.9032450642676, , ,26.50899887084961,1.306447982788086,25.36747169494629,,,,,,28.56,0.059,1987,5,27,147,0,1029.6005892886708,0.0,1029.6005892886708,0.0,1029.6005892886708,0.0,1987-05-27 15:00:00,0,miami
25.8,-69.6,1060.2477752308928,30, ,26.523666381835938,1.3259029388427734,25.36747169494629,,,,,,28.56,0.059,1987,5,27,147,0,1029.6005892886708,0.0,1029.6005892886708,0.0,1029.6005892886708,0.0,1987-05-27 18:00:00,0,miami
25.6,-69.6,1061.2852188096176, , ,26.611000061035156,1.3000144958496094,25.36747169494629,,,,,,28.56,0.059,1987,5,27,147,0,1029.6005892886708,0.0,1029.6005892886708,0.0,1029.6005892886708,0.0,1987-05-27 21:00:00,0,miami
25.4,-69.7,1052.7685045164362,30, ,26.75233268737793,1.3346099853515625,25.36747169494629,,,,,,28.56,0.059,1987,5,28,148,0,1029.6005892886708,0.0,1029.6005892886708,0.0,1029.6005892886708,0.0,1987-05-28 00:00:00,0,miami
25.3,-69.9,1033.6619635165328, , ,26.70433235168457,1.2861576080322266,25.36747169494629,,,,,,28.56,0.059,1987,5,28,148,0,1029.6005892886708,0.0,1029.6005892886708,0.0,1029.6005892886708,0.0,1987-05-28 03:00:00,0,miami
25.3,-70.1,1013.6346754198174,30, ,26.67966651916504,1.2600212097167969,25.36747169494629,,,,,,28.56,0.059,1987,5,28,148,0,1013.6346754198174,0.0,1013.6346754198174,0.0,1013.6346754198174,0.0,1987-05-28 06:00:00,0,miami
25.3,-70.4,983.5945934136952, , ,26.680999755859375,1.2588653564453125,25.36747169494629,,,,,,28.56,0.059,1987,5,28,148,0,983.5945934136952,0.0,983.5945934136952,0.0,983.5945934136952,0.0,1987-05-28 09:00:00,0,miami
25.3,-70.8,943.5431429045856,30, ,26.624332427978516,1.1972198486328125,25.371469497680664,,,,,,28.56,0.059,1987,5,28,148,0,943.5431429045856,0.0,943.5431429045856,0.0,943.5431429045856,0.0,1987-05-28 12:00:00,0,miami
25.3,-71.2,903.4946043284305, , ,26.68199920654297,1.2492752075195312,25.371469497680664,,,,,,28.56,0.059,1987,5,28,148,0,903.4946043284305,0.0,903.4946043284305,0.0,903.4946043284305,0.0,1987-05-28 15:00:00,0,miami
25.3,-71.7,853.4392529042744,30, ,26.777666091918945,1.327474594116211,25.411563873291016,,,,,,28.56,0.059,1987,5,28,148,0,853.4392529042744,0.0,853.4392529042744,0.0,853.4392529042744,0.0,1987-05-28 18:00:00,0,miami
25.3,-72.1,813.4003921542828, , ,26.767332077026367,1.3000564575195312,25.411563873291016,,,,,,28.56,0.059,1987,5,28,148,0,813.4003921542828,0.0,813.4003921542828,0.0,813.4003921542828,0.0,1987-05-28 21:00:00,0,miami
25.4,-72.5,772.3885584308327,30, ,26.736331939697266,1.2531261444091797,25.44259262084961,,,,,,28.56,0.059,1987,5,29,149,0,772.3885584308327,0.0,772.3885584308327,0.0,772.3885584308327,0.0,1987-05-29 00:00:00,0,miami
25.4,-72.9,732.3439744840148, , ,26.792999267578125,1.301828384399414,25.44259262084961,,,,,,28.56,0.059,1987,5,29,149,0,732.3439744840148,0.0,732.3439744840148,0.0,732.3439744840148,0.0,1987-05-29 03:00:00,0,miami
25.5,-73.3,691.4593649393289,30, ,26.924331665039062,1.3776397705078125,25.44259262084961,,,,,,28.56,0.059,1987,5,29,149,0,691.4593649393289,0.0,691.4593649393289,0.0,691.4593649393289,0.0,1987-05-29 06:00:00,0,miami
25.5,-73.7,651.4086191555056, , ,26.99766540527344,1.416616439819336,25.569995880126953,,,,,,28.56,0.059,1987,5,29,149,0,651.4086191555056,0.0,651.4086191555056,0.0,651.4086191555056,0.0,1987-05-29 09:00:00,0,miami
25.6,-74.1,610.6775876184146,30, ,27.083999633789062,1.5617389678955078,25.569995880126953,,,,,,28.56,0.059,1987,5,29,149,0,610.6775876184146,0.0,610.6775876184146,0.0,610.6775876184146,0.0,1987-05-29 12:00:00,0,miami
25.7,-74.6,560.1262594036688, , ,27.045000076293945,1.4877300262451172,25.62981414794922,,,,,,28.56,0.059,1987,5,29,149,0,560.1262594036688,0.0,560.1262594036688,0.0,560.1262594036688,0.0,1987-05-29 15:00:00,0,miami
25.7,-75.0,520.0701865752184,30, ,26.900333404541016,1.3012104034423828,25.62981414794922,,,,,,28.56,0.059,1987,5,29,149,0,520.0701865752184,0.0,520.0701865752184,0.0,520.0701865752184,0.0,1987-05-29 18:00:00,0,miami
25.8,-75.4,479.78121708735296, , ,26.85566520690918,1.3188514709472656,25.62981414794922,,,,,,28.56,0.059,1987,5,29,149,0,479.78121708735296,0.0,479.78121708735296,0.0,479.78121708735296,0.0,1987-05-29 21:00:00,0,miami
25.8,-75.7,449.7490328491551,30, ,26.856666564941406,1.2892818450927734,25.75580596923828,,,,,,28.56,0.059,1987,5,30,150,0,449.7490328491551,0.0,449.7490328491551,0.0,449.7490328491551,0.0,1987-05-30 00:00:00,0,miami
25.8,-76.1,409.70550667739946, , ,26.803665161132812,1.1351051330566406,25.75580596923828,,,,,,28.56,0.059,1987,5,30,150,0,409.70550667739946,0.0,409.70550667739946,0.0,409.70550667739946,0.0,1987-05-30 03:00:00,0,miami
25.8,-76.5,369.6614619766428,30, ,26.739665985107425,0.8498363494873047,26.172786712646484,,,,,,28.56,0.059,1987,5,30,150,0,369.6614619766428,0.0,369.6614619766428,0.0,369.6614619766428,0.0,1987-05-30 06:00:00,0,miami
25.9,-76.9,329.80915020580557, , ,26.696998596191406,0.696533203125,26.172786712646484,,,,,,28.56,0.059,1987,5,30,150,0,329.80915020580557,0.0,329.80915020580557,0.0,329.80915020580557,0.0,1987-05-30 09:00:00,0,miami
25.9,-77.3,289.8275662393237,30, ,27.00233268737793,0.7782249450683594,26.172786712646484,,,,,,28.56,0.059,1987,5,30,150,0,289.8275662393237,0.0,289.8275662393237,0.0,289.8275662393237,0.0,1987-05-30 12:00:00,0,miami
25.9,-77.9,229.8863050017453, , ,27.39099884033203,0.9424571990966796,26.554536819458008,,,,,,28.56,0.059,1987,5,30,150,0,229.8863050017453,0.0,229.8863050017453,0.0,229.8863050017453,0.0,1987-05-30 15:00:00,0,miami
25.8,-78.5,169.44729948258387,30, ,27.98466682434082,1.1964969635009766,27.081323623657227,,,,,,28.56,0.059,1987,5,30,150,0,169.44729948258387,1.0,169.44729948258387,1.0,169.44729948258387,1.0,1987-05-30 18:00:00,1,miami
25.6,-79.0,120.7772260912353, , ,28.31999969482422,1.2709083557128906,27.081323623657227,,,,,,28.56,0.059,1987,5,30,150,0,120.7772260912353,2.0,120.7772260912353,2.0,120.7772260912353,2.0,1987-05-30 21:00:00,1,miami
25.3,-79.4,94.59069703911192,30, ,28.079999923706055,0.9693279266357422,27.081323623657227,,,,,,28.56,0.059,1987,5,31,151,0,94.59069703911192,3.0,94.59069703911192,3.0,94.59069703911192,3.0,1987-05-31 00:00:00,1,miami
25.0,-79.8,93.3962995868843, , ,28.060998916625977,0.9042987823486328,27.17338180541992,,,,,,28.56,0.059,1987,5,31,151,0,93.3962995868843,4.0,93.3962995868843,4.0,93.3962995868843,4.0,1987-05-31 03:00:00,1,miami
24.7,-80.2,118.05853476797483,30, ,27.91033172607422,0.7507877349853516,27.17338180541992,,,,,,28.56,0.059,1987,5,31,151,0,93.3962995868843,5.0,93.3962995868843,5.0,93.3962995868843,5.0,1987-05-31 06:00:00,1,miami
24.6,-80.4,130.86300927062814, , ,27.80066680908203,0.6543846130371094,27.17338180541992,,,,,,28.56,0.059,1987,5,31,151,0,93.3962995868843,6.0,93.3962995868843,6.0,93.3962995868843,6.0,1987-05-31 09:00:00,1,miami
24.6,-80.6,135.54846865675128,25, ,27.76566696166992,0.6326465606689453,27.092321395874023,,,,,,28.56,0.059,1987,5,31,151,0,93.3962995868843,7.0,93.3962995868843,7.0,93.3962995868843,7.0,1987-05-31 12:00:00,1,miami
24.5,-80.8,153.07213205879495, , ,27.67766571044922,0.5708408355712891,27.092321395874023,,,,,,28.56,0.059,1987,5,31,151,0,93.3962995868843,8.0,93.3962995868843,8.0,93.3962995868843,8.0,1987-05-31 15:00:00,1,miami
24.5,-81.0,162.1780353475537,20, ,27.78533363342285,0.7214183807373047,27.092321395874023,,,,,,28.56,0.059,1987,5,31,151,0,93.3962995868843,9.0,93.3962995868843,9.0,93.3962995868843,9.0,1987-05-31 18:00:00,1,miami
24.5,-81.3,179.24197043503193, , ,27.89466667175293,0.8991298675537109,27.092321395874023,,,,,,28.56,0.059,1987,5,31,151,0,93.3962995868843,10.0,93.3962995868843,10.0,93.3962995868843,10.0,1987-05-31 21:00:00,1,miami
24.4,-81.7,214.46494483758545,15, ,27.97099876403809,-0.4606399536132812,28.411245346069336,,,,,,28.65,0.194,1987,6,1,152,1,93.3962995868843,10.0,93.3962995868843,10.0,93.3962995868843,10.0,1987-06-01 00:00:00,1,miami
15.0,-82.6,1222.5826861033056,25,1004,28.364837646484375,-0.6396102905273438,29.012128829956055,,,,,,27.96,0.037,1987,10,9,282,1,1222.5826861033056,0.0,1222.5826861033056,0.0,93.3962995868843,10.0,1987-10-09 06:00:00,0,miami
14.8,-82.6,1244.3872408139346, , ,28.364837646484375,-0.6396102905273438,29.012128829956055,,,,,,27.96,0.037,1987,10,9,282,1,1222.5826861033056,0.0,1222.5826861033056,0.0,93.3962995868843,10.0,1987-10-09 09:00:00,0,miami
14.5,-82.5,1275.1167742251398,25,1003,28.174514770507812,-0.7886943817138672,29.012128829956055,,,,,,27.96,0.037,1987,10,9,282,1,1222.5826861033056,0.0,1222.5826861033056,0.0,93.3962995868843,10.0,1987-10-09 12:00:00,0,miami
14.2,-82.3,1304.2542902664334, , ,28.141935348510746,-0.7846698760986328,28.90202522277832,,,,,,27.96,0.037,1987,10,9,282,1,1222.5826861033056,0.0,1222.5826861033056,0.0,93.3962995868843,10.0,1987-10-09 15:00:00,0,miami
14.1,-82.1,1311.9013003086675,25,1001,28.158063888549805,-0.7472000122070312,28.90202522277832,,,,,,27.96,0.037,1987,10,9,282,1,1222.5826861033056,0.0,1222.5826861033056,0.0,93.3962995868843,10.0,1987-10-09 18:00:00,0,miami
14.2,-81.9,1297.8781771499832, , ,28.188064575195312,-0.7075405120849609,28.90202522277832,,,,,,27.96,0.037,1987,10,9,282,1,1222.5826861033056,0.0,1222.5826861033056,0.0,93.3962995868843,10.0,1987-10-09 21:00:00,0,miami
14.4,-81.8,1274.427451441836,25,999,28.2625789642334,-0.6376457214355469,28.90202522277832,,,,,,27.96,0.037,1987,10,10,283,1,1222.5826861033056,0.0,1222.5826861033056,0.0,93.3962995868843,10.0,1987-10-10 00:00:00,0,miami
14.8,-82.0,1233.3277338562389, , ,28.408063888549805,-0.5450038909912109,28.90202522277832,,,,,,27.96,0.037,1987,10,10,283,1,1222.5826861033056,0.0,1222.5826861033056,0.0,93.3962995868843,10.0,1987-10-10 03:00:00,0,miami
15.3,-82.2,1181.8612331527445,30,999,28.696773529052734,-0.3060016632080078,29.003887176513672,,,,,,27.96,0.037,1987,10,10,283,1,1181.8612331527445,0.0,1181.8612331527445,0.0,93.3962995868843,10.0,1987-10-10 06:00:00,0,miami
15.7,-82.1,1136.2088507174176, , ,28.78580665588379,-0.2376766204833984,29.003887176513672,,,,,,27.96,0.037,1987,10,10,283,1,1136.2088507174176,0.0,1136.2088507174176,0.0,93.3962995868843,10.0,1987-10-10 09:00:00,0,miami
16.0,-82.2,1105.251999970552,35,999,28.79677391052246,-0.243265151977539,29.003887176513672,,,,,,27.96,0.037,1987,10,10,283,1,1105.251999970552,0.0,1105.251999970552,0.0,93.3962995868843,10.0,1987-10-10 12:00:00,0,miami
16.4,-82.8,1075.4615749081304, , ,28.53709602355957,-0.5447559356689453,29.081714630126953,,,,,,27.96,0.037,1987,10,10,283,1,1075.4615749081304,0.0,1075.4615749081304,0.0,93.3962995868843,10.0,1987-10-10 15:00:00,0,miami
16.8,-83.5,1053.633169612832,35,999,28.48741912841797,-0.5661563873291016,29.01983070373535,,,,,,27.96,0.037,1987,10,10,283,1,1053.633169612832,0.0,1053.633169612832,0.0,93.3962995868843,10.0,1987-10-10 18:00:00,0,miami
17.2,-83.8,1022.4176215660052, , ,28.538387298583984,-0.5159549713134766,29.070039749145508,,,,,,27.96,0.037,1987,10,10,283,1,1022.4176215660052,0.0,1022.4176215660052,0.0,93.3962995868843,10.0,1987-10-10 21:00:00,0,miami
17.6,-83.9,984.9206920775412,40,999,28.855161666870117,-0.2216148376464843,29.070039749145508,,,,,,27.96,0.037,1987,10,11,284,1,984.9206920775412,0.0,984.9206920775412,0.0,93.3962995868843,10.0,1987-10-11 00:00:00,0,miami
18.0,-84.1,952.4288232069464, , ,29.02387046813965,-0.0650272369384765,29.070039749145508,,,,,,27.96,0.037,1987,10,11,284,1,952.4288232069464,0.0,952.4288232069464,0.0,93.3962995868843,10.0,1987-10-11 03:00:00,0,miami
18.4,-84.2,916.6729387844484,40,998,29.181934356689453,0.0705680847167968,29.118236541748047,,,,,,27.96,0.037,1987,10,11,284,1,916.6729387844484,0.0,916.6729387844484,0.0,93.3962995868843,10.0,1987-10-11 06:00:00,0,miami
18.9,-84.4,877.0103857530117, , ,29.059999465942383,-0.0685386657714843,29.118236541748047,,,,,,27.96,0.037,1987,10,11,284,1,877.0103857530117,0.0,877.0103857530117,0.0,93.3962995868843,10.0,1987-10-11 09:00:00,0,miami
19.4,-84.5,834.1052092525756,45,997,28.85999870300293,-0.2844467163085937,29.144756317138672,,,,,,27.96,0.037,1987,10,11,284,1,834.1052092525756,0.0,834.1052092525756,0.0,93.3962995868843,10.0,1987-10-11 12:00:00,0,miami
19.9,-84.5,787.0807376886037, , ,28.80870819091797,-0.3302516937255859,29.144756317138672,,,,,,27.96,0.037,1987,10,11,284,1,787.0807376886037,0.0,787.0807376886037,0.0,93.3962995868843,10.0,1987-10-11 15:00:00,0,miami
20.5,-84.5,732.2305046628611,50,996,29.085805892944336,-0.0396556854248046,29.11429214477539,,,,,,27.96,0.037,1987,10,11,284,1,732.2305046628611,0.0,732.2305046628611,0.0,93.3962995868843,10.0,1987-10-11 18:00:00,0,miami
21.1,-84.4,672.9484156805178, , ,29.25290298461914,0.1479625701904297,29.116554260253903,,,,,,27.96,0.037,1987,10,11,284,1,672.9484156805178,0.0,672.9484156805178,0.0,93.3962995868843,10.0,1987-10-11 21:00:00,0,miami
21.7,-84.3,615.4109087704215,55,995,29.018386840820312,-0.0403766632080078,29.116554260253903,,,,,,27.96,0.037,1987,10,12,285,1,615.4109087704215,0.0,615.4109087704215,0.0,93.3962995868843,10.0,1987-10-12 00:00:00,0,miami
22.4,-84.2,552.460354877659, , ,,,28.81043243408203,,,,,,27.96,0.037,1987,10,12,285,1,552.460354877659,0.0,552.460354877659,0.0,93.3962995868843,10.0,1987-10-12 03:00:00,0,miami
23.0,-84.0,492.95347035377534,60,994,28.06838607788086,-0.6898975372314453,28.81043243408203,,,,,,27.96,0.037,1987,10,12,285,1,492.95347035377534,0.0,492.95347035377534,0.0,93.3962995868843,10.0,1987-10-12 06:00:00,0,miami
23.5,-83.5,418.3670487231611, , ,28.20161247253418,-0.4362545013427734,28.656246185302734,,,,,,27.96,0.037,1987,10,12,285,1,418.3670487231611,0.0,418.3670487231611,0.0,93.3962995868843,10.0,1987-10-12 09:00:00,0,miami
24.0,-82.9,336.1446044392526,65,993,27.92096710205078,-0.5044021606445312,28.566869735717773,,,,,,27.96,0.037,1987,10,12,285,1,336.1446044392526,0.0,336.1446044392526,0.0,93.3962995868843,10.0,1987-10-12 12:00:00,1,miami
24.4,-82.3,260.76927363544416, , ,26.97870826721191,-1.2591533660888672,28.19185447692871,,,,,,27.96,0.037,1987,10,12,285,1,260.76927363544416,0.0,260.76927363544416,0.0,93.3962995868843,10.0,1987-10-12 15:00:00,1,miami
24.7,-81.5,176.78077074451386,65,993,26.94483757019043,-1.2251644134521484,28.19185447692871,,,,,,27.96,0.037,1987,10,12,285,1,176.78077074451386,1.0,176.78077074451386,1.0,93.3962995868843,11.0,1987-10-12 18:00:00,1,miami
25.1,-80.5,79.82190667448383,65,993,26.506128311157227,-1.5976276397705078,27.67525100708008,,,,,,27.96,0.037,1987,10,12,285,1,79.82190667448383,2.0,79.82190667448383,2.0,79.82190667448383,12.0,1987-10-12 21:00:00,1,miami
25.3,-79.9,59.100564056146105,60,993,27.730966567993164,-0.6389579772949219,28.40752220153809,,,,,,27.96,0.037,1987,10,13,286,1,59.100564056146105,3.0,59.100564056146105,3.0,59.100564056146105,13.0,1987-10-13 00:00:00,1,miami
25.6,-79.1,110.8778994467072, , ,27.175806045532227,-0.8808727264404297,27.984954833984375,,,,,,27.96,0.037,1987,10,13,286,1,59.100564056146105,4.0,59.100564056146105,4.0,59.100564056146105,14.0,1987-10-13 03:00:00,1,miami
26.0,-78.3,191.10445973210304,50,994,27.427419662475582,-0.6375179290771484,28.157764434814453,,,,,,27.96,0.037,1987,10,13,286,1,59.100564056146105,5.0,59.100564056146105,5.0,59.100564056146105,15.0,1987-10-13 06:00:00,0,miami
26.5,-77.6,271.443477610789, , ,27.44999885559082,-0.4963283538818359,27.937650680541992,,,,,,27.96,0.037,1987,10,13,286,1,59.100564056146105,5.0,59.100564056146105,5.0,59.100564056146105,15.0,1987-10-13 09:00:00,0,miami
27.0,-76.9,355.6306130459152,45,996,27.812580108642575,-0.0276317596435546,27.873926162719727,,,,,,27.96,0.037,1987,10,13,286,1,59.100564056146105,5.0,59.100564056146105,5.0,59.100564056146105,15.0,1987-10-13 12:00:00,0,miami
27.5,-76.1,450.2723181049436, , ,27.75354766845703,0.0031471252441406,27.71841812133789,,,,,,27.96,0.037,1987,10,13,286,1,59.100564056146105,5.0,59.100564056146105,5.0,59.100564056146105,15.0,1987-10-13 15:00:00,0,miami
28.1,-75.4,541.4657730855085,40,997,27.62193489074707,0.1477336883544922,27.304706573486328,,,,,,27.96,0.037,1987,10,13,286,1,59.100564056146105,5.0,59.100564056146105,5.0,59.100564056146105,15.0,1987-10-13 18:00:00,0,miami
28.8,-74.7,639.163512235012, , ,26.70741844177246,-0.3855953216552734,27.304706573486328,,,,,,27.96,0.037,1987,10,13,286,1,59.100564056146105,5.0,59.100564056146105,5.0,59.100564056146105,15.0,1987-10-13 21:00:00,0,miami
29.5,-74.0,737.9312788528032,40,998,26.354515075683594,-0.471628189086914,26.76217460632324,,,,,,27.96,0.037,1987,10,14,287,1,59.100564056146105,5.0,59.100564056146105,5.0,59.100564056146105,15.0,1987-10-14 00:00:00,0,miami
20.3,-84.7,762.4909927868737,25, ,28.487998962402344,0.4480190277099609,28.029340744018555,,,,,,26.68,0.126,1988,5,31,152,0,762.4909927868737,0.0,762.4909927868737,0.0,59.100564056146105,5.0,1988-05-31 12:00:00,0,miami
20.7,-84.3,702.0001614157628, , ,28.559999465942383,0.5338001251220703,28.035717010498047,,,,,,26.68,0.126,1988,5,31,152,0,702.0001614157628,0.0,702.0001614157628,0.0,59.100564056146105,5.0,1988-05-31 15:00:00,0,miami
21.0,-84.0,656.7150857815127,25, ,28.624332427978516,0.6076488494873047,28.035717010498047,,,,,,26.68,0.126,1988,5,31,152,0,656.7150857815127,0.0,656.7150857815127,0.0,59.100564056146105,5.0,1988-05-31 18:00:00,0,miami
21.0,-84.0,656.7150857815127, , ,28.624332427978516,0.6076488494873047,28.035717010498047,,,,,,26.68,0.126,1988,5,31,152,0,656.7150857815127,0.0,656.7150857815127,0.0,59.100564056146105,5.0,1988-05-31 21:00:00,0,miami
21.0,-84.0,656.7150857815127,25, ,28.624332427978516,-0.0998420715332031,28.69159698486328,,,,,,25.99,0.154,1988,6,1,153,1,656.7150857815127,0.0,656.7150857815127,0.0,59.100564056146105,5.0,1988-06-01 00:00:00,0,miami
21.2,-83.8,626.5684457851261, , ,28.7549991607666,-0.0049724578857421,28.786373138427734,,,,,,25.99,0.154,1988,6,1,153,1,626.5684457851261,0.0,626.5684457851261,0.0,59.100564056146105,5.0,1988-06-01 03:00:00,0,miami
21.4,-83.6,596.4595437983696,25, ,28.84433364868164,0.0293235778808593,28.786373138427734,,,,,,25.99,0.154,1988,6,1,153,1,596.4595437983696,0.0,596.4595437983696,0.0,59.100564056146105,5.0,1988-06-01 06:00:00,0,miami
21.4,-83.5,590.588299250266, , ,28.84433364868164,0.0293235778808593,28.786373138427734,,,,,,25.99,0.154,1988,6,1,153,1,590.588299250266,0.0,590.588299250266,0.0,59.100564056146105,5.0,1988-06-01 09:00:00,0,miami
21.5,-83.4,575.5800889386711,25, ,28.916332244873047,0.0743312835693359,28.91174697875977,,,,,,25.99,0.154,1988,6,1,153,1,575.5800889386711,0.0,575.5800889386711,0.0,59.100564056146105,5.0,1988-06-01 12:00:00,0,miami
22.0,-83.0,506.3942469255634, , ,29.139331817626953,0.0922164916992187,28.91174697875977,,,,,,25.99,0.154,1988,6,1,153,1,506.3942469255634,0.0,506.3942469255634,0.0,59.100564056146105,5.0,1988-06-01 15:00:00,0,miami
22.5,-82.5,431.7169645514327,25, ,29.14099884033203,-0.2100906372070312,29.376041412353516,,,,,,25.99,0.154,1988,6,1,153,1,431.7169645514327,0.0,431.7169645514327,0.0,59.100564056146105,5.0,1988-06-01 18:00:00,0,miami
22.7,-82.3,401.9723237102392, , ,28.96966552734375,-0.3186569213867187,29.45193672180176,,,,,,25.99,0.154,1988,6,1,153,1,401.9723237102392,0.0,401.9723237102392,0.0,59.100564056146105,5.0,1988-06-01 21:00:00,0,miami
23.0,-82.0,357.5316618399556,25, ,,,29.45193672180176,,,,,,25.99,0.154,1988,6,2,154,1,357.5316618399556,0.0,357.5316618399556,0.0,59.100564056146105,5.0,1988-06-02 00:00:00,0,miami
23.5,-81.5,284.1264367667273, , ,27.804332733154297,-0.6294612884521484,28.313720703125,,,,,,25.99,0.154,1988,6,2,154,1,284.1264367667273,0.0,284.1264367667273,0.0,59.100564056146105,5.0,1988-06-02 03:00:00,1,miami
24.0,-81.0,212.1778198490097,20, ,27.788999557495117,-0.5731887817382812,28.27234649658203,,,,,,25.99,0.154,1988,6,2,154,1,212.1778198490097,0.0,212.1778198490097,0.0,59.100564056146105,5.0,1988-06-02 06:00:00,1,miami
24.5,-80.5,143.6842009260671, , ,27.900665283203125,-0.5579090118408203,28.516456604003903,,,,,,25.99,0.154,1988,6,2,154,1,143.6842009260671,1.0,143.6842009260671,1.0,59.100564056146105,6.0,1988-06-02 09:00:00,1,miami
25.0,-80.0,86.86128873894148,20, ,27.957666397094727,-0.4917469024658203,28.415992736816406,,,,,,25.99,0.154,1988,6,2,154,1,86.86128873894148,2.0,86.86128873894148,2.0,59.100564056146105,7.0,1988-06-02 12:00:00,1,miami
14.9,-43.3,4015.976370498061,25,1009,26.99166679382324,-0.0409984588623046,27.060327529907227,,,,,,25.66,-0.02,1988,8,21,234,1,4015.976370498061,0.0,4015.976370498061,0.0,59.100564056146105,7.0,1988-08-21 12:00:00,0,miami
14.7,-44.5,3906.8803334456097, , ,27.10199928283691,-0.0614280700683593,27.209903717041016,,,,,,25.66,-0.02,1988,8,21,234,1,3906.8803334456097,0.0,3906.8803334456097,0.0,59.100564056146105,7.0,1988-08-21 15:00:00,0,miami
14.6,-45.7,3793.836120012634,25,1009,27.392332077026367,0.1425685882568359,27.29993057250977,,,,,,25.66,-0.02,1988,8,21,234,1,3793.836120012634,0.0,3793.836120012634,0.0,59.100564056146105,7.0,1988-08-21 18:00:00,0,miami
14.6,-46.8,3686.3812846845817, , ,27.571332931518555,0.2312507629394531,27.35955810546875,,,,,,25.66,-0.02,1988,8,21,234,1,3686.3812846845817,0.0,3686.3812846845817,0.0,59.100564056146105,7.0,1988-08-21 21:00:00,0,miami
14.6,-47.8,3589.0058502911197,25,1009,27.41866683959961,0.0084114074707031,27.427133560180664,,,,,,25.66,-0.02,1988,8,22,235,1,3589.0058502911197,0.0,3589.0058502911197,0.0,59.100564056146105,7.0,1988-08-22 00:00:00,0,miami
14.6,-48.9,3482.2706498455022, , ,27.612998962402344,0.1014289855957031,27.532861709594727,,,,,,25.66,-0.02,1988,8,22,235,1,3482.2706498455022,0.0,3482.2706498455022,0.0,59.100564056146105,7.0,1988-08-22 03:00:00,0,miami
14.7,-49.9,3380.70275014252,25,1009,27.892000198364254,0.2835197448730469,27.628965377807617,,,,,,25.66,-0.02,1988,8,22,235,1,3380.70275014252,0.0,3380.70275014252,0.0,59.100564056146105,7.0,1988-08-22 06:00:00,0,miami
14.7,-50.9,3284.3611954121984, , ,28.06633186340332,0.3594589233398437,27.72897720336914,,,,,,25.66,-0.02,1988,8,22,235,1,3284.3611954121984,0.0,3284.3611954121984,0.0,59.100564056146105,7.0,1988-08-22 09:00:00,0,miami
14.8,-51.9,3183.386063010159,30,1009,27.876333236694336,0.0686721801757812,27.847728729248047,,,,,,25.66,-0.02,1988,8,22,235,1,3183.386063010159,0.0,3183.386063010159,0.0,59.100564056146105,7.0,1988-08-22 12:00:00,0,miami
14.9,-53.0,3073.181491079671, , ,27.804332733154297,-0.1493396759033203,27.95395851135254,,,,,,25.66,-0.02,1988,8,22,235,1,3073.181491079671,0.0,3073.181491079671,0.0,59.100564056146105,7.0,1988-08-22 15:00:00,0,miami
15.1,-54.0,2967.69957284672,30,1009,27.91933250427246,-0.1391353607177734,28.044300079345703,,,,,,25.66,-0.02,1988,8,22,235,1,2967.69957284672,0.0,2967.69957284672,0.0,59.100564056146105,7.0,1988-08-22 18:00:00,0,miami
15.2,-54.9,2877.1568802216693, , ,27.967998504638672,-0.1707382202148437,28.14615821838379,,,,,,25.66,-0.02,1988,8,22,235,1,2877.1568802216693,0.0,2877.1568802216693,0.0,59.100564056146105,7.0,1988-08-22 21:00:00,0,miami
15.3,-55.7,2796.341363727867,30,1009,28.06399917602539,-0.1348152160644531,28.223325729370117,,,,,,25.66,-0.02,1988,8,23,236,1,2796.341363727867,0.0,2796.341363727867,0.0,59.100564056146105,7.0,1988-08-23 00:00:00,0,miami
15.4,-56.6,2706.3937044258128, , ,28.2103328704834,-0.0814056396484375,28.3245906829834,,,,,,25.66,-0.02,1988,8,23,236,1,2706.3937044258128,0.0,2706.3937044258128,0.0,59.100564056146105,7.0,1988-08-23 03:00:00,0,miami
15.6,-57.5,2611.3460020035395,30,1009,28.336999893188477,-0.0209484100341796,28.388513565063477,,,,,,25.66,-0.02,1988,8,23,236,1,2611.3460020035395,0.0,2611.3460020035395,0.0,59.100564056146105,7.0,1988-08-23 06:00:00,0,miami
15.8,-58.4,2516.5424783610247, , ,28.253332138061523,-0.1234607696533203,28.388513565063477,,,,,,25.66,-0.02,1988,8,23,236,1,2516.5424783610247,0.0,2516.5424783610247,0.0,59.100564056146105,7.0,1988-08-23 09:00:00,0,miami
16.0,-59.2,2431.258655332563,30,1009,28.20599937438965,-0.1907234191894531,28.410383224487305,,,,,,25.66,-0.02,1988,8,23,236,1,2431.258655332563,0.0,2431.258655332563,0.0,59.100564056146105,7.0,1988-08-23 12:00:00,0,miami
16.2,-60.1,2336.9579309428946, , ,28.297332763671875,-0.1397018432617187,28.408039093017575,,,,,,25.66,-0.02,1988,8,23,236,1,2336.9579309428946,0.0,2336.9579309428946,0.0,59.100564056146105,7.0,1988-08-23 15:00:00,0,miami
16.3,-61.0,2248.6868764044493,30,1009,28.39299964904785,-0.1245613098144531,28.49787139892578,,,,,,25.66,-0.02,1988,8,23,236,1,2248.6868764044493,0.0,2248.6868764044493,0.0,59.100564056146105,7.0,1988-08-23 18:00:00,0,miami
16.5,-61.7,2173.3042877767143, , ,28.36433219909668,-0.2122764587402343,28.61476707458496,,,,,,25.66,-0.02,1988,8,23,236,1,2173.3042877767143,0.0,2173.3042877767143,0.0,59.100564056146105,7.0,1988-08-23 21:00:00,0,miami
16.7,-62.4,2098.0932012222024,30,1009,28.307666778564453,-0.3116817474365234,28.61476707458496,,,,,,25.66,-0.02,1988,8,24,237,1,2098.0932012222024,0.0,2098.0932012222024,0.0,59.100564056146105,7.0,1988-08-24 00:00:00,0,miami
16.8,-63.1,2028.9848266419408, , ,28.362998962402344,-0.2812366485595703,28.66490364074707,,,,,,25.66,-0.02,1988,8,24,237,1,2028.9848266419408,0.0,2028.9848266419408,0.0,59.100564056146105,7.0,1988-08-24 03:00:00,0,miami
16.9,-63.8,1960.242804668848,30,1009,28.350666046142575,-0.3221588134765625,28.68717384338379,,,,,,25.66,-0.02,1988,8,24,237,1,1960.242804668848,0.0,1960.242804668848,0.0,59.100564056146105,7.0,1988-08-24 06:00:00,0,miami
17.0,-64.5,1891.903494382424, , ,28.262666702270508,-0.4174537658691406,28.686094284057617,,,,,,25.66,-0.02,1988,8,24,237,1,1891.903494382424,0.0,1891.903494382424,0.0,59.100564056146105,7.0,1988-08-24 09:00:00,0,miami
17.2,-65.2,1817.746181488244,30,1009,28.31599998474121,-0.3629646301269531,28.674211502075195,,,,,,25.66,-0.02,1988,8,24,237,1,1817.746181488244,0.0,1817.746181488244,0.0,59.100564056146105,7.0,1988-08-24 12:00:00,0,miami
17.4,-66.0,1735.1440676411153, , ,28.288000106811523,-0.4037551879882812,28.69144630432129,,,,,,25.66,-0.02,1988,8,24,237,1,1735.1440676411153,0.0,1735.1440676411153,0.0,59.100564056146105,7.0,1988-08-24 15:00:00,0,miami
17.5,-66.7,1668.1031562585065,30,1009,28.156665802001953,-0.5501976013183594,28.727550506591797,,,,,,25.66,-0.02,1988,8,24,237,1,1668.1031562585065,0.0,1668.1031562585065,0.0,59.100564056146105,7.0,1988-08-24 18:00:00,0,miami
17.6,-67.3,1610.1669224719087, , ,28.489999771118164,-0.2239761352539062,28.727550506591797,,,,,,25.66,-0.02,1988,8,24,237,1,1610.1669224719087,0.0,1610.1669224719087,0.0,59.100564056146105,7.0,1988-08-24 21:00:00,0,miami
17.8,-67.8,1554.408459106955,30,1009,28.49366569519043,-0.1976089477539062,28.697114944458008,,,,,,25.66,-0.02,1988,8,25,238,1,1554.408459106955,0.0,1554.408459106955,0.0,59.100564056146105,7.0,1988-08-25 00:00:00,0,miami
18.0,-68.3,1498.783279581114, , ,28.35199928283691,-0.3297939300537109,28.697114944458008,,,,,,25.66,-0.02,1988,8,25,238,1,1498.783279581114,0.0,1498.783279581114,0.0,59.100564056146105,7.0,1988-08-25 03:00:00,0,miami
18.2,-68.8,1443.3010819274866,30,1009,28.5,-0.178924560546875,28.68655014038086,,,,,,25.66,-0.02,1988,8,25,238,1,1443.3010819274866,0.0,1443.3010819274866,0.0,59.100564056146105,7.0,1988-08-25 06:00:00,0,miami
18.3,-69.3,1394.8553972130885, , ,28.70800018310547,0.0231571197509765,28.68655014038086,,,,,,25.66,-0.02,1988,8,25,238,1,1394.8553972130885,0.0,1394.8553972130885,0.0,59.100564056146105,7.0,1988-08-25 09:00:00,0,miami
18.5,-69.8,1339.7669693094658,30,1008,28.635665893554688,-0.0503406524658203,28.69422149658203,,,,,,25.66,-0.02,1988,8,25,238,1,1339.7669693094658,0.0,1339.7669693094658,0.0,59.100564056146105,7.0,1988-08-25 12:00:00,0,miami
18.8,-70.3,1277.8322820770109, , ,,,28.69422149658203,,,,,,25.66,-0.02,1988,8,25,238,1,1277.8322820770109,0.0,1277.8322820770109,0.0,59.100564056146105,7.0,1988-08-25 15:00:00,0,miami
19.1,-70.9,1207.8668117315965,30,1008,,,28.48093032836914,,,,,,25.66,-0.02,1988,8,25,238,1,1207.8668117315965,0.0,1207.8668117315965,0.0,59.100564056146105,7.0,1988-08-25 18:00:00,0,miami
19.4,-71.5,1138.1093920933383, , ,,,28.80434226989746,,,,,,25.66,-0.02,1988,8,25,238,1,1138.1093920933383,0.0,1138.1093920933383,0.0,59.100564056146105,7.0,1988-08-25 21:00:00,0,miami
19.8,-72.1,1061.3808909334484,30,1008,28.367666244506836,-0.487924575805664,28.80434226989746,,,,,,25.66,-0.02,1988,8,26,239,1,1061.3808909334484,0.0,1061.3808909334484,0.0,59.100564056146105,7.0,1988-08-26 00:00:00,0,miami
20.1,-72.7,992.0165962539428, , ,28.33366584777832,-0.7123432159423828,28.879533767700195,,,,,,25.66,-0.02,1988,8,26,239,1,992.0165962539428,0.0,992.0165962539428,0.0,59.100564056146105,7.0,1988-08-26 03:00:00,0,miami
20.5,-73.2,923.4803908291522,30,1008,28.416332244873047,-0.5875644683837891,28.879533767700195,,,,,,25.66,-0.02,1988,8,26,239,1,923.4803908291522,0.0,923.4803908291522,0.0,59.100564056146105,7.0,1988-08-26 06:00:00,0,miami
21.0,-73.7,847.8748225296697, , ,28.207332611083984,-0.7066993713378906,28.993343353271484,,,,,,25.66,-0.02,1988,8,26,239,1,847.8748225296697,0.0,847.8748225296697,0.0,59.100564056146105,7.0,1988-08-26 09:00:00,0,miami
21.5,-74.2,772.5364688188689,30,1008,28.14533233642578,-0.7677745819091797,28.905000686645508,,,,,,25.66,-0.02,1988,8,26,239,1,772.5364688188689,0.0,772.5364688188689,0.0,59.100564056146105,7.0,1988-08-26 12:00:00,0,miami
22.0,-74.8,689.4129294057129, , ,28.256999969482425,-0.6874427795410156,28.904253005981445,,,,,,25.66,-0.02,1988,8,26,239,1,689.4129294057129,0.0,689.4129294057129,0.0,59.100564056146105,7.0,1988-08-26 15:00:00,0,miami
22.5,-75.4,606.5195672040838,30,1008,28.430999755859375,-0.6724700927734375,29.01914405822754,,,,,,25.66,-0.02,1988,8,26,239,1,606.5195672040838,0.0,606.5195672040838,0.0,59.100564056146105,7.0,1988-08-26 18:00:00,0,miami
22.9,-75.8,546.9665216394683, , ,28.643333435058594,-0.6744651794433594,29.320459365844727,,,,,,25.66,-0.02,1988,8,26,239,1,546.9665216394683,0.0,546.9665216394683,0.0,59.100564056146105,7.0,1988-08-26 21:00:00,0,miami
23.3,-76.2,487.7831478845302,30,1008,28.67300033569336,-0.7577877044677734,29.427160263061523,,,,,,25.66,-0.02,1988,8,27,240,1,487.7831478845302,0.0,487.7831478845302,0.0,59.100564056146105,7.0,1988-08-27 00:00:00,0,miami
23.7,-76.7,420.5898526727627, , ,28.51333236694336,-0.994709014892578,29.554933547973633,,,,,,25.66,-0.02,1988,8,27,240,1,420.5898526727627,0.0,420.5898526727627,0.0,59.100564056146105,7.0,1988-08-27 03:00:00,0,miami
24.1,-77.2,353.7423832660634,30,1008,28.54599952697754,-1.110177993774414,29.685998916625977,,,,,,25.66,-0.02,1988,8,27,240,1,353.7423832660634,0.0,353.7423832660634,0.0,59.100564056146105,7.0,1988-08-27 06:00:00,0,miami
24.5,-77.7,287.4040796548252, , ,28.51966667175293,-1.196573257446289,29.720579147338867,,,,,,25.66,-0.02,1988,8,27,240,1,287.4040796548252,0.0,287.4040796548252,0.0,59.100564056146105,7.0,1988-08-27 09:00:00,0,miami
24.9,-78.1,231.0342096769064,30,1008,,,29.720579147338867,,,,,,25.66,-0.02,1988,8,27,240,1,231.0342096769064,0.0,231.0342096769064,0.0,59.100564056146105,7.0,1988-08-27 12:00:00,0,miami
25.3,-78.6,167.76329461527328, , ,28.81066513061523,-0.9672012329101562,29.868953704833984,,,,,,25.66,-0.02,1988,8,27,240,1,167.76329461527328,1.0,167.76329461527328,1.0,59.100564056146105,8.0,1988-08-27 15:00:00,0,miami
25.8,-79.0,119.40697740651066,30,1008,28.7276668548584,-1.007772445678711,29.868953704833984,,,,,,25.66,-0.02,1988,8,27,240,1,119.40697740651066,2.0,119.40697740651066,2.0,59.100564056146105,9.0,1988-08-27 18:00:00,1,miami
26.3,-79.4,99.20432730187456, , ,28.68566513061523,-0.8965988159179688,29.56554794311523,,,,,,25.66,-0.02,1988,8,27,240,1,99.20432730187456,3.0,99.20432730187456,3.0,59.100564056146105,10.0,1988-08-27 21:00:00,1,miami
26.8,-79.7,125.43396049761154,30,1008,28.602998733520508,-0.8093833923339844,29.534326553344727,,,,,,25.66,-0.02,1988,8,28,241,1,99.20432730187456,4.0,99.20432730187456,4.0,59.100564056146105,11.0,1988-08-28 00:00:00,1,miami
27.4,-79.8,186.28997056671167, , ,28.22099876403809,-0.9083995819091796,29.01167869567871,,,,,,25.66,-0.02,1988,8,28,241,1,99.20432730187456,5.0,99.20432730187456,5.0,59.100564056146105,12.0,1988-08-28 03:00:00,1,miami
28.2,-80.0,271.7917489094566,40,1008,27.531665802001953,,28.834585189819336,,,,,,25.66,-0.02,1988,8,28,241,1,99.20432730187456,5.0,99.20432730187456,5.0,59.100564056146105,12.0,1988-08-28 06:00:00,1,miami
29.4,-80.4,405.0802487630817, , ,27.749666213989254,-0.9099521636962892,29.100412368774418,,,,,,25.66,-0.02,1988,8,28,241,1,99.20432730187456,5.0,99.20432730187456,5.0,59.100564056146105,12.0,1988-08-28 09:00:00,1,miami
30.8,-80.8,563.38631033776,45,1005,27.5310001373291,-0.8648452758789062,28.19745826721191,,,,,,25.66,-0.02,1988,8,28,241,1,99.20432730187456,5.0,99.20432730187456,5.0,59.100564056146105,12.0,1988-08-28 12:00:00,1,miami
32.0,-80.9,697.0796155622127,40,1005,27.09000015258789,-1.5318355560302734,28.55206298828125,,,,,,25.66,-0.02,1988,8,28,241,1,99.20432730187456,5.0,99.20432730187456,5.0,59.100564056146105,12.0,1988-08-28 15:00:00,0,miami
32.8,-81.1,787.5525373197958,35,1006,,,28.786319732666016,,,,,,25.66,-0.02,1988,8,28,241,1,99.20432730187456,5.0,99.20432730187456,5.0,59.100564056146105,12.0,1988-08-28 18:00:00,0,miami
33.5,-81.2,865.9435131421078, , ,,,,,,,,,25.66,-0.02,1988,8,28,241,1,99.20432730187456,5.0,99.20432730187456,5.0,59.100564056146105,12.0,1988-08-28 21:00:00,0,miami
34.1,-81.1,931.2835177774984,25,1008,,,,,,,,,25.66,-0.02,1988,8,29,242,1,99.20432730187456,5.0,99.20432730187456,5.0,59.100564056146105,12.0,1988-08-29 00:00:00,0,miami
34.9,-80.9,1018.3935470286372, , ,,,,,,,,,25.66,-0.02,1988,8,29,242,1,99.20432730187456,5.0,99.20432730187456,5.0,59.100564056146105,12.0,1988-08-29 03:00:00,0,miami
35.8,-80.6,1116.8853994171627,20,1009,,,,,,,,,25.66,-0.02,1988,8,29,242,1,99.20432730187456,5.0,99.20432730187456,5.0,59.100564056146105,12.0,1988-08-29 06:00:00,0,miami
36.6,-80.2,1205.1642243328354, , ,,,,,,,,,25.66,-0.02,1988,8,29,242,1,99.20432730187456,5.0,99.20432730187456,5.0,59.100564056146105,12.0,1988-08-29 09:00:00,0,miami
37.5,-79.5,1306.869393321727,20,1009,,,,,,,,,25.66,-0.02,1988,8,29,242,1,99.20432730187456,5.0,99.20432730187456,5.0,59.100564056146105,12.0,1988-08-29 12:00:00,0,miami
38.3,-78.8,1400.3015087198798, , ,,,,,,,,,25.66,-0.02,1988,8,29,242,1,99.20432730187456,5.0,99.20432730187456,5.0,59.100564056146105,12.0,1988-08-29 15:00:00,0,miami
39.2,-77.6,1513.7186118898014,20,1010,,,,,,,,,25.66,-0.02,1988,8,29,242,1,99.20432730187456,5.0,99.20432730187456,5.0,59.100564056146105,12.0,1988-08-29 18:00:00,0,miami
40.2,-75.7,1658.5915658271415, , ,,,,,,,,,25.66,-0.02,1988,8,29,242,1,99.20432730187456,5.0,99.20432730187456,5.0,59.100564056146105,12.0,1988-08-29 21:00:00,0,miami
41.2,-73.6,1820.7963465608784,20,1008,,,,,,,,,25.66,-0.02,1988,8,30,243,1,99.20432730187456,5.0,99.20432730187456,5.0,59.100564056146105,12.0,1988-08-30 00:00:00,0,miami
42.4,-71.8,2002.4521247413936, , ,,,,,,,,,25.66,-0.02,1988,8,30,243,1,99.20432730187456,5.0,99.20432730187456,5.0,59.100564056146105,12.0,1988-08-30 03:00:00,0,miami
43.5,-69.9,2181.513977336628,20,1008,14.383999824523926,-3.397702217102051,17.757143020629883,,,,,,25.66,-0.02,1988,8,30,243,1,99.20432730187456,5.0,99.20432730187456,5.0,59.100564056146105,12.0,1988-08-30 06:00:00,0,miami
44.3,-67.5,2356.6564728410453, , ,11.048333168029783,-2.8784637451171875,13.657235145568848,,,,,,25.66,-0.02,1988,8,30,243,1,99.20432730187456,5.0,99.20432730187456,5.0,59.100564056146105,12.0,1988-08-30 09:00:00,0,miami
45.0,-65.0,2534.60933194126,25,1008,,,13.600582122802734,,,,,,25.66,-0.02,1988,8,30,243,1,99.20432730187456,5.0,99.20432730187456,5.0,59.100564056146105,12.0,1988-08-30 12:00:00,0,miami
45.7,-62.5,2718.8847309264183, , ,,,18.574024200439453,,,,,,25.66,-0.02,1988,8,30,243,1,99.20432730187456,5.0,99.20432730187456,5.0,59.100564056146105,12.0,1988-08-30 15:00:00,0,miami
46.5,-60.0,2915.481752921461,25,1008,14.55833339691162,-3.8276491165161137,18.412050247192383,,,,,,25.66,-0.02,1988,8,30,243,1,99.20432730187456,5.0,99.20432730187456,5.0,59.100564056146105,12.0,1988-08-30 18:00:00,0,miami
25.9,-78.0,219.90162928511543,20,1012,29.17483711242676,0.9919033050537108,28.170257568359375,,,,,,28.25,-0.144,1991,6,29,180,1,219.90162928511543,0.0,219.90162928511543,0.0,219.90162928511543,0.0,1991-06-29 12:00:00,0,miami
25.9,-78.5,170.019150612536, , ,29.482257843017575,1.1181697845458984,28.67344093322754,,,,,,28.25,-0.144,1991,6,29,180,1,170.019150612536,1.0,170.019150612536,1.0,170.019150612536,1.0,1991-06-29 15:00:00,1,miami
25.9,-79.0,120.2678517680423,20,1012,29.331933975219727,0.8491744995117188,28.67344093322754,,,,,,28.25,-0.144,1991,6,29,180,1,120.2678517680423,2.0,120.2678517680423,2.0,120.2678517680423,2.0,1991-06-29 18:00:00,1,miami
25.9,-79.5,70.92580069231019, , ,28.98580551147461,0.5718135833740234,28.398557662963867,,,,,,28.25,-0.144,1991,6,29,180,1,70.92580069231019,3.0,70.92580069231019,3.0,70.92580069231019,3.0,1991-06-29 21:00:00,1,miami
25.9,-80.0,24.596485338424262,20,1012,29.044193267822266,,28.398557662963867,,,,,,28.25,-0.144,1991,6,30,181,1,24.596485338424262,4.0,24.596485338424262,4.0,24.596485338424262,4.0,1991-06-30 00:00:00,1,miami
25.9,-80.5,34.466996040376, , ,,,29.083555221557617,,,,,,28.25,-0.144,1991,6,30,181,1,24.596485338424262,5.0,24.596485338424262,5.0,24.596485338424262,5.0,1991-06-30 03:00:00,1,miami
26.0,-80.9,75.64285602819785,20,1012,,,29.083555221557617,,,,,,28.25,-0.144,1991,6,30,181,1,24.596485338424262,6.0,24.596485338424262,6.0,24.596485338424262,6.0,1991-06-30 06:00:00,1,miami
26.1,-81.4,126.54003796989998, , ,,,,,,,,,28.25,-0.144,1991,6,30,181,1,24.596485338424262,7.0,24.596485338424262,7.0,24.596485338424262,7.0,1991-06-30 09:00:00,1,miami
26.2,-81.8,167.9758490412882,20,1012,29.5170955657959,,28.52607536315918,,,,,,28.25,-0.144,1991,6,30,181,1,24.596485338424262,8.0,24.596485338424262,8.0,24.596485338424262,8.0,1991-06-30 12:00:00,1,miami
26.4,-82.1,203.36102409106837, , ,29.570966720581055,1.102090835571289,28.52607536315918,,,,,,28.25,-0.144,1991,6,30,181,1,24.596485338424262,8.0,24.596485338424262,8.0,24.596485338424262,8.0,1991-06-30 15:00:00,1,miami
26.7,-82.4,243.71056278214365,20,1012,29.600645065307617,,28.52607536315918,,,,,,28.25,-0.144,1991,6,30,181,1,24.596485338424262,8.0,24.596485338424262,8.0,24.596485338424262,8.0,1991-06-30 18:00:00,1,miami
27.0,-82.6,276.5907173795631, , ,29.448387145996097,,27.987096786499023,,,,,,28.25,-0.144,1991,6,30,181,1,24.596485338424262,8.0,24.596485338424262,8.0,24.596485338424262,8.0,1991-06-30 21:00:00,1,miami
27.3,-82.7,302.5142604038082,20,1012,29.419677734375,,29.475244522094727,,,,,,28.05,-0.122,1991,7,1,182,1,24.596485338424262,8.0,24.596485338424262,8.0,24.596485338424262,8.0,1991-07-01 00:00:00,1,miami
27.6,-82.7,322.29450878521357, , ,29.481611251831055,,29.475244522094727,,,,,,28.05,-0.122,1991,7,1,182,1,24.596485338424262,8.0,24.596485338424262,8.0,24.596485338424262,8.0,1991-07-01 03:00:00,1,miami
28.0,-82.7,351.8699476707639,20,1012,,,29.475244522094727,,,,,,28.05,-0.122,1991,7,1,182,1,24.596485338424262,8.0,24.596485338424262,8.0,24.596485338424262,8.0,1991-07-01 06:00:00,1,miami
28.4,-82.6,378.0060375180571, , ,,,29.639263153076172,,,,,,28.05,-0.122,1991,7,1,182,1,24.596485338424262,8.0,24.596485338424262,8.0,24.596485338424262,8.0,1991-07-01 09:00:00,1,miami
28.7,-82.5,398.50785826562463,20,1012,29.38838577270508,,29.639263153076172,,,,,,28.05,-0.122,1991,7,1,182,1,24.596485338424262,8.0,24.596485338424262,8.0,24.596485338424262,8.0,1991-07-01 12:00:00,1,miami
29.0,-82.4,420.9198468877307, , ,,,,,,,,,28.05,-0.122,1991,7,1,182,1,24.596485338424262,8.0,24.596485338424262,8.0,24.596485338424262,8.0,1991-07-01 15:00:00,1,miami
29.3,-82.2,440.4343996822016,20,1012,,,,,,,,,28.05,-0.122,1991,7,1,182,1,24.596485338424262,8.0,24.596485338424262,8.0,24.596485338424262,8.0,1991-07-01 18:00:00,1,miami
29.6,-81.9,458.727159425248, , ,,,,,,,,,28.05,-0.122,1991,7,1,182,1,24.596485338424262,8.0,24.596485338424262,8.0,24.596485338424262,8.0,1991-07-01 21:00:00,1,miami
29.9,-81.6,480.5251986644441,20,1012,,,,,,,,,28.05,-0.122,1991,7,2,183,1,24.596485338424262,8.0,24.596485338424262,8.0,24.596485338424262,8.0,1991-07-02 00:00:00,1,miami
30.2,-81.3,505.360865665686, , ,,,27.99333953857422,,,,,,28.05,-0.122,1991,7,2,183,1,24.596485338424262,8.0,24.596485338424262,8.0,24.596485338424262,8.0,1991-07-02 03:00:00,1,miami
30.4,-81.0,521.8083936665723,20,1012,28.57967758178711,,27.99333953857422,,,,,,28.05,-0.122,1991,7,2,183,1,24.596485338424262,8.0,24.596485338424262,8.0,24.596485338424262,8.0,1991-07-02 06:00:00,1,miami
30.7,-80.7,551.3637667861075, , ,28.554515838623047,0.2814807891845703,27.99333953857422,,,,,,28.05,-0.122,1991,7,2,183,1,24.596485338424262,8.0,24.596485338424262,8.0,24.596485338424262,8.0,1991-07-02 09:00:00,1,miami
30.9,-80.3,571.4509063926549,20,1012,28.52903175354004,0.1317653656005859,28.7211856842041,,,,,,28.05,-0.122,1991,7,2,183,1,24.596485338424262,8.0,24.596485338424262,8.0,24.596485338424262,8.0,1991-07-02 12:00:00,1,miami
31.1,-80.0,593.8876885135666, , ,28.47612762451172,0.0496120452880859,28.3002986907959,,,,,,28.05,-0.122,1991,7,2,183,1,24.596485338424262,8.0,24.596485338424262,8.0,24.596485338424262,8.0,1991-07-02 15:00:00,0,miami
31.3,-79.7,617.6993951770727,25,1012,28.651611328125,0.1313762664794922,28.3002986907959,,,,,,28.05,-0.122,1991,7,2,183,1,24.596485338424262,8.0,24.596485338424262,8.0,24.596485338424262,8.0,1991-07-02 18:00:00,0,miami
31.4,-79.4,631.6923811124109, , ,28.832902908325195,0.2011165618896484,28.809436798095703,,,,,,28.05,-0.122,1991,7,2,183,1,24.596485338424262,8.0,24.596485338424262,8.0,24.596485338424262,8.0,1991-07-02 21:00:00,0,miami
31.5,-79.0,648.5687790378425,25,1011,28.933225631713867,0.1898880004882812,28.809436798095703,,,,,,28.05,-0.122,1991,7,3,184,1,24.596485338424262,8.0,24.596485338424262,8.0,24.596485338424262,8.0,1991-07-03 00:00:00,0,miami
31.9,-78.3,706.9436772084616, , ,28.917095184326172,0.3341922760009765,28.69011116027832,,,,,,28.05,-0.122,1991,7,3,184,1,24.596485338424262,8.0,24.596485338424262,8.0,24.596485338424262,8.0,1991-07-03 03:00:00,0,miami
32.5,-77.4,796.7195916180149,25,1010,28.52903175354004,-0.0045585632324218,28.611881256103516,,,,,,28.05,-0.122,1991,7,3,184,1,24.596485338424262,8.0,24.596485338424262,8.0,24.596485338424262,8.0,1991-07-03 06:00:00,0,miami
33.2,-76.4,904.67085832802, , ,28.497419357299805,0.1764163970947265,28.437673568725582,,,,,,28.05,-0.122,1991,7,3,184,1,24.596485338424262,8.0,24.596485338424262,8.0,24.596485338424262,8.0,1991-07-03 09:00:00,0,miami
33.9,-75.4,1015.784213197494,30,1008,27.983224868774418,-0.0320281982421875,27.78107452392578,,,,,,28.05,-0.122,1991,7,3,184,1,24.596485338424262,8.0,24.596485338424262,8.0,24.596485338424262,8.0,1991-07-03 12:00:00,0,miami
34.6,-74.5,1124.237291546205, , ,27.40386962890625,-0.3938407897949219,28.138437271118164,,,,,,28.05,-0.122,1991,7,3,184,1,24.596485338424262,8.0,24.596485338424262,8.0,24.596485338424262,8.0,1991-07-03 15:00:00,0,miami
35.2,-73.4,1234.0756864837597,30,1006,26.53580665588379,-0.7712173461914062,27.22248077392578,,,,,,28.05,-0.122,1991,7,3,184,1,24.596485338424262,8.0,24.596485338424262,8.0,24.596485338424262,8.0,1991-07-03 18:00:00,0,miami
35.7,-72.1,1347.6062337495327, , ,26.212257385253903,-0.5588150024414062,26.67346954345703,,,,,,28.05,-0.122,1991,7,3,184,1,24.596485338424262,8.0,24.596485338424262,8.0,24.596485338424262,8.0,1991-07-03 21:00:00,0,miami
36.2,-70.7,1469.9528208427562,40,1003,26.16064453125,-0.4748477935791015,26.801870346069336,,,,,,28.05,-0.122,1991,7,4,185,1,24.596485338424262,8.0,24.596485338424262,8.0,24.596485338424262,8.0,1991-07-04 00:00:00,0,miami
36.7,-69.3,1595.0189641678942, , ,26.19032287597656,-0.4074172973632812,26.54397201538086,,,,,,28.05,-0.122,1991,7,4,185,1,24.596485338424262,8.0,24.596485338424262,8.0,24.596485338424262,8.0,1991-07-04 03:00:00,0,miami
37.1,-67.8,1720.6941063683585,45,1002,26.73967742919922,0.1868934631347656,26.571264266967773,,,,,,28.05,-0.122,1991,7,4,185,1,24.596485338424262,8.0,24.596485338424262,8.0,24.596485338424262,8.0,1991-07-04 06:00:00,0,miami
37.4,-66.3,1841.5598474588496, , ,26.402902603149418,-0.13037109375,26.518016815185547,,,,,,28.05,-0.122,1991,7,4,185,1,24.596485338424262,8.0,24.596485338424262,8.0,24.596485338424262,8.0,1991-07-04 09:00:00,0,miami
37.6,-64.7,1965.109085196938,45,1001,25.52677345275879,-0.6697769165039062,26.349889755249023,,,,,,28.05,-0.122,1991,7,4,185,1,24.596485338424262,8.0,24.596485338424262,8.0,24.596485338424262,8.0,1991-07-04 12:00:00,0,miami
37.8,-62.9,2106.296507953709, , ,24.78161239624023,-1.1278095245361328,25.98498153686523,,,,,,28.05,-0.122,1991,7,4,185,1,24.596485338424262,8.0,24.596485338424262,8.0,24.596485338424262,8.0,1991-07-04 15:00:00,0,miami
37.9,-61.1,2245.0167977252913,45,1000,24.623870849609375,-1.08837890625,25.667865753173828,,,,,,28.05,-0.122,1991,7,4,185,1,24.596485338424262,8.0,24.596485338424262,8.0,24.596485338424262,8.0,1991-07-04 18:00:00,0,miami
38.0,-59.3,2387.235400495019, , ,24.37935447692871,-1.183908462524414,25.48774528503418,,,,,,28.05,-0.122,1991,7,4,185,1,24.596485338424262,8.0,24.596485338424262,8.0,24.596485338424262,8.0,1991-07-04 21:00:00,0,miami
38.0,-57.5,2527.3987120296633,45,1001,23.988386154174805,-1.3305740356445312,25.32500457763672,,,,,,28.05,-0.122,1991,7,5,186,1,24.596485338424262,8.0,24.596485338424262,8.0,24.596485338424262,8.0,1991-07-05 00:00:00,0,miami
37.8,-55.8,2653.8274939075195, , ,24.16870880126953,-0.9630794525146484,25.1569881439209,,,,,,28.05,-0.122,1991,7,5,186,1,24.596485338424262,8.0,24.596485338424262,8.0,24.596485338424262,8.0,1991-07-05 03:00:00,0,miami
37.5,-54.2,2772.1407799185586,40,1003,24.175806045532227,-0.8360538482666016,24.986175537109375,,,,,,28.05,-0.122,1991,7,5,186,1,24.596485338424262,8.0,24.596485338424262,8.0,24.596485338424262,8.0,1991-07-05 06:00:00,0,miami
37.2,-52.5,2902.988812019319, , ,23.655805587768555,-1.268819808959961,24.897666931152344,,,,,,28.05,-0.122,1991,7,5,186,1,24.596485338424262,8.0,24.596485338424262,8.0,24.596485338424262,8.0,1991-07-05 09:00:00,0,miami
37.0,-50.7,3049.3343626428114,35,1005,23.430967330932617,-1.404815673828125,24.94048309326172,,,,,,28.05,-0.122,1991,7,5,186,1,24.596485338424262,8.0,24.596485338424262,8.0,24.596485338424262,8.0,1991-07-05 12:00:00,0,miami
18.9,-85.7,950.0072952936828,25,1010,29.191612243652344,0.0943069458007812,29.078256607055664,,,,,,27.58,-0.277,1991,10,15,288,1,950.0072952936828,0.0,950.0072952936828,0.0,24.596485338424262,8.0,1991-10-15 00:00:00,0,miami
19.2,-85.4,904.5457581103892, , ,29.185806274414062,0.0718765258789062,29.144756317138672,,,,,,27.58,-0.277,1991,10,15,288,1,904.5457581103892,0.0,904.5457581103892,0.0,24.596485338424262,8.0,1991-10-15 03:00:00,0,miami
19.5,-85.1,859.1519337902353,30,1008,29.194515228271484,0.0608196258544921,29.144756317138672,,,,,,27.58,-0.277,1991,10,15,288,1,859.1519337902353,0.0,859.1519337902353,0.0,24.596485338424262,8.0,1991-10-15 06:00:00,0,miami
19.9,-84.6,792.8664459041585, , ,29.020322799682617,-0.1186370849609375,29.144756317138672,,,,,,27.58,-0.277,1991,10,15,288,1,792.8664459041585,0.0,792.8664459041585,0.0,24.596485338424262,8.0,1991-10-15 09:00:00,0,miami
20.3,-84.1,727.0353855092837,35,1007,29.02838706970215,-0.1068916320800781,29.135082244873047,,,,,,27.58,-0.277,1991,10,15,288,1,727.0353855092837,0.0,727.0353855092837,0.0,24.596485338424262,8.0,1991-10-15 12:00:00,0,miami
20.8,-83.6,652.2676112231218, , ,28.987096786499023,-0.1366329193115234,29.135082244873047,,,,,,27.58,-0.277,1991,10,15,288,1,652.2676112231218,0.0,652.2676112231218,0.0,24.596485338424262,8.0,1991-10-15 15:00:00,0,miami
21.2,-83.1,587.5250005457286,40,1006,28.864837646484375,-0.2373466491699218,29.07326316833496,,,,,,27.58,-0.277,1991,10,15,288,1,587.5250005457286,0.0,587.5250005457286,0.0,24.596485338424262,8.0,1991-10-15 18:00:00,0,miami
21.5,-82.8,543.2355057688543,40,1004,28.809032440185547,-0.2678966522216797,29.07326316833496,,,,,,27.58,-0.277,1991,10,15,288,1,543.2355057688543,0.0,543.2355057688543,0.0,24.596485338424262,8.0,1991-10-15 21:00:00,0,miami
22.4,-81.8,407.8859824293396,40,1004,,,28.618379592895508,,,,,,27.58,-0.277,1991,10,16,289,1,407.8859824293396,0.0,407.8859824293396,0.0,24.596485338424262,8.0,1991-10-16 00:00:00,0,miami
23.2,-81.2,302.5645800646641, , ,28.40709686279297,-0.3392715454101562,28.547204971313477,,,,,,27.58,-0.277,1991,10,16,289,1,302.5645800646641,0.0,302.5645800646641,0.0,24.596485338424262,8.0,1991-10-16 03:00:00,0,miami
23.9,-80.8,215.9174242864559,40,1002,28.458709716796875,0.0064563751220703,28.547204971313477,,,,,,27.58,-0.277,1991,10,16,289,1,215.9174242864559,0.0,215.9174242864559,0.0,24.596485338424262,8.0,1991-10-16 06:00:00,1,miami
24.5,-80.5,143.6842009260671,40,1002,28.33161163330078,-0.0517406463623046,28.26273727416992,,,,,,27.58,-0.277,1991,10,16,289,1,143.6842009260671,1.0,143.6842009260671,1.0,24.596485338424262,9.0,1991-10-16 08:34:00,1,miami
24.6,-80.4,130.86300927062814, , ,28.23516082763672,-0.1535758972167968,28.522808074951172,,,,,,27.58,-0.277,1991,10,16,289,1,130.86300927062814,2.0,130.86300927062814,2.0,24.596485338424262,10.0,1991-10-16 09:00:00,1,miami
25.2,-79.8,73.80874452564571,40,1007,27.032665252685547,-1.367706298828125,28.40752220153809,,,,,,27.58,-0.277,1991,10,16,289,1,73.80874452564571,3.0,73.80874452564571,3.0,24.596485338424262,11.0,1991-10-16 12:00:00,1,miami
25.7,-79.3,89.59379817733854, , ,26.63333320617676,-1.5249004364013672,27.984954833984375,,,,,,27.58,-0.277,1991,10,16,289,1,73.80874452564571,4.0,73.80874452564571,4.0,24.596485338424262,12.0,1991-10-16 15:00:00,1,miami
26.5,-78.5,187.7845680712689,40,1009,26.46966552734375,-1.599508285522461,28.15252685546875,,,,,,27.58,-0.277,1991,10,16,289,1,73.80874452564571,5.0,73.80874452564571,5.0,24.596485338424262,13.0,1991-10-16 18:00:00,1,miami
28.0,-77.2,387.2572370560426, , ,26.18833351135254,-1.5096817016601562,27.78097915649414,,,,,,27.58,-0.277,1991,10,16,289,1,73.80874452564571,5.0,73.80874452564571,5.0,24.596485338424262,13.0,1991-10-16 21:00:00,0,miami
30.0,-75.5,659.2067722267533,40,1009,25.34233283996582,-1.517019271850586,27.041419982910156,,,,,,27.58,-0.277,1991,10,17,290,1,73.80874452564571,5.0,73.80874452564571,5.0,24.596485338424262,13.0,1991-10-17 00:00:00,0,miami
10.8,-35.5,4974.534313086311,25,1010,27.49499893188477,-0.230752944946289,27.802753448486328,,,,,,26.91,-0.396,1992,8,16,229,1,4974.534313086311,0.0,4974.534313086311,0.0,73.80874452564571,5.0,1992-08-16 18:00:00,0,miami
11.0,-36.4,4876.411349488937, , ,27.510332107543945,-0.2293109893798828,27.802753448486328,,,,,,26.91,-0.396,1992,8,16,229,1,4876.411349488937,0.0,4876.411349488937,0.0,73.80874452564571,5.0,1992-08-16 21:00:00,0,miami
11.2,-37.4,4768.557832443761,30,1009,27.316999435424805,-0.4093036651611328,27.6430721282959,,,,,,26.91,-0.396,1992,8,17,230,1,4768.557832443761,0.0,4768.557832443761,0.0,73.80874452564571,5.0,1992-08-17 00:00:00,0,miami
11.4,-38.5,4651.016387345711, , ,27.463333129882812,-0.2540817260742187,27.686323165893555,,,,,,26.91,-0.396,1992,8,17,230,1,4651.016387345711,0.0,4651.016387345711,0.0,73.80874452564571,5.0,1992-08-17 03:00:00,0,miami
11.7,-39.6,4528.715681612021,30,1008,27.55799865722656,-0.112283706665039,27.70613670349121,,,,,,26.91,-0.396,1992,8,17,230,1,4528.715681612021,0.0,4528.715681612021,0.0,73.80874452564571,5.0,1992-08-17 06:00:00,0,miami
12.0,-40.8,4396.771396229194, , ,27.53533172607422,-0.1172428131103515,27.741668701171875,,,,,,26.91,-0.396,1992,8,17,230,1,4396.771396229194,0.0,4396.771396229194,0.0,73.80874452564571,5.0,1992-08-17 09:00:00,0,miami
12.3,-42.0,4264.981850142632,35,1006,27.328332901000977,-0.2801418304443359,27.57085227966309,,,,,,26.91,-0.396,1992,8,17,230,1,4264.981850142632,0.0,4264.981850142632,0.0,73.80874452564571,5.0,1992-08-17 12:00:00,0,miami
12.7,-43.1,4138.186065367336, , ,27.222000122070312,-0.3616409301757812,27.619699478149418,,,,,,26.91,-0.396,1992,8,17,230,1,4138.186065367336,0.0,4138.186065367336,0.0,73.80874452564571,5.0,1992-08-17 15:00:00,0,miami
13.1,-44.2,4011.538453067441,35,1003,27.03299903869629,-0.4412879943847656,27.351491928100582,,,,,,26.91,-0.396,1992,8,17,230,1,4011.538453067441,0.0,4011.538453067441,0.0,73.80874452564571,5.0,1992-08-17 18:00:00,0,miami
13.4,-45.2,3899.6334457888106, , ,27.242666244506836,-0.2165946960449218,27.418270111083984,,,,,,26.91,-0.396,1992,8,17,230,1,3899.6334457888106,0.0,3899.6334457888106,0.0,73.80874452564571,5.0,1992-08-17 21:00:00,0,miami
13.6,-46.2,3792.730544288032,40,1002,27.371999740600582,-0.0918159484863281,27.47793197631836,,,,,,26.91,-0.396,1992,8,18,231,1,3792.730544288032,0.0,3792.730544288032,0.0,73.80874452564571,5.0,1992-08-18 00:00:00,0,miami
13.8,-47.1,3695.659164824327, , ,27.343332290649418,-0.1399955749511718,27.543792724609375,,,,,,26.91,-0.396,1992,8,18,231,1,3695.659164824327,0.0,3695.659164824327,0.0,73.80874452564571,5.0,1992-08-18 03:00:00,0,miami
14.1,-48.0,3593.785169868444,45,1001,27.53499984741211,0.0264873504638671,27.427133560180664,,,,,,26.91,-0.396,1992,8,18,231,1,3593.785169868444,0.0,3593.785169868444,0.0,73.80874452564571,5.0,1992-08-18 06:00:00,0,miami
14.3,-48.9,3496.9295758961116, , ,27.517332077026367,-0.0214881896972656,27.532861709594727,,,,,,26.91,-0.396,1992,8,18,231,1,3496.9295758961116,0.0,3496.9295758961116,0.0,73.80874452564571,5.0,1992-08-18 09:00:00,0,miami
14.6,-49.9,3385.6172292510005,45,1000,27.59466552734375,-0.0138149261474609,27.628965377807617,,,,,,26.91,-0.396,1992,8,18,231,1,3385.6172292510005,0.0,3385.6172292510005,0.0,73.80874452564571,5.0,1992-08-18 12:00:00,0,miami
15.0,-50.9,3269.5247590234467, , ,27.79599952697754,0.1083316802978515,27.72897720336914,,,,,,26.91,-0.396,1992,8,18,231,1,3269.5247590234467,0.0,3269.5247590234467,0.0,73.80874452564571,5.0,1992-08-18 15:00:00,0,miami
15.4,-51.8,3163.229709223752,45,1000,27.978666305541992,0.2046394348144531,27.782001495361328,,,,,,26.91,-0.396,1992,8,18,231,1,3163.229709223752,0.0,3163.229709223752,0.0,73.80874452564571,5.0,1992-08-18 18:00:00,0,miami
15.8,-52.7,3057.093494412945, , ,28.12533187866211,0.2806167602539062,27.918169021606445,,,,,,26.91,-0.396,1992,8,18,231,1,3057.093494412945,0.0,3057.093494412945,0.0,73.80874452564571,5.0,1992-08-18 21:00:00,0,miami
16.3,-53.5,2955.9883662481957,45,1001,28.165332794189453,0.2152328491210937,27.996055603027344,,,,,,26.91,-0.396,1992,8,19,232,1,2955.9883662481957,0.0,2955.9883662481957,0.0,73.80874452564571,5.0,1992-08-19 00:00:00,0,miami
16.8,-54.4,2845.534344173361, , ,28.270666122436523,0.2539081573486328,27.996055603027344,,,,,,26.91,-0.396,1992,8,19,232,1,2845.534344173361,0.0,2845.534344173361,0.0,73.80874452564571,5.0,1992-08-19 03:00:00,0,miami
17.2,-55.3,2740.00187588584,45,1002,28.174665451049805,0.0656986236572265,28.064563751220703,,,,,,26.91,-0.396,1992,8,19,232,1,2740.00187588584,0.0,2740.00187588584,0.0,73.80874452564571,5.0,1992-08-19 06:00:00,0,miami
17.6,-56.1,2644.321060718687, , ,28.17599868774414,0.0313472747802734,28.142108917236328,,,,,,26.91,-0.396,1992,8,19,232,1,2644.321060718687,0.0,2644.321060718687,0.0,73.80874452564571,5.0,1992-08-19 09:00:00,0,miami
18.0,-56.9,2548.847248529156,45,1005,28.031665802001953,-0.1559944152832031,28.20415496826172,,,,,,26.91,-0.396,1992,8,19,232,1,2548.847248529156,0.0,2548.847248529156,0.0,73.80874452564571,5.0,1992-08-19 12:00:00,0,miami
18.4,-57.6,2463.2705511406, , ,28.062999725341797,-0.1622791290283203,28.245622634887695,,,,,,26.91,-0.396,1992,8,19,232,1,2463.2705511406,0.0,2463.2705511406,0.0,73.80874452564571,5.0,1992-08-19 15:00:00,0,miami
18.8,-58.3,2377.9459648092375,45,1007,28.102333068847656,-0.1487350463867187,28.245622634887695,,,,,,26.91,-0.396,1992,8,19,232,1,2377.9459648092375,0.0,2377.9459648092375,0.0,73.80874452564571,5.0,1992-08-19 18:00:00,0,miami
19.3,-58.9,2298.3934602043832, , ,28.030332565307617,-0.2255592346191406,28.256662368774418,,,,,,26.91,-0.396,1992,8,19,232,1,2298.3934602043832,0.0,2298.3934602043832,0.0,73.80874452564571,5.0,1992-08-19 21:00:00,0,miami
19.8,-59.3,2238.951463232111,40,1011,28.031665802001953,-0.2362518310546875,28.256662368774418,,,,,,26.91,-0.396,1992,8,20,233,1,2238.951463232111,0.0,2238.951463232111,0.0,73.80874452564571,5.0,1992-08-20 00:00:00,0,miami
20.2,-59.7,2184.132454774943, , ,27.999332427978516,-0.2741546630859375,28.27894401550293,,,,,,26.91,-0.396,1992,8,20,233,1,2184.132454774943,0.0,2184.132454774943,0.0,73.80874452564571,5.0,1992-08-20 03:00:00,0,miami
20.7,-60.0,2135.954575330598,40,1013,28.095666885375977,-0.1922893524169922,28.27894401550293,,,,,,26.91,-0.396,1992,8,20,233,1,2135.954575330598,0.0,2135.954575330598,0.0,73.80874452564571,5.0,1992-08-20 06:00:00,0,miami
21.2,-60.3,2088.758865593937, , ,28.09033203125,-0.2211894989013672,28.300844192504883,,,,,,26.91,-0.396,1992,8,20,233,1,2088.758865593937,0.0,2088.758865593937,0.0,73.80874452564571,5.0,1992-08-20 09:00:00,0,miami
21.7,-60.7,2032.7139064682915,40,1015,28.1473331451416,-0.1893672943115234,28.351343154907227,,,,,,26.91,-0.396,1992,8,20,233,1,2032.7139064682915,0.0,2032.7139064682915,0.0,73.80874452564571,5.0,1992-08-20 12:00:00,0,miami
22.1,-61.1,1980.6998832999432, , ,28.224666595458984,-0.1547050476074218,28.387022018432617,,,,,,26.91,-0.396,1992,8,20,233,1,1980.6998832999432,0.0,1980.6998832999432,0.0,73.80874452564571,5.0,1992-08-20 15:00:00,0,miami
22.5,-61.5,1929.373395322241,40,1014,28.357332229614254,-0.0528640747070312,28.4304256439209,,,,,,26.91,-0.396,1992,8,20,233,1,1929.373395322241,0.0,1929.373395322241,0.0,73.80874452564571,5.0,1992-08-20 18:00:00,0,miami
22.9,-61.9,1878.786883158643, , ,28.377666473388672,-0.0700340270996093,28.4304256439209,,,,,,26.91,-0.396,1992,8,20,233,1,1878.786883158643,0.0,1878.786883158643,0.0,73.80874452564571,5.0,1992-08-20 21:00:00,0,miami
23.2,-62.4,1821.41858810831,45,1014,28.396331787109375,-0.0936927795410156,28.491363525390625,,,,,,26.91,-0.396,1992,8,21,234,1,1821.41858810831,0.0,1821.41858810831,0.0,73.80874452564571,5.0,1992-08-21 00:00:00,0,miami
23.6,-62.9,1762.2478602060917, , ,28.350332260131836,-0.1925811767578125,28.544748306274418,,,,,,26.91,-0.396,1992,8,21,234,1,1762.2478602060917,0.0,1762.2478602060917,0.0,73.80874452564571,5.0,1992-08-21 03:00:00,0,miami
23.9,-63.3,1715.950940046194,45,1010,28.290666580200195,-0.2845649719238281,28.544748306274418,,,,,,26.91,-0.396,1992,8,21,234,1,1715.950940046194,0.0,1715.950940046194,0.0,73.80874452564571,5.0,1992-08-21 06:00:00,0,miami
24.2,-63.8,1660.1817433152578, , ,28.239999771118164,-0.366617202758789,28.62598419189453,,,,,,26.91,-0.396,1992,8,21,234,1,1660.1817433152578,0.0,1660.1817433152578,0.0,73.80874452564571,5.0,1992-08-21 09:00:00,0,miami
24.4,-64.2,1616.638978644714,50,1007,28.21733283996582,-0.4109439849853515,28.62598419189453,,,,,,26.91,-0.396,1992,8,21,234,1,1616.638978644714,0.0,1616.638978644714,0.0,73.80874452564571,5.0,1992-08-21 12:00:00,0,miami
24.6,-64.5,1583.3685836490758, , ,28.189998626708984,-0.4768829345703125,28.682470321655273,,,,,,26.91,-0.396,1992,8,21,234,1,1583.3685836490758,0.0,1583.3685836490758,0.0,73.80874452564571,5.0,1992-08-21 15:00:00,0,miami
24.8,-64.9,1540.367362417424,50,1004,28.115333557128903,-0.5769309997558594,28.682470321655273,,,,,,26.91,-0.396,1992,8,21,234,1,1540.367362417424,0.0,1540.367362417424,0.0,73.80874452564571,5.0,1992-08-21 18:00:00,0,miami
25.1,-65.4,1486.4450657542952, , ,28.073999404907227,-0.6597118377685547,28.72751235961914,,,,,,26.91,-0.396,1992,8,21,234,1,1486.4450657542952,0.0,1486.4450657542952,0.0,73.80874452564571,5.0,1992-08-21 21:00:00,0,miami
25.3,-65.9,1434.2165803138787,55,1000,28.062999725341797,-0.708160400390625,28.781200408935547,,,,,,26.91,-0.396,1992,8,22,235,1,1434.2165803138787,0.0,1434.2165803138787,0.0,73.80874452564571,5.0,1992-08-22 00:00:00,0,miami
25.5,-66.4,1382.3504962660274, , ,28.067333221435547,-0.7308940887451172,28.781200408935547,,,,,,26.91,-0.396,1992,8,22,235,1,1382.3504962660274,0.0,1382.3504962660274,0.0,73.80874452564571,5.0,1992-08-22 03:00:00,0,miami
25.6,-67.0,1321.5384020290278,65,994,28.088333129882812,-0.7481307983398438,28.835420608520508,,,,,,26.91,-0.396,1992,8,22,235,1,1321.5384020290278,0.0,1321.5384020290278,0.0,73.80874452564571,5.0,1992-08-22 06:00:00,0,miami
25.7,-67.6,1260.8490382041266, , ,28.184999465942383,-0.6733627319335938,28.8771915435791,,,,,,26.91,-0.396,1992,8,22,235,1,1260.8490382041266,0.0,1260.8490382041266,0.0,73.80874452564571,5.0,1992-08-22 09:00:00,0,miami
25.8,-68.3,1190.2927770962829,80,981,28.163000106811523,-0.7185535430908203,28.8771915435791,,,,,,26.91,-0.396,1992,8,22,235,1,1190.2927770962829,0.0,1190.2927770962829,0.0,73.80874452564571,5.0,1992-08-22 12:00:00,0,miami
25.8,-69.0,1120.2719529748988, , ,28.117332458496097,-0.7865924835205078,28.899473190307617,,,,,,26.91,-0.396,1992,8,22,235,1,1120.2719529748988,0.0,1120.2719529748988,0.0,73.80874452564571,5.0,1992-08-22 15:00:00,0,miami
25.7,-69.7,1050.700195964945,95,969,28.180665969848633,-0.7364253997802734,28.928396224975582,,,,,,26.91,-0.396,1992,8,22,235,1,1050.700195964945,0.0,1050.700195964945,0.0,73.80874452564571,5.0,1992-08-22 18:00:00,0,miami
25.6,-70.4,981.188484435455, , ,28.262666702270508,-0.6761455535888672,28.928396224975582,,,,,,26.91,-0.396,1992,8,22,235,1,981.188484435455,0.0,981.188484435455,0.0,73.80874452564571,5.0,1992-08-22 21:00:00,0,miami
25.6,-71.1,911.0981868537416,110,961,28.381999969482425,-0.5802402496337891,28.959808349609375,,,,,,26.91,-0.396,1992,8,23,236,1,911.0981868537416,0.0,911.0981868537416,0.0,73.80874452564571,5.0,1992-08-23 00:00:00,0,miami
25.5,-71.8,841.6668015271189, , ,28.509666442871097,-0.474700927734375,28.99441146850586,,,,,,26.91,-0.396,1992,8,23,236,1,841.6668015271189,0.0,841.6668015271189,0.0,73.80874452564571,5.0,1992-08-23 03:00:00,0,miami
25.5,-72.5,771.5677709023892,130,947,28.4876651763916,-0.5292606353759766,29.043359756469727,,,,,,26.91,-0.396,1992,8,23,236,1,771.5677709023892,0.0,771.5677709023892,0.0,73.80874452564571,5.0,1992-08-23 06:00:00,0,miami
25.4,-73.3,692.3043676777842, , ,28.37666702270508,-0.6659984588623047,29.043359756469727,,,,,,26.91,-0.396,1992,8,23,236,1,692.3043676777842,0.0,692.3043676777842,0.0,73.80874452564571,5.0,1992-08-23 09:00:00,0,miami
25.4,-74.2,602.2407948327385,145,933,28.251665115356445,-0.81292724609375,29.065778732299805,,,,,,26.91,-0.396,1992,8,23,236,1,602.2407948327385,0.0,602.2407948327385,0.0,73.80874452564571,5.0,1992-08-23 12:00:00,0,miami
25.4,-75.0,522.2292409722706, , ,28.23699951171875,-0.8945960998535156,29.12615203857422,,,,,,26.91,-0.396,1992,8,23,236,1,522.2292409722706,0.0,522.2292409722706,0.0,73.80874452564571,5.0,1992-08-23 15:00:00,0,miami
25.4,-75.8,442.2878022234511,150,922,28.40133285522461,-0.8185157775878906,29.235132217407227,,,,,,26.91,-0.396,1992,8,23,236,1,442.2878022234511,0.0,442.2878022234511,0.0,73.80874452564571,5.0,1992-08-23 18:00:00,0,miami
25.4,-76.6,362.4667505843427,140,923,28.58966636657715,-0.8109054565429688,29.473636627197266,,,,,,26.91,-0.396,1992,8,23,236,1,362.4667505843427,0.0,362.4667505843427,0.0,73.80874452564571,5.0,1992-08-23 21:00:00,0,miami
25.4,-77.5,272.9488051901912,125,930,28.569332122802734,-1.003376007080078,29.601316452026367,,,,,,26.91,-0.396,1992,8,24,237,1,272.9488051901912,0.0,272.9488051901912,0.0,73.80874452564571,5.0,1992-08-24 00:00:00,0,miami
25.4,-77.8,243.23052359483353,130,931,28.618999481201172,-0.9827194213867188,29.601316452026367,,,,,,26.91,-0.396,1992,8,24,237,1,243.23052359483353,0.0,243.23052359483353,0.0,73.80874452564571,5.0,1992-08-24 01:00:00,0,miami
25.4,-78.4,184.15279148318535, , ,28.68199920654297,-1.031209945678711,29.601316452026367,,,,,,26.91,-0.396,1992,8,24,237,1,184.15279148318535,1.0,184.15279148318535,1.0,73.80874452564571,6.0,1992-08-24 03:00:00,0,miami
25.4,-79.3,98.06943877032958,130,937,28.740333557128903,-1.040802001953125,29.868953704833984,,,,,,26.91,-0.396,1992,8,24,237,1,98.06943877032958,2.0,98.06943877032958,2.0,73.80874452564571,7.0,1992-08-24 06:00:00,1,miami
25.5,-80.2,29.111321939308777,145,926,28.701332092285156,-0.9881210327148438,29.63504219055176,,,,,,26.91,-0.396,1992,8,24,237,1,29.111321939308777,3.0,29.111321939308777,3.0,29.111321939308777,8.0,1992-08-24 08:40:00,1,miami
25.5,-80.3,31.055743188951546, , ,,,29.63504219055176,,,,,,26.91,-0.396,1992,8,24,237,1,29.111321939308777,4.0,29.111321939308777,4.0,29.111321939308777,9.0,1992-08-24 09:00:00,1,miami
25.5,-80.3,31.055743188951546,145,922,,,29.63504219055176,,,,,,26.91,-0.396,1992,8,24,237,1,29.111321939308777,5.0,29.111321939308777,5.0,29.111321939308777,10.0,1992-08-24 09:05:00,1,miami
25.6,-81.2,102.6201830406974,115,951,,,30.19478416442871,,,,,,26.91,-0.396,1992,8,24,237,1,29.111321939308777,6.0,29.111321939308777,6.0,29.111321939308777,11.0,1992-08-24 12:00:00,1,miami
25.7,-82.1,191.2643035432924, , ,29.235332489013672,-0.8141059875488281,30.0801944732666,,,,,,26.91,-0.396,1992,8,24,237,1,29.111321939308777,7.0,29.111321939308777,7.0,29.111321939308777,12.0,1992-08-24 15:00:00,1,miami
25.8,-83.1,291.2147037364666,115,947,28.79633331298828,-0.9922199249267578,29.784093856811523,,,,,,26.91,-0.396,1992,8,24,237,1,29.111321939308777,7.0,29.111321939308777,7.0,29.111321939308777,12.0,1992-08-24 18:00:00,1,miami
26.0,-84.1,391.8680314302512, , ,28.784000396728516,-0.935922622680664,29.75044822692871,,,,,,26.91,-0.396,1992,8,24,237,1,29.111321939308777,7.0,29.111321939308777,7.0,29.111321939308777,12.0,1992-08-24 21:00:00,0,miami
26.2,-85.0,483.05205832766967,115,943,28.867666244506836,-0.8549518585205078,29.705820083618164,,,,,,26.91,-0.396,1992,8,25,238,1,29.111321939308777,7.0,29.111321939308777,7.0,29.111321939308777,12.0,1992-08-25 00:00:00,0,miami
26.4,-85.9,574.4428667361767, , ,29.014665603637695,-0.7471237182617188,29.767826080322266,,,,,,26.91,-0.396,1992,8,25,238,1,29.111321939308777,7.0,29.111321939308777,7.0,29.111321939308777,12.0,1992-08-25 03:00:00,0,miami
26.6,-86.7,656.0119514334501,115,948,28.833999633789062,-0.915985107421875,29.75018310546875,,,,,,26.91,-0.396,1992,8,25,238,1,29.111321939308777,7.0,29.111321939308777,7.0,29.111321939308777,12.0,1992-08-25 06:00:00,0,miami
26.9,-87.5,739.1223598936773, , ,28.40199851989746,-1.355451583862305,29.803300857543945,,,,,,26.91,-0.396,1992,8,25,238,1,29.111321939308777,7.0,29.111321939308777,7.0,29.111321939308777,12.0,1992-08-25 09:00:00,0,miami
27.2,-88.2,812.7708038555191,120,946,28.52966690063477,-1.2304210662841797,29.722904205322266,,,,,,26.91,-0.396,1992,8,25,238,1,29.111321939308777,7.0,29.111321939308777,7.0,29.111321939308777,12.0,1992-08-25 12:00:00,0,miami
27.5,-88.9,886.6812060832561, , ,28.5853328704834,-1.2004890441894531,29.785398483276367,,,,,,26.91,-0.396,1992,8,25,238,1,29.111321939308777,7.0,29.111321939308777,7.0,29.111321939308777,12.0,1992-08-25 15:00:00,0,miami
27.8,-89.6,960.7474408179518,125,941,28.415332794189453,-1.399179458618164,29.83478546142578,,,,,,26.91,-0.396,1992,8,25,238,1,29.111321939308777,7.0,29.111321939308777,7.0,29.111321939308777,12.0,1992-08-25 18:00:00,0,miami
28.1,-90.1,1015.7312813390892, , ,28.09866523742676,-1.7526626586914062,29.84671401977539,,,,,,26.91,-0.396,1992,8,25,238,1,29.111321939308777,7.0,29.111321939308777,7.0,29.111321939308777,12.0,1992-08-25 21:00:00,0,miami
28.5,-90.5,1064.1295525186115,125,937,28.066333770751953,-1.8262367248535156,29.92399787902832,,,,,,26.91,-0.396,1992,8,26,239,1,29.111321939308777,7.0,29.111321939308777,7.0,29.111321939308777,12.0,1992-08-26 00:00:00,0,miami
28.8,-90.9,1110.3544252867443, , ,28.314332962036133,-1.6213436126708984,29.92399787902832,,,,,,26.91,-0.396,1992,8,26,239,1,29.111321939308777,7.0,29.111321939308777,7.0,29.111321939308777,12.0,1992-08-26 03:00:00,0,miami
29.2,-91.3,1159.957324472693,120,955,28.170000076293945,-1.7999553680419922,29.981916427612305,,,,,,26.91,-0.396,1992,8,26,239,1,29.111321939308777,7.0,29.111321939308777,7.0,29.111321939308777,12.0,1992-08-26 06:00:00,0,miami
29.6,-91.5,1191.7744501554594,100,956,27.79399871826172,,30.013954162597656,,,,,,26.91,-0.396,1992,8,26,239,1,29.111321939308777,7.0,29.111321939308777,7.0,29.111321939308777,12.0,1992-08-26 08:30:00,0,miami
29.7,-91.5,1195.3066357231346, , ,27.79399871826172,,30.013954162597656,,,,,,26.91,-0.396,1992,8,26,239,1,29.111321939308777,7.0,29.111321939308777,7.0,29.111321939308777,12.0,1992-08-26 09:00:00,0,miami
30.1,-91.7,1228.3610521794617,80,973,,,,,,,,,26.91,-0.396,1992,8,26,239,1,29.111321939308777,7.0,29.111321939308777,7.0,29.111321939308777,12.0,1992-08-26 12:00:00,0,miami
30.5,-91.7,1244.5028254251408, , ,,,,,,,,,26.91,-0.396,1992,8,26,239,1,29.111321939308777,7.0,29.111321939308777,7.0,29.111321939308777,12.0,1992-08-26 15:00:00,0,miami
30.9,-91.6,1253.2854333872613,50,991,,,,,,,,,26.91,-0.396,1992,8,26,239,1,29.111321939308777,7.0,29.111321939308777,7.0,29.111321939308777,12.0,1992-08-26 18:00:00,0,miami
31.2,-91.4,1250.2585363731837, , ,,,,,,,,,26.91,-0.396,1992,8,26,239,1,29.111321939308777,7.0,29.111321939308777,7.0,29.111321939308777,12.0,1992-08-26 21:00:00,0,miami
31.5,-91.1,1240.1510522278124,35,995,,,,,,,,,26.91,-0.396,1992,8,27,240,1,29.111321939308777,7.0,29.111321939308777,7.0,29.111321939308777,12.0,1992-08-27 00:00:00,0,miami
31.8,-90.8,1231.7021052607574, , ,,,,,,,,,26.91,-0.396,1992,8,27,240,1,29.111321939308777,7.0,29.111321939308777,7.0,29.111321939308777,12.0,1992-08-27 03:00:00,0,miami
32.1,-90.5,1224.9411860152104,30,997,,,,,,,,,26.91,-0.396,1992,8,27,240,1,29.111321939308777,7.0,29.111321939308777,7.0,29.111321939308777,12.0,1992-08-27 06:00:00,0,miami
32.4,-90.1,1212.1841203626486, , ,,,,,,,,,26.91,-0.396,1992,8,27,240,1,29.111321939308777,7.0,29.111321939308777,7.0,29.111321939308777,12.0,1992-08-27 09:00:00,0,miami
32.8,-89.6,1201.0976786814613,30,998,,,,,,,,,26.91,-0.396,1992,8,27,240,1,29.111321939308777,7.0,29.111321939308777,7.0,29.111321939308777,12.0,1992-08-27 12:00:00,0,miami
33.2,-89.1,1193.8301892142258, , ,,,,,,,,,26.91,-0.396,1992,8,27,240,1,29.111321939308777,7.0,29.111321939308777,7.0,29.111321939308777,12.0,1992-08-27 15:00:00,0,miami
33.6,-88.4,1177.3839223299656,25,999,,,,,,,,,26.91,-0.396,1992,8,27,240,1,29.111321939308777,7.0,29.111321939308777,7.0,29.111321939308777,12.0,1992-08-27 18:00:00,0,miami
34.0,-87.7,1166.7002492436889, , ,,,,,,,,,26.91,-0.396,1992,8,27,240,1,29.111321939308777,7.0,29.111321939308777,7.0,29.111321939308777,12.0,1992-08-27 21:00:00,0,miami
34.4,-86.7,1145.9371739299008,20,1000,,,,,,,,,26.91,-0.396,1992,8,28,241,1,29.111321939308777,7.0,29.111321939308777,7.0,29.111321939308777,12.0,1992-08-28 00:00:00,0,miami
34.9,-85.4,1131.9290537690404, , ,,,,,,,,,26.91,-0.396,1992,8,28,241,1,29.111321939308777,7.0,29.111321939308777,7.0,29.111321939308777,12.0,1992-08-28 03:00:00,0,miami
35.4,-84.0,1131.7466994970248,20,1000,,,,,,,,,26.91,-0.396,1992,8,28,241,1,29.111321939308777,7.0,29.111321939308777,7.0,29.111321939308777,12.0,1992-08-28 06:00:00,0,miami
23.7,-78.7,274.3209775721545,20,1010,29.93866539001465,0.1634674072265625,29.67907333374023,,,,,,26.23,0.165,1995,8,22,234,1,274.3209775721545,0.0,274.3209775721545,0.0,274.3209775721545,0.0,1995-08-22 18:00:00,0,miami
23.9,-78.8,250.1559741501409, , ,29.887998580932617,0.1111812591552734,29.67907333374023,,,,,,26.23,0.165,1995,8,22,234,1,250.1559741501409,0.0,250.1559741501409,0.0,250.1559741501409,0.0,1995-08-22 21:00:00,0,miami
24.2,-78.9,217.04048098690748,25,1009,29.84599876403809,0.0232353210449218,29.916128158569336,,,,,,26.23,0.165,1995,8,23,235,1,217.04048098690748,0.0,217.04048098690748,0.0,217.04048098690748,0.0,1995-08-23 00:00:00,0,miami
24.6,-79.0,176.26155886594591, , ,29.51566696166992,-0.3513259887695312,29.916128158569336,,,,,,26.23,0.165,1995,8,23,235,1,176.26155886594591,1.0,176.26155886594591,1.0,176.26155886594591,1.0,1995-08-23 03:00:00,1,miami
25.2,-79.2,117.52532463472907,30,1008,29.637666702270508,-0.2137393951416015,29.868953704833984,,,,,,26.23,0.165,1995,8,23,235,1,117.52532463472907,2.0,117.52532463472907,2.0,117.52532463472907,2.0,1995-08-23 06:00:00,1,miami
25.8,-79.4,79.39477904079807, , ,29.509666442871097,-0.1862964630126953,29.868953704833984,,,,,,26.23,0.165,1995,8,23,235,1,79.39477904079807,3.0,79.39477904079807,3.0,79.39477904079807,3.0,1995-08-23 09:00:00,1,miami
26.4,-79.7,86.31346282552819,35,1008,29.453332901000977,-0.1147937774658203,29.534326553344727,,,,,,26.23,0.165,1995,8,23,235,1,79.39477904079807,4.0,79.39477904079807,4.0,79.39477904079807,4.0,1995-08-23 12:00:00,1,miami
26.8,-80.0,117.02655675559022, , ,,,29.534326553344727,,,,,,26.23,0.165,1995,8,23,235,1,79.39477904079807,5.0,79.39477904079807,5.0,79.39477904079807,5.0,1995-08-23 15:00:00,1,miami
27.0,-80.2,137.69510038944597,35,1006,,,29.534326553344727,,,,,,26.23,0.165,1995,8,23,235,1,79.39477904079807,6.0,79.39477904079807,6.0,79.39477904079807,6.0,1995-08-23 18:00:00,1,miami
27.2,-80.3,160.29378578345458, , ,,,29.01167869567871,,,,,,26.23,0.165,1995,8,23,235,1,79.39477904079807,7.0,79.39477904079807,7.0,79.39477904079807,7.0,1995-08-23 21:00:00,1,miami
27.3,-80.5,173.77721589686774,35,1005,,,,,,,,,26.23,0.165,1995,8,24,236,1,79.39477904079807,8.0,79.39477904079807,8.0,79.39477904079807,8.0,1995-08-24 00:00:00,1,miami
27.5,-80.8,202.52232737817891, , ,,,,,,,,,26.23,0.165,1995,8,24,236,1,79.39477904079807,8.0,79.39477904079807,8.0,79.39477904079807,8.0,1995-08-24 03:00:00,1,miami
27.7,-81.1,233.63749721067745,35,1005,,,,,,,,,26.23,0.165,1995,8,24,236,1,79.39477904079807,8.0,79.39477904079807,8.0,79.39477904079807,8.0,1995-08-24 06:00:00,1,miami
28.0,-81.4,276.22599673114047, , ,,,,,,,,,26.23,0.165,1995,8,24,236,1,79.39477904079807,8.0,79.39477904079807,8.0,79.39477904079807,8.0,1995-08-24 09:00:00,1,miami
28.4,-81.8,333.77463203156674,35,1004,,,,,,,,,26.23,0.165,1995,8,24,236,1,79.39477904079807,8.0,79.39477904079807,8.0,79.39477904079807,8.0,1995-08-24 12:00:00,1,miami
28.6,-82.2,372.8936632614426, , ,,,,,,,,,26.23,0.165,1995,8,24,236,1,79.39477904079807,8.0,79.39477904079807,8.0,79.39477904079807,8.0,1995-08-24 15:00:00,1,miami
28.8,-82.6,413.2240101031609,30,1002,,,29.89499855041504,,,,,,26.23,0.165,1995,8,24,236,1,79.39477904079807,8.0,79.39477904079807,8.0,79.39477904079807,8.0,1995-08-24 18:00:00,1,miami
28.9,-82.8,433.7317737831738, , ,28.6560001373291,,29.89499855041504,,,,,,26.23,0.165,1995,8,24,236,1,79.39477904079807,8.0,79.39477904079807,8.0,79.39477904079807,8.0,1995-08-24 21:00:00,1,miami
29.0,-82.9,448.470436521156,30,1002,28.6560001373291,,29.89499855041504,,,,,,26.23,0.165,1995,8,25,237,1,79.39477904079807,8.0,79.39477904079807,8.0,79.39477904079807,8.0,1995-08-25 00:00:00,1,miami
29.1,-83.1,469.1747389787867, , ,28.513999938964844,-1.288290023803711,29.783857345581055,,,,,,26.23,0.165,1995,8,25,237,1,79.39477904079807,8.0,79.39477904079807,8.0,79.39477904079807,8.0,1995-08-25 03:00:00,1,miami
29.2,-83.3,490.02920766754994,30,1002,28.597999572753903,-1.1578006744384766,29.783857345581055,,,,,,26.23,0.165,1995,8,25,237,1,79.39477904079807,8.0,79.39477904079807,8.0,79.39477904079807,8.0,1995-08-25 06:00:00,1,miami
29.5,-83.3,516.2196189768516, , ,28.46733283996582,-1.2729339599609375,29.783857345581055,,,,,,26.23,0.165,1995,8,25,237,1,79.39477904079807,8.0,79.39477904079807,8.0,79.39477904079807,8.0,1995-08-25 09:00:00,1,miami
29.8,-83.3,543.1947791214459,25,1004,,,29.783857345581055,,,,,,26.23,0.165,1995,8,25,237,1,79.39477904079807,8.0,79.39477904079807,8.0,79.39477904079807,8.0,1995-08-25 12:00:00,1,miami
30.1,-83.2,565.654306233989, , ,,,,,,,,,26.23,0.165,1995,8,25,237,1,79.39477904079807,8.0,79.39477904079807,8.0,79.39477904079807,8.0,1995-08-25 15:00:00,1,miami
30.4,-83.2,594.1443032930521,25,1005,,,,,,,,,26.23,0.165,1995,8,25,237,1,79.39477904079807,8.0,79.39477904079807,8.0,79.39477904079807,8.0,1995-08-25 18:00:00,1,miami
30.5,-83.3,608.597066541495, , ,,,,,,,,,26.23,0.165,1995,8,25,237,1,79.39477904079807,8.0,79.39477904079807,8.0,79.39477904079807,8.0,1995-08-25 21:00:00,1,miami
30.7,-83.4,632.6070168635152,25,1005,,,,,,,,,26.23,0.165,1995,8,26,238,1,79.39477904079807,8.0,79.39477904079807,8.0,79.39477904079807,8.0,1995-08-26 00:00:00,1,miami
31.0,-83.5,666.2390704494965, , ,,,29.694589614868164,,,,,,26.23,0.165,1995,8,26,238,1,79.39477904079807,8.0,79.39477904079807,8.0,79.39477904079807,8.0,1995-08-26 03:00:00,1,miami
31.3,-83.7,704.6448453236243,20,1005,,,,,,,,,26.23,0.165,1995,8,26,238,1,79.39477904079807,8.0,79.39477904079807,8.0,79.39477904079807,8.0,1995-08-26 06:00:00,1,miami
31.5,-83.8,728.6566744496239, , ,,,,,,,,,26.23,0.165,1995,8,26,238,1,79.39477904079807,8.0,79.39477904079807,8.0,79.39477904079807,8.0,1995-08-26 09:00:00,1,miami
31.8,-83.9,762.3532257190286,20,1005,,,,,,,,,26.23,0.165,1995,8,26,238,1,79.39477904079807,8.0,79.39477904079807,8.0,79.39477904079807,8.0,1995-08-26 12:00:00,1,miami
32.1,-84.0,796.1116931785579, , ,,,,,,,,,26.23,0.165,1995,8,26,238,1,79.39477904079807,8.0,79.39477904079807,8.0,79.39477904079807,8.0,1995-08-26 15:00:00,0,miami
32.4,-84.0,825.5317511526459,20,1006,,,,,,,,,26.23,0.165,1995,8,26,238,1,79.39477904079807,8.0,79.39477904079807,8.0,79.39477904079807,8.0,1995-08-26 18:00:00,0,miami
32.7,-84.0,855.2393935144779, , ,,,,,,,,,26.23,0.165,1995,8,26,238,1,79.39477904079807,8.0,79.39477904079807,8.0,79.39477904079807,8.0,1995-08-26 21:00:00,0,miami
33.0,-84.0,885.2056658608965,20,1006,,,,,,,,,26.23,0.165,1995,8,27,239,1,79.39477904079807,8.0,79.39477904079807,8.0,79.39477904079807,8.0,1995-08-27 00:00:00,0,miami
33.3,-84.0,915.4051686244704, , ,,,,,,,,,26.23,0.165,1995,8,27,239,1,79.39477904079807,8.0,79.39477904079807,8.0,79.39477904079807,8.0,1995-08-27 03:00:00,0,miami
33.5,-83.9,931.9086656444832,20,1006,,,,,,,,,26.23,0.165,1995,8,27,239,1,79.39477904079807,8.0,79.39477904079807,8.0,79.39477904079807,8.0,1995-08-27 06:00:00,0,miami
33.7,-83.8,948.759639630368, , ,,,,,,,,,26.23,0.165,1995,8,27,239,1,79.39477904079807,8.0,79.39477904079807,8.0,79.39477904079807,8.0,1995-08-27 09:00:00,0,miami
33.8,-83.6,952.2299438871308,20,1006,,,,,,,,,26.23,0.165,1995,8,27,239,1,79.39477904079807,8.0,79.39477904079807,8.0,79.39477904079807,8.0,1995-08-27 12:00:00,0,miami
33.9,-83.3,953.1520994432366, , ,,,,,,,,,26.23,0.165,1995,8,27,239,1,79.39477904079807,8.0,79.39477904079807,8.0,79.39477904079807,8.0,1995-08-27 15:00:00,0,miami
33.9,-83.0,944.4790639341396,20,1006,,,,,,,,,26.23,0.165,1995,8,27,239,1,79.39477904079807,8.0,79.39477904079807,8.0,79.39477904079807,8.0,1995-08-27 18:00:00,0,miami
33.9,-82.7,936.6169135114108, , ,,,,,,,,,26.23,0.165,1995,8,27,239,1,79.39477904079807,8.0,79.39477904079807,8.0,79.39477904079807,8.0,1995-08-27 21:00:00,0,miami
33.8,-82.4,918.7919460297496,20,1006,,,,,,,,,26.23,0.165,1995,8,28,240,1,79.39477904079807,8.0,79.39477904079807,8.0,79.39477904079807,8.0,1995-08-28 00:00:00,0,miami
11.6,-76.1,1632.2389791801022,30,1002,28.529333114624023,-0.4083232879638672,28.95105743408203,,,,,,25.25,0.363,1998,10,22,295,1,1632.2389791801022,0.0,1632.2389791801022,0.0,1632.2389791801022,0.0,1998-10-22 00:00:00,0,miami
11.8,-76.6,1597.5551988341683, , ,28.509666442871097,-0.4011898040771484,28.928834915161133,,,,,,25.25,0.363,1998,10,22,295,1,1597.5551988341683,0.0,1597.5551988341683,0.0,1597.5551988341683,0.0,1998-10-22 03:00:00,0,miami
11.9,-77.1,1575.100224776154,30,1002,28.459333419799805,-0.448434829711914,28.928834915161133,,,,,,25.25,0.363,1998,10,22,295,1,1575.100224776154,0.0,1575.100224776154,0.0,1575.100224776154,0.0,1998-10-22 06:00:00,0,miami
12.0,-77.6,1554.1818635959976, , ,28.37966537475586,-0.5323963165283203,28.928979873657227,,,,,,25.25,0.363,1998,10,22,295,1,1554.1818635959976,0.0,1554.1818635959976,0.0,1554.1818635959976,0.0,1998-10-22 09:00:00,0,miami
12.0,-77.9,1548.9898473091662,30,1002,28.350332260131836,-0.5638771057128906,28.928979873657227,,,,,,25.25,0.363,1998,10,22,295,1,1548.9898473091662,0.0,1548.9898473091662,0.0,1548.9898473091662,0.0,1998-10-22 12:00:00,0,miami
11.8,-78.0,1569.4103395296709, , ,28.31166648864746,-0.6060066223144531,28.928979873657227,,,,,,25.25,0.363,1998,10,22,295,1,1548.9898473091662,0.0,1548.9898473091662,0.0,1548.9898473091662,0.0,1998-10-22 15:00:00,0,miami
11.6,-77.9,1592.9809351881115,35,1001,28.333999633789062,-0.5900440216064453,28.928979873657227,,,,,,25.25,0.363,1998,10,22,295,1,1548.9898473091662,0.0,1548.9898473091662,0.0,1548.9898473091662,0.0,1998-10-22 18:00:00,0,miami
11.6,-77.8,1594.6000631245663, , ,28.333999633789062,-0.5900440216064453,28.928979873657227,,,,,,25.25,0.363,1998,10,22,295,1,1548.9898473091662,0.0,1548.9898473091662,0.0,1548.9898473091662,0.0,1998-10-22 21:00:00,0,miami
11.8,-77.6,1576.1068131589943,40,1000,28.37966537475586,-0.5323963165283203,28.928979873657227,,,,,,25.25,0.363,1998,10,23,296,1,1548.9898473091662,0.0,1548.9898473091662,0.0,1548.9898473091662,0.0,1998-10-23 00:00:00,0,miami
12.0,-77.6,1554.1818635959976, , ,28.37966537475586,-0.5323963165283203,28.928979873657227,,,,,,25.25,0.363,1998,10,23,296,1,1548.9898473091662,0.0,1548.9898473091662,0.0,1548.9898473091662,0.0,1998-10-23 03:00:00,0,miami
12.2,-77.6,1532.2657826407255,45,999,28.36199951171875,-0.5388202667236328,28.892454147338867,,,,,,25.25,0.363,1998,10,23,296,1,1532.2657826407255,0.0,1532.2657826407255,0.0,1532.2657826407255,0.0,1998-10-23 06:00:00,0,miami
12.4,-77.7,1508.510920503535, , ,28.356998443603516,-0.5325794219970703,28.892454147338867,,,,,,25.25,0.363,1998,10,23,296,1,1508.510920503535,0.0,1508.510920503535,0.0,1508.510920503535,0.0,1998-10-23 09:00:00,0,miami
12.5,-77.8,1495.7589995514538,45,999,28.37066650390625,-0.5238723754882812,28.892454147338867,,,,,,25.25,0.363,1998,10,23,296,1,1495.7589995514538,0.0,1495.7589995514538,0.0,1495.7589995514538,0.0,1998-10-23 12:00:00,0,miami
12.7,-77.9,1472.0744227861562, , ,28.40399932861328,-0.4844856262207031,28.892454147338867,,,,,,25.25,0.363,1998,10,23,296,1,1472.0744227861562,0.0,1472.0744227861562,0.0,1472.0744227861562,0.0,1998-10-23 15:00:00,0,miami
12.9,-78.0,1448.4231587215377,50,998,28.415666580200195,-0.47509765625,28.892454147338867,,,,,,25.25,0.363,1998,10,23,296,1,1448.4231587215377,0.0,1448.4231587215377,0.0,1448.4231587215377,0.0,1998-10-23 18:00:00,0,miami
13.1,-78.0,1426.4493560992582, , ,28.393333435058594,-0.4952545166015625,28.882783889770508,,,,,,25.25,0.363,1998,10,23,296,1,1426.4493560992582,0.0,1426.4493560992582,0.0,1426.4493560992582,0.0,1998-10-23 21:00:00,0,miami
13.4,-77.9,1395.2592371227838,55,997,28.422332763671875,-0.4593429565429687,28.882783889770508,,,,,,25.25,0.363,1998,10,24,297,1,1395.2592371227838,0.0,1395.2592371227838,0.0,1395.2592371227838,0.0,1998-10-24 00:00:00,0,miami
13.6,-77.8,1375.1909872916508, , ,28.475332260131836,-0.4097766876220703,28.882783889770508,,,,,,25.25,0.363,1998,10,24,297,1,1375.1909872916508,0.0,1375.1909872916508,0.0,1375.1909872916508,0.0,1998-10-24 03:00:00,0,miami
13.9,-77.8,1342.362715523852,65,990,28.51966667175293,-0.3745784759521484,28.882783889770508,,,,,,25.25,0.363,1998,10,24,297,1,1342.362715523852,0.0,1342.362715523852,0.0,1342.362715523852,0.0,1998-10-24 06:00:00,0,miami
14.2,-77.8,1309.5608339680784, , ,28.535999298095703,-0.3673839569091797,28.91881942749023,,,,,,25.25,0.363,1998,10,24,297,1,1309.5608339680784,0.0,1309.5608339680784,0.0,1309.5608339680784,0.0,1998-10-24 09:00:00,0,miami
14.5,-77.9,1274.7957702396757,75,985,28.571332931518555,-0.3411884307861328,28.91881942749023,,,,,,25.25,0.363,1998,10,24,297,1,1274.7957702396757,0.0,1274.7957702396757,0.0,1274.7957702396757,0.0,1998-10-24 12:00:00,0,miami
14.8,-78.0,1240.0473428604082, , ,28.674999237060547,-0.2557258605957031,28.91881942749023,,,,,,25.25,0.363,1998,10,24,297,1,1240.0473428604082,0.0,1240.0473428604082,0.0,1240.0473428604082,0.0,1998-10-24 15:00:00,0,miami
15.0,-78.1,1216.266468226902,90,980,28.674999237060547,-0.2557258605957031,28.91881942749023,,,,,,25.25,0.363,1998,10,24,297,1,1216.266468226902,0.0,1216.266468226902,0.0,1216.266468226902,0.0,1998-10-24 18:00:00,0,miami
15.2,-78.2,1192.5210429944666, , ,28.641666412353516,-0.2947807312011719,28.94190788269043,,,,,,25.25,0.363,1998,10,24,297,1,1192.5210429944666,0.0,1192.5210429944666,0.0,1192.5210429944666,0.0,1998-10-24 21:00:00,0,miami
15.5,-78.4,1156.1262165308872,100,965,28.63833236694336,-0.3101310729980469,28.94190788269043,,,,,,25.25,0.363,1998,10,25,298,1,1156.1262165308872,0.0,1156.1262165308872,0.0,1156.1262165308872,0.0,1998-10-25 00:00:00,0,miami
15.8,-78.6,1119.9394991868603, , ,28.65566635131836,-0.3165168762207031,28.966882705688477,,,,,,25.25,0.363,1998,10,25,298,1,1119.9394991868603,0.0,1119.9394991868603,0.0,1119.9394991868603,0.0,1998-10-25 03:00:00,0,miami
16.0,-78.9,1093.6882357891718,105,951,28.64900016784668,-0.328409194946289,28.966882705688477,,,,,,25.25,0.363,1998,10,25,298,1,1093.6882357891718,0.0,1093.6882357891718,0.0,1093.6882357891718,0.0,1998-10-25 06:00:00,0,miami
16.1,-79.2,1079.2419747244242, , ,28.66233253479004,-0.3269481658935547,29.00192070007324,,,,,,25.25,0.363,1998,10,25,298,1,1079.2419747244242,0.0,1079.2419747244242,0.0,1079.2419747244242,0.0,1998-10-25 09:00:00,0,miami
16.2,-79.6,1064.980466672284,115,945,28.62533187866211,-0.365945816040039,29.008386611938477,,,,,,25.25,0.363,1998,10,25,298,1,1064.980466672284,0.0,1064.980466672284,0.0,1064.980466672284,0.0,1998-10-25 12:00:00,0,miami
16.3,-79.9,1052.5274095917532, , ,28.59666633605957,-0.4058113098144531,29.008386611938477,,,,,,25.25,0.363,1998,10,25,298,1,1052.5274095917532,0.0,1052.5274095917532,0.0,1052.5274095917532,0.0,1998-10-25 15:00:00,0,miami
16.4,-80.3,1041.033880362937,125,926,28.38666534423828,-0.6157627105712891,29.008386611938477,,,,,,25.25,0.363,1998,10,25,298,1,1041.033880362937,0.0,1041.033880362937,0.0,1041.033880362937,0.0,1998-10-25 18:00:00,0,miami
16.4,-80.6,1041.8319619658937, , ,28.298999786376953,-0.7029266357421875,29.009624481201172,,,,,,25.25,0.363,1998,10,25,298,1,1041.033880362937,0.0,1041.033880362937,0.0,1041.033880362937,0.0,1998-10-25 21:00:00,0,miami
16.4,-81.0,1044.3345399564105,130,923,28.25566673278809,-0.7543201446533203,29.009624481201172,,,,,,25.25,0.363,1998,10,26,299,1,1041.033880362937,0.0,1041.033880362937,0.0,1041.033880362937,0.0,1998-10-26 00:00:00,0,miami
16.4,-81.4,1048.4698337440343, , ,28.161998748779297,-0.8656234741210938,29.009624481201172,,,,,,25.25,0.363,1998,10,26,299,1,1041.033880362937,0.0,1041.033880362937,0.0,1041.033880362937,0.0,1998-10-26 03:00:00,0,miami
16.4,-81.8,1054.2186038208606,135,922,27.853666305541992,-1.2092227935791016,29.08139419555664,,,,,,25.25,0.363,1998,10,26,299,1,1041.033880362937,0.0,1041.033880362937,0.0,1041.033880362937,0.0,1998-10-26 06:00:00,0,miami
16.5,-82.2,1050.6403887537604, , ,27.827665328979492,-1.2454891204833984,29.08139419555664,,,,,,25.25,0.363,1998,10,26,299,1,1041.033880362937,0.0,1041.033880362937,0.0,1041.033880362937,0.0,1998-10-26 09:00:00,0,miami
16.6,-82.6,1048.79500662757,145,914,27.94533348083496,-1.1362037658691406,29.081714630126953,,,,,,25.25,0.363,1998,10,26,299,1,1041.033880362937,0.0,1041.033880362937,0.0,1041.033880362937,0.0,1998-10-26 12:00:00,0,miami
16.7,-82.9,1045.8678659700608, , ,28.00933265686035,-1.07159423828125,29.081714630126953,,,,,,25.25,0.363,1998,10,26,299,1,1041.033880362937,0.0,1041.033880362937,0.0,1041.033880362937,0.0,1998-10-26 15:00:00,0,miami
16.9,-83.1,1030.259988742929,155,905,27.955333709716797,-1.1181316375732422,29.081714630126953,,,,,,25.25,0.363,1998,10,26,299,1,1030.259988742929,0.0,1030.259988742929,0.0,1030.259988742929,0.0,1998-10-26 18:00:00,0,miami
17.1,-83.4,1018.6229573057722, , ,27.961666107177734,-1.1051959991455078,29.072975158691406,,,,,,25.25,0.363,1998,10,26,299,1,1018.6229573057722,0.0,1018.6229573057722,0.0,1018.6229573057722,0.0,1998-10-26 21:00:00,0,miami
17.2,-83.8,1022.4176215660052,155,910,27.841333389282227,-1.2130088806152344,29.070039749145508,,,,,,25.25,0.363,1998,10,27,300,1,1018.6229573057722,0.0,1018.6229573057722,0.0,1018.6229573057722,0.0,1998-10-27 00:00:00,0,miami
17.3,-84.1,1023.8460499361024, , ,27.951332092285156,-1.114217758178711,29.070039749145508,,,,,,25.25,0.363,1998,10,27,300,1,1018.6229573057722,0.0,1018.6229573057722,0.0,1018.6229573057722,0.0,1998-10-27 03:00:00,0,miami
17.3,-84.4,1036.4551907269586,150,917,27.913999557495117,-1.1551246643066406,29.070039749145508,,,,,,25.25,0.363,1998,10,27,300,1,1018.6229573057722,0.0,1018.6229573057722,0.0,1018.6229573057722,0.0,1998-10-27 06:00:00,0,miami
17.2,-84.7,1059.8691507290698, , ,27.788665771484375,-1.2692832946777344,29.086091995239254,,,,,,25.25,0.363,1998,10,27,300,1,1018.6229573057722,0.0,1018.6229573057722,0.0,1018.6229573057722,0.0,1998-10-27 09:00:00,0,miami
17.1,-85.0,1083.7942965906348,150,922,27.79666519165039,-1.2695045471191406,29.086091995239254,,,,,,25.25,0.363,1998,10,27,300,1,1018.6229573057722,0.0,1018.6229573057722,0.0,1018.6229573057722,0.0,1998-10-27 12:00:00,0,miami
17.0,-85.2,1103.309594344624, , ,27.785999298095703,-1.267099380493164,29.021820068359375,,,,,,25.25,0.363,1998,10,27,300,1,1018.6229573057722,0.0,1018.6229573057722,0.0,1018.6229573057722,0.0,1998-10-27 15:00:00,0,miami
16.9,-85.4,1122.988117248697,145,928,27.823331832885746,-1.244121551513672,29.021820068359375,,,,,,25.25,0.363,1998,10,27,300,1,1018.6229573057722,0.0,1018.6229573057722,0.0,1018.6229573057722,0.0,1998-10-27 18:00:00,0,miami
16.8,-85.5,1137.7934495595896, , ,27.869665145874023,-1.2121429443359375,29.115217208862305,,,,,,25.25,0.363,1998,10,27,300,1,1018.6229573057722,0.0,1018.6229573057722,0.0,1018.6229573057722,0.0,1998-10-27 21:00:00,0,miami
16.6,-85.6,1162.430631973766,140,933,27.9689998626709,-1.1117305755615234,29.115217208862305,,,,,,25.25,0.363,1998,10,28,301,1,1018.6229573057722,0.0,1018.6229573057722,0.0,1018.6229573057722,0.0,1998-10-28 00:00:00,0,miami
16.4,-85.6,1182.1313034363325, , ,28.10533332824707,-0.9864864349365234,29.115217208862305,,,,,,25.25,0.363,1998,10,28,301,1,1018.6229573057722,0.0,1018.6229573057722,0.0,1018.6229573057722,0.0,1998-10-28 03:00:00,0,miami
16.3,-85.6,1192.0147511477728,130,938,28.10533332824707,-0.9864864349365234,29.115217208862305,,,,,,25.25,0.363,1998,10,28,301,1,1018.6229573057722,0.0,1018.6229573057722,0.0,1018.6229573057722,0.0,1998-10-28 06:00:00,0,miami
16.3,-85.6,1192.0147511477728, , ,28.10533332824707,-0.9864864349365234,29.115217208862305,,,,,,25.25,0.363,1998,10,28,301,1,1018.6229573057722,0.0,1018.6229573057722,0.0,1018.6229573057722,0.0,1998-10-28 09:00:00,0,miami
16.3,-85.6,1192.0147511477728,115,948,28.10533332824707,-0.9864864349365234,29.115217208862305,,,,,,25.25,0.363,1998,10,28,301,1,1018.6229573057722,0.0,1018.6229573057722,0.0,1018.6229573057722,0.0,1998-10-28 12:00:00,0,miami
16.3,-85.6,1192.0147511477728, , ,28.10533332824707,-0.9864864349365234,29.115217208862305,,,,,,25.25,0.363,1998,10,28,301,1,1018.6229573057722,0.0,1018.6229573057722,0.0,1018.6229573057722,0.0,1998-10-28 15:00:00,0,miami
16.3,-85.7,1196.919930929025,95,959,28.10533332824707,-0.9864864349365234,29.115217208862305,,,,,,25.25,0.363,1998,10,28,301,1,1018.6229573057722,0.0,1018.6229573057722,0.0,1018.6229573057722,0.0,1998-10-28 18:00:00,0,miami
16.3,-85.8,1201.8943701997089, , ,28.172666549682617,-0.9475269317626952,29.115217208862305,,,,,,25.25,0.363,1998,10,28,301,1,1018.6229573057722,0.0,1018.6229573057722,0.0,1018.6229573057722,0.0,1998-10-28 21:00:00,0,miami
16.2,-85.8,1211.7243309878534,85,970,28.27699851989746,-0.8765010833740234,29.115217208862305,,,,,,25.25,0.363,1998,10,29,302,1,1018.6229573057722,0.0,1018.6229573057722,0.0,1018.6229573057722,0.0,1998-10-29 00:00:00,0,miami
16.2,-85.8,1211.7243309878534, , ,28.27699851989746,-0.8765010833740234,29.115217208862305,,,,,,25.25,0.363,1998,10,29,302,1,1018.6229573057722,0.0,1018.6229573057722,0.0,1018.6229573057722,0.0,1998-10-29 03:00:00,0,miami
16.1,-85.8,1221.5761416734158,75,979,28.27699851989746,-0.8765010833740234,29.115217208862305,,,,,,25.25,0.363,1998,10,29,302,1,1018.6229573057722,0.0,1018.6229573057722,0.0,1018.6229573057722,0.0,1998-10-29 06:00:00,0,miami
16.0,-85.8,1231.4492777851283, , ,,,29.268529891967773,,,,,,25.25,0.363,1998,10,29,302,1,1018.6229573057722,0.0,1018.6229573057722,0.0,1018.6229573057722,0.0,1998-10-29 09:00:00,0,miami
15.9,-85.7,1236.515849584383,70,987,,,29.268529891967773,,,,,,25.25,0.363,1998,10,29,302,1,1018.6229573057722,0.0,1018.6229573057722,0.0,1018.6229573057722,0.0,1998-10-29 12:00:00,0,miami
15.9,-85.6,1231.7568747358575, , ,,,29.268529891967773,,,,,,25.25,0.363,1998,10,29,302,1,1018.6229573057722,0.0,1018.6229573057722,0.0,1018.6229573057722,0.0,1998-10-29 15:00:00,0,miami
15.8,-85.6,1241.7419881379658,60,994,,,29.268529891967773,,,,,,25.25,0.363,1998,10,29,302,1,1018.6229573057722,0.0,1018.6229573057722,0.0,1018.6229573057722,0.0,1998-10-29 18:00:00,0,miami
15.7,-85.6,1251.745986598847, , ,,,29.268529891967773,,,,,,25.25,0.363,1998,10,29,302,1,1018.6229573057722,0.0,1018.6229573057722,0.0,1018.6229573057722,0.0,1998-10-29 21:00:00,0,miami
15.6,-85.7,1266.4229071364514,55,995,,,29.268529891967773,,,,,,25.25,0.363,1998,10,30,303,1,1018.6229573057722,0.0,1018.6229573057722,0.0,1018.6229573057722,0.0,1998-10-30 00:00:00,0,miami
15.5,-85.8,1281.1175439207614, , ,,,29.268529891967773,,,,,,25.25,0.363,1998,10,30,303,1,1018.6229573057722,0.0,1018.6229573057722,0.0,1018.6229573057722,0.0,1998-10-30 03:00:00,0,miami
15.4,-85.9,1295.8294136219788,50,996,,,29.268529891967773,,,,,,25.25,0.363,1998,10,30,303,1,1018.6229573057722,0.0,1018.6229573057722,0.0,1018.6229573057722,0.0,1998-10-30 06:00:00,0,miami
15.3,-86.0,1310.5580529604554, , ,,,29.268529891967773,,,,,,25.25,0.363,1998,10,30,303,1,1018.6229573057722,0.0,1018.6229573057722,0.0,1018.6229573057722,0.0,1998-10-30 09:00:00,0,miami
15.2,-86.1,1325.3030176533114,45,997,,,29.268529891967773,,,,,,25.25,0.363,1998,10,30,303,1,1018.6229573057722,0.0,1018.6229573057722,0.0,1018.6229573057722,0.0,1998-10-30 12:00:00,0,miami
15.0,-86.3,1354.8402350798883, , ,,,,,,,,,25.25,0.363,1998,10,30,303,1,1018.6229573057722,0.0,1018.6229573057722,0.0,1018.6229573057722,0.0,1998-10-30 15:00:00,0,miami
14.9,-86.5,1374.5681375087352,45,998,,,,,,,,,25.25,0.363,1998,10,30,303,1,1018.6229573057722,0.0,1018.6229573057722,0.0,1018.6229573057722,0.0,1998-10-30 18:00:00,0,miami
14.8,-86.7,1394.4269100099543, , ,,,,,,,,,25.25,0.363,1998,10,30,303,1,1018.6229573057722,0.0,1018.6229573057722,0.0,1018.6229573057722,0.0,1998-10-30 21:00:00,0,miami
14.7,-87.0,1419.5791690017943,45,999,,,,,,,,,25.25,0.363,1998,10,31,304,1,1018.6229573057722,0.0,1018.6229573057722,0.0,1018.6229573057722,0.0,1998-10-31 00:00:00,0,miami
14.6,-87.3,1445.0708471677176, , ,,,,,,,,,25.25,0.363,1998,10,31,304,1,1018.6229573057722,0.0,1018.6229573057722,0.0,1018.6229573057722,0.0,1998-10-31 03:00:00,0,miami
14.5,-87.7,1476.3749629624936,40,1000,,,,,,,,,25.25,0.363,1998,10,31,304,1,1018.6229573057722,0.0,1018.6229573057722,0.0,1018.6229573057722,0.0,1998-10-31 06:00:00,0,miami
14.5,-88.1,1498.8557976862817, , ,,,,,,,,,25.25,0.363,1998,10,31,304,1,1018.6229573057722,0.0,1018.6229573057722,0.0,1018.6229573057722,0.0,1998-10-31 09:00:00,0,miami
14.5,-88.5,1522.1440561420843,35,1000,,,,,,,,,25.25,0.363,1998,10,31,304,1,1018.6229573057722,0.0,1018.6229573057722,0.0,1018.6229573057722,0.0,1998-10-31 12:00:00,0,miami
14.5,-88.8,1540.1180551281757, , ,,,,,,,,,25.25,0.363,1998,10,31,304,1,1018.6229573057722,0.0,1018.6229573057722,0.0,1018.6229573057722,0.0,1998-10-31 15:00:00,0,miami
14.6,-89.2,1555.6865520171675,30,1001,,,,,,,,,25.25,0.363,1998,10,31,304,1,1018.6229573057722,0.0,1018.6229573057722,0.0,1018.6229573057722,0.0,1998-10-31 18:00:00,0,miami
14.6,-89.6,1581.1401617344238, , ,,,,,,,,,25.25,0.363,1998,10,31,304,1,1018.6229573057722,0.0,1018.6229573057722,0.0,1018.6229573057722,0.0,1998-10-31 21:00:00,0,miami
14.6,-90.0,1607.2685746176223,30,1002,,,,,,,,,25.24,0.298,1998,11,1,305,1,1018.6229573057722,0.0,1018.6229573057722,0.0,1018.6229573057722,0.0,1998-11-01 00:00:00,0,miami
14.6,-90.4,1634.039268694997, , ,,,,,,,,,25.24,0.298,1998,11,1,305,1,1018.6229573057722,0.0,1018.6229573057722,0.0,1018.6229573057722,0.0,1998-11-01 03:00:00,0,miami
14.7,-90.8,1652.920415401888,25,1003,,,,,,,,,25.24,0.298,1998,11,1,305,1,1018.6229573057722,0.0,1018.6229573057722,0.0,1018.6229573057722,0.0,1998-11-01 06:00:00,0,miami
14.8,-91.2,1672.6649163707757, , ,,,,,,,,,25.24,0.298,1998,11,1,305,1,1018.6229573057722,0.0,1018.6229573057722,0.0,1018.6229573057722,0.0,1998-11-01 09:00:00,0,miami
14.9,-91.5,1685.9688364191063,25,1005,,,29.535215377807617,,,,,,25.24,0.298,1998,11,1,305,1,1018.6229573057722,0.0,1018.6229573057722,0.0,1018.6229573057722,0.0,1998-11-01 12:00:00,0,miami
15.2,-91.9,1691.162532399568, , ,,,,,,,,,25.24,0.298,1998,11,1,305,1,1018.6229573057722,0.0,1018.6229573057722,0.0,1018.6229573057722,0.0,1998-11-01 15:00:00,0,miami
15.5,-92.2,1690.2283645746038,25,1005,,,,,,,,,25.24,0.298,1998,11,1,305,1,1018.6229573057722,0.0,1018.6229573057722,0.0,1018.6229573057722,0.0,1998-11-01 18:00:00,0,miami
15.9,-92.5,1682.8803787472068, , ,,,29.43782615661621,,,,,,25.24,0.298,1998,11,1,305,1,1018.6229573057722,0.0,1018.6229573057722,0.0,1018.6229573057722,0.0,1998-11-01 21:00:00,0,miami
16.3,-92.7,1669.0771224586158,20,1005,,,,,,,,,25.24,0.298,1998,11,2,306,1,1018.6229573057722,0.0,1018.6229573057722,0.0,1018.6229573057722,0.0,1998-11-02 00:00:00,0,miami
16.7,-92.9,1656.517247994021, , ,,,,,,,,,25.24,0.298,1998,11,2,306,1,1018.6229573057722,0.0,1018.6229573057722,0.0,1018.6229573057722,0.0,1998-11-02 03:00:00,0,miami
17.1,-93.1,1645.225755018646,20,1005,,,,,,,,,25.24,0.298,1998,11,2,306,1,1018.6229573057722,0.0,1018.6229573057722,0.0,1018.6229573057722,0.0,1998-11-02 06:00:00,0,miami
17.5,-93.3,1635.2253714106132, , ,,,,,,,,,25.24,0.298,1998,11,2,306,1,1018.6229573057722,0.0,1018.6229573057722,0.0,1018.6229573057722,0.0,1998-11-02 09:00:00,0,miami
17.9,-93.4,1617.8595019881136,20,1005,,,,,,,,,25.24,0.298,1998,11,2,306,1,1018.6229573057722,0.0,1018.6229573057722,0.0,1018.6229573057722,0.0,1998-11-02 12:00:00,0,miami
18.3,-93.6,1610.3511695799402, , ,26.53066635131836,,26.805479049682617,,,,,,25.24,0.298,1998,11,2,306,1,1018.6229573057722,0.0,1018.6229573057722,0.0,1018.6229573057722,0.0,1998-11-02 15:00:00,0,miami
18.7,-93.7,1595.2431359588456,20,1005,26.557666778564453,-0.3252487182617187,26.805479049682617,,,,,,25.24,0.298,1998,11,2,306,1,1018.6229573057722,0.0,1018.6229573057722,0.0,1018.6229573057722,0.0,1998-11-02 18:00:00,0,miami
19.0,-93.6,1568.850895924053, , ,26.546998977661133,-0.3134593963623047,26.805479049682617,,,,,,25.24,0.298,1998,11,2,306,1,1022.4176215660052,0.0,1018.6229573057722,0.0,1018.6229573057722,0.0,1998-11-02 21:00:00,0,miami
19.2,-93.4,1539.4029136407953,20,1003,26.527999877929688,-0.3649139404296875,26.9352970123291,,,,,,25.24,0.298,1998,11,3,307,1,1023.8460499361024,0.0,1018.6229573057722,0.0,1018.6229573057722,0.0,1998-11-03 00:00:00,0,miami
19.3,-93.1,1506.6525976546454, , ,26.46699905395508,-0.4550094604492187,26.9352970123291,,,,,,25.24,0.298,1998,11,3,307,1,1036.4551907269586,0.0,1018.6229573057722,0.0,1018.6229573057722,0.0,1998-11-03 03:00:00,0,miami
19.3,-92.7,1470.734117330637,20,1003,26.672666549682617,-0.3414878845214844,26.9352970123291,,,,,,25.24,0.298,1998,11,3,307,1,1059.8691507290698,0.0,1018.6229573057722,0.0,1018.6229573057722,0.0,1998-11-03 06:00:00,0,miami
19.3,-92.4,1443.972040409932, , ,26.81999969482422,-0.2378406524658203,27.12990951538086,,,,,,25.24,0.298,1998,11,3,307,1,1083.7942965906348,0.0,1018.6229573057722,0.0,1018.6229573057722,0.0,1998-11-03 09:00:00,0,miami
19.4,-92.1,1411.4073512321747,25,1002,27.01799964904785,-0.0835285186767578,27.12990951538086,,,,,,25.24,0.298,1998,11,3,307,1,1103.309594344624,0.0,1018.6229573057722,0.0,1018.6229573057722,0.0,1998-11-03 12:00:00,0,miami
19.5,-91.8,1378.8841884599644, , ,27.23433303833008,0.137948989868164,27.12990951538086,,,,,,25.24,0.298,1998,11,3,307,1,1122.988117248697,0.0,1018.6229573057722,0.0,1018.6229573057722,0.0,1998-11-03 15:00:00,0,miami
19.6,-91.4,1337.5955444328529,40,997,27.51099967956543,0.5602016448974609,26.89017868041992,,,,,,25.24,0.298,1998,11,3,307,1,1137.7934495595896,0.0,1018.6229573057722,0.0,1018.6229573057722,0.0,1998-11-03 18:00:00,0,miami
19.8,-90.9,1281.5829744683942, , ,27.424665451049805,,26.89017868041992,,,,,,25.24,0.298,1998,11,3,307,1,1162.430631973766,0.0,1018.6229573057722,0.0,1018.6229573057722,0.0,1998-11-03 21:00:00,0,miami
20.0,-90.6,1243.1635706563316,35,997,27.35599899291992,,26.89017868041992,,,,,,25.24,0.298,1998,11,4,308,1,1182.1313034363325,0.0,1018.6229573057722,0.0,1018.6229573057722,0.0,1998-11-04 00:00:00,0,miami
20.1,-90.5,1228.3566937163685,35,998,27.29366683959961,,26.59050178527832,,,,,,25.24,0.298,1998,11,4,308,1,1182.1313034363325,0.0,1018.6229573057722,0.0,1018.6229573057722,0.0,1998-11-04 02:00:00,0,miami
20.2,-90.3,1204.7825449970169, , ,,,26.1381778717041,,,,,,25.24,0.298,1998,11,4,308,1,1192.0147511477728,0.0,1018.6229573057722,0.0,1018.6229573057722,0.0,1998-11-04 03:00:00,0,miami
20.8,-89.6,1107.5296396746544,30,998,,,26.1381778717041,,,,,,25.24,0.298,1998,11,4,308,1,1107.5296396746544,0.0,1018.6229573057722,0.0,1018.6229573057722,0.0,1998-11-04 06:00:00,0,miami
21.3,-88.9,1016.57950823047, , ,26.70299911499023,,26.07886505126953,,,,,,25.24,0.298,1998,11,4,308,1,1016.57950823047,0.0,1016.57950823047,0.0,1016.57950823047,0.0,1998-11-04 09:00:00,0,miami
21.8,-88.2,925.9963344036544,40,998,26.56599998474121,0.388162612915039,26.053234100341797,,,,,,25.24,0.298,1998,11,4,308,1,925.9963344036544,0.0,925.9963344036544,0.0,925.9963344036544,0.0,1998-11-04 12:00:00,0,miami
22.5,-87.4,816.2382402025189, , ,26.643665313720703,-0.0171222686767578,26.85858726501465,,,,,,25.24,0.298,1998,11,4,308,1,816.2382402025189,0.0,816.2382402025189,0.0,816.2382402025189,0.0,1998-11-04 15:00:00,0,miami
23.3,-86.5,694.2332457497689,40,993,26.950666427612305,-0.4134063720703125,27.198413848876953,,,,,,25.24,0.298,1998,11,4,308,1,694.2332457497689,0.0,694.2332457497689,0.0,694.2332457497689,0.0,1998-11-04 18:00:00,0,miami
24.1,-85.7,585.272855802591, , ,27.170331954956055,-0.2457180023193359,27.23246192932129,,,,,,25.24,0.298,1998,11,4,308,1,585.272855802591,0.0,585.272855802591,0.0,585.272855802591,0.0,1998-11-04 21:00:00,0,miami
24.8,-84.8,475.4818769265888,45,993,26.482332229614254,-0.5355377197265625,27.28364944458008,,,,,,25.24,0.298,1998,11,5,309,1,475.4818769265888,0.0,475.4818769265888,0.0,475.4818769265888,0.0,1998-11-05 00:00:00,0,miami
25.3,-83.9,375.5816447654184, , ,26.49099922180176,0.1302680969238281,26.347684860229492,,,,,,25.24,0.298,1998,11,5,309,1,375.5816447654184,0.0,375.5816447654184,0.0,375.5816447654184,0.0,1998-11-05 03:00:00,1,miami
25.6,-83.1,291.9826101862498,50,990,25.40333366394043,-0.4109668731689453,25.84156036376953,,,,,,25.24,0.298,1998,11,5,309,1,291.9826101862498,0.0,291.9826101862498,0.0,291.9826101862498,0.0,1998-11-05 06:00:00,1,miami
25.8,-82.6,241.16020154864648, , ,24.94933319091797,-0.2712211608886719,25.84156036376953,,,,,,25.24,0.298,1998,11,5,309,1,241.16020154864648,0.0,241.16020154864648,0.0,241.16020154864648,0.0,1998-11-05 09:00:00,1,miami
26.2,-81.9,177.56508451216348,55,989,25.095666885375977,,24.203163146972656,,,,,,25.24,0.298,1998,11,5,309,1,177.56508451216348,1.0,177.56508451216348,1.0,177.56508451216348,1.0,1998-11-05 11:00:00,1,miami
26.6,-81.3,144.62827264614705,55,987,,,,,,,,,25.24,0.298,1998,11,5,309,1,144.62827264614705,2.0,144.62827264614705,2.0,144.62827264614705,2.0,1998-11-05 12:00:00,1,miami
27.2,-79.7,167.2538308990526, , ,27.257999420166016,0.6438312530517578,26.42684555053711,,,,,,25.24,0.298,1998,11,5,309,1,144.62827264614705,3.0,144.62827264614705,3.0,144.62827264614705,3.0,1998-11-05 15:00:00,1,miami
27.5,-78.3,269.6582377059171,50,992,26.012666702270508,-0.1300544738769531,25.96921157836914,,,,,,25.24,0.298,1998,11,5,309,1,144.62827264614705,3.0,144.62827264614705,3.0,144.62827264614705,3.0,1998-11-05 18:00:00,0,miami
28.6,-76.7,467.8155862114818, , ,25.40999984741211,-0.3244686126708984,25.823659896850582,,,,,,25.24,0.298,1998,11,5,309,1,144.62827264614705,3.0,144.62827264614705,3.0,144.62827264614705,3.0,1998-11-05 21:00:00,0,miami
30.0,-75.0,694.4354349916719,50,993,24.742332458496097,-0.1016979217529296,24.98871803283691,,,,,,25.24,0.298,1998,11,6,310,1,144.62827264614705,3.0,144.62827264614705,3.0,144.62827264614705,3.0,1998-11-06 00:00:00,0,miami
31.2,-73.5,890.3539296107207, , ,24.211666107177734,-0.0515022277832031,24.2175350189209,,,,,,25.24,0.298,1998,11,6,310,1,144.62827264614705,3.0,144.62827264614705,3.0,144.62827264614705,3.0,1998-11-06 03:00:00,0,miami
32.5,-72.0,1092.162778273894,50,992,23.72366714477539,0.0078487396240234,23.65413475036621,,,,,,25.24,0.298,1998,11,6,310,1,144.62827264614705,3.0,144.62827264614705,3.0,144.62827264614705,3.0,1998-11-06 06:00:00,0,miami
33.8,-70.1,1320.5319604938004, , ,23.466665267944336,0.1752338409423828,23.34306526184082,,,,,,25.24,0.298,1998,11,6,310,1,144.62827264614705,3.0,144.62827264614705,3.0,144.62827264614705,3.0,1998-11-06 09:00:00,0,miami
35.0,-68.0,1554.2347209227105,50,990,23.431665420532227,0.2834377288818359,23.167741775512695,,,,,,25.24,0.298,1998,11,6,310,1,144.62827264614705,3.0,144.62827264614705,3.0,144.62827264614705,3.0,1998-11-06 12:00:00,0,miami
36.0,-65.6,1794.9014432591214, , ,23.76333236694336,0.6193790435791016,23.125072479248047,,,,,,25.24,0.298,1998,11,6,310,1,144.62827264614705,3.0,144.62827264614705,3.0,144.62827264614705,3.0,1998-11-06 15:00:00,0,miami
37.0,-63.0,2049.755844345959,50,989,23.066665649414062,0.0408935546875,23.04090690612793,,,,,,25.24,0.298,1998,11,6,310,1,144.62827264614705,3.0,144.62827264614705,3.0,144.62827264614705,3.0,1998-11-06 18:00:00,0,miami
38.0,-60.5,2295.836700600678, , ,22.644332885742188,-0.195199966430664,22.923309326171875,,,,,,25.24,0.298,1998,11,6,310,1,144.62827264614705,3.0,144.62827264614705,3.0,144.62827264614705,3.0,1998-11-06 21:00:00,0,miami
39.0,-58.0,2539.890039725641,50,990,22.62566566467285,0.0463924407958984,22.69259262084961,,,,,,25.24,0.298,1998,11,7,311,1,144.62827264614705,3.0,144.62827264614705,3.0,144.62827264614705,3.0,1998-11-07 00:00:00,0,miami
40.0,-55.5,2781.4740047325963, , ,20.905332565307617,-0.7327003479003906,22.11837387084961,,,,,,25.24,0.298,1998,11,7,311,1,144.62827264614705,3.0,144.62827264614705,3.0,144.62827264614705,3.0,1998-11-07 03:00:00,0,miami
41.0,-53.0,3020.240323881434,50,992,18.915666580200195,-0.7887325286865234,20.52961540222168,,,,,,25.24,0.298,1998,11,7,311,1,144.62827264614705,3.0,144.62827264614705,3.0,144.62827264614705,3.0,1998-11-07 06:00:00,0,miami
41.7,-50.3,3257.567229869164, , ,16.017000198364258,-0.8086357116699219,17.478973388671875,,,,,,25.24,0.298,1998,11,7,311,1,144.62827264614705,3.0,144.62827264614705,3.0,144.62827264614705,3.0,1998-11-07 09:00:00,0,miami
42.5,-47.5,3505.02104727162,50,986,17.56333351135254,1.363656997680664,14.946499824523926,,,,,,25.24,0.298,1998,11,7,311,1,144.62827264614705,3.0,144.62827264614705,3.0,144.62827264614705,3.0,1998-11-07 12:00:00,0,miami
43.5,-44.7,3757.318555772567, , ,19.295000076293945,1.210407257080078,17.70682144165039,,,,,,25.24,0.298,1998,11,7,311,1,144.62827264614705,3.0,144.62827264614705,3.0,144.62827264614705,3.0,1998-11-07 15:00:00,0,miami
44.5,-42.0,3997.826837487916,60,972,17.75233268737793,0.3248462677001953,17.371898651123047,,,,,,25.24,0.298,1998,11,7,311,1,144.62827264614705,3.0,144.62827264614705,3.0,144.62827264614705,3.0,1998-11-07 18:00:00,0,miami
45.5,-39.2,4241.369368435033, , ,16.2413330078125,-0.0709648132324218,16.197492599487305,,,,,,25.24,0.298,1998,11,7,311,1,144.62827264614705,3.0,144.62827264614705,3.0,144.62827264614705,3.0,1998-11-07 21:00:00,0,miami
46.5,-36.5,4472.706133962279,60,974,15.53499984741211,0.2642955780029297,15.223698616027832,,,,,,25.24,0.298,1998,11,8,312,1,144.62827264614705,3.0,144.62827264614705,3.0,144.62827264614705,3.0,1998-11-08 00:00:00,0,miami
47.5,-33.8,4699.110031938009, , ,14.598999977111816,0.2205896377563476,14.275866508483888,,,,,,25.24,0.298,1998,11,8,312,1,144.62827264614705,3.0,144.62827264614705,3.0,144.62827264614705,3.0,1998-11-08 03:00:00,0,miami
48.5,-31.0,4927.518173615622,60,972,14.116666793823242,0.3816299438476562,13.632889747619627,,,,,,25.24,0.298,1998,11,8,312,1,144.62827264614705,3.0,144.62827264614705,3.0,144.62827264614705,3.0,1998-11-08 06:00:00,0,miami
49.1,-27.9,5163.31641085458, , ,13.774999618530272,0.319676399230957,13.193215370178224,,,,,,25.24,0.298,1998,11,8,312,1,144.62827264614705,3.0,144.62827264614705,3.0,144.62827264614705,3.0,1998-11-08 09:00:00,0,miami
50.0,-25.0,5386.318449027756,60,962,13.48466682434082,0.4985456466674804,13.223552703857422,,,,,,25.24,0.298,1998,11,8,312,1,144.62827264614705,3.0,144.62827264614705,3.0,144.62827264614705,3.0,1998-11-08 12:00:00,0,miami
51.7,-22.8,5567.25373315847, , ,12.482666015625,0.1815738677978515,12.371214866638184,,,,,,25.24,0.298,1998,11,8,312,1,144.62827264614705,3.0,144.62827264614705,3.0,144.62827264614705,3.0,1998-11-08 15:00:00,0,miami
53.5,-20.5,5749.233991264358,60,956,11.864665985107422,-0.0118274688720703,11.759352684020996,,,,,,25.24,0.298,1998,11,8,312,1,144.62827264614705,3.0,144.62827264614705,3.0,144.62827264614705,3.0,1998-11-08 18:00:00,0,miami
54.6,-17.4,5964.82261856641, , ,11.131333351135254,-0.6154470443725586,11.825411796569824,,,,,,25.24,0.298,1998,11,8,312,1,144.62827264614705,3.0,144.62827264614705,3.0,144.62827264614705,3.0,1998-11-08 21:00:00,0,miami
55.5,-14.5,6157.644331917457,60,956,10.876999855041504,-0.7033710479736328,11.45681858062744,,,,,,25.24,0.298,1998,11,9,313,1,144.62827264614705,3.0,144.62827264614705,3.0,144.62827264614705,3.0,1998-11-09 00:00:00,0,miami
56.7,-12.1,6314.391336981663, , ,10.37833309173584,-0.817601203918457,11.243721961975098,,,,,,25.24,0.298,1998,11,9,313,1,144.62827264614705,3.0,144.62827264614705,3.0,144.62827264614705,3.0,1998-11-09 03:00:00,0,miami
58.0,-10.5,6416.902155678994,60,956,9.873666763305664,-0.9388818740844728,10.937079429626465,,,,,,25.24,0.298,1998,11,9,313,1,144.62827264614705,3.0,144.62827264614705,3.0,144.62827264614705,3.0,1998-11-09 06:00:00,0,miami
59.5,-10.3,6436.405451826426, , ,9.413000106811523,-0.6791877746582031,9.991533279418944,,,,,,25.24,0.298,1998,11,9,313,1,144.62827264614705,3.0,144.62827264614705,3.0,144.62827264614705,3.0,1998-11-09 09:00:00,0,miami
61.0,-10.0,6462.999994271468,60,956,8.641666412353516,-0.7316875457763672,9.420520782470703,,,,,,25.24,0.298,1998,11,9,313,1,144.62827264614705,3.0,144.62827264614705,3.0,144.62827264614705,3.0,1998-11-09 12:00:00,0,miami
62.3,-8.1,6571.577145819574, , ,7.7726664543151855,-0.833991527557373,8.551318168640137,,,,,,25.24,0.298,1998,11,9,313,1,144.62827264614705,3.0,144.62827264614705,3.0,144.62827264614705,3.0,1998-11-09 15:00:00,0,miami
63.5,-5.0,6732.800008976636,55,960,5.269333362579346,-1.4991135597229004,6.539763927459717,,,,,,25.24,0.298,1998,11,9,313,1,144.62827264614705,3.0,144.62827264614705,3.0,144.62827264614705,3.0,1998-11-09 18:00:00,0,miami
25.0,-87.8,768.9031142755142,30,1005,27.655805587768555,-1.672870635986328,29.357725143432617,,,,,,25.63,0.166,1999,9,19,262,1,768.9031142755142,0.0,768.9031142755142,0.0,144.62827264614705,3.0,1999-09-19 06:00:00,0,miami
25.2,-87.8,766.1437287168105, , ,27.62193489074707,-1.687028884887695,29.287458419799805,,,,,,25.63,0.166,1999,9,19,262,1,766.1437287168105,0.0,766.1437287168105,0.0,144.62827264614705,3.0,1999-09-19 09:00:00,0,miami
25.5,-87.8,763.1961346375214,30,1004,27.63741874694824,-1.651834487915039,29.287458419799805,,,,,,25.63,0.166,1999,9,19,262,1,763.1961346375214,0.0,763.1961346375214,0.0,144.62827264614705,3.0,1999-09-19 12:00:00,0,miami
25.8,-87.8,761.6924802126886, , ,27.731613159179688,-1.4909934997558594,29.287458419799805,,,,,,25.63,0.166,1999,9,19,262,1,761.6924802126886,0.0,761.6924802126886,0.0,144.62827264614705,3.0,1999-09-19 15:00:00,0,miami
26.0,-87.8,761.4967947589624,30,1003,27.731613159179688,-1.4909934997558594,29.287458419799805,,,,,,25.63,0.166,1999,9,19,262,1,761.4967947589624,0.0,761.4967947589624,0.0,144.62827264614705,3.0,1999-09-19 18:00:00,0,miami
26.2,-87.6,742.006163727264, , ,27.626129150390625,-1.5462265014648438,29.133028030395508,,,,,,25.63,0.166,1999,9,19,262,1,742.006163727264,0.0,742.006163727264,0.0,144.62827264614705,3.0,1999-09-19 21:00:00,0,miami
26.3,-87.4,722.595095260953,40,1002,27.537418365478516,-1.5876750946044922,29.09243392944336,,,,,,25.63,0.166,1999,9,20,263,1,722.595095260953,0.0,722.595095260953,0.0,144.62827264614705,3.0,1999-09-20 00:00:00,0,miami
26.4,-87.2,703.4253739763377, , ,27.356128692626953,-1.7580699920654297,29.09243392944336,,,,,,25.63,0.166,1999,9,20,263,1,703.4253739763377,0.0,703.4253739763377,0.0,144.62827264614705,3.0,1999-09-20 03:00:00,0,miami
26.6,-86.9,675.7660822351005,40,1001,27.19419288635254,-1.8808517456054688,29.09243392944336,,,,,,25.63,0.166,1999,9,20,263,1,675.7660822351005,0.0,675.7660822351005,0.0,144.62827264614705,3.0,1999-09-20 06:00:00,0,miami
26.8,-86.6,649.1738079883003, , ,27.123870849609375,-1.9146270751953125,29.09243392944336,,,,,,25.63,0.166,1999,9,20,263,1,649.1738079883003,0.0,649.1738079883003,0.0,144.62827264614705,3.0,1999-09-20 09:00:00,0,miami
27.0,-86.3,623.7784604931219,40,998,27.178386688232425,-1.8591899871826172,29.0958251953125,,,,,,25.63,0.166,1999,9,20,263,1,623.7784604931219,0.0,623.7784604931219,0.0,144.62827264614705,3.0,1999-09-20 12:00:00,0,miami
27.0,-85.9,584.9929232777719, , ,27.315805435180664,-1.7137126922607422,29.0958251953125,,,,,,25.63,0.166,1999,9,20,263,1,584.9929232777719,0.0,584.9929232777719,0.0,144.62827264614705,3.0,1999-09-20 15:00:00,0,miami
27.0,-85.5,546.3569834541183,50,998,27.2761287689209,-1.740034103393555,29.0958251953125,,,,,,25.63,0.166,1999,9,20,263,1,546.3569834541183,0.0,546.3569834541183,0.0,144.62827264614705,3.0,1999-09-20 18:00:00,0,miami
27.1,-85.0,501.3115202503743, , ,27.080322265625,-1.868324279785156,28.88038444519043,,,,,,25.63,0.166,1999,9,20,263,1,501.3115202503743,0.0,501.3115202503743,0.0,144.62827264614705,3.0,1999-09-20 21:00:00,0,miami
27.1,-84.6,463.4363819112696,50,995,27.145160675048828,-1.8033409118652344,28.88038444519043,,,,,,25.63,0.166,1999,9,21,264,1,463.4363819112696,0.0,463.4363819112696,0.0,144.62827264614705,3.0,1999-09-21 00:00:00,0,miami
26.8,-84.2,415.9414007546605, , ,27.31322479248047,-1.6668319702148438,29.00971031188965,,,,,,25.63,0.166,1999,9,21,264,1,415.9414007546605,0.0,415.9414007546605,0.0,144.62827264614705,3.0,1999-09-21 03:00:00,0,miami
26.5,-83.9,379.1658640474131,50,995,27.45677375793457,-1.5988826751708984,29.00971031188965,,,,,,25.63,0.166,1999,9,21,264,1,379.1658640474131,0.0,379.1658640474131,0.0,144.62827264614705,3.0,1999-09-21 06:00:00,0,miami
26.3,-83.7,355.5833914133959,50,994,27.500967025756836,-1.6131858825683594,29.00971031188965,,,,,,25.63,0.166,1999,9,21,264,1,355.5833914133959,0.0,355.5833914133959,0.0,144.62827264614705,3.0,1999-09-21 08:00:00,0,miami
26.2,-83.5,334.2419238941455, , ,27.53129005432129,-1.605560302734375,29.00971031188965,,,,,,25.63,0.166,1999,9,21,264,1,334.2419238941455,0.0,334.2419238941455,0.0,144.62827264614705,3.0,1999-09-21 09:00:00,0,miami
26.0,-82.8,262.26821379421756,50,996,27.742902755737305,-1.5588092803955078,29.27743911743164,,,,,,25.63,0.166,1999,9,21,264,1,262.26821379421756,0.0,262.26821379421756,0.0,144.62827264614705,3.0,1999-09-21 12:00:00,1,miami
25.9,-82.1,191.59822493775215, , ,27.48516082763672,-2.00601577758789,29.538095474243164,,,,,,25.63,0.166,1999,9,21,264,1,191.59822493775215,1.0,191.59822493775215,1.0,144.62827264614705,4.0,1999-09-21 15:00:00,1,miami
25.9,-81.7,151.7283516882947,50,999,27.23290252685547,,29.538095474243164,,,,,,25.63,0.166,1999,9,21,264,1,151.7283516882947,2.0,151.7283516882947,2.0,144.62827264614705,5.0,1999-09-21 17:00:00,1,miami
25.9,-81.5,131.83037452808878,50,999,27.23290252685547,,29.538095474243164,,,,,,25.63,0.166,1999,9,21,264,1,131.83037452808878,3.0,131.83037452808878,3.0,131.83037452808878,6.0,1999-09-21 18:00:00,1,miami
26.2,-80.3,49.92235658676704, , ,,,29.229082107543945,,,,,,25.63,0.166,1999,9,21,264,1,49.92235658676704,4.0,49.92235658676704,4.0,49.92235658676704,7.0,1999-09-21 21:00:00,1,miami
26.9,-78.6,202.93933409590088,40,1000,27.462257385253903,-1.6313438415527344,29.18570899963379,,,,,,25.63,0.166,1999,9,22,265,1,49.92235658676704,4.0,49.92235658676704,4.0,49.92235658676704,7.0,1999-09-22 00:00:00,0,miami
15.9,-82.0,1112.5000563190454,20,1006,28.889354705810547,-0.1506843566894531,29.003887176513672,,,,,,25.48,-0.002,1999,10,12,285,1,1112.5000563190454,0.0,49.92235658676704,4.0,49.92235658676704,7.0,1999-10-12 12:00:00,0,miami
16.2,-82.6,1092.118734069351, , ,28.95903205871582,-0.1146392822265625,29.081714630126953,,,,,,25.48,-0.002,1999,10,12,285,1,1092.118734069351,0.0,49.92235658676704,4.0,49.92235658676704,7.0,1999-10-12 15:00:00,0,miami
16.4,-83.0,1080.8518266616147,20,1006,28.951934814453125,-0.1238269805908203,29.081714630126953,,,,,,25.48,-0.002,1999,10,12,285,1,1080.8518266616147,0.0,49.92235658676704,4.0,49.92235658676704,7.0,1999-10-12 18:00:00,0,miami
16.5,-83.2,1075.9350497792605, , ,28.951934814453125,-0.1238269805908203,29.081714630126953,,,,,,25.48,-0.002,1999,10,12,285,1,1075.9350497792605,0.0,49.92235658676704,4.0,49.92235658676704,7.0,1999-10-12 21:00:00,0,miami
16.7,-83.2,1054.6117630138988,20,1005,28.918386459350582,-0.1554203033447265,29.081714630126953,,,,,,25.48,-0.002,1999,10,13,286,1,1054.6117630138988,0.0,49.92235658676704,4.0,49.92235658676704,7.0,1999-10-13 00:00:00,0,miami
16.9,-83.3,1036.4875682705429, , ,28.893224716186523,-0.1702957153320312,29.081714630126953,,,,,,25.48,-0.002,1999,10,13,286,1,1036.4875682705429,0.0,49.92235658676704,4.0,49.92235658676704,7.0,1999-10-13 03:00:00,0,miami
17.3,-83.3,994.1688073668204,30,1004,28.99903106689453,-0.0711727142333984,29.072975158691406,,,,,,25.48,-0.002,1999,10,13,286,1,994.1688073668204,0.0,49.92235658676704,4.0,49.92235658676704,7.0,1999-10-13 06:00:00,0,miami
17.8,-83.3,941.54793563171, , ,29.106773376464844,0.0116615295410156,29.072975158691406,,,,,,25.48,-0.002,1999,10,13,286,1,941.54793563171,0.0,49.92235658676704,4.0,49.92235658676704,7.0,1999-10-13 09:00:00,0,miami
18.5,-83.4,872.3387980755274,35,1003,29.088708877563477,-0.0373859405517578,29.14320182800293,,,,,,25.48,-0.002,1999,10,13,286,1,872.3387980755274,0.0,49.92235658676704,4.0,49.92235658676704,7.0,1999-10-13 12:00:00,0,miami
19.2,-83.5,804.7939167222843, , ,29.0216121673584,-0.1248607635498046,29.156299591064453,,,,,,25.48,-0.002,1999,10,13,286,1,804.7939167222843,0.0,49.92235658676704,4.0,49.92235658676704,7.0,1999-10-13 15:00:00,0,miami
19.8,-83.6,749.2431947221669,45,1001,29.084192276000977,-0.0660972595214843,29.156299591064453,,,,,,25.48,-0.002,1999,10,13,286,1,749.2431947221669,0.0,49.92235658676704,4.0,49.92235658676704,7.0,1999-10-13 18:00:00,0,miami
20.3,-83.6,700.2293129843076, , ,29.054838180541992,-0.0854396820068359,29.135082244873047,,,,,,25.48,-0.002,1999,10,13,286,1,700.2293129843076,0.0,49.92235658676704,4.0,49.92235658676704,7.0,1999-10-13 21:00:00,0,miami
20.7,-83.6,661.7647238169496,55,999,28.99903106689453,-0.1340618133544922,29.135082244873047,,,,,,25.48,-0.002,1999,10,14,287,1,661.7647238169496,0.0,49.92235658676704,4.0,49.92235658676704,7.0,1999-10-14 00:00:00,0,miami
20.9,-83.7,648.4007154678169, , ,28.96870803833008,-0.1550216674804687,29.135082244873047,,,,,,25.48,-0.002,1999,10,14,287,1,648.4007154678169,0.0,49.92235658676704,4.0,49.92235658676704,7.0,1999-10-14 03:00:00,0,miami
21.0,-83.6,633.4312570898388,60,999,28.96870803833008,-0.1550216674804687,29.135082244873047,,,,,,25.48,-0.002,1999,10,14,287,1,633.4312570898388,0.0,49.92235658676704,4.0,49.92235658676704,7.0,1999-10-14 06:00:00,0,miami
21.1,-83.3,607.5909671751988, , ,28.96193504333496,-0.1463394165039062,29.07326316833496,,,,,,25.48,-0.002,1999,10,14,287,1,607.5909671751988,0.0,49.92235658676704,4.0,49.92235658676704,7.0,1999-10-14 09:00:00,0,miami
21.3,-82.9,567.7150068006266,60,997,28.936450958251953,-0.1404781341552734,29.07326316833496,,,,,,25.48,-0.002,1999,10,14,287,1,567.7150068006266,0.0,49.92235658676704,4.0,49.92235658676704,7.0,1999-10-14 12:00:00,0,miami
21.7,-82.5,509.06466801208495, , ,,,29.07326316833496,,,,,,25.48,-0.002,1999,10,14,287,1,509.06466801208495,0.0,49.92235658676704,4.0,49.92235658676704,7.0,1999-10-14 15:00:00,0,miami
22.4,-82.4,435.84186798977095,60,995,27.984838485717773,-0.6908416748046875,28.618379592895508,,,,,,25.48,-0.002,1999,10,14,287,1,435.84186798977095,0.0,49.92235658676704,4.0,49.92235658676704,7.0,1999-10-14 18:00:00,0,miami
22.7,-82.5,413.10953570241475,60,986,28.064193725585938,-0.5541324615478516,28.63279151916504,,,,,,25.48,-0.002,1999,10,14,287,1,413.10953570241475,0.0,49.92235658676704,4.0,49.92235658676704,7.0,1999-10-14 19:00:00,0,miami
23.0,-82.6,392.1342796107302, , ,,,28.63279151916504,,,,,,25.48,-0.002,1999,10,14,287,1,392.1342796107302,0.0,49.92235658676704,4.0,49.92235658676704,7.0,1999-10-14 21:00:00,0,miami
23.1,-82.6,383.42905981487667,60,988,28.482257843017575,-0.0998287200927734,28.566869735717773,,,,,,25.48,-0.002,1999,10,15,288,1,383.42905981487667,0.0,49.92235658676704,4.0,49.92235658676704,7.0,1999-10-15 00:00:00,0,miami
23.4,-82.4,344.6864380778438, , ,28.515159606933594,-0.0413780212402343,28.53496551513672,,,,,,25.48,-0.002,1999,10,15,288,1,344.6864380778438,0.0,49.92235658676704,4.0,49.92235658676704,7.0,1999-10-15 03:00:00,1,miami
23.8,-82.2,297.7870978215926,65,988,28.306127548217773,-0.1028957366943359,28.53496551513672,,,,,,25.48,-0.002,1999,10,15,288,1,297.7870978215926,0.0,49.92235658676704,4.0,49.92235658676704,7.0,1999-10-15 06:00:00,1,miami
24.0,-82.1,274.62718854299146, , ,28.306127548217773,-0.1028957366943359,28.53496551513672,,,,,,25.48,-0.002,1999,10,15,288,1,274.62718854299146,0.0,49.92235658676704,4.0,49.92235658676704,7.0,1999-10-15 09:00:00,1,miami
24.4,-81.8,221.71091987700345,65,987,27.84451484680176,-0.398172378540039,28.19185447692871,,,,,,25.48,-0.002,1999,10,15,288,1,221.71091987700345,0.0,49.92235658676704,4.0,49.92235658676704,7.0,1999-10-15 12:00:00,1,miami
24.6,-81.6,191.74204661129215,65,987,27.69257926940918,-0.4774227142333984,28.19185447692871,,,,,,25.48,-0.002,1999,10,15,288,1,191.74204661129215,1.0,49.92235658676704,5.0,49.92235658676704,8.0,1999-10-15 13:00:00,1,miami
24.9,-81.4,154.6777093961669, , ,27.530967712402344,-0.5298862457275391,28.26273727416992,,,,,,25.48,-0.002,1999,10,15,288,1,154.6777093961669,2.0,49.92235658676704,6.0,49.92235658676704,9.0,1999-10-15 15:00:00,1,miami
25.1,-81.3,133.40904312296576,65,986,27.391613006591797,-0.5523719787597656,27.67525100708008,,,,,,25.48,-0.002,1999,10,15,288,1,133.40904312296576,3.0,49.92235658676704,7.0,49.92235658676704,10.0,1999-10-15 18:00:00,1,miami
25.3,-81.1,104.59221917332344,70,987,27.24032211303711,-0.5345096588134766,27.67525100708008,,,,,,25.48,-0.002,1999,10,15,288,1,104.59221917332344,4.0,49.92235658676704,8.0,49.92235658676704,11.0,1999-10-15 20:00:00,1,miami
25.5,-81.0,86.09158306178176, , ,27.24032211303711,-0.5345096588134766,27.67525100708008,,,,,,25.48,-0.002,1999,10,15,288,1,86.09158306178176,5.0,49.92235658676704,9.0,49.92235658676704,12.0,1999-10-15 21:00:00,1,miami
26.1,-80.6,55.50966549724014,65,986,,,,,,,,,25.48,-0.002,1999,10,16,289,1,55.50966549724014,6.0,49.92235658676704,10.0,49.92235658676704,13.0,1999-10-16 00:00:00,1,miami
26.6,-80.3,93.83790368143416, , ,,,28.44429588317871,,,,,,25.48,-0.002,1999,10,16,289,1,55.50966549724014,7.0,49.92235658676704,11.0,49.92235658676704,14.0,1999-10-16 03:00:00,1,miami
27.0,-80.2,137.69510038944597,65,985,,,28.44429588317871,,,,,,25.48,-0.002,1999,10,16,289,1,55.50966549724014,8.0,49.92235658676704,12.0,49.92235658676704,15.0,1999-10-16 06:00:00,1,miami
27.4,-80.1,182.39920447129472, , ,27.529998779296875,,28.016244888305664,,,,,,25.48,-0.002,1999,10,16,289,1,55.50966549724014,9.0,49.92235658676704,13.0,49.92235658676704,16.0,1999-10-16 09:00:00,1,miami
27.8,-80.1,226.83170811279464,65,982,25.743331909179688,,28.016244888305664,,,,,,25.48,-0.002,1999,10,16,289,1,55.50966549724014,9.0,49.92235658676704,13.0,49.92235658676704,16.0,1999-10-16 12:00:00,1,miami
28.2,-80.0,271.7917489094566, , ,25.759666442871097,,27.780406951904297,,,,,,25.48,-0.002,1999,10,16,289,1,55.50966549724014,9.0,49.92235658676704,13.0,49.92235658676704,16.0,1999-10-16 15:00:00,1,miami
28.6,-79.9,316.92118614467785,65,984,26.498666763305664,-1.3056659698486328,27.780406951904297,,,,,,25.48,-0.002,1999,10,16,289,1,55.50966549724014,9.0,49.92235658676704,13.0,49.92235658676704,16.0,1999-10-16 18:00:00,1,miami
29.0,-79.8,362.1536555857165, , ,26.46766662597656,-1.3483390808105469,27.780406951904297,,,,,,25.48,-0.002,1999,10,16,289,1,55.50966549724014,9.0,49.92235658676704,13.0,49.92235658676704,16.0,1999-10-16 21:00:00,1,miami
29.4,-79.8,406.39810989281,65,984,26.55699920654297,-1.2823486328125,27.86492919921875,,,,,,25.48,-0.002,1999,10,17,290,1,55.50966549724014,9.0,49.92235658676704,13.0,49.92235658676704,16.0,1999-10-17 00:00:00,1,miami
29.8,-79.8,450.6884809269702, , ,26.402000427246097,-1.3527488708496094,27.86492919921875,,,,,,25.48,-0.002,1999,10,17,290,1,55.50966549724014,9.0,49.92235658676704,13.0,49.92235658676704,16.0,1999-10-17 03:00:00,0,miami
30.2,-79.8,495.0124438665946,65,985,26.226333618164062,-1.4681262969970703,27.593997955322266,,,,,,25.48,-0.002,1999,10,17,290,1,55.50966549724014,9.0,49.92235658676704,13.0,49.92235658676704,16.0,1999-10-17 06:00:00,0,miami
30.7,-79.8,550.4522733777516, , ,25.74799919128418,-1.7196311950683594,27.593997955322266,,,,,,25.48,-0.002,1999,10,17,290,1,55.50966549724014,9.0,49.92235658676704,13.0,49.92235658676704,16.0,1999-10-17 09:00:00,0,miami
31.2,-79.7,606.6160615645266,65,984,25.613666534423828,-1.536577224731445,26.33629989624023,,,,,,25.48,-0.002,1999,10,17,290,1,55.50966549724014,9.0,49.92235658676704,13.0,49.92235658676704,16.0,1999-10-17 12:00:00,0,miami
31.7,-79.5,663.739459801898, , ,24.98900032043457,-1.654052734375,26.33629989624023,,,,,,25.48,-0.002,1999,10,17,290,1,55.50966549724014,9.0,49.92235658676704,13.0,49.92235658676704,16.0,1999-10-17 15:00:00,0,miami
32.2,-79.0,725.2129485561334,70,978,25.00566673278809,-1.4965133666992188,26.05455207824707,,,,,,25.48,-0.002,1999,10,17,290,1,55.50966549724014,9.0,49.92235658676704,13.0,49.92235658676704,16.0,1999-10-17 18:00:00,0,miami
32.8,-78.3,803.7920154183643, , ,24.583999633789062,-1.3532867431640625,27.206207275390625,,,,,,25.48,-0.002,1999,10,17,290,1,55.50966549724014,9.0,49.92235658676704,13.0,49.92235658676704,16.0,1999-10-17 21:00:00,0,miami
33.4,-77.4,891.0935312734878,80,976,25.19933319091797,-0.9064445495605468,26.56539535522461,,,,,,25.48,-0.002,1999,10,18,291,1,55.50966549724014,9.0,49.92235658676704,13.0,49.92235658676704,16.0,1999-10-18 00:00:00,0,miami
34.0,-76.4,986.071896716144, , ,25.409666061401367,-0.8397197723388672,27.213464736938477,,,,,,25.48,-0.002,1999,10,18,291,1,55.50966549724014,9.0,49.92235658676704,13.0,49.92235658676704,16.0,1999-10-18 03:00:00,0,miami
34.8,-75.2,1113.0178623431302,95,964,25.025333404541016,-0.4369945526123047,26.773021697998047,,,,,,25.48,-0.002,1999,10,18,291,1,55.50966549724014,9.0,49.92235658676704,13.0,49.92235658676704,16.0,1999-10-18 06:00:00,0,miami
35.4,-74.4,1206.0092998644795,95,958,24.90133285522461,-0.3154506683349609,25.879497528076172,,,,,,25.48,-0.002,1999,10,18,291,1,55.50966549724014,9.0,49.92235658676704,13.0,49.92235658676704,16.0,1999-10-18 07:56:00,0,miami
35.8,-73.8,1271.4941530735766, , ,24.56833267211914,-0.2805404663085937,25.879497528076172,,,,,,25.48,-0.002,1999,10,18,291,1,55.50966549724014,9.0,49.92235658676704,13.0,49.92235658676704,16.0,1999-10-18 09:00:00,0,miami
36.8,-71.6,1472.574036806101,90,960,23.698331832885746,-1.0845565795898438,25.345041275024418,,,,,,25.48,-0.002,1999,10,18,291,1,55.50966549724014,9.0,49.92235658676704,13.0,49.92235658676704,16.0,1999-10-18 12:00:00,0,miami
37.9,-69.6,1677.5298450618325, , ,21.391332626342773,-2.8753128051757812,25.13528633117676,,,,,,25.48,-0.002,1999,10,18,291,1,55.50966549724014,9.0,49.92235658676704,13.0,49.92235658676704,16.0,1999-10-18 15:00:00,0,miami
39.0,-67.4,1895.7456158571829,80,968,20.393999099731445,-2.5007495880126953,23.6690673828125,,,,,,25.48,-0.002,1999,10,18,291,1,55.50966549724014,9.0,49.92235658676704,13.0,49.92235658676704,16.0,1999-10-18 18:00:00,0,miami
40.1,-64.6,2151.860111957828, , ,20.016332626342773,-2.056833267211914,21.2188663482666,,,,,,25.48,-0.002,1999,10,18,291,1,55.50966549724014,9.0,49.92235658676704,13.0,49.92235658676704,16.0,1999-10-18 21:00:00,0,miami
41.5,-61.0,2482.774551895086,80,968,16.206666946411133,-4.534708023071289,20.540239334106445,,,,,,25.48,-0.002,1999,10,19,292,1,55.50966549724014,9.0,49.92235658676704,13.0,49.92235658676704,16.0,1999-10-19 00:00:00,0,miami
43.2,-56.1,2919.153854176094, , ,13.841333389282228,-3.268033981323242,16.043577194213867,,,,,,25.48,-0.002,1999,10,19,292,1,55.50966549724014,9.0,49.92235658676704,13.0,49.92235658676704,16.0,1999-10-19 03:00:00,0,miami
44.9,-51.5,3331.062320032562,80,968,9.774666786193848,-2.8331985473632812,13.231415748596191,,,,,,25.48,-0.002,1999,10,19,292,1,55.50966549724014,9.0,49.92235658676704,13.0,49.92235658676704,16.0,1999-10-19 06:00:00,0,miami
46.4,-49.2,3568.904504253439, , ,6.327332973480225,-4.072110652923584,10.37892246246338,,,,,,25.48,-0.002,1999,10,19,292,1,55.50966549724014,9.0,49.92235658676704,13.0,49.92235658676704,16.0,1999-10-19 09:00:00,0,miami
48.0,-48.0,3735.5207116570855,80,968,3.302000045776367,-4.804976463317871,7.786223411560059,,,,,,25.48,-0.002,1999,10,19,292,1,55.50966549724014,9.0,49.92235658676704,13.0,49.92235658676704,16.0,1999-10-19 12:00:00,0,miami
49.5,-46.6,3907.7470235400106, , ,6.976333141326904,-3.2046923637390137,10.075352668762209,,,,,,25.48,-0.002,1999,10,19,292,1,55.50966549724014,9.0,49.92235658676704,13.0,49.92235658676704,16.0,1999-10-19 15:00:00,0,miami
51.0,-45.0,4089.627812108711,80,968,9.267000198364258,-2.243406295776367,11.911745071411133,,,,,,25.48,-0.002,1999,10,19,292,1,55.50966549724014,9.0,49.92235658676704,13.0,49.92235658676704,16.0,1999-10-19 18:00:00,0,miami
9.7,-27.6,5807.499767957138,25,1009,28.14900016784668,0.2310009002685547,27.92360496520996,,,,,,27.53,0.221,2004,9,2,246,1,5807.499767957138,0.0,5807.499767957138,0.0,5807.499767957138,0.0,2004-09-02 18:00:00,0,miami
9.7,-28.1,5757.918372469358, , ,27.975332260131836,0.0590496063232421,27.92360496520996,,,,,,27.53,0.221,2004,9,2,246,1,5757.918372469358,0.0,5757.918372469358,0.0,5757.918372469358,0.0,2004-09-02 21:00:00,0,miami
9.7,-28.7,5698.464628302274,30,1007,28.000333786010746,0.069650650024414,27.953636169433594,,,,,,27.53,0.221,2004,9,3,247,1,5698.464628302274,0.0,5698.464628302274,0.0,5698.464628302274,0.0,2004-09-03 00:00:00,0,miami
9.7,-29.4,5629.165581474662, , ,28.062332153320312,0.1071605682373046,27.953636169433594,,,,,,27.53,0.221,2004,9,3,247,1,5629.165581474662,0.0,5629.165581474662,0.0,5629.165581474662,0.0,2004-09-03 03:00:00,0,miami
9.7,-30.3,5540.1737329118305,35,1005,28.212665557861328,0.2200546264648437,27.98784637451172,,,,,,27.53,0.221,2004,9,3,247,1,5540.1737329118305,0.0,5540.1737329118305,0.0,5540.1737329118305,0.0,2004-09-03 06:00:00,0,miami
9.6,-31.2,5456.160516421329, , ,28.18000030517578,0.1580619812011718,28.026554107666016,,,,,,27.53,0.221,2004,9,3,247,1,5456.160516421329,0.0,5456.160516421329,0.0,5456.160516421329,0.0,2004-09-03 09:00:00,0,miami
9.5,-32.1,5372.365887282818,40,1003,28.203332901000977,0.1170196533203125,28.066028594970703,,,,,,27.53,0.221,2004,9,3,247,1,5372.365887282818,0.0,5372.365887282818,0.0,5372.365887282818,0.0,2004-09-03 12:00:00,0,miami
9.4,-32.9,5298.629062199579, , ,28.2239990234375,0.1135921478271484,28.09452438354492,,,,,,27.53,0.221,2004,9,3,247,1,5298.629062199579,0.0,5298.629062199579,0.0,5298.629062199579,0.0,2004-09-03 15:00:00,0,miami
9.3,-33.6,5234.904828731562,45,1000,28.262998580932617,0.1173572540283203,28.14501953125,,,,,,27.53,0.221,2004,9,3,247,1,5234.904828731562,0.0,5234.904828731562,0.0,5234.904828731562,0.0,2004-09-03 18:00:00,0,miami
9.2,-34.3,5171.361488695381, , ,28.360332489013672,0.14459228515625,28.14501953125,,,,,,27.53,0.221,2004,9,3,247,1,5171.361488695381,0.0,5171.361488695381,0.0,5171.361488695381,0.0,2004-09-03 21:00:00,0,miami
9.1,-35.0,5108.0094808388185,45,999,28.3526668548584,0.1073017120361328,28.16908836364746,,,,,,27.53,0.221,2004,9,4,248,1,5108.0094808388185,0.0,5108.0094808388185,0.0,5108.0094808388185,0.0,2004-09-04 00:00:00,0,miami
9.0,-35.7,5044.859679446726, , ,28.53999900817871,0.2138214111328125,28.424110412597656,,,,,,27.53,0.221,2004,9,4,248,1,5044.859679446726,0.0,5044.859679446726,0.0,5044.859679446726,0.0,2004-09-04 03:00:00,0,miami
8.9,-36.5,4972.208496419718,50,997,28.663000106811523,0.257211685180664,28.517229080200195,,,,,,27.53,0.221,2004,9,4,248,1,4972.208496419718,0.0,4972.208496419718,0.0,4972.208496419718,0.0,2004-09-04 06:00:00,0,miami
8.9,-37.3,4894.591197055197, , ,28.60199928283691,0.1251182556152343,28.517229080200195,,,,,,27.53,0.221,2004,9,4,248,1,4894.591197055197,0.0,4894.591197055197,0.0,4894.591197055197,0.0,2004-09-04 09:00:00,0,miami
8.9,-38.2,4807.4981840908895,50,997,28.557666778564453,0.0019493103027343,28.636505126953125,,,,,,27.53,0.221,2004,9,4,248,1,4807.4981840908895,0.0,4807.4981840908895,0.0,4807.4981840908895,0.0,2004-09-04 12:00:00,0,miami
8.9,-39.1,4720.660228554856, , ,28.652000427246097,-0.0131111145019531,28.75066375732422,,,,,,27.53,0.221,2004,9,4,248,1,4720.660228554856,0.0,4720.660228554856,0.0,4720.660228554856,0.0,2004-09-04 15:00:00,0,miami
9.0,-39.9,4638.3125525552905,55,994,28.8886661529541,0.132303237915039,28.87486457824707,,,,,,27.53,0.221,2004,9,4,248,1,4638.3125525552905,0.0,4638.3125525552905,0.0,4638.3125525552905,0.0,2004-09-04 18:00:00,0,miami
9.1,-40.6,4565.69590013342, , ,28.961332321166992,0.1783962249755859,28.72928810119629,,,,,,27.53,0.221,2004,9,4,248,1,4565.69590013342,0.0,4565.69590013342,0.0,4565.69590013342,0.0,2004-09-04 21:00:00,0,miami
9.3,-41.4,4478.174236517252,60,991,28.854331970214844,0.0615863800048828,28.72928810119629,,,,,,27.53,0.221,2004,9,5,249,1,4478.174236517252,0.0,4478.174236517252,0.0,4478.174236517252,0.0,2004-09-05 00:00:00,0,miami
9.4,-42.4,4377.102136305182, , ,28.975332260131836,0.0986061096191406,28.80678367614746,,,,,,27.53,0.221,2004,9,5,249,1,4377.102136305182,0.0,4377.102136305182,0.0,4377.102136305182,0.0,2004-09-05 03:00:00,0,miami
9.5,-43.4,4276.308153326491,65,987,29.05533218383789,0.0747184753417968,28.89859390258789,,,,,,27.53,0.221,2004,9,5,249,1,4276.308153326491,0.0,4276.308153326491,0.0,4276.308153326491,0.0,2004-09-05 06:00:00,0,miami
9.6,-44.3,4185.288776133013, , ,29.128332138061523,0.0987186431884765,29.028594970703125,,,,,,27.53,0.221,2004,9,5,249,1,4185.288776133013,0.0,4185.288776133013,0.0,4185.288776133013,0.0,2004-09-05 09:00:00,0,miami
9.8,-45.1,4098.338392418235,85,977,28.971332550048828,-0.059051513671875,29.134490966796875,,,,,,27.53,0.221,2004,9,5,249,1,4098.338392418235,0.0,4098.338392418235,0.0,4098.338392418235,0.0,2004-09-05 12:00:00,0,miami
10.0,-46.0,4002.072243527429, , ,29.142332077026367,0.0151786804199218,29.230024337768555,,,,,,27.53,0.221,2004,9,5,249,1,4002.072243527429,0.0,4002.072243527429,0.0,4002.072243527429,0.0,2004-09-05 15:00:00,0,miami
10.2,-46.8,3915.3857225936217,110,955,29.207666397094727,0.0971126556396484,29.028913497924805,,,,,,27.53,0.221,2004,9,5,249,1,3915.3857225936217,0.0,3915.3857225936217,0.0,3915.3857225936217,0.0,2004-09-05 18:00:00,0,miami
10.4,-47.6,3828.829097546742, , ,29.200666427612305,0.1306438446044922,29.049177169799805,,,,,,27.53,0.221,2004,9,5,249,1,3828.829097546742,0.0,3828.829097546742,0.0,3828.829097546742,0.0,2004-09-05 21:00:00,0,miami
10.6,-48.5,3733.054302478906,115,948,29.39033317565918,0.3706874847412109,29.05794906616211,,,,,,27.53,0.221,2004,9,6,250,1,3733.054302478906,0.0,3733.054302478906,0.0,3733.054302478906,0.0,2004-09-06 00:00:00,0,miami
10.7,-49.5,3633.9905694520385, , ,29.548999786376953,0.5119266510009766,29.079011917114254,,,,,,27.53,0.221,2004,9,6,250,1,3633.9905694520385,0.0,3633.9905694520385,0.0,3633.9905694520385,0.0,2004-09-06 03:00:00,0,miami
10.8,-50.5,3535.3630507550943,110,950,29.457666397094727,0.458526611328125,29.11273765563965,,,,,,27.53,0.221,2004,9,6,250,1,3535.3630507550943,0.0,3535.3630507550943,0.0,3535.3630507550943,0.0,2004-09-06 06:00:00,0,miami
10.9,-51.5,3437.2079208749205, , ,29.670331954956055,0.6375160217285156,29.12722969055176,,,,,,27.53,0.221,2004,9,6,250,1,3437.2079208749205,0.0,3437.2079208749205,0.0,3437.2079208749205,0.0,2004-09-06 09:00:00,0,miami
11.0,-52.5,3339.565294354401,110,955,29.67566680908203,0.6079216003417969,29.156286239624023,,,,,,27.53,0.221,2004,9,6,250,1,3339.565294354401,0.0,3339.565294354401,0.0,3339.565294354401,0.0,2004-09-06 12:00:00,0,miami
11.2,-53.5,3236.2939440112104, , ,29.559999465942383,0.5053157806396484,29.012683868408203,,,,,,27.53,0.221,2004,9,6,250,1,3236.2939440112104,0.0,3236.2939440112104,0.0,3236.2939440112104,0.0,2004-09-06 15:00:00,0,miami
11.3,-54.4,3148.712367913879,90,969,29.431665420532227,0.3885574340820312,29.012683868408203,,,,,,27.53,0.221,2004,9,6,250,1,3148.712367913879,0.0,3148.712367913879,0.0,3148.712367913879,0.0,2004-09-06 18:00:00,0,miami
11.3,-55.3,3068.0136369792, , ,29.422332763671875,0.3549709320068359,29.048749923706055,,,,,,27.53,0.221,2004,9,6,250,1,3068.0136369792,0.0,3068.0136369792,0.0,3068.0136369792,0.0,2004-09-06 21:00:00,0,miami
11.2,-56.1,3003.4521873362587,90,964,29.511999130249023,0.4089832305908203,29.061779022216797,,,,,,27.53,0.221,2004,9,7,251,1,3003.4521873362587,0.0,3003.4521873362587,0.0,3003.4521873362587,0.0,2004-09-07 00:00:00,0,miami
11.2,-57.0,2924.421836483568, , ,29.255332946777344,0.1408119201660156,29.083036422729492,,,,,,27.53,0.221,2004,9,7,251,1,2924.421836483568,0.0,2924.421836483568,0.0,2924.421836483568,0.0,2004-09-07 03:00:00,0,miami
11.3,-57.8,2848.1646544560317,95,965,29.40799903869629,0.3062000274658203,29.091785430908203,,,,,,27.53,0.221,2004,9,7,251,1,2848.1646544560317,0.0,2848.1646544560317,0.0,2848.1646544560317,0.0,2004-09-07 06:00:00,0,miami
11.4,-58.6,2772.4519956834893, , ,29.328998565673828,0.2067890167236328,29.123693466186523,,,,,,27.53,0.221,2004,9,7,251,1,2772.4519956834893,0.0,2772.4519956834893,0.0,2772.4519956834893,0.0,2004-09-07 09:00:00,0,miami
11.6,-59.4,2690.3565522191975,100,963,29.251998901367188,0.1120872497558593,29.123693466186523,,,,,,27.53,0.221,2004,9,7,251,1,2690.3565522191975,0.0,2690.3565522191975,0.0,2690.3565522191975,0.0,2004-09-07 12:00:00,0,miami
11.7,-60.3,2607.3584487850353, , ,29.370332717895508,0.1958942413330078,29.198627471923828,,,,,,27.53,0.221,2004,9,7,251,1,2607.3584487850353,0.0,2607.3584487850353,0.0,2607.3584487850353,0.0,2004-09-07 15:00:00,0,miami
11.8,-61.1,2533.5411713397375,105,956,29.312999725341797,0.1620216369628906,29.15053939819336,,,,,,27.53,0.221,2004,9,7,251,1,2533.5411713397375,0.0,2533.5411713397375,0.0,2533.5411713397375,0.0,2004-09-07 18:00:00,0,miami
11.9,-61.7,2476.8392889781153, , ,29.242666244506836,0.1230754852294921,29.019039154052734,,,,,,27.53,0.221,2004,9,7,251,1,2476.8392889781153,0.0,2476.8392889781153,0.0,2476.8392889781153,0.0,2004-09-07 21:00:00,0,miami
11.9,-61.8,2468.6484278252688,110,952,29.206666946411133,0.1027698516845703,29.019039154052734,,,,,,27.53,0.221,2004,9,7,251,1,2468.6484278252688,0.0,2468.6484278252688,0.0,2468.6484278252688,0.0,2004-09-07 21:30:00,0,miami
12.0,-62.6,2396.275894225997,115,950,29.20866584777832,0.1869945526123047,28.832202911376953,,,,,,27.53,0.221,2004,9,8,252,1,2396.275894225997,0.0,2396.275894225997,0.0,2396.275894225997,0.0,2004-09-08 00:00:00,0,miami
12.1,-63.4,2324.7832841676013, , ,28.981332778930664,0.0367298126220703,29.21845054626465,,,,,,27.53,0.221,2004,9,8,252,1,2324.7832841676013,0.0,2324.7832841676013,0.0,2324.7832841676013,0.0,2004-09-08 03:00:00,0,miami
12.3,-64.1,2254.3192517127177,120,946,28.58733367919922,-0.2998104095458984,28.99250602722168,,,,,,27.53,0.221,2004,9,8,252,1,2254.3192517127177,0.0,2254.3192517127177,0.0,2254.3192517127177,0.0,2004-09-08 06:00:00,0,miami
12.4,-64.8,2192.2072120195185, , ,28.570999145507812,-0.2097892761230468,28.802711486816406,,,,,,27.53,0.221,2004,9,8,252,1,2192.2072120195185,0.0,2192.2072120195185,0.0,2192.2072120195185,0.0,2004-09-08 09:00:00,0,miami
12.6,-65.5,2122.940842319715,120,955,28.477333068847656,-0.3255081176757812,28.76253890991211,,,,,,27.53,0.221,2004,9,8,252,1,2122.940842319715,0.0,2122.940842319715,0.0,2122.940842319715,0.0,2004-09-08 12:00:00,0,miami
12.8,-66.3,2046.8591523215448, , ,28.583999633789062,-0.2502059936523437,28.76253890991211,,,,,,27.53,0.221,2004,9,8,252,1,2046.8591523215448,0.0,2046.8591523215448,0.0,2046.8591523215448,0.0,2004-09-08 15:00:00,0,miami
13.0,-67.0,1979.034483992283,120,950,28.58099937438965,-0.2574672698974609,28.777944564819336,,,,,,27.53,0.221,2004,9,8,252,1,1979.034483992283,0.0,1979.034483992283,0.0,1979.034483992283,0.0,2004-09-08 18:00:00,0,miami
13.1,-67.7,1920.3450878895835, , ,28.5136661529541,-0.3799304962158203,28.954648971557617,,,,,,27.53,0.221,2004,9,8,252,1,1920.3450878895835,0.0,1920.3450878895835,0.0,1920.3450878895835,0.0,2004-09-08 21:00:00,0,miami
13.3,-68.3,1861.2085897794705,130,938,28.40366554260254,-0.5394229888916016,28.954648971557617,,,,,,27.53,0.221,2004,9,9,253,1,1861.2085897794705,0.0,1861.2085897794705,0.0,1861.2085897794705,0.0,2004-09-09 00:00:00,0,miami
13.5,-68.9,1802.6730841382785, , ,28.400999069213867,-0.5474319458007812,28.969751358032227,,,,,,27.53,0.221,2004,9,9,253,1,1802.6730841382785,0.0,1802.6730841382785,0.0,1802.6730841382785,0.0,2004-09-09 03:00:00,0,miami
13.7,-69.5,1744.7931607108503,140,925,28.64933204650879,-0.3417377471923828,28.991609573364254,,,,,,27.53,0.221,2004,9,9,253,1,1744.7931607108503,0.0,1744.7931607108503,0.0,1744.7931607108503,0.0,2004-09-09 06:00:00,0,miami
13.9,-70.2,1681.1434980303711, , ,28.74799919128418,-0.2557868957519531,28.991609573364254,,,,,,27.53,0.221,2004,9,9,253,1,1681.1434980303711,0.0,1681.1434980303711,0.0,1681.1434980303711,0.0,2004-09-09 09:00:00,0,miami
14.2,-70.8,1615.923827418269,140,919,28.66066551208496,-0.3248672485351562,29.02195167541504,,,,,,27.53,0.221,2004,9,9,253,1,1615.923827418269,0.0,1615.923827418269,0.0,1615.923827418269,0.0,2004-09-09 12:00:00,0,miami
14.4,-71.4,1560.4671875550116, , ,28.630332946777344,-0.3570137023925781,29.02195167541504,,,,,,27.53,0.221,2004,9,9,253,1,1560.4671875550116,0.0,1560.4671875550116,0.0,1560.4671875550116,0.0,2004-09-09 15:00:00,0,miami
14.7,-71.9,1502.6372030089694,130,921,28.753999710083008,-0.2291030883789062,28.97576141357422,,,,,,27.53,0.221,2004,9,9,253,1,1502.6372030089694,0.0,1502.6372030089694,0.0,1502.6372030089694,0.0,2004-09-09 18:00:00,0,miami
14.9,-72.4,1454.5884322309369, , ,28.756332397460938,-0.2178573608398437,28.97576141357422,,,,,,27.53,0.221,2004,9,9,253,1,1454.5884322309369,0.0,1454.5884322309369,0.0,1454.5884322309369,0.0,2004-09-09 21:00:00,0,miami
15.2,-72.8,1403.4277803952252,130,923,28.832332611083984,-0.1430873870849609,28.992687225341797,,,,,,27.53,0.221,2004,9,10,254,1,1403.4277803952252,0.0,1403.4277803952252,0.0,1403.4277803952252,0.0,2004-09-10 00:00:00,0,miami
15.4,-73.3,1356.507594197342, , ,28.791332244873047,-0.1817855834960937,28.992687225341797,,,,,,27.53,0.221,2004,9,10,254,1,1356.507594197342,0.0,1356.507594197342,0.0,1356.507594197342,0.0,2004-09-10 03:00:00,0,miami
15.7,-73.8,1300.7316183250653,125,930,28.722999572753903,-0.2417621612548828,28.958271026611328,,,,,,27.53,0.221,2004,9,10,254,1,1300.7316183250653,0.0,1300.7316183250653,0.0,1300.7316183250653,0.0,2004-09-10 06:00:00,0,miami
15.9,-74.2,1260.481201760225, , ,28.68400001525879,-0.2810077667236328,28.958271026611328,,,,,,27.53,0.221,2004,9,10,254,1,1260.481201760225,0.0,1260.481201760225,0.0,1260.481201760225,0.0,2004-09-10 09:00:00,0,miami
16.2,-74.7,1205.984327108986,125,934,28.819000244140625,-0.1505756378173828,28.981069564819336,,,,,,27.53,0.221,2004,9,10,254,1,1205.984327108986,0.0,1205.984327108986,0.0,1205.984327108986,0.0,2004-09-10 12:00:00,0,miami
16.5,-75.3,1147.6885658896351, , ,28.801332473754883,-0.1784992218017578,28.981069564819336,,,,,,27.53,0.221,2004,9,10,254,1,1147.6885658896351,0.0,1147.6885658896351,0.0,1147.6885658896351,0.0,2004-09-10 15:00:00,0,miami
16.8,-75.8,1095.1907441697415,120,940,28.786333084106445,-0.2786731719970703,28.993806838989254,,,,,,27.53,0.221,2004,9,10,254,1,1095.1907441697415,0.0,1095.1907441697415,0.0,1095.1907441697415,0.0,2004-09-10 18:00:00,0,miami
17.1,-76.1,1051.9029760844933, , ,28.806333541870117,-0.3239917755126953,29.198015213012695,,,,,,27.53,0.221,2004,9,10,254,1,1051.9029760844933,0.0,1051.9029760844933,0.0,1051.9029760844933,0.0,2004-09-10 21:00:00,0,miami
17.3,-76.5,1015.2406155419158,135,926,28.894332885742188,-0.3281440734863281,29.28243064880371,,,,,,27.53,0.221,2004,9,11,255,1,1015.2406155419158,0.0,1015.2406155419158,0.0,1015.2406155419158,0.0,2004-09-11 00:00:00,0,miami
17.4,-77.1,983.0673481149583, , ,29.178665161132812,-0.0892524719238281,29.28243064880371,,,,,,27.53,0.221,2004,9,11,255,1,983.0673481149583,0.0,983.0673481149583,0.0,983.0673481149583,0.0,2004-09-11 03:00:00,0,miami
17.4,-77.2,979.7624571749386,130,924,29.178665161132812,-0.0892524719238281,29.28243064880371,,,,,,27.53,0.221,2004,9,11,255,1,979.7624571749386,0.0,979.7624571749386,0.0,979.7624571749386,0.0,2004-09-11 03:30:00,0,miami
17.4,-77.6,967.532471280212,130,923,29.173999786376953,-0.1557121276855468,29.416006088256836,,,,,,27.53,0.221,2004,9,11,255,1,967.532471280212,0.0,967.532471280212,0.0,967.532471280212,0.0,2004-09-11 06:00:00,0,miami
17.5,-78.0,946.1128233406968, , ,29.06599998474121,-0.3124027252197265,29.416006088256836,,,,,,27.53,0.221,2004,9,11,255,1,946.1128233406968,0.0,946.1128233406968,0.0,946.1128233406968,0.0,2004-09-11 09:00:00,0,miami
17.7,-78.4,915.2812208953436,125,925,29.167665481567383,-0.2993583679199219,29.416006088256836,,,,,,27.53,0.221,2004,9,11,255,1,915.2812208953436,0.0,915.2812208953436,0.0,915.2812208953436,0.0,2004-09-11 12:00:00,0,miami
17.9,-78.7,887.6083635160207, , ,29.2810001373291,-0.2761821746826172,29.435712814331055,,,,,,27.53,0.221,2004,9,11,255,1,887.6083635160207,0.0,887.6083635160207,0.0,887.6083635160207,0.0,2004-09-11 15:00:00,0,miami
18.0,-79.0,871.759111045583,145,920,29.30499839782715,-0.2472515106201172,29.435712814331055,,,,,,27.53,0.221,2004,9,11,255,1,871.759111045583,0.0,871.759111045583,0.0,871.759111045583,0.0,2004-09-11 18:00:00,0,miami
18.1,-79.3,856.8829657171796, , ,29.336332321166992,-0.2775936126708984,29.77124786376953,,,,,,27.53,0.221,2004,9,11,255,1,856.8829657171796,0.0,856.8829657171796,0.0,856.8829657171796,0.0,2004-09-11 21:00:00,0,miami
18.2,-79.6,843.0292800283552,145,910,29.332666397094727,-0.260263442993164,29.672752380371097,,,,,,27.53,0.221,2004,9,12,256,1,843.0292800283552,0.0,843.0292800283552,0.0,843.0292800283552,0.0,2004-09-12 00:00:00,0,miami
18.3,-80.0,829.9381899333291, , ,29.288999557495117,-0.3334827423095703,29.672752380371097,,,,,,27.53,0.221,2004,9,12,256,1,829.9381899333291,0.0,829.9381899333291,0.0,829.9381899333291,0.0,2004-09-12 03:00:00,0,miami
18.4,-80.4,818.8641737616039,135,915,29.220664978027344,-0.3754901885986328,29.672752380371097,,,,,,27.53,0.221,2004,9,12,256,1,818.8641737616039,0.0,818.8641737616039,0.0,818.8641737616039,0.0,2004-09-12 06:00:00,0,miami
18.6,-80.8,798.7984699576858, , ,29.06599998474121,-0.5348224639892578,29.55944061279297,,,,,,27.53,0.221,2004,9,12,256,1,798.7984699576858,0.0,798.7984699576858,0.0,798.7984699576858,0.0,2004-09-12 09:00:00,0,miami
18.8,-81.2,781.0127769546048,135,919,29.01166534423828,-0.6268901824951172,29.55944061279297,,,,,,27.53,0.221,2004,9,12,256,1,781.0127769546048,0.0,781.0127769546048,0.0,781.0127769546048,0.0,2004-09-12 12:00:00,0,miami
18.9,-81.5,774.7390517288962,130,920,29.038665771484375,-0.5819931030273438,29.543848037719727,,,,,,27.53,0.221,2004,9,12,256,1,774.7390517288962,0.0,774.7390517288962,0.0,774.7390517288962,0.0,2004-09-12 14:15:00,0,miami
18.9,-81.6,776.5881492798563, , ,29.038665771484375,-0.5819931030273438,29.543848037719727,,,,,,27.53,0.221,2004,9,12,256,1,774.7390517288962,0.0,774.7390517288962,0.0,774.7390517288962,0.0,2004-09-12 15:00:00,0,miami
19.1,-82.1,766.2289923637095,130,920,29.05900001525879,-0.5854969024658203,29.712886810302734,,,,,,27.53,0.221,2004,9,12,256,1,766.2289923637095,0.0,766.2289923637095,0.0,766.2289923637095,0.0,2004-09-12 18:00:00,0,miami
19.3,-82.5,756.5479959443137, , ,29.097332000732425,-0.5646896362304688,29.661527633666992,,,,,,27.53,0.221,2004,9,12,256,1,756.5479959443137,0.0,756.5479959443137,0.0,756.5479959443137,0.0,2004-09-12 21:00:00,0,miami
19.5,-82.8,745.8802979014694,140,916,29.19499969482422,-0.4551277160644531,29.661527633666992,,,,,,27.53,0.221,2004,9,13,257,1,745.8802979014694,0.0,745.8802979014694,0.0,745.8802979014694,0.0,2004-09-13 00:00:00,0,miami
19.7,-83.2,741.1884146368438, , ,29.296998977661133,-0.3715095520019531,29.661527633666992,,,,,,27.53,0.221,2004,9,13,257,1,741.1884146368438,0.0,741.1884146368438,0.0,741.1884146368438,0.0,2004-09-13 03:00:00,0,miami
19.9,-83.5,734.5871856522323,140,920,29.25166702270508,-0.4280433654785156,29.652299880981445,,,,,,27.53,0.221,2004,9,13,257,1,734.5871856522323,0.0,734.5871856522323,0.0,734.5871856522323,0.0,2004-09-13 06:00:00,0,miami
20.1,-83.8,729.8592671200781, , ,29.19999885559082,-0.4929885864257812,29.71525001525879,,,,,,27.53,0.221,2004,9,13,257,1,729.8592671200781,0.0,729.8592671200781,0.0,729.8592671200781,0.0,2004-09-13 09:00:00,0,miami
20.4,-84.1,717.6948278358557,140,915,29.18699836730957,-0.5166301727294922,29.71525001525879,,,,,,27.53,0.221,2004,9,13,257,1,717.6948278358557,0.0,717.6948278358557,0.0,717.6948278358557,0.0,2004-09-13 12:00:00,0,miami
20.6,-84.4,717.1114614329437, , ,29.26166534423828,-0.4459590911865234,29.71525001525879,,,,,,27.53,0.221,2004,9,13,257,1,717.1114614329437,0.0,717.1114614329437,0.0,717.1114614329437,0.0,2004-09-13 15:00:00,0,miami
20.9,-84.7,709.8629556168619,140,912,29.316999435424805,-0.3847999572753906,29.68233108520508,,,,,,27.53,0.221,2004,9,13,257,1,709.8629556168619,0.0,709.8629556168619,0.0,709.8629556168619,0.0,2004-09-13 18:00:00,0,miami
21.2,-84.8,691.351949252417,140,910,29.25433349609375,-0.4322566986083984,29.673181533813477,,,,,,27.53,0.221,2004,9,13,257,1,691.351949252417,0.0,691.351949252417,0.0,691.351949252417,0.0,2004-09-13 21:00:00,0,miami
21.6,-85.1,680.9996454808877,140,914,29.108665466308594,-0.5250129699707031,29.673181533813477,,,,,,27.53,0.221,2004,9,14,258,1,680.9996454808877,0.0,680.9996454808877,0.0,680.9996454808877,0.0,2004-09-14 00:00:00,0,miami
21.7,-85.2,680.937417531924,140,916,29.108665466308594,-0.5250129699707031,29.673181533813477,,,,,,27.53,0.221,2004,9,14,258,1,680.937417531924,0.0,680.937417531924,0.0,680.937417531924,0.0,2004-09-14 01:00:00,0,miami
22.0,-85.4,674.6756077609876, , ,28.9516658782959,-0.6078777313232422,29.673181533813477,,,,,,27.53,0.221,2004,9,14,258,1,674.6756077609876,0.0,674.6756077609876,0.0,674.6756077609876,0.0,2004-09-14 03:00:00,0,miami
22.4,-85.6,664.067441366765,140,924,28.96299934387207,-0.5211620330810547,29.40262985229492,,,,,,27.53,0.221,2004,9,14,258,1,664.067441366765,0.0,664.067441366765,0.0,664.067441366765,0.0,2004-09-14 06:00:00,0,miami
22.7,-85.8,662.6567864835317, , ,28.975000381469727,-0.4528217315673828,29.40262985229492,,,,,,27.53,0.221,2004,9,14,258,1,662.6567864835317,0.0,662.6567864835317,0.0,662.6567864835317,0.0,2004-09-14 09:00:00,0,miami
23.0,-86.0,663.4594226046439,125,930,28.986331939697266,-0.3963661193847656,29.40262985229492,,,,,,27.53,0.221,2004,9,14,258,1,662.6567864835317,0.0,662.6567864835317,0.0,662.6567864835317,0.0,2004-09-14 12:00:00,0,miami
23.3,-86.2,666.4621183647118, , ,29.045665740966797,-0.3519611358642578,29.415348052978516,,,,,,27.53,0.221,2004,9,14,258,1,662.6567864835317,0.0,662.6567864835317,0.0,662.6567864835317,0.0,2004-09-14 15:00:00,0,miami
23.7,-86.5,676.9905846708922,120,931,29.11699867248535,-0.2305011749267578,29.303436279296875,,,,,,27.53,0.221,2004,9,14,258,1,662.6567864835317,0.0,662.6567864835317,0.0,662.6567864835317,0.0,2004-09-14 18:00:00,0,miami
24.2,-86.8,688.2255604302562, , ,29.0136661529541,-0.3316020965576172,29.36187171936035,,,,,,27.53,0.221,2004,9,14,258,1,662.6567864835317,0.0,662.6567864835317,0.0,662.6567864835317,0.0,2004-09-14 21:00:00,0,miami
24.7,-87.0,694.8272126353661,120,928,28.775665283203125,-0.56939697265625,29.36187171936035,,,,,,27.53,0.221,2004,9,15,259,1,662.6567864835317,0.0,662.6567864835317,0.0,662.6567864835317,0.0,2004-09-15 00:00:00,0,miami
25.1,-87.2,707.5163597775122, , ,28.466333389282227,-0.8135700225830078,29.222970962524418,,,,,,27.53,0.221,2004,9,15,259,1,662.6567864835317,0.0,662.6567864835317,0.0,662.6567864835317,0.0,2004-09-15 03:00:00,0,miami
25.6,-87.4,722.4769168866112,120,935,28.840999603271484,-0.3887176513671875,29.222970962524418,,,,,,27.53,0.221,2004,9,15,259,1,662.6567864835317,0.0,662.6567864835317,0.0,662.6567864835317,0.0,2004-09-15 06:00:00,0,miami
26.1,-87.7,751.6578631804208, , ,28.748666763305664,-0.4236888885498047,29.133028030395508,,,,,,27.53,0.221,2004,9,15,259,1,662.6567864835317,0.0,662.6567864835317,0.0,662.6567864835317,0.0,2004-09-15 09:00:00,0,miami
26.7,-87.9,775.7674745171191,115,939,28.762664794921875,-0.348581314086914,29.133028030395508,,,,,,27.53,0.221,2004,9,15,259,1,662.6567864835317,0.0,662.6567864835317,0.0,662.6567864835317,0.0,2004-09-15 12:00:00,0,miami
27.3,-88.1,804.968199036694, , ,28.889331817626953,-0.132364273071289,29.00029563903809,,,,,,27.53,0.221,2004,9,15,259,1,662.6567864835317,0.0,662.6567864835317,0.0,662.6567864835317,0.0,2004-09-15 15:00:00,0,miami
27.9,-88.2,829.2120174335824,115,937,28.594999313354492,-0.3373908996582031,29.00029563903809,,,,,,27.53,0.221,2004,9,15,259,1,662.6567864835317,0.0,662.6567864835317,0.0,662.6567864835317,0.0,2004-09-15 18:00:00,0,miami
28.4,-88.2,845.1360585629728, , ,27.803333282470703,-1.0323143005371094,28.812898635864254,,,,,,27.53,0.221,2004,9,15,259,1,662.6567864835317,0.0,662.6567864835317,0.0,662.6567864835317,0.0,2004-09-15 21:00:00,0,miami
28.9,-88.2,864.3302789351578,110,931,26.72161293029785,-2.024005889892578,28.812898635864254,,,,,,27.53,0.221,2004,9,16,260,1,662.6567864835317,0.0,662.6567864835317,0.0,662.6567864835317,0.0,2004-09-16 00:00:00,0,miami
29.4,-88.0,869.1032742203848, , ,26.248064041137695,-2.4097633361816406,28.65060043334961,,,,,,27.53,0.221,2004,9,16,260,1,662.6567864835317,0.0,662.6567864835317,0.0,662.6567864835317,0.0,2004-09-16 03:00:00,1,miami
30.0,-87.9,891.863408389457,105,943,25.799999237060547,-2.769739151000977,28.65060043334961,,,,,,27.53,0.221,2004,9,16,260,1,662.6567864835317,0.0,662.6567864835317,0.0,662.6567864835317,0.0,2004-09-16 06:00:00,1,miami
30.2,-87.9,903.1979897059912,105,946,25.590967178344727,-2.92403793334961,28.414445877075195,,,,,,27.53,0.221,2004,9,16,260,1,662.6567864835317,0.0,662.6567864835317,0.0,662.6567864835317,0.0,2004-09-16 06:50:00,1,miami
30.7,-87.8,925.345910411345, , ,,,28.414445877075195,,,,,,27.53,0.221,2004,9,16,260,1,662.6567864835317,0.0,662.6567864835317,0.0,662.6567864835317,0.0,2004-09-16 09:00:00,1,miami
31.4,-87.7,964.137922494073,70,965,,,,,,,,,27.53,0.221,2004,9,16,260,1,662.6567864835317,0.0,662.6567864835317,0.0,662.6567864835317,0.0,2004-09-16 12:00:00,1,miami
32.0,-87.6,1000.147848996162, , ,,,,,,,,,27.53,0.221,2004,9,16,260,1,662.6567864835317,0.0,662.6567864835317,0.0,662.6567864835317,0.0,2004-09-16 15:00:00,1,miami
32.5,-87.4,1024.859215718305,50,975,,,,,,,,,27.53,0.221,2004,9,16,260,1,662.6567864835317,0.0,662.6567864835317,0.0,662.6567864835317,0.0,2004-09-16 18:00:00,0,miami
33.2,-87.0,1056.919537288726, , ,,,,,,,,,27.53,0.221,2004,9,16,260,1,662.6567864835317,0.0,662.6567864835317,0.0,662.6567864835317,0.0,2004-09-16 21:00:00,0,miami
33.8,-86.5,1080.8568054350876,30,986,,,,,,,,,27.53,0.221,2004,9,17,261,1,662.6567864835317,0.0,662.6567864835317,0.0,662.6567864835317,0.0,2004-09-17 00:00:00,0,miami
34.3,-86.2,1111.1314943698228, , ,,,,,,,,,27.53,0.221,2004,9,17,261,1,662.6567864835317,0.0,662.6567864835317,0.0,662.6567864835317,0.0,2004-09-17 03:00:00,0,miami
34.7,-85.7,1125.4608370270528,25,991,,,,,,,,,27.53,0.221,2004,9,17,261,1,662.6567864835317,0.0,662.6567864835317,0.0,662.6567864835317,0.0,2004-09-17 06:00:00,0,miami
35.1,-84.9,1131.8283085529922, , ,,,,,,,,,27.53,0.221,2004,9,17,261,1,662.6567864835317,0.0,662.6567864835317,0.0,662.6567864835317,0.0,2004-09-17 09:00:00,0,miami
35.4,-84.0,1131.7466994970248,20,994,,,,,,,,,27.53,0.221,2004,9,17,261,1,662.6567864835317,0.0,662.6567864835317,0.0,662.6567864835317,0.0,2004-09-17 12:00:00,0,miami
35.8,-83.2,1152.416488780194, , ,,,,,,,,,27.53,0.221,2004,9,17,261,1,662.6567864835317,0.0,662.6567864835317,0.0,662.6567864835317,0.0,2004-09-17 15:00:00,0,miami
36.2,-82.3,1177.858309004601,20,996,,,,,,,,,27.53,0.221,2004,9,17,261,1,662.6567864835317,0.0,662.6567864835317,0.0,662.6567864835317,0.0,2004-09-17 18:00:00,0,miami
36.6,-81.4,1210.598172954465, , ,,,,,,,,,27.53,0.221,2004,9,17,261,1,662.6567864835317,0.0,662.6567864835317,0.0,662.6567864835317,0.0,2004-09-17 21:00:00,0,miami
37.0,-80.5,1249.9820653312477,20,999,,,,,,,,,27.53,0.221,2004,9,18,262,1,662.6567864835317,0.0,662.6567864835317,0.0,662.6567864835317,0.0,2004-09-18 00:00:00,0,miami
37.4,-79.5,1295.7658903325707, , ,,,,,,,,,27.53,0.221,2004,9,18,262,1,662.6567864835317,0.0,662.6567864835317,0.0,662.6567864835317,0.0,2004-09-18 03:00:00,0,miami
37.7,-78.5,1337.011354652193,15,998,,,,,,,,,27.53,0.221,2004,9,18,262,1,662.6567864835317,0.0,662.6567864835317,0.0,662.6567864835317,0.0,2004-09-18 06:00:00,0,miami
38.1,-77.5,1395.0799504680583, , ,,,,,,,,,27.53,0.221,2004,9,18,262,1,662.6567864835317,0.0,662.6567864835317,0.0,662.6567864835317,0.0,2004-09-18 09:00:00,0,miami
38.4,-76.7,1442.9727878025442,15,1000,,,,,,,,,27.53,0.221,2004,9,18,262,1,662.6567864835317,0.0,662.6567864835317,0.0,662.6567864835317,0.0,2004-09-18 12:00:00,0,miami
38.3,-76.1,1446.1153276078549, , ,,,23.631683349609375,,,,,,27.53,0.221,2004,9,18,262,1,662.6567864835317,0.0,662.6567864835317,0.0,662.6567864835317,0.0,2004-09-18 15:00:00,0,miami
38.0,-75.5,1430.5534122495856,25,1002,,,24.09902572631836,,,,,,27.53,0.221,2004,9,18,262,1,662.6567864835317,0.0,662.6567864835317,0.0,662.6567864835317,0.0,2004-09-18 18:00:00,0,miami
37.8,-74.7,1434.962403660978, , ,18.069677352905273,-5.160928726196289,23.28465461730957,,,,,,27.53,0.221,2004,9,18,262,1,662.6567864835317,0.0,662.6567864835317,0.0,662.6567864835317,0.0,2004-09-18 21:00:00,0,miami
37.5,-74.0,1429.906274027055,35,1003,20.105806350708008,-4.017786026000977,24.04709243774414,,,,,,27.53,0.221,2004,9,19,263,1,662.6567864835317,0.0,662.6567864835317,0.0,662.6567864835317,0.0,2004-09-19 00:00:00,0,miami
36.8,-73.9,1364.4002292221564, , ,21.07967758178711,-4.020702362060547,25.527219772338867,,,,,,27.53,0.221,2004,9,19,263,1,662.6567864835317,0.0,662.6567864835317,0.0,662.6567864835317,0.0,2004-09-19 03:00:00,0,miami
36.0,-74.0,1281.872540645934,35,1005,22.15258026123047,-4.367864608764648,27.421775817871097,,,,,,27.53,0.221,2004,9,19,263,1,662.6567864835317,0.0,662.6567864835317,0.0,662.6567864835317,0.0,2004-09-19 06:00:00,0,miami
35.3,-74.2,1205.2404081898494, , ,24.72774124145508,-2.5180530548095703,27.421775817871097,,,,,,27.53,0.221,2004,9,19,263,1,662.6567864835317,0.0,662.6567864835317,0.0,662.6567864835317,0.0,2004-09-19 09:00:00,0,miami
34.5,-74.5,1114.6789583442433,35,1008,26.349031448364254,-1.282125473022461,27.90628433227539,,,,,,27.53,0.221,2004,9,19,263,1,662.6567864835317,0.0,662.6567864835317,0.0,662.6567864835317,0.0,2004-09-19 12:00:00,0,miami
33.7,-75.1,1009.987297833072, , ,26.41806411743164,-1.3438720703125,27.675004959106445,,,,,,27.53,0.221,2004,9,19,263,1,662.6567864835317,0.0,662.6567864835317,0.0,662.6567864835317,0.0,2004-09-19 15:00:00,0,miami
32.8,-75.8,890.7685768771416,35,1008,26.83386993408203,-1.262554168701172,28.091373443603516,,,,,,27.53,0.221,2004,9,19,263,1,662.6567864835317,0.0,662.6567864835317,0.0,662.6567864835317,0.0,2004-09-19 18:00:00,0,miami
31.9,-76.7,762.4626037981938, , ,26.72774124145508,-1.515899658203125,28.30695152282715,,,,,,27.53,0.221,2004,9,19,263,1,662.6567864835317,0.0,662.6567864835317,0.0,662.6567864835317,0.0,2004-09-19 21:00:00,0,miami
31.0,-77.5,639.1619965559086,35,1008,27.105806350708008,-1.3002452850341797,28.387187957763672,,,,,,27.53,0.221,2004,9,20,264,1,639.1619965559086,0.0,639.1619965559086,0.0,639.1619965559086,0.0,2004-09-20 00:00:00,0,miami
30.0,-78.1,514.1366722606031, , ,27.01483917236328,-1.4658946990966797,28.4873046875,,,,,,27.53,0.221,2004,9,20,264,1,514.1366722606031,0.0,514.1366722606031,0.0,514.1366722606031,0.0,2004-09-20 03:00:00,0,miami
29.0,-78.5,396.9249519437972,35,1008,27.143224716186523,-1.5964031219482422,28.87295913696289,,,,,,27.53,0.221,2004,9,20,264,1,396.9249519437972,0.0,396.9249519437972,0.0,396.9249519437972,0.0,2004-09-20 06:00:00,0,miami
28.2,-78.6,313.660609391687, , ,27.177419662475582,-1.6894779205322266,28.87295913696289,,,,,,27.53,0.221,2004,9,20,264,1,313.660609391687,0.0,313.660609391687,0.0,313.660609391687,0.0,2004-09-20 09:00:00,0,miami
27.5,-78.7,243.6096567836715,30,1009,26.742902755737305,-2.2459678649902344,29.039875030517575,,,,,,27.53,0.221,2004,9,20,264,1,243.6096567836715,0.0,243.6096567836715,0.0,243.6096567836715,0.0,2004-09-20 12:00:00,0,miami
26.9,-78.9,180.53608924972028, , ,26.770967483520508,-2.3475799560546875,29.18570899963379,,,,,,27.53,0.221,2004,9,20,264,1,180.53608924972028,1.0,180.53608924972028,1.0,180.53608924972028,1.0,2004-09-20 15:00:00,1,miami
26.4,-79.1,130.10440633688043,25,1009,27.791934967041016,-1.4151687622070312,29.18570899963379,,,,,,27.53,0.221,2004,9,20,264,1,130.10440633688043,2.0,130.10440633688043,2.0,130.10440633688043,2.0,2004-09-20 18:00:00,1,miami
26.2,-79.4,92.9481473772582, , ,27.953548431396484,-1.2869148254394531,29.18570899963379,,,,,,27.53,0.221,2004,9,20,264,1,92.9481473772582,3.0,92.9481473772582,3.0,92.9481473772582,3.0,2004-09-20 21:00:00,1,miami
26.1,-79.7,61.91703452059365,25,1009,28.11387062072754,-1.1280021667480469,29.229082107543945,,,,,,27.53,0.221,2004,9,21,265,1,61.91703452059365,4.0,61.91703452059365,4.0,61.91703452059365,4.0,2004-09-21 00:00:00,1,miami
26.0,-80.1,28.04415495067796, , ,27.72032165527344,,29.26882553100586,,,,,,27.53,0.221,2004,9,21,265,1,28.04415495067796,5.0,28.04415495067796,5.0,28.04415495067796,5.0,2004-09-21 03:00:00,1,miami
25.9,-80.6,43.65304060807893,25,1009,,,29.461841583251953,,,,,,27.53,0.221,2004,9,21,265,1,28.04415495067796,6.0,28.04415495067796,6.0,28.04415495067796,6.0,2004-09-21 06:00:00,1,miami
25.9,-81.1,92.18850137763886, , ,,,29.461841583251953,,,,,,27.53,0.221,2004,9,21,265,1,28.04415495067796,7.0,28.04415495067796,7.0,28.04415495067796,7.0,2004-09-21 09:00:00,1,miami
25.8,-81.7,151.07082670394715,25,1009,27.490644454956055,,29.538095474243164,,,,,,27.53,0.221,2004,9,21,265,1,28.04415495067796,8.0,28.04415495067796,8.0,28.04415495067796,8.0,2004-09-21 12:00:00,1,miami
25.5,-82.2,203.41865217542912, , ,27.923547744750977,-1.570720672607422,29.538095474243164,,,,,,27.53,0.221,2004,9,21,265,1,28.04415495067796,8.0,28.04415495067796,8.0,28.04415495067796,8.0,2004-09-21 15:00:00,1,miami
25.2,-82.8,269.1495269839568,25,1010,28.167097091674805,-1.1627311706542969,29.27743911743164,,,,,,27.53,0.221,2004,9,21,265,1,28.04415495067796,8.0,28.04415495067796,8.0,28.04415495067796,8.0,2004-09-21 18:00:00,1,miami
24.9,-83.4,336.359522321888, , ,28.16064453125,-1.122541427612305,29.35405540466309,,,,,,27.53,0.221,2004,9,21,265,1,28.04415495067796,8.0,28.04415495067796,8.0,28.04415495067796,8.0,2004-09-21 21:00:00,1,miami
24.8,-84.1,407.2209168396168,25,1010,28.222579956054688,-0.9981536865234376,29.25475311279297,,,,,,27.53,0.221,2004,9,22,266,1,28.04415495067796,8.0,28.04415495067796,8.0,28.04415495067796,8.0,2004-09-22 00:00:00,1,miami
24.9,-85.1,502.4774691528981, , ,28.733224868774418,-0.5470142364501953,29.31583023071289,,,,,,27.53,0.221,2004,9,22,266,1,28.04415495067796,8.0,28.04415495067796,8.0,28.04415495067796,8.0,2004-09-22 03:00:00,0,miami
25.1,-86.1,597.7962835751323,25,1010,28.618709564208984,-0.6642627716064453,29.236955642700195,,,,,,27.53,0.221,2004,9,22,266,1,28.04415495067796,8.0,28.04415495067796,8.0,28.04415495067796,8.0,2004-09-22 06:00:00,0,miami
25.5,-86.8,663.0630736645112, , ,28.06838607788086,-1.1734905242919922,29.222970962524418,,,,,,27.53,0.221,2004,9,22,266,1,28.04415495067796,8.0,28.04415495067796,8.0,28.04415495067796,8.0,2004-09-22 09:00:00,0,miami
26.0,-87.3,711.5277185615734,25,1010,27.389677047729492,-1.8051643371582031,29.222970962524418,,,,,,27.53,0.221,2004,9,22,266,1,28.04415495067796,8.0,28.04415495067796,8.0,28.04415495067796,8.0,2004-09-22 12:00:00,0,miami
26.3,-88.0,782.3287161727641, , ,27.887096405029297,-1.270832061767578,29.133028030395508,,,,,,27.53,0.221,2004,9,22,266,1,28.04415495067796,8.0,28.04415495067796,8.0,28.04415495067796,8.0,2004-09-22 15:00:00,0,miami
26.5,-88.6,843.2379949716833,30,1008,27.8890323638916,-1.2912845611572266,29.180219650268555,,,,,,27.53,0.221,2004,9,22,266,1,28.04415495067796,8.0,28.04415495067796,8.0,28.04415495067796,8.0,2004-09-22 18:00:00,0,miami
26.8,-89.0,885.5558240902492, , ,27.890321731567383,-1.2442684173583984,29.180219650268555,,,,,,27.53,0.221,2004,9,22,266,1,28.04415495067796,8.0,28.04415495067796,8.0,28.04415495067796,8.0,2004-09-22 21:00:00,0,miami
27.1,-89.5,938.470322778008,35,1007,27.806129455566406,-1.3215351104736328,29.08942985534668,,,,,,27.53,0.221,2004,9,23,267,1,28.04415495067796,8.0,28.04415495067796,8.0,28.04415495067796,8.0,2004-09-23 00:00:00,0,miami
27.5,-90.2,1013.089404656141, , ,27.553546905517575,-1.5610008239746094,29.08942985534668,,,,,,27.53,0.221,2004,9,23,267,1,28.04415495067796,8.0,28.04415495067796,8.0,28.04415495067796,8.0,2004-09-23 03:00:00,0,miami
27.9,-91.0,1098.0497522876624,35,1007,27.270000457763672,-1.7565593719482422,29.126708984375,,,,,,27.53,0.221,2004,9,23,267,1,28.04415495067796,8.0,28.04415495067796,8.0,28.04415495067796,8.0,2004-09-23 06:00:00,0,miami
28.4,-91.7,1175.9612070938103, , ,27.041934967041016,-1.8657760620117188,28.88901138305664,,,,,,27.53,0.221,2004,9,23,267,1,28.04415495067796,8.0,28.04415495067796,8.0,28.04415495067796,8.0,2004-09-23 09:00:00,0,miami
28.9,-92.2,1235.7650421338656,50,998,26.567419052124023,-2.22354507446289,28.88901138305664,,,,,,27.53,0.221,2004,9,23,267,1,28.04415495067796,8.0,28.04415495067796,8.0,28.04415495067796,8.0,2004-09-23 12:00:00,0,miami
29.1,-92.5,1269.4108120357134, , ,26.52838706970215,-2.2647132873535156,28.79862594604492,,,,,,27.53,0.221,2004,9,23,267,1,28.04415495067796,8.0,28.04415495067796,8.0,28.04415495067796,8.0,2004-09-23 15:00:00,0,miami
29.2,-92.7,1290.9641007966804,40,1003,26.52838706970215,-2.2647132873535156,28.79862594604492,,,,,,27.53,0.221,2004,9,23,267,1,28.04415495067796,8.0,28.04415495067796,8.0,28.04415495067796,8.0,2004-09-23 18:00:00,0,miami
29.4,-92.9,1315.3276307526776, , ,26.475160598754883,-2.316366195678711,28.79862594604492,,,,,,27.53,0.221,2004,9,23,267,1,28.04415495067796,8.0,28.04415495067796,8.0,28.04415495067796,8.0,2004-09-23 21:00:00,0,miami
29.6,-93.2,1349.151968108287,30,1003,26.506128311157227,,28.79862594604492,,,,,,27.53,0.221,2004,9,24,268,1,28.04415495067796,8.0,28.04415495067796,8.0,28.04415495067796,8.0,2004-09-24 00:00:00,0,miami
29.8,-93.6,1392.3151395918867,30,1004,,,28.8533878326416,,,,,,27.53,0.221,2004,9,24,268,1,28.04415495067796,8.0,28.04415495067796,8.0,28.04415495067796,8.0,2004-09-24 02:00:00,0,miami
29.9,-93.8,1413.8872202798816, , ,,,28.8533878326416,,,,,,27.53,0.221,2004,9,24,268,1,28.04415495067796,8.0,28.04415495067796,8.0,28.04415495067796,8.0,2004-09-24 03:00:00,0,miami
30.1,-94.2,1457.0090889722794,25,1009,,,,,,,,,27.53,0.221,2004,9,24,268,1,28.04415495067796,8.0,28.04415495067796,8.0,28.04415495067796,8.0,2004-09-24 06:00:00,0,miami
23.1,-75.1,594.3200194487822,30,1008,29.71299934387207,0.6479320526123047,29.01900291442871,,,,,,26.8,0.42,2005,8,23,235,1,594.3200194487822,0.0,594.3200194487822,0.0,28.04415495067796,8.0,2005-08-23 18:00:00,0,miami
23.2,-75.4,562.317988232294, , ,29.817333221435547,0.6602420806884766,29.01900291442871,,,,,,26.8,0.42,2005,8,23,235,1,562.317988232294,0.0,562.317988232294,0.0,28.04415495067796,8.0,2005-08-23 21:00:00,0,miami
23.4,-75.7,524.5918411145672,30,1007,29.790998458862305,0.5252265930175781,29.427160263061523,,,,,,26.8,0.42,2005,8,24,236,1,524.5918411145672,0.0,524.5918411145672,0.0,28.04415495067796,8.0,2005-08-24 00:00:00,0,miami
23.6,-76.0,486.9334357061321, , ,29.775665283203125,0.35198974609375,29.427160263061523,,,,,,26.8,0.42,2005,8,24,236,1,486.9334357061321,0.0,486.9334357061321,0.0,28.04415495067796,8.0,2005-08-24 03:00:00,0,miami
23.8,-76.2,458.2019015886869,30,1007,29.751333236694336,0.3665733337402344,29.427160263061523,,,,,,26.8,0.42,2005,8,24,236,1,458.2019015886869,0.0,458.2019015886869,0.0,28.04415495067796,8.0,2005-08-24 06:00:00,0,miami
24.1,-76.4,424.6159300213981, , ,29.882665634155273,0.4536762237548828,29.23054313659668,,,,,,26.8,0.42,2005,8,24,236,1,424.6159300213981,0.0,424.6159300213981,0.0,28.04415495067796,8.0,2005-08-24 09:00:00,0,miami
24.5,-76.5,397.22657460230835,35,1006,29.974998474121097,0.4608192443847656,29.685998916625977,,,,,,26.8,0.42,2005,8,24,236,1,397.22657460230835,0.0,397.22657460230835,0.0,28.04415495067796,8.0,2005-08-24 12:00:00,0,miami
25.0,-76.7,360.8601310810645, , ,29.75566673278809,0.289590835571289,29.685998916625977,,,,,,26.8,0.42,2005,8,24,236,1,360.8601310810645,0.0,360.8601310810645,0.0,28.04415495067796,8.0,2005-08-24 15:00:00,0,miami
25.4,-76.9,332.5833301315039,40,1003,29.446666717529297,-0.0203113555908203,29.473636627197266,,,,,,26.8,0.42,2005,8,24,236,1,332.5833301315039,0.0,332.5833301315039,0.0,28.04415495067796,8.0,2005-08-24 18:00:00,0,miami
25.8,-77.3,289.57289626957385, , ,29.290666580200195,-0.2111358642578125,29.473636627197266,,,,,,26.8,0.42,2005,8,24,236,1,289.57289626957385,0.0,289.57289626957385,0.0,28.04415495067796,8.0,2005-08-24 21:00:00,0,miami
26.0,-77.7,250.68617600380924,45,1000,29.216333389282227,-0.3284225463867187,29.601316452026367,,,,,,26.8,0.42,2005,8,25,237,1,250.68617600380924,0.0,250.68617600380924,0.0,28.04415495067796,8.0,2005-08-25 00:00:00,0,miami
26.1,-78.1,212.5329756625368, , ,28.992332458496097,-0.6302089691162109,29.622297286987305,,,,,,26.8,0.42,2005,8,25,237,1,212.5329756625368,0.0,212.5329756625368,0.0,28.04415495067796,8.0,2005-08-25 03:00:00,0,miami
26.1,-78.4,183.0844902388979,50,997,28.989665985107425,-0.6490993499755859,29.622297286987305,,,,,,26.8,0.42,2005,8,25,237,1,183.0844902388979,1.0,183.0844902388979,1.0,28.04415495067796,9.0,2005-08-25 06:00:00,1,miami
26.2,-78.7,156.87784420095466, , ,28.967998504638672,-0.6869907379150391,29.56554794311523,,,,,,26.8,0.42,2005,8,25,237,1,156.87784420095466,2.0,156.87784420095466,2.0,28.04415495067796,10.0,2005-08-25 09:00:00,1,miami
26.2,-79.0,128.71243045890046,55,994,29.03966522216797,-0.6262550354003906,29.56554794311523,,,,,,26.8,0.42,2005,8,25,237,1,128.71243045890046,3.0,128.71243045890046,3.0,28.04415495067796,11.0,2005-08-25 12:00:00,1,miami
26.2,-79.3,101.59481202055416, , ,29.00233268737793,-0.6367816925048828,29.56554794311523,,,,,,26.8,0.42,2005,8,25,237,1,101.59481202055416,4.0,101.59481202055416,4.0,28.04415495067796,12.0,2005-08-25 15:00:00,1,miami
26.2,-79.6,76.6455418745736,60,988,28.8713321685791,-0.7409725189208984,29.534326553344727,,,,,,26.8,0.42,2005,8,25,237,1,76.6455418745736,5.0,76.6455418745736,5.0,28.04415495067796,13.0,2005-08-25 18:00:00,1,miami
26.1,-79.9,47.60805035587961, , ,28.76766586303711,-0.8178329467773438,29.534326553344727,,,,,,26.8,0.42,2005,8,25,237,1,47.60805035587961,6.0,47.60805035587961,6.0,28.04415495067796,14.0,2005-08-25 21:00:00,1,miami
26.0,-80.1,28.04415495067796,70,984,28.76599884033203,,29.63504219055176,,,,,,26.8,0.42,2005,8,25,237,1,28.04415495067796,7.0,28.04415495067796,7.0,28.04415495067796,15.0,2005-08-25 22:30:00,1,miami
25.9,-80.3,18.808556108512555,70,983,,,29.63504219055176,,,,,,26.8,0.42,2005,8,26,238,1,18.808556108512555,8.0,18.808556108512555,8.0,18.808556108512555,16.0,2005-08-26 00:00:00,1,miami
25.7,-80.8,61.30794538310236, , ,,,30.19478416442871,,,,,,26.8,0.42,2005,8,26,238,1,18.808556108512555,9.0,18.808556108512555,9.0,18.808556108512555,17.0,2005-08-26 03:00:00,1,miami
25.4,-81.3,118.19959254502898,65,987,29.0,-1.108928680419922,30.19478416442871,,,,,,26.8,0.42,2005,8,26,238,1,18.808556108512555,10.0,18.808556108512555,10.0,18.808556108512555,18.0,2005-08-26 06:00:00,1,miami
25.2,-81.7,163.76765433271953, , ,28.884666442871097,-1.1315650939941406,30.0801944732666,,,,,,26.8,0.42,2005,8,26,238,1,18.808556108512555,11.0,18.808556108512555,11.0,18.808556108512555,19.0,2005-08-26 09:00:00,1,miami
25.1,-82.0,195.91847357027913,75,979,28.465665817260746,-1.5116100311279297,30.0801944732666,,,,,,26.8,0.42,2005,8,26,238,1,18.808556108512555,12.0,18.808556108512555,12.0,18.808556108512555,20.0,2005-08-26 12:00:00,1,miami
25.0,-82.3,228.0975236087035, , ,28.29166603088379,-1.595804214477539,29.881916046142575,,,,,,26.8,0.42,2005,8,26,238,1,18.808556108512555,12.0,18.808556108512555,12.0,18.808556108512555,20.0,2005-08-26 15:00:00,1,miami
24.9,-82.6,260.30269636118936,85,968,28.21699905395508,-1.624603271484375,29.766027450561523,,,,,,26.8,0.42,2005,8,26,238,1,18.808556108512555,12.0,18.808556108512555,12.0,18.808556108512555,20.0,2005-08-26 18:00:00,1,miami
24.7,-82.9,296.87986698693817, , ,28.2549991607666,-1.530588150024414,29.766027450561523,,,,,,26.8,0.42,2005,8,26,238,1,18.808556108512555,12.0,18.808556108512555,12.0,18.808556108512555,20.0,2005-08-26 21:00:00,1,miami
24.6,-83.3,338.38230603042086,90,959,28.249666213989254,-1.5068092346191406,29.766027450561523,,,,,,26.8,0.42,2005,8,27,239,1,18.808556108512555,12.0,18.808556108512555,12.0,18.808556108512555,20.0,2005-08-27 00:00:00,1,miami
24.5,-83.7,379.9930426618168, , ,28.23033332824707,-1.51007080078125,29.734838485717773,,,,,,26.8,0.42,2005,8,27,239,1,18.808556108512555,12.0,18.808556108512555,12.0,18.808556108512555,20.0,2005-08-27 03:00:00,1,miami
24.4,-84.0,412.3066430673444,95,950,28.336332321166992,-1.404680252075195,29.734838485717773,,,,,,26.8,0.42,2005,8,27,239,1,18.808556108512555,12.0,18.808556108512555,12.0,18.808556108512555,20.0,2005-08-27 06:00:00,1,miami
24.4,-84.4,450.01362855828233, , ,28.462665557861328,-1.2898483276367188,29.734838485717773,,,,,,26.8,0.42,2005,8,27,239,1,18.808556108512555,12.0,18.808556108512555,12.0,18.808556108512555,20.0,2005-08-27 09:00:00,0,miami
24.4,-84.7,478.56833192834034,100,942,28.531665802001953,-1.2323532104492188,29.776756286621097,,,,,,26.8,0.42,2005,8,27,239,1,18.808556108512555,12.0,18.808556108512555,12.0,18.808556108512555,20.0,2005-08-27 12:00:00,0,miami
24.4,-85.0,507.31404142506904, , ,28.538000106811523,-1.2462406158447266,29.776756286621097,,,,,,26.8,0.42,2005,8,27,239,1,18.808556108512555,12.0,18.808556108512555,12.0,18.808556108512555,20.0,2005-08-27 15:00:00,0,miami
24.5,-85.3,532.9864946846064,100,948,28.608333587646484,-1.181842803955078,29.776756286621097,,,,,,26.8,0.42,2005,8,27,239,1,18.808556108512555,12.0,18.808556108512555,12.0,18.808556108512555,20.0,2005-08-27 18:00:00,0,miami
24.6,-85.6,559.2860782425236, , ,28.548999786376953,-1.2449703216552734,29.811662673950195,,,,,,26.8,0.42,2005,8,27,239,1,18.808556108512555,12.0,18.808556108512555,12.0,18.808556108512555,20.0,2005-08-27 21:00:00,0,miami
24.8,-85.9,583.7561389602319,100,941,28.571998596191406,-1.222736358642578,29.811662673950195,,,,,,26.8,0.42,2005,8,28,240,1,18.808556108512555,12.0,18.808556108512555,12.0,18.808556108512555,20.0,2005-08-28 00:00:00,0,miami
25.0,-86.3,619.4005218912389, , ,28.83799934387207,-0.9617424011230468,29.811662673950195,,,,,,26.8,0.42,2005,8,28,240,1,18.808556108512555,12.0,18.808556108512555,12.0,18.808556108512555,20.0,2005-08-28 03:00:00,0,miami
25.2,-86.7,656.1956986020543,125,930,28.73833274841309,-1.061687469482422,29.812782287597656,,,,,,26.8,0.42,2005,8,28,240,1,18.808556108512555,12.0,18.808556108512555,12.0,18.808556108512555,20.0,2005-08-28 06:00:00,0,miami
25.4,-87.2,703.9553077364914, , ,28.71533203125,-1.0992488861083984,29.812782287597656,,,,,,26.8,0.42,2005,8,28,240,1,18.808556108512555,12.0,18.808556108512555,12.0,18.808556108512555,20.0,2005-08-28 09:00:00,0,miami
25.7,-87.7,752.0201708744239,145,909,28.79366683959961,-1.0371627807617188,29.852502822875977,,,,,,26.8,0.42,2005,8,28,240,1,18.808556108512555,12.0,18.808556108512555,12.0,18.808556108512555,20.0,2005-08-28 12:00:00,0,miami
26.0,-88.2,801.4729789622781, , ,28.8799991607666,-0.959259033203125,29.852502822875977,,,,,,26.8,0.42,2005,8,28,240,1,18.808556108512555,12.0,18.808556108512555,12.0,18.808556108512555,20.0,2005-08-28 15:00:00,0,miami
26.3,-88.6,842.0852343873913,150,902,28.717998504638672,-1.1196136474609375,29.849214553833008,,,,,,26.8,0.42,2005,8,28,240,1,18.808556108512555,12.0,18.808556108512555,12.0,18.808556108512555,20.0,2005-08-28 18:00:00,0,miami
26.7,-88.9,874.6565326404736, , ,28.707666397094727,-1.127573013305664,29.849214553833008,,,,,,26.8,0.42,2005,8,28,240,1,18.808556108512555,12.0,18.808556108512555,12.0,18.808556108512555,20.0,2005-08-28 21:00:00,0,miami
27.2,-89.2,910.505883617132,140,905,28.444665908813477,-1.371866226196289,29.785398483276367,,,,,,26.8,0.42,2005,8,29,241,1,18.808556108512555,12.0,18.808556108512555,12.0,18.808556108512555,20.0,2005-08-29 00:00:00,0,miami
27.7,-89.4,939.2659566103248, , ,28.26499938964844,-1.5369510650634766,29.785398483276367,,,,,,26.8,0.42,2005,8,29,241,1,18.808556108512555,12.0,18.808556108512555,12.0,18.808556108512555,20.0,2005-08-29 03:00:00,0,miami
28.2,-89.6,970.5768347422494,125,913,28.32033348083496,-1.493011474609375,29.84671401977539,,,,,,26.8,0.42,2005,8,29,241,1,18.808556108512555,12.0,18.808556108512555,12.0,18.808556108512555,20.0,2005-08-29 06:00:00,0,miami
28.8,-89.6,988.867787487269, , ,28.781665802001953,-1.033670425415039,29.84671401977539,,,,,,26.8,0.42,2005,8,29,241,1,18.808556108512555,12.0,18.808556108512555,12.0,18.808556108512555,20.0,2005-08-29 09:00:00,0,miami
29.3,-89.6,1007.212502319074,110,920,,,29.89653968811035,,,,,,26.8,0.42,2005,8,29,241,1,18.808556108512555,12.0,18.808556108512555,12.0,18.808556108512555,20.0,2005-08-29 11:10:00,0,miami
29.5,-89.6,1015.3040959904338,110,923,,,29.89653968811035,,,,,,26.8,0.42,2005,8,29,241,1,18.808556108512555,12.0,18.808556108512555,12.0,18.808556108512555,20.0,2005-08-29 12:00:00,0,miami
30.2,-89.6,1046.8304079359602,105,928,,,29.93801498413086,,,,,,26.8,0.42,2005,8,29,241,1,18.808556108512555,12.0,18.808556108512555,12.0,18.808556108512555,20.0,2005-08-29 14:45:00,0,miami
30.3,-89.6,1051.7239095831858, , ,,,29.93801498413086,,,,,,26.8,0.42,2005,8,29,241,1,18.808556108512555,12.0,18.808556108512555,12.0,18.808556108512555,20.0,2005-08-29 15:00:00,0,miami
31.1,-89.6,1094.1273605428498,80,948,,,,,,,,,26.8,0.42,2005,8,29,241,1,18.808556108512555,12.0,18.808556108512555,12.0,18.808556108512555,20.0,2005-08-29 18:00:00,0,miami
31.9,-89.4,1126.3157116603345, , ,,,,,,,,,26.8,0.42,2005,8,29,241,1,18.808556108512555,12.0,18.808556108512555,12.0,18.808556108512555,20.0,2005-08-29 21:00:00,0,miami
32.6,-89.1,1150.6687654836912,50,961,,,,,,,,,26.8,0.42,2005,8,30,242,1,18.808556108512555,12.0,18.808556108512555,12.0,18.808556108512555,20.0,2005-08-30 00:00:00,0,miami
33.3,-88.9,1187.476813087803, , ,,,,,,,,,26.8,0.42,2005,8,30,242,1,18.808556108512555,12.0,18.808556108512555,12.0,18.808556108512555,20.0,2005-08-30 03:00:00,0,miami
34.1,-88.6,1230.2678843353365,40,978,,,,,,,,,26.8,0.42,2005,8,30,242,1,18.808556108512555,12.0,18.808556108512555,12.0,18.808556108512555,20.0,2005-08-30 06:00:00,0,miami
34.9,-88.3,1278.7619369980698, , ,,,,,,,,,26.8,0.42,2005,8,30,242,1,18.808556108512555,12.0,18.808556108512555,12.0,18.808556108512555,20.0,2005-08-30 09:00:00,0,miami
35.6,-88.0,1323.3600571135912,30,985,,,,,,,,,26.8,0.42,2005,8,30,242,1,18.808556108512555,12.0,18.808556108512555,12.0,18.808556108512555,20.0,2005-08-30 12:00:00,0,miami
36.3,-87.6,1366.8414928660284, , ,,,,,,,,,26.8,0.42,2005,8,30,242,1,18.808556108512555,12.0,18.808556108512555,12.0,18.808556108512555,20.0,2005-08-30 15:00:00,0,miami
37.0,-87.0,1405.8226032755235,30,990,,,,,,,,,26.8,0.42,2005,8,30,242,1,18.808556108512555,12.0,18.808556108512555,12.0,18.808556108512555,20.0,2005-08-30 18:00:00,0,miami
37.8,-86.3,1456.8681145989826, , ,,,,,,,,,26.8,0.42,2005,8,30,242,1,18.808556108512555,12.0,18.808556108512555,12.0,18.808556108512555,20.0,2005-08-30 21:00:00,0,miami
38.6,-85.3,1505.609376587221,30,994,,,,,,,,,26.8,0.42,2005,8,31,243,1,18.808556108512555,12.0,18.808556108512555,12.0,18.808556108512555,20.0,2005-08-31 00:00:00,0,miami
39.4,-84.2,1561.838542955222, , ,,,,,,,,,26.8,0.42,2005,8,31,243,1,18.808556108512555,12.0,18.808556108512555,12.0,18.808556108512555,20.0,2005-08-31 03:00:00,0,miami
40.1,-82.9,1614.0213989303977,25,996,,,,,,,,,26.8,0.42,2005,8,31,243,1,18.808556108512555,12.0,18.808556108512555,12.0,18.808556108512555,20.0,2005-08-31 06:00:00,0,miami
17.6,-78.5,924.181055596812,25,1004,29.151611328125,-0.0829715728759765,29.20381546020508,,,,,,26.65,0.218,2005,10,15,288,1,924.181055596812,0.0,924.181055596812,0.0,18.808556108512555,12.0,2005-10-15 18:00:00,0,miami
17.6,-78.7,920.505065758729, , ,29.151611328125,-0.0829715728759765,29.20381546020508,,,,,,26.65,0.218,2005,10,15,288,1,920.505065758729,0.0,920.505065758729,0.0,18.808556108512555,12.0,2005-10-15 21:00:00,0,miami
17.6,-78.8,918.8354267683336,25,1004,29.15903091430664,-0.0688762664794921,29.20381546020508,,,,,,26.65,0.218,2005,10,16,289,1,918.8354267683336,0.0,918.8354267683336,0.0,18.808556108512555,12.0,2005-10-16 00:00:00,0,miami
17.5,-78.9,928.2877802035356, , ,29.190645217895508,0.0094585418701171,29.20381546020508,,,,,,26.65,0.218,2005,10,16,289,1,918.8354267683336,0.0,918.8354267683336,0.0,18.808556108512555,12.0,2005-10-16 03:00:00,0,miami
17.5,-79.0,926.8610882674568,30,1003,29.149354934692383,-0.0241470336914062,29.20381546020508,,,,,,26.65,0.218,2005,10,16,289,1,918.8354267683336,0.0,918.8354267683336,0.0,18.808556108512555,12.0,2005-10-16 06:00:00,0,miami
17.5,-79.1,925.5473425113202, , ,29.149354934692383,-0.0241470336914062,29.20381546020508,,,,,,26.65,0.218,2005,10,16,289,1,918.8354267683336,0.0,918.8354267683336,0.0,18.808556108512555,12.0,2005-10-16 09:00:00,0,miami
17.5,-79.2,924.3470250649846,30,1003,28.63666534423828,-0.5368366241455078,29.20381546020508,,,,,,26.65,0.218,2005,10,16,289,1,918.8354267683336,0.0,918.8354267683336,0.0,18.808556108512555,12.0,2005-10-16 12:00:00,0,miami
17.5,-79.3,923.2605788294858, , ,28.636999130249023,-0.5263500213623047,29.20381546020508,,,,,,26.65,0.218,2005,10,16,289,1,918.8354267683336,0.0,918.8354267683336,0.0,18.808556108512555,12.0,2005-10-16 15:00:00,0,miami
17.5,-79.4,922.288406676094,30,1002,28.636999130249023,-0.5263500213623047,29.20381546020508,,,,,,26.65,0.218,2005,10,16,289,1,918.8354267683336,0.0,918.8354267683336,0.0,18.808556108512555,12.0,2005-10-16 18:00:00,0,miami
17.5,-79.5,921.4308707116596, , ,28.64033317565918,-0.5128612518310547,29.156475067138672,,,,,,26.65,0.218,2005,10,16,289,1,918.8354267683336,0.0,918.8354267683336,0.0,18.808556108512555,12.0,2005-10-16 21:00:00,0,miami
17.4,-79.6,931.784837884292,30,1001,28.64033317565918,-0.5128612518310547,29.156475067138672,,,,,,26.65,0.218,2005,10,17,290,1,918.8354267683336,0.0,918.8354267683336,0.0,18.808556108512555,12.0,2005-10-17 00:00:00,0,miami
17.2,-79.6,953.9795222252848, , ,28.62066650390625,-0.4904613494873047,29.156475067138672,,,,,,26.65,0.218,2005,10,17,290,1,918.8354267683336,0.0,918.8354267683336,0.0,18.808556108512555,12.0,2005-10-17 03:00:00,0,miami
16.9,-79.6,987.275259830446,35,1000,28.64266586303711,-0.4263954162597656,29.008386611938477,,,,,,26.65,0.218,2005,10,17,290,1,918.8354267683336,0.0,918.8354267683336,0.0,18.808556108512555,12.0,2005-10-17 06:00:00,0,miami
16.6,-79.6,1020.5750632936276, , ,28.676666259765625,-0.3503284454345703,29.008386611938477,,,,,,26.65,0.218,2005,10,17,290,1,918.8354267683336,0.0,918.8354267683336,0.0,18.808556108512555,12.0,2005-10-17 09:00:00,0,miami
16.3,-79.7,1053.3264358315903,40,999,28.700666427612305,-0.3004016876220703,29.008386611938477,,,,,,26.65,0.218,2005,10,17,290,1,918.8354267683336,0.0,918.8354267683336,0.0,18.808556108512555,12.0,2005-10-17 12:00:00,0,miami
16.1,-79.7,1075.5413784478949, , ,28.7549991607666,-0.2362785339355468,29.008386611938477,,,,,,26.65,0.218,2005,10,17,290,1,918.8354267683336,0.0,918.8354267683336,0.0,18.808556108512555,12.0,2005-10-17 15:00:00,0,miami
16.0,-79.8,1086.211819563193,45,997,28.73933219909668,-0.2427425384521484,28.96675682067871,,,,,,26.65,0.218,2005,10,17,290,1,918.8354267683336,0.0,918.8354267683336,0.0,18.808556108512555,12.0,2005-10-17 18:00:00,0,miami
15.9,-79.9,1096.9887732066404, , ,28.73933219909668,-0.2427425384521484,28.96675682067871,,,,,,26.65,0.218,2005,10,17,290,1,918.8354267683336,0.0,918.8354267683336,0.0,18.808556108512555,12.0,2005-10-17 21:00:00,0,miami
15.8,-79.9,1108.104320400783,55,988,28.73933219909668,-0.2427425384521484,28.96675682067871,,,,,,26.65,0.218,2005,10,18,291,1,918.8354267683336,0.0,918.8354267683336,0.0,18.808556108512555,12.0,2005-10-18 00:00:00,0,miami
15.7,-79.9,1119.219945193683, , ,28.797332763671875,-0.174539566040039,28.96675682067871,,,,,,26.65,0.218,2005,10,18,291,1,918.8354267683336,0.0,918.8354267683336,0.0,18.808556108512555,12.0,2005-10-18 03:00:00,0,miami
15.7,-79.9,1119.219945193683,60,982,28.797332763671875,-0.174539566040039,28.96675682067871,,,,,,26.65,0.218,2005,10,18,291,1,918.8354267683336,0.0,918.8354267683336,0.0,18.808556108512555,12.0,2005-10-18 06:00:00,0,miami
15.9,-80.0,1096.7515199946238, , ,28.657665252685547,-0.3228263854980469,28.96675682067871,,,,,,26.65,0.218,2005,10,18,291,1,918.8354267683336,0.0,918.8354267683336,0.0,18.808556108512555,12.0,2005-10-18 09:00:00,0,miami
16.2,-80.3,1063.2716754481007,65,979,28.51566505432129,-0.473917007446289,29.008386611938477,,,,,,26.65,0.218,2005,10,18,291,1,918.8354267683336,0.0,918.8354267683336,0.0,18.808556108512555,12.0,2005-10-18 12:00:00,0,miami
16.4,-80.7,1042.3037640299033, , ,28.487998962402344,-0.5139274597167969,29.009624481201172,,,,,,26.65,0.218,2005,10,18,291,1,918.8354267683336,0.0,918.8354267683336,0.0,18.808556108512555,12.0,2005-10-18 15:00:00,0,miami
16.6,-81.1,1023.0638767406804,75,975,28.42966651916504,-0.6021862030029297,29.009624481201172,,,,,,26.65,0.218,2005,10,18,291,1,918.8354267683336,0.0,918.8354267683336,0.0,18.808556108512555,12.0,2005-10-18 18:00:00,0,miami
16.6,-81.5,1027.6968515976014, , ,28.23433303833008,-0.8267822265625,29.08139419555664,,,,,,26.65,0.218,2005,10,18,291,1,918.8354267683336,0.0,918.8354267683336,0.0,18.808556108512555,12.0,2005-10-18 21:00:00,0,miami
16.6,-81.8,1032.2485855617151,130,946,28.17333221435547,-0.902414321899414,29.08139419555664,,,,,,26.65,0.218,2005,10,19,292,1,918.8354267683336,0.0,918.8354267683336,0.0,18.808556108512555,12.0,2005-10-19 00:00:00,0,miami
16.8,-82.0,1013.903279573539, , ,28.189998626708984,-0.8954010009765625,29.08139419555664,,,,,,26.65,0.218,2005,10,19,292,1,918.8354267683336,0.0,918.8354267683336,0.0,18.808556108512555,12.0,2005-10-19 03:00:00,0,miami
17.0,-82.2,996.136813092267,150,892,28.189998626708984,-0.8954010009765625,29.08139419555664,,,,,,26.65,0.218,2005,10,19,292,1,918.8354267683336,0.0,918.8354267683336,0.0,18.808556108512555,12.0,2005-10-19 06:00:00,0,miami
17.2,-82.5,981.438672025484, , ,28.049333572387695,-1.0319709777832031,29.072975158691406,,,,,,26.65,0.218,2005,10,19,292,1,918.8354267683336,0.0,918.8354267683336,0.0,18.808556108512555,12.0,2005-10-19 09:00:00,0,miami
17.3,-82.8,978.7109869675608,160,882,27.992666244506836,-1.0837764739990234,29.072975158691406,,,,,,26.65,0.218,2005,10,19,292,1,918.8354267683336,0.0,918.8354267683336,0.0,18.808556108512555,12.0,2005-10-19 12:00:00,0,miami
17.3,-83.1,987.6907077669418, , ,27.926666259765625,-1.1461143493652344,29.072975158691406,,,,,,26.65,0.218,2005,10,19,292,1,918.8354267683336,0.0,918.8354267683336,0.0,18.808556108512555,12.0,2005-10-19 15:00:00,0,miami
17.4,-83.4,987.03635224226,140,892,27.913665771484375,-1.156538009643555,29.072975158691406,,,,,,26.65,0.218,2005,10,19,292,1,918.8354267683336,0.0,918.8354267683336,0.0,18.808556108512555,12.0,2005-10-19 18:00:00,0,miami
17.6,-83.7,977.0870021678746, , ,27.945999145507812,-1.1321983337402344,29.070039749145508,,,,,,26.65,0.218,2005,10,19,292,1,918.8354267683336,0.0,918.8354267683336,0.0,18.808556108512555,12.0,2005-10-19 21:00:00,0,miami
17.9,-84.0,958.301182347066,135,892,27.917333602905273,-1.1715641021728516,29.070039749145508,,,,,,26.65,0.218,2005,10,20,293,1,918.8354267683336,0.0,918.8354267683336,0.0,18.808556108512555,12.0,2005-10-20 00:00:00,0,miami
18.0,-84.4,965.91069785465, , ,27.856332778930664,-1.2341346740722656,29.070039749145508,,,,,,26.65,0.218,2005,10,20,293,1,918.8354267683336,0.0,918.8354267683336,0.0,18.808556108512555,12.0,2005-10-20 03:00:00,0,miami
18.1,-84.7,970.3339516759796,130,901,27.736665725708008,-1.3633441925048828,29.10821533203125,,,,,,26.65,0.218,2005,10,20,293,1,918.8354267683336,0.0,918.8354267683336,0.0,18.808556108512555,12.0,2005-10-20 06:00:00,0,miami
18.2,-85.0,975.8238211310916, , ,27.571998596191406,-1.5254592895507812,29.10821533203125,,,,,,26.65,0.218,2005,10,20,293,1,918.8354267683336,0.0,918.8354267683336,0.0,18.808556108512555,12.0,2005-10-20 09:00:00,0,miami
18.3,-85.2,976.8870389250144,130,910,27.555999755859375,-1.546133041381836,29.10821533203125,,,,,,26.65,0.218,2005,10,20,293,1,918.8354267683336,0.0,918.8354267683336,0.0,18.808556108512555,12.0,2005-10-20 12:00:00,0,miami
18.4,-85.4,978.49433461505, , ,27.439998626708984,-1.6555023193359375,29.10821533203125,,,,,,26.65,0.218,2005,10,20,293,1,918.8354267683336,0.0,918.8354267683336,0.0,18.808556108512555,12.0,2005-10-20 15:00:00,0,miami
18.6,-85.5,965.5486800730548,130,917,27.3093318939209,-1.7827644348144531,29.078256607055664,,,,,,26.65,0.218,2005,10,20,293,1,918.8354267683336,0.0,918.8354267683336,0.0,18.808556108512555,12.0,2005-10-20 18:00:00,0,miami
18.8,-85.6,953.040386736812, , ,27.44066619873047,-1.6566390991210938,29.078256607055664,,,,,,26.65,0.218,2005,10,20,293,1,918.8354267683336,0.0,918.8354267683336,0.0,18.808556108512555,12.0,2005-10-20 21:00:00,0,miami
19.1,-85.8,938.2771880451548,130,924,27.532665252685547,-1.5584335327148438,29.089670181274418,,,,,,26.65,0.218,2005,10,21,294,1,918.8354267683336,0.0,918.8354267683336,0.0,18.808556108512555,12.0,2005-10-21 00:00:00,0,miami
19.3,-86.0,933.5447402254248, , ,27.60700035095215,-1.4758415222167969,29.089670181274418,,,,,,26.65,0.218,2005,10,21,294,1,918.8354267683336,0.0,918.8354267683336,0.0,18.808556108512555,12.0,2005-10-21 03:00:00,0,miami
19.5,-86.1,922.973227210862,130,930,27.60700035095215,-1.4758415222167969,29.089670181274418,,,,,,26.65,0.218,2005,10,21,294,1,918.8354267683336,0.0,918.8354267683336,0.0,18.808556108512555,12.0,2005-10-21 06:00:00,0,miami
19.8,-86.2,904.593263143348, , ,27.646665573120117,-1.4207878112792969,29.089670181274418,,,,,,26.65,0.218,2005,10,21,294,1,904.593263143348,0.0,904.593263143348,0.0,18.808556108512555,12.0,2005-10-21 09:00:00,0,miami
20.1,-86.4,894.4112834568232,125,929,27.57933235168457,-1.4637432098388672,29.04773330688477,,,,,,26.65,0.218,2005,10,21,294,1,894.4112834568232,0.0,894.4112834568232,0.0,18.808556108512555,12.0,2005-10-21 12:00:00,0,miami
20.2,-86.6,901.2301451781104, , ,27.534666061401367,-1.494821548461914,28.989734649658203,,,,,,26.65,0.218,2005,10,21,294,1,894.4112834568232,0.0,894.4112834568232,0.0,18.808556108512555,12.0,2005-10-21 15:00:00,0,miami
20.3,-86.7,900.9943456975384,120,926,27.485666275024418,-1.531818389892578,28.989734649658203,,,,,,26.65,0.218,2005,10,21,294,1,894.4112834568232,0.0,894.4112834568232,0.0,18.808556108512555,12.0,2005-10-21 18:00:00,0,miami
20.6,-86.8,886.078248946127, , ,27.336332321166992,-1.555074691772461,28.989734649658203,,,,,,26.65,0.218,2005,10,21,294,1,886.078248946127,0.0,886.078248946127,0.0,18.808556108512555,12.0,2005-10-21 21:00:00,0,miami
20.6,-86.8,886.078248946127,130,927,27.336332321166992,-1.555074691772461,28.989734649658203,,,,,,26.65,0.218,2005,10,21,294,1,886.078248946127,0.0,886.078248946127,0.0,18.808556108512555,12.0,2005-10-21 21:45:00,0,miami
20.6,-86.8,886.078248946127,120,930,27.336332321166992,-1.555074691772461,28.989734649658203,,,,,,26.65,0.218,2005,10,22,295,1,886.078248946127,0.0,886.078248946127,0.0,18.808556108512555,12.0,2005-10-22 00:00:00,0,miami
20.8,-86.9,879.3902138672138, , ,27.312000274658203,-1.3682537078857422,28.989734649658203,,,,,,26.65,0.218,2005,10,22,295,1,879.3902138672138,0.0,879.3902138672138,0.0,18.808556108512555,12.0,2005-10-22 03:00:00,0,miami
20.8,-86.9,879.3902138672138,115,933,27.312000274658203,-1.3682537078857422,28.989734649658203,,,,,,26.65,0.218,2005,10,22,295,1,879.3902138672138,0.0,879.3902138672138,0.0,18.808556108512555,12.0,2005-10-22 03:30:00,0,miami
20.8,-87.0,887.361119088803,110,935,,,28.989734649658203,,,,,,26.65,0.218,2005,10,22,295,1,879.3902138672138,0.0,879.3902138672138,0.0,18.808556108512555,12.0,2005-10-22 06:00:00,0,miami
20.9,-87.1,888.3687236260902, , ,,,28.989734649658203,,,,,,26.65,0.218,2005,10,22,295,1,879.3902138672138,0.0,879.3902138672138,0.0,18.808556108512555,12.0,2005-10-22 09:00:00,0,miami
21.0,-87.1,881.4441013478083,100,947,,,28.989734649658203,,,,,,26.65,0.218,2005,10,22,295,1,879.3902138672138,0.0,879.3902138672138,0.0,18.808556108512555,12.0,2005-10-22 12:00:00,0,miami
21.1,-87.1,874.6054710821771, , ,,,28.044986724853516,,,,,,26.65,0.218,2005,10,22,295,1,874.6054710821771,0.0,874.6054710821771,0.0,18.808556108512555,12.0,2005-10-22 15:00:00,0,miami
21.3,-87.1,861.1943553491825,85,958,,,28.044986724853516,,,,,,26.65,0.218,2005,10,22,295,1,861.1943553491825,0.0,861.1943553491825,0.0,18.808556108512555,12.0,2005-10-22 18:00:00,0,miami
21.5,-87.1,848.1520812494363, , ,,,28.044986724853516,,,,,,26.65,0.218,2005,10,22,295,1,848.1520812494363,0.0,848.1520812494363,0.0,18.808556108512555,12.0,2005-10-22 21:00:00,0,miami
21.6,-87.0,833.2924660832756,85,960,25.966333389282227,-2.033355712890625,28.044986724853516,,,,,,26.65,0.218,2005,10,23,296,1,833.2924660832756,0.0,833.2924660832756,0.0,18.808556108512555,12.0,2005-10-23 00:00:00,0,miami
21.7,-86.9,818.4526845782079, , ,26.30466651916504,-1.8579349517822263,28.044986724853516,,,,,,26.65,0.218,2005,10,23,296,1,818.4526845782079,0.0,818.4526845782079,0.0,18.808556108512555,12.0,2005-10-23 03:00:00,0,miami
21.8,-86.8,803.6336059157721,85,962,26.27966690063477,-1.9033927917480469,28.044986724853516,,,,,,26.65,0.218,2005,10,23,296,1,803.6336059157721,0.0,803.6336059157721,0.0,18.808556108512555,12.0,2005-10-23 06:00:00,0,miami
22.1,-86.5,759.31024593519, , ,26.88333320617676,-1.491048812866211,28.16195297241211,,,,,,26.65,0.218,2005,10,23,296,1,759.31024593519,0.0,759.31024593519,0.0,18.808556108512555,12.0,2005-10-23 09:00:00,0,miami
22.4,-86.1,706.5801394839448,85,961,27.580331802368164,-1.1035404205322266,28.740015029907227,,,,,,26.65,0.218,2005,10,23,296,1,706.5801394839448,0.0,706.5801394839448,0.0,18.808556108512555,12.0,2005-10-23 12:00:00,0,miami
22.7,-85.8,662.6567864835317, , ,27.4516658782959,-1.2844886779785156,28.740015029907227,,,,,,26.65,0.218,2005,10,23,296,1,662.6567864835317,0.0,662.6567864835317,0.0,18.808556108512555,12.0,2005-10-23 15:00:00,0,miami
23.1,-85.4,604.5642411573326,90,963,27.157665252685547,-1.5573005676269531,28.69303321838379,,,,,,26.65,0.218,2005,10,23,296,1,604.5642411573326,0.0,604.5642411573326,0.0,18.808556108512555,12.0,2005-10-23 18:00:00,0,miami
23.5,-84.9,538.19247540005, , ,27.101333618164062,-1.6078758239746094,28.69303321838379,,,,,,26.65,0.218,2005,10,23,296,1,538.19247540005,0.0,538.19247540005,0.0,18.808556108512555,12.0,2005-10-23 21:00:00,0,miami
24.0,-84.3,458.3401355275655,95,958,26.90733337402344,-1.638265609741211,28.656246185302734,,,,,,26.65,0.218,2005,10,24,297,1,458.3401355275655,0.0,458.3401355275655,0.0,18.808556108512555,12.0,2005-10-24 00:00:00,0,miami
24.5,-83.8,389.36533342261265, , ,26.1560001373291,-2.1657581329345703,28.286821365356445,,,,,,26.65,0.218,2005,10,24,297,1,389.36533342261265,0.0,389.36533342261265,0.0,18.808556108512555,12.0,2005-10-24 03:00:00,1,miami
25.0,-83.1,304.184324509564,110,953,25.597665786743164,-2.5447216033935547,28.196800231933594,,,,,,26.65,0.218,2005,10,24,297,1,304.184324509564,0.0,304.184324509564,0.0,18.808556108512555,12.0,2005-10-24 06:00:00,1,miami
25.6,-82.3,212.0268664041677, , ,24.986000061035156,-2.9410133361816406,27.924406051635746,,,,,,26.65,0.218,2005,10,24,297,1,212.0268664041677,0.0,212.0268664041677,0.0,18.808556108512555,12.0,2005-10-24 09:00:00,1,miami
25.9,-81.7,151.7283516882947,105,950,24.204666137695312,,27.924406051635746,,,,,,26.65,0.218,2005,10,24,297,1,151.7283516882947,1.0,151.7283516882947,1.0,18.808556108512555,13.0,2005-10-24 10:30:00,1,miami
26.2,-81.0,94.34793021820794,95,950,,,,,,,,,26.65,0.218,2005,10,24,297,1,94.34793021820794,2.0,94.34793021820794,2.0,18.808556108512555,14.0,2005-10-24 12:00:00,1,miami
27.0,-79.9,140.72720676500128, , ,26.3439998626709,-1.915056228637695,28.44429588317871,,,,,,26.65,0.218,2005,10,24,297,1,94.34793021820794,3.0,94.34793021820794,3.0,18.808556108512555,15.0,2005-10-24 15:00:00,1,miami
28.0,-78.8,284.59675138658093,105,955,26.128332138061523,-1.7941646575927734,27.97512435913086,,,,,,26.65,0.218,2005,10,24,297,1,94.34793021820794,3.0,94.34793021820794,3.0,18.808556108512555,15.0,2005-10-24 18:00:00,0,miami
28.9,-77.5,438.68499427474774, , ,25.90133285522461,-1.6047039031982422,27.637731552124023,,,,,,26.65,0.218,2005,10,24,297,1,94.34793021820794,3.0,94.34793021820794,3.0,18.808556108512555,15.0,2005-10-24 21:00:00,0,miami
30.1,-76.0,634.1370038327937,110,955,25.086000442504883,-1.8104362487792969,26.75859260559082,,,,,,26.65,0.218,2005,10,25,298,1,94.34793021820794,3.0,94.34793021820794,3.0,18.808556108512555,15.0,2005-10-25 00:00:00,0,miami
31.6,-74.1,879.7407101403753, , ,24.088333129882812,-2.1051254272460938,26.20332717895508,,,,,,26.65,0.218,2005,10,25,298,1,94.34793021820794,3.0,94.34793021820794,3.0,18.808556108512555,15.0,2005-10-25 03:00:00,0,miami
33.3,-72.0,1152.698783554785,100,963,24.066665649414062,-1.4648590087890625,25.48826789855957,,,,,,26.65,0.218,2005,10,25,298,1,94.34793021820794,3.0,94.34793021820794,3.0,18.808556108512555,15.0,2005-10-25 06:00:00,0,miami
35.0,-70.0,1416.4048152455523, , ,23.12566566467285,-2.1662845611572266,25.34208297729492,,,,,,26.65,0.218,2005,10,25,298,1,94.34793021820794,3.0,94.34793021820794,3.0,18.808556108512555,15.0,2005-10-25 09:00:00,0,miami
36.8,-67.9,1691.3433804970396,90,970,23.322999954223633,-1.9528675079345703,25.294675827026367,,,,,,26.65,0.218,2005,10,25,298,1,94.34793021820794,3.0,94.34793021820794,3.0,18.808556108512555,15.0,2005-10-25 12:00:00,0,miami
38.8,-65.7,1984.2920648088905, , ,22.005332946777344,-1.475473403930664,23.892030715942383,,,,,,26.65,0.218,2005,10,25,298,1,94.34793021820794,3.0,94.34793021820794,3.0,18.808556108512555,15.0,2005-10-25 15:00:00,0,miami
40.5,-63.5,2250.770117120668,75,976,20.5,-1.6953125,21.885854721069336,,,,,,26.65,0.218,2005,10,25,298,1,94.34793021820794,3.0,94.34793021820794,3.0,18.808556108512555,15.0,2005-10-25 18:00:00,0,miami
41.7,-61.6,2458.458210162191, , ,17.77833366394043,-1.8815994262695312,19.73599624633789,,,,,,26.65,0.218,2005,10,25,298,1,94.34793021820794,3.0,94.34793021820794,3.0,18.808556108512555,15.0,2005-10-25 21:00:00,0,miami
42.5,-60.0,2616.8751541328147,60,978,16.477333068847656,-1.9583492279052737,18.16157913208008,,,,,,26.65,0.218,2005,10,26,299,1,94.34793021820794,3.0,94.34793021820794,3.0,18.808556108512555,15.0,2005-10-26 00:00:00,0,miami
43.3,-58.7,2755.118161488097, , ,11.505332946777344,-4.276629447937012,15.096570014953612,,,,,,26.65,0.218,2005,10,26,299,1,94.34793021820794,3.0,94.34793021820794,3.0,18.808556108512555,15.0,2005-10-26 03:00:00,0,miami
44.0,-57.5,2879.1054909606137,55,982,10.377666473388672,-4.324254989624023,15.707128524780272,,,,,,26.65,0.218,2005,10,26,299,1,94.34793021820794,3.0,94.34793021820794,3.0,18.808556108512555,15.0,2005-10-26 06:00:00,0,miami
44.6,-56.3,2995.5342139657496, , ,9.93833351135254,-3.2378740310668945,13.655644416809082,,,,,,26.65,0.218,2005,10,26,299,1,94.34793021820794,3.0,94.34793021820794,3.0,18.808556108512555,15.0,2005-10-26 09:00:00,0,miami
45.0,-55.0,3104.777656192886,50,986,9.992666244506836,-3.0796499252319336,14.053178787231444,,,,,,26.65,0.218,2005,10,26,299,1,94.34793021820794,3.0,94.34793021820794,3.0,18.808556108512555,15.0,2005-10-26 12:00:00,0,miami
45.3,-53.6,3214.2898185247186, , ,8.854999542236328,-3.113073348999023,11.586678504943848,,,,,,26.65,0.218,2005,10,26,299,1,94.34793021820794,3.0,94.34793021820794,3.0,18.808556108512555,15.0,2005-10-26 15:00:00,0,miami
45.5,-52.0,3331.5689177081063,40,990,8.173666000366211,-3.943058013916016,11.956045150756836,,,,,,26.65,0.218,2005,10,26,299,1,94.34793021820794,3.0,94.34793021820794,3.0,18.808556108512555,15.0,2005-10-26 18:00:00,0,miami
12.7,-61.6,2427.61314847442,30,1008,29.482666015625,0.75537109375,28.741779327392575,,,,,,27.16,0.381,2006,8,24,236,1,2427.61314847442,0.0,2427.61314847442,0.0,18.808556108512555,15.0,2006-08-24 18:00:00,0,miami
12.9,-62.3,2355.0278373628207, , ,29.57433319091797,0.8252410888671875,28.741779327392575,,,,,,27.16,0.381,2006,8,24,236,1,2355.0278373628207,0.0,2355.0278373628207,0.0,18.808556108512555,15.0,2006-08-24 21:00:00,0,miami
13.0,-63.0,2290.065241185458,30,1007,29.38599967956543,0.6181678771972656,28.802778244018555,,,,,,27.16,0.381,2006,8,25,237,1,2290.065241185458,0.0,2290.065241185458,0.0,18.808556108512555,15.0,2006-08-25 00:00:00,0,miami
13.1,-63.7,2225.720823411462, , ,29.338333129882812,0.6106605529785156,28.75516891479492,,,,,,27.16,0.381,2006,8,25,237,1,2225.720823411462,0.0,2225.720823411462,0.0,18.808556108512555,15.0,2006-08-25 03:00:00,0,miami
13.3,-64.4,2154.537694137871,30,1005,29.38666534423828,0.6883926391601562,28.75516891479492,,,,,,27.16,0.381,2006,8,25,237,1,2154.537694137871,0.0,2154.537694137871,0.0,18.808556108512555,14.0,2006-08-25 06:00:00,0,miami
13.5,-65.1,2083.8388974941568, , ,29.181333541870117,0.5559768676757812,28.673439025878903,,,,,,27.16,0.381,2006,8,25,237,1,2083.8388974941568,0.0,2083.8388974941568,0.0,18.808556108512555,13.0,2006-08-25 09:00:00,0,miami
13.7,-65.8,2013.6689173678624,35,1005,29.20199966430664,0.5744342803955078,28.610157012939453,,,,,,27.16,0.381,2006,8,25,237,1,2013.6689173678624,0.0,2013.6689173678624,0.0,18.808556108512555,12.0,2006-08-25 12:00:00,0,miami
13.9,-66.5,1944.078106159157, , ,29.216333389282227,0.5789833068847656,28.613487243652344,,,,,,27.16,0.381,2006,8,25,237,1,1944.078106159157,0.0,1944.078106159157,0.0,18.808556108512555,11.0,2006-08-25 15:00:00,0,miami
14.0,-67.1,1890.6155023338429,35,1004,29.17166519165039,0.5335540771484375,28.613487243652344,,,,,,27.16,0.381,2006,8,25,237,1,1890.6155023338429,0.0,1890.6155023338429,0.0,18.808556108512555,10.0,2006-08-25 18:00:00,0,miami
14.1,-67.7,1837.8408703222003, , ,29.18899917602539,0.5250511169433594,28.696401596069336,,,,,,27.16,0.381,2006,8,25,237,1,1837.8408703222003,0.0,1837.8408703222003,0.0,18.808556108512555,9.0,2006-08-25 21:00:00,0,miami
14.3,-68.3,1777.5812571642523,40,1002,29.13333320617676,0.4409923553466797,28.696401596069336,,,,,,27.16,0.381,2006,8,26,238,1,1777.5812571642523,0.0,1777.5812571642523,0.0,61.30794538310236,7.0,2006-08-26 00:00:00,0,miami
14.4,-68.9,1726.214334367137, , ,29.141332626342773,0.4436321258544922,28.706058502197266,,,,,,27.16,0.381,2006,8,26,238,1,1726.214334367137,0.0,1726.214334367137,0.0,94.34793021820794,6.0,2006-08-26 03:00:00,0,miami
14.6,-69.5,1667.218231951077,45,999,29.1126651763916,0.4211235046386719,28.69023704528809,,,,,,27.16,0.381,2006,8,26,238,1,1667.218231951077,0.0,1667.218231951077,0.0,94.34793021820794,5.0,2006-08-26 06:00:00,0,miami
14.8,-70.0,1615.692786291313, , ,29.080333709716797,0.4103374481201172,28.69023704528809,,,,,,27.16,0.381,2006,8,26,238,1,1615.692786291313,0.0,1615.692786291313,0.0,94.34793021820794,4.0,2006-08-26 09:00:00,0,miami
15.1,-70.4,1562.6669382662622,50,997,29.06333351135254,0.4133930206298828,28.65213394165039,,,,,,27.16,0.381,2006,8,26,238,1,1562.6669382662622,0.0,1562.6669382662622,0.0,94.34793021820794,3.0,2006-08-26 12:00:00,0,miami
15.4,-70.8,1509.751662149375, , ,28.966665267944336,0.3450164794921875,28.613685607910156,,,,,,27.16,0.381,2006,8,26,238,1,1509.751662149375,0.0,1509.751662149375,0.0,94.34793021820794,3.0,2006-08-26 15:00:00,0,miami
15.7,-71.2,1456.9543588512756,55,997,28.93400001525879,0.3277816772460937,28.613685607910156,,,,,,27.16,0.381,2006,8,26,238,1,1456.9543588512756,0.0,1456.9543588512756,0.0,94.34793021820794,3.0,2006-08-26 18:00:00,0,miami
16.0,-71.6,1404.283385130645, , ,28.97433280944824,0.388864517211914,28.57237434387207,,,,,,27.16,0.381,2006,8,26,238,1,1404.283385130645,0.0,1404.283385130645,0.0,94.34793021820794,3.0,2006-08-26 21:00:00,0,miami
16.3,-72.0,1351.748232540791,55,995,29.15633201599121,0.5840129852294922,28.575014114379883,,,,,,27.16,0.381,2006,8,27,239,1,1351.748232540791,0.0,1351.748232540791,0.0,94.34793021820794,3.0,2006-08-27 00:00:00,0,miami
16.6,-72.4,1299.3597476512225, , ,29.19933319091797,0.6061363220214844,28.575014114379883,,,,,,27.16,0.381,2006,8,27,239,1,1299.3597476512225,0.0,1299.3597476512225,0.0,94.34793021820794,3.0,2006-08-27 03:00:00,0,miami
16.9,-72.7,1253.4948818650523,65,992,29.2103328704834,0.5750694274902344,28.55936622619629,,,,,,27.16,0.381,2006,8,27,239,1,1253.4948818650523,0.0,1253.4948818650523,0.0,94.34793021820794,3.0,2006-08-27 06:00:00,0,miami
17.2,-73.1,1201.3473708559784, , ,29.267000198364254,0.5948524475097656,28.737628936767575,,,,,,27.16,0.381,2006,8,27,239,1,1201.3473708559784,0.0,1201.3473708559784,0.0,94.34793021820794,3.0,2006-08-27 09:00:00,0,miami
17.4,-73.4,1164.607043686173,55,997,29.36433219909668,0.6439533233642578,28.737628936767575,,,,,,27.16,0.381,2006,8,27,239,1,1164.607043686173,0.0,1164.607043686173,0.0,94.34793021820794,3.0,2006-08-27 12:00:00,0,miami
17.6,-73.7,1128.005603827225, , ,29.52666664123535,0.6833286285400391,28.752286911010746,,,,,,27.16,0.381,2006,8,27,239,1,1128.005603827225,0.0,1128.005603827225,0.0,94.34793021820794,3.0,2006-08-27 15:00:00,0,miami
17.8,-74.0,1091.5541852252052,45,1002,29.609664916992188,0.5888385772705078,28.752286911010746,,,,,,27.16,0.381,2006,8,27,239,1,1091.5541852252052,0.0,1091.5541852252052,0.0,94.34793021820794,3.0,2006-08-27 18:00:00,0,miami
18.0,-74.3,1055.2653555806164, , ,29.542665481567383,0.5195274353027344,28.752286911010746,,,,,,27.16,0.381,2006,8,27,239,1,1055.2653555806164,0.0,1055.2653555806164,0.0,94.34793021820794,3.0,2006-08-27 21:00:00,0,miami
18.3,-74.6,1009.891999026142,40,1003,30.073999404907227,0.7565746307373047,29.345483779907227,,,,,,27.16,0.381,2006,8,28,240,1,1009.891999026142,0.0,1009.891999026142,0.0,94.34793021820794,3.0,2006-08-28 00:00:00,0,miami
18.7,-74.9,955.3339269383392, , ,30.096332550048828,0.7204723358154297,29.345483779907227,,,,,,27.16,0.381,2006,8,28,240,1,955.3339269383392,0.0,955.3339269383392,0.0,94.34793021820794,3.0,2006-08-28 03:00:00,0,miami
19.1,-75.2,900.8172380488102,40,1004,29.97599983215332,0.5390853881835938,29.469470977783203,,,,,,27.16,0.381,2006,8,28,240,1,900.8172380488102,0.0,900.8172380488102,0.0,94.34793021820794,3.0,2006-08-28 06:00:00,0,miami
19.6,-75.3,849.0697197533003, , ,30.097000122070312,,29.469470977783203,,,,,,27.16,0.381,2006,8,28,240,1,849.0697197533003,0.0,849.0697197533003,0.0,94.34793021820794,3.0,2006-08-28 09:00:00,0,miami
19.9,-75.5,809.7542451558703,35,1005,30.295331954956055,,29.64947509765625,,,,,,27.16,0.381,2006,8,28,240,1,809.7542451558703,0.0,809.7542451558703,0.0,94.34793021820794,3.0,2006-08-28 11:15:00,0,miami
20.0,-75.6,794.632916888994,35,1005,30.295331954956055,,29.64947509765625,,,,,,27.16,0.381,2006,8,28,240,1,794.632916888994,0.0,794.632916888994,0.0,94.34793021820794,3.0,2006-08-28 12:00:00,0,miami
20.4,-76.0,734.2297487749121, , ,,,,,,,,,27.16,0.381,2006,8,28,240,1,734.2297487749121,0.0,734.2297487749121,0.0,94.34793021820794,3.0,2006-08-28 15:00:00,0,miami
20.8,-76.4,673.9708537351939,35,1007,,,,,,,,,27.16,0.381,2006,8,28,240,1,673.9708537351939,0.0,673.9708537351939,0.0,94.34793021820794,3.0,2006-08-28 18:00:00,0,miami
21.2,-76.9,608.1949361266551, , ,,,28.993879318237305,,,,,,27.16,0.381,2006,8,28,240,1,608.1949361266551,0.0,608.1949361266551,0.0,94.34793021820794,3.0,2006-08-28 21:00:00,0,miami
21.6,-77.4,543.0575201865256,35,1007,,,28.993879318237305,,,,,,27.16,0.381,2006,8,29,241,1,543.0575201865256,0.0,543.0575201865256,0.0,94.34793021820794,3.0,2006-08-29 00:00:00,0,miami
22.0,-78.0,473.91306663096367, , ,,,,,,,,,27.16,0.381,2006,8,29,241,1,473.91306663096367,0.0,473.91306663096367,0.0,94.34793021820794,3.0,2006-08-29 03:00:00,0,miami
22.4,-78.5,411.3548111052132,40,1006,30.442333221435547,,29.414600372314453,,,,,,27.16,0.381,2006,8,29,241,1,411.3548111052132,0.0,411.3548111052132,0.0,94.34793021820794,3.0,2006-08-29 06:00:00,0,miami
22.8,-78.9,354.39155383565526, , ,29.77466583251953,0.2455787658691406,29.414600372314453,,,,,,27.16,0.381,2006,8,29,241,1,354.39155383565526,0.0,354.39155383565526,0.0,94.34793021820794,3.0,2006-08-29 09:00:00,0,miami
23.2,-79.3,298.79930730850253,40,1006,29.716665267944336,0.1986274719238281,29.67907333374023,,,,,,27.16,0.381,2006,8,29,241,1,298.79930730850253,0.0,298.79930730850253,0.0,94.34793021820794,3.0,2006-08-29 12:00:00,0,miami
23.5,-79.6,258.50414252677166, , ,29.674999237060547,0.1409988403320312,29.49271774291992,,,,,,27.16,0.381,2006,8,29,241,1,258.50414252677166,0.0,258.50414252677166,0.0,94.34793021820794,3.0,2006-08-29 15:00:00,0,miami
23.9,-79.9,209.0951997103036,40,1005,29.726333618164062,0.1790275573730468,29.49271774291992,,,,,,27.16,0.381,2006,8,29,241,1,209.0951997103036,0.0,209.0951997103036,0.0,94.34793021820794,3.0,2006-08-29 18:00:00,1,miami
24.3,-80.2,162.53572377621978, , ,29.935333251953125,0.3667812347412109,29.554227828979492,,,,,,27.16,0.381,2006,8,29,241,1,162.53572377621978,1.0,162.53572377621978,1.0,94.34793021820794,4.0,2006-08-29 21:00:00,1,miami
24.7,-80.4,119.89866466965688,40,1004,29.928665161132812,0.2689971923828125,29.554227828979492,,,,,,27.16,0.381,2006,8,30,242,1,119.89866466965688,2.0,119.89866466965688,2.0,94.34793021820794,5.0,2006-08-30 00:00:00,1,miami
24.9,-80.6,104.22995417583414,40,1003,29.73699951171875,-0.0609874725341796,29.764822006225582,,,,,,27.16,0.381,2006,8,30,242,1,104.22995417583414,3.0,104.22995417583414,3.0,94.34793021820794,6.0,2006-08-30 03:00:00,1,miami
25.2,-80.7,80.64284368595573,40,1003,29.631999969482425,-0.2407436370849609,30.19478416442871,,,,,,27.16,0.381,2006,8,30,242,1,80.64284368595573,4.0,80.64284368595573,4.0,80.64284368595573,7.0,2006-08-30 05:00:00,1,miami
25.3,-80.8,79.74757746023728,40,1003,,,30.19478416442871,,,,,,27.16,0.381,2006,8,30,242,1,79.74757746023728,5.0,79.74757746023728,5.0,79.74757746023728,8.0,2006-08-30 06:00:00,1,miami
25.7,-81.0,81.24681501006549, , ,,,30.19478416442871,,,,,,27.16,0.381,2006,8,30,242,1,79.74757746023728,6.0,79.74757746023728,6.0,79.74757746023728,9.0,2006-08-30 09:00:00,1,miami
26.1,-81.0,89.14532335688355,35,1002,,,,,,,,,27.16,0.381,2006,8,30,242,1,79.74757746023728,7.0,79.74757746023728,7.0,79.74757746023728,10.0,2006-08-30 12:00:00,1,miami
26.5,-81.0,115.10473188630505, , ,,,,,,,,,27.16,0.381,2006,8,30,242,1,79.74757746023728,8.0,79.74757746023728,8.0,79.74757746023728,11.0,2006-08-30 15:00:00,1,miami
27.0,-80.9,154.71219773199996,35,1001,,,,,,,,,27.16,0.381,2006,8,30,242,1,79.74757746023728,9.0,79.74757746023728,9.0,79.74757746023728,12.0,2006-08-30 18:00:00,1,miami
27.5,-80.8,202.52232737817891, , ,,,,,,,,,27.16,0.381,2006,8,30,242,1,79.74757746023728,9.0,79.74757746023728,9.0,79.74757746023728,12.0,2006-08-30 21:00:00,1,miami
28.1,-80.7,264.8420507231791,35,1000,,,27.733264923095703,,,,,,27.16,0.381,2006,8,31,243,1,79.74757746023728,9.0,79.74757746023728,9.0,79.74757746023728,12.0,2006-08-31 00:00:00,1,miami
28.7,-80.6,329.20636664754113, , ,27.407665252685547,-0.7731170654296875,27.733264923095703,,,,,,27.16,0.381,2006,8,31,243,1,79.74757746023728,9.0,79.74757746023728,9.0,79.74757746023728,12.0,2006-08-31 03:00:00,1,miami
29.4,-80.4,405.0802487630817,45,999,28.168333053588867,-0.4912853240966797,29.100412368774418,,,,,,27.16,0.381,2006,8,31,243,1,79.74757746023728,9.0,79.74757746023728,9.0,79.74757746023728,12.0,2006-08-31 06:00:00,1,miami
30.0,-80.2,471.2781461769441, , ,28.79599952697754,-0.1556625366210937,29.100412368774418,,,,,,27.16,0.381,2006,8,31,243,1,79.74757746023728,9.0,79.74757746023728,9.0,79.74757746023728,12.0,2006-08-31 09:00:00,1,miami
30.6,-79.9,538.7532570072746,55,995,29.049331665039062,0.0578632354736328,29.034351348876953,,,,,,27.16,0.381,2006,8,31,243,1,79.74757746023728,9.0,79.74757746023728,9.0,79.74757746023728,12.0,2006-08-31 12:00:00,0,miami
31.2,-79.6,607.4674520915459, , ,29.131999969482425,0.2425365447998047,28.55267333984375,,,,,,27.16,0.381,2006,8,31,243,1,79.74757746023728,9.0,79.74757746023728,9.0,79.74757746023728,12.0,2006-08-31 15:00:00,0,miami
31.9,-79.2,689.3391993583923,60,993,28.771665573120117,-0.0694828033447265,29.177467346191406,,,,,,27.16,0.381,2006,8,31,243,1,79.74757746023728,9.0,79.74757746023728,9.0,79.74757746023728,12.0,2006-08-31 18:00:00,0,miami
32.6,-78.8,772.2689622134644, , ,27.497333526611328,-0.8952369689941406,28.412363052368164,,,,,,27.16,0.381,2006,8,31,243,1,79.74757746023728,9.0,79.74757746023728,9.0,79.74757746023728,12.0,2006-08-31 21:00:00,0,miami
33.2,-78.4,845.0414262452693,60,988,27.08099937438965,-0.3419876098632812,27.13960075378418,,,,,,27.32,0.344,2006,9,1,244,1,79.74757746023728,9.0,79.74757746023728,9.0,79.74757746023728,12.0,2006-09-01 00:00:00,0,miami
33.8,-78.1,916.259893134514, , ,26.656999588012695,,27.13960075378418,,,,,,27.32,0.344,2006,9,1,244,1,79.74757746023728,9.0,79.74757746023728,9.0,79.74757746023728,12.0,2006-09-01 03:00:00,0,miami
33.9,-78.1,927.086432821799,60,985,26.656999588012695,,27.13960075378418,,,,,,27.32,0.344,2006,9,1,244,1,79.74757746023728,9.0,79.74757746023728,9.0,79.74757746023728,12.0,2006-09-01 03:40:00,0,miami
34.5,-78.0,994.1674169243246,50,985,,,26.629037857055664,,,,,,27.32,0.344,2006,9,1,244,1,79.74757746023728,9.0,79.74757746023728,9.0,79.74757746023728,12.0,2006-09-01 06:00:00,0,miami
35.2,-77.8,1074.1135215383338, , ,,,,,,,,,27.32,0.344,2006,9,1,244,1,79.74757746023728,9.0,79.74757746023728,9.0,79.74757746023728,12.0,2006-09-01 09:00:00,0,miami
35.8,-77.6,1143.1963012590256,30,991,,,,,,,,,27.32,0.344,2006,9,1,244,1,79.74757746023728,9.0,79.74757746023728,9.0,79.74757746023728,12.0,2006-09-01 12:00:00,0,miami
36.3,-77.4,1201.4440102295175, , ,,,,,,,,,27.32,0.344,2006,9,1,244,1,79.74757746023728,9.0,79.74757746023728,9.0,79.74757746023728,12.0,2006-09-01 15:00:00,0,miami
36.6,-77.2,1238.1084739741525,40,997,,,,,,,,,27.32,0.344,2006,9,1,244,1,79.74757746023728,9.0,79.74757746023728,9.0,79.74757746023728,12.0,2006-09-01 18:00:00,0,miami
36.9,-77.1,1272.6326733521305, , ,,,,,,,,,27.32,0.344,2006,9,1,244,1,79.74757746023728,9.0,79.74757746023728,9.0,79.74757746023728,12.0,2006-09-01 21:00:00,0,miami
37.1,-77.0,1296.3743717619552,40,1002,,,,,,,,,27.32,0.344,2006,9,2,245,1,79.74757746023728,9.0,79.74757746023728,9.0,79.74757746023728,12.0,2006-09-02 00:00:00,0,miami
37.3,-76.9,1320.1206831567013, , ,,,,,,,,,27.32,0.344,2006,9,2,245,1,79.74757746023728,9.0,79.74757746023728,9.0,79.74757746023728,12.0,2006-09-02 03:00:00,0,miami
37.6,-76.8,1354.6271269463048,40,1005,,,,,,,,,27.32,0.344,2006,9,2,245,1,79.74757746023728,9.0,79.74757746023728,9.0,79.74757746023728,12.0,2006-09-02 06:00:00,0,miami
37.9,-76.7,1389.124717605321, , ,,,,,,,,,27.32,0.344,2006,9,2,245,1,79.74757746023728,9.0,79.74757746023728,9.0,79.74757746023728,12.0,2006-09-02 09:00:00,0,miami
38.2,-76.7,1421.4176629225526,40,1007,,,,,,,,,27.32,0.344,2006,9,2,245,1,79.74757746023728,9.0,79.74757746023728,9.0,79.74757746023728,12.0,2006-09-02 12:00:00,0,miami
38.5,-76.7,1453.757945093632, , ,,,,,,,,,27.32,0.344,2006,9,2,245,1,79.74757746023728,9.0,79.74757746023728,9.0,79.74757746023728,12.0,2006-09-02 15:00:00,0,miami
38.9,-76.7,1496.9466518280735,40,1010,,,,,,,,,27.32,0.344,2006,9,2,245,1,79.74757746023728,9.0,79.74757746023728,9.0,79.74757746023728,12.0,2006-09-02 18:00:00,0,miami
39.3,-76.7,1540.2074265218698, , ,,,,,,,,,27.32,0.344,2006,9,2,245,1,79.74757746023728,9.0,79.74757746023728,9.0,79.74757746023728,12.0,2006-09-02 21:00:00,0,miami
39.9,-76.7,1605.22096385662,35,1012,,,,,,,,,27.32,0.344,2006,9,3,246,1,79.74757746023728,9.0,79.74757746023728,9.0,79.74757746023728,12.0,2006-09-03 00:00:00,0,miami
40.5,-76.9,1666.8861290220798, , ,,,,,,,,,27.32,0.344,2006,9,3,246,1,79.74757746023728,9.0,79.74757746023728,9.0,79.74757746023728,12.0,2006-09-03 03:00:00,0,miami
41.3,-77.1,1751.0499169400423,25,1014,,,,,,,,,27.32,0.344,2006,9,3,246,1,79.74757746023728,9.0,79.74757746023728,9.0,79.74757746023728,12.0,2006-09-03 06:00:00,0,miami
42.2,-77.4,1845.5995398543832, , ,,,,,,,,,27.32,0.344,2006,9,3,246,1,79.74757746023728,9.0,79.74757746023728,9.0,79.74757746023728,12.0,2006-09-03 09:00:00,0,miami
43.1,-77.5,1943.3826691042295,20,1014,,,19.53926467895508,,,,,,27.32,0.344,2006,9,3,246,1,79.74757746023728,9.0,79.74757746023728,9.0,79.74757746023728,12.0,2006-09-03 12:00:00,0,miami
43.9,-77.4,2032.5902230678512, , ,18.34466552734375,,19.783952713012695,,,,,,27.32,0.344,2006,9,3,246,1,79.74757746023728,9.0,79.74757746023728,9.0,79.74757746023728,12.0,2006-09-03 15:00:00,0,miami
44.5,-77.0,2103.2764447290433,20,1015,,,19.717220306396484,,,,,,27.32,0.344,2006,9,3,246,1,79.74757746023728,9.0,79.74757746023728,9.0,79.74757746023728,12.0,2006-09-03 18:00:00,0,miami
45.1,-76.5,2175.5590887470794, , ,,,,,,,,,27.32,0.344,2006,9,3,246,1,79.74757746023728,9.0,79.74757746023728,9.0,79.74757746023728,12.0,2006-09-03 21:00:00,0,miami
45.6,-75.8,2240.39442806599,20,1015,,,,,,,,,27.32,0.344,2006,9,4,247,1,79.74757746023728,9.0,79.74757746023728,9.0,79.74757746023728,12.0,2006-09-04 00:00:00,0,miami
46.1,-75.1,2306.265043302985, , ,,,,,,,,,27.32,0.344,2006,9,4,247,1,79.74757746023728,9.0,79.74757746023728,9.0,79.74757746023728,12.0,2006-09-04 03:00:00,0,miami
46.5,-74.4,2362.2772024259925,20,1014,,,,,,,,,27.32,0.344,2006,9,4,247,1,79.74757746023728,9.0,79.74757746023728,9.0,79.74757746023728,12.0,2006-09-04 06:00:00,0,miami
18.4,-67.4,1550.082313734657,30,1011,28.83258056640625,0.131570816040039,28.71658706665039,,,,,,26.72,0.155,2008,8,15,228,1,1550.082313734657,0.0,1550.082313734657,0.0,1550.082313734657,0.0,2008-08-15 12:00:00,0,miami
18.5,-68.4,1457.230668170708,35,1009,28.7148380279541,0.0378704071044921,28.669286727905273,,,,,,26.72,0.155,2008,8,15,228,1,1457.230668170708,0.0,1457.230668170708,0.0,1457.230668170708,0.0,2008-08-15 14:30:00,0,miami
18.5,-68.5,1448.6825187475206, , ,,,28.68655014038086,,,,,,26.72,0.155,2008,8,15,228,1,1448.6825187475206,0.0,1448.6825187475206,0.0,1448.6825187475206,0.0,2008-08-15 15:00:00,0,miami
18.5,-68.8,1423.1750883168963,35,1009,28.765161514282227,0.0825920104980468,28.68655014038086,,,,,,26.72,0.155,2008,8,15,228,1,1423.1750883168963,0.0,1423.1750883168963,0.0,1423.1750883168963,0.0,2008-08-15 18:00:00,0,miami
18.5,-69.4,1372.8152178428743, , ,28.859031677246097,0.1741886138916015,28.68655014038086,,,,,,26.72,0.155,2008,8,15,228,1,1372.8152178428743,0.0,1372.8152178428743,0.0,1372.8152178428743,0.0,2008-08-15 21:00:00,0,miami
18.6,-70.2,1300.0686314427387,40,1008,,,28.69422149658203,,,,,,26.72,0.155,2008,8,16,229,1,1300.0686314427387,0.0,1300.0686314427387,0.0,1300.0686314427387,0.0,2008-08-16 00:00:00,0,miami
18.6,-70.8,1251.8787427083855, , ,,,28.892066955566406,,,,,,26.72,0.155,2008,8,16,229,1,1251.8787427083855,0.0,1251.8787427083855,0.0,1251.8787427083855,0.0,2008-08-16 03:00:00,0,miami
18.7,-71.4,1197.3714285648723,40,1008,,,28.892066955566406,,,,,,26.72,0.155,2008,8,16,229,1,1197.3714285648723,0.0,1197.3714285648723,0.0,1197.3714285648723,0.0,2008-08-16 06:00:00,0,miami
18.8,-72.0,1143.761687430657, , ,,,29.33190536499023,,,,,,26.72,0.155,2008,8,16,229,1,1143.761687430657,0.0,1143.761687430657,0.0,1143.761687430657,0.0,2008-08-16 09:00:00,0,miami
18.8,-72.8,1084.6696714498016,40,1007,29.949031829833984,0.3360023498535156,29.608945846557617,,,,,,26.72,0.155,2008,8,16,229,1,1084.6696714498016,0.0,1084.6696714498016,0.0,1084.6696714498016,0.0,2008-08-16 11:45:00,0,miami
18.8,-72.9,1077.496088044677,40,1007,29.815332412719727,0.2023029327392578,29.608945846557617,,,,,,26.72,0.155,2008,8,16,229,1,1077.496088044677,0.0,1077.496088044677,0.0,1077.496088044677,0.0,2008-08-16 12:00:00,0,miami
18.9,-73.9,1000.0670452728532, , ,29.62966537475586,0.0987834930419921,29.465309143066406,,,,,,26.72,0.155,2008,8,16,229,1,1000.0670452728532,0.0,1000.0670452728532,0.0,1000.0670452728532,0.0,2008-08-16 15:00:00,0,miami
19.1,-74.6,937.2445878066468,40,1007,29.406665802001953,-0.0597248077392578,29.469470977783203,,,,,,26.72,0.155,2008,8,16,229,1,937.2445878066468,0.0,937.2445878066468,0.0,937.2445878066468,0.0,2008-08-16 18:00:00,0,miami
19.2,-75.2,891.5968367813307, , ,29.354000091552734,-0.0829143524169921,29.469470977783203,,,,,,26.72,0.155,2008,8,16,229,1,891.5968367813307,0.0,891.5968367813307,0.0,891.5968367813307,0.0,2008-08-16 21:00:00,0,miami
19.3,-75.7,853.6586310847924,45,1005,29.33799934387207,-0.2142047882080078,29.64947509765625,,,,,,26.72,0.155,2008,8,17,230,1,853.6586310847924,0.0,853.6586310847924,0.0,853.6586310847924,0.0,2008-08-17 00:00:00,0,miami
19.4,-76.3,812.2803539666822, , ,29.34266662597656,-0.2745170593261719,29.64947509765625,,,,,,26.72,0.155,2008,8,17,230,1,812.2803539666822,0.0,812.2803539666822,0.0,812.2803539666822,0.0,2008-08-17 03:00:00,0,miami
19.6,-76.9,763.7514144947511,45,1004,29.38433265686035,,29.66514778137207,,,,,,26.72,0.155,2008,8,17,230,1,763.7514144947511,0.0,763.7514144947511,0.0,763.7514144947511,0.0,2008-08-17 06:00:00,0,miami
19.9,-77.4,711.7447640477519,45,1003,29.463666915893555,-0.4866390228271484,29.66514778137207,,,,,,26.72,0.155,2008,8,17,230,1,711.7447640477519,0.0,711.7447640477519,0.0,711.7447640477519,0.0,2008-08-17 09:00:00,0,miami
20.0,-78.1,675.5167226152474,45,1003,29.3973331451416,-0.4986171722412109,29.712373733520508,,,,,,26.72,0.155,2008,8,17,230,1,675.5167226152474,0.0,675.5167226152474,0.0,675.5167226152474,0.0,2008-08-17 12:00:00,0,miami
20.3,-78.9,621.5173579957153, , ,29.232666015625,-0.7274017333984375,29.959632873535156,,,,,,26.72,0.155,2008,8,17,230,1,621.5173579957153,0.0,621.5173579957153,0.0,621.5173579957153,0.0,2008-08-17 15:00:00,0,miami
20.7,-79.6,566.071152809669,45,1006,29.288999557495117,-0.6107711791992188,29.82927894592285,,,,,,26.72,0.155,2008,8,17,230,1,566.071152809669,0.0,566.071152809669,0.0,566.071152809669,0.0,2008-08-17 18:00:00,0,miami
20.9,-80.0,540.9506343085536, , ,29.30966567993164,-0.5516376495361328,29.82927894592285,,,,,,26.72,0.155,2008,8,17,230,1,540.9506343085536,0.0,540.9506343085536,0.0,540.9506343085536,0.0,2008-08-17 21:00:00,0,miami
21.1,-80.3,518.4748229746342,45,1001,29.32033348083496,-0.5641555786132812,29.916980743408203,,,,,,26.72,0.155,2008,8,18,231,1,518.4748229746342,0.0,518.4748229746342,0.0,518.4748229746342,0.0,2008-08-18 00:00:00,0,miami
21.4,-80.6,486.7783407580536, , ,29.329666137695312,-0.5819969177246094,29.93000030517578,,,,,,26.72,0.155,2008,8,18,231,1,486.7783407580536,0.0,486.7783407580536,0.0,486.7783407580536,0.0,2008-08-18 03:00:00,0,miami
21.9,-80.8,433.8321294918672,45,1003,29.47166633605957,-0.5332756042480469,29.93000030517578,,,,,,26.72,0.155,2008,8,18,231,1,433.8321294918672,0.0,433.8321294918672,0.0,433.8321294918672,0.0,2008-08-18 06:00:00,0,miami
22.1,-80.8,411.82557216055255,45,1003,,,30.25359535217285,,,,,,26.72,0.155,2008,8,18,231,1,411.82557216055255,0.0,411.82557216055255,0.0,411.82557216055255,0.0,2008-08-18 07:00:00,0,miami
22.5,-80.9,369.7331839666329, , ,,,30.25359535217285,,,,,,26.72,0.155,2008,8,18,231,1,369.7331839666329,0.0,369.7331839666329,0.0,369.7331839666329,0.0,2008-08-18 09:00:00,0,miami
23.2,-81.2,302.5645800646641,50,1002,28.38666534423828,-1.3651618957519531,29.427425384521484,,,,,,26.72,0.155,2008,8,18,231,1,302.5645800646641,0.0,302.5645800646641,0.0,302.5645800646641,0.0,2008-08-18 12:00:00,0,miami
23.8,-81.5,254.99184463130263, , ,28.576000213623047,-1.055131912231445,29.554758071899418,,,,,,26.72,0.155,2008,8,18,231,1,254.99184463130263,0.0,254.99184463130263,0.0,254.99184463130263,0.0,2008-08-18 15:00:00,1,miami
24.3,-81.7,222.49654629618416,50,1000,28.69533348083496,-1.101297378540039,29.881916046142575,,,,,,26.72,0.155,2008,8,18,231,1,222.49654629618416,0.0,222.49654629618416,0.0,222.49654629618416,0.0,2008-08-18 18:00:00,1,miami
24.5,-81.8,214.22166550436148,50,998,28.739665985107425,-1.086557388305664,29.881916046142575,,,,,,26.72,0.155,2008,8,18,231,1,214.22166550436148,0.0,214.22166550436148,0.0,214.22166550436148,0.0,2008-08-18 20:30:00,1,miami
24.6,-81.8,207.05879720896849, , ,28.968666076660156,-0.9270172119140624,29.881916046142575,,,,,,26.72,0.155,2008,8,18,231,1,207.05879720896849,0.0,207.05879720896849,0.0,207.05879720896849,0.0,2008-08-18 21:00:00,1,miami
25.0,-81.9,191.3696339033383,50,997,29.149999618530273,-0.8024940490722656,29.881916046142575,,,,,,26.72,0.155,2008,8,19,232,1,191.3696339033383,1.0,191.3696339033383,1.0,191.3696339033383,1.0,2008-08-19 00:00:00,1,miami
25.2,-81.9,182.4862710582358, , ,29.201000213623047,-0.8083038330078125,30.0801944732666,,,,,,26.72,0.155,2008,8,19,232,1,182.4862710582358,2.0,182.4862710582358,2.0,182.4862710582358,2.0,2008-08-19 03:00:00,1,miami
25.5,-81.8,163.8312158977323,55,994,29.20800018310547,-0.8581142425537109,30.0801944732666,,,,,,26.72,0.155,2008,8,19,232,1,163.8312158977323,3.0,163.8312158977323,3.0,163.8312158977323,3.0,2008-08-19 06:00:00,1,miami
25.9,-81.6,141.7751964286338,55,991,29.038000106811523,,30.0801944732666,,,,,,26.72,0.155,2008,8,19,232,1,141.7751964286338,4.0,141.7751964286338,4.0,141.7751964286338,4.0,2008-08-19 08:45:00,1,miami
25.9,-81.6,141.7751964286338, , ,29.038000106811523,,30.0801944732666,,,,,,26.72,0.155,2008,8,19,232,1,141.7751964286338,5.0,141.7751964286338,5.0,141.7751964286338,5.0,2008-08-19 09:00:00,1,miami
26.4,-81.4,139.99089049481356,55,988,,,,,,,,,26.72,0.155,2008,8,19,232,1,139.99089049481356,6.0,139.99089049481356,6.0,139.99089049481356,6.0,2008-08-19 12:00:00,1,miami
26.7,-81.2,144.90654231797964, , ,,,,,,,,,26.72,0.155,2008,8,19,232,1,139.99089049481356,7.0,139.99089049481356,7.0,139.99089049481356,7.0,2008-08-19 15:00:00,1,miami
27.0,-81.1,164.75311538762358,60,986,,,,,,,,,26.72,0.155,2008,8,19,232,1,139.99089049481356,8.0,139.99089049481356,8.0,139.99089049481356,8.0,2008-08-19 18:00:00,1,miami
27.3,-81.0,189.00428883898823, , ,,,,,,,,,26.72,0.155,2008,8,19,232,1,139.99089049481356,9.0,139.99089049481356,9.0,139.99089049481356,9.0,2008-08-19 21:00:00,1,miami
27.5,-80.9,205.70786576575088,55,988,,,,,,,,,26.72,0.155,2008,8,20,233,1,139.99089049481356,9.0,139.99089049481356,9.0,139.99089049481356,9.0,2008-08-20 00:00:00,1,miami
27.8,-80.7,232.19411705174656, , ,,,,,,,,,26.72,0.155,2008,8,20,233,1,139.99089049481356,9.0,139.99089049481356,9.0,139.99089049481356,9.0,2008-08-20 03:00:00,1,miami
28.0,-80.6,252.15814915358263,50,992,,,,,,,,,26.72,0.155,2008,8,20,233,1,139.99089049481356,9.0,139.99089049481356,9.0,139.99089049481356,9.0,2008-08-20 06:00:00,1,miami
28.2,-80.6,274.12651544094945, , ,,,27.733264923095703,,,,,,26.72,0.155,2008,8,20,233,1,139.99089049481356,9.0,139.99089049481356,9.0,139.99089049481356,9.0,2008-08-20 09:00:00,1,miami
28.4,-80.6,296.1352598120843,45,994,,,27.733264923095703,,,,,,26.72,0.155,2008,8,20,233,1,139.99089049481356,9.0,139.99089049481356,9.0,139.99089049481356,9.0,2008-08-20 12:00:00,1,miami
28.6,-80.6,318.176003324262, , ,27.512998580932617,-0.6677837371826172,27.733264923095703,,,,,,26.72,0.155,2008,8,20,233,1,139.99089049481356,9.0,139.99089049481356,9.0,139.99089049481356,9.0,2008-08-20 15:00:00,1,miami
28.7,-80.6,329.20636664754113,45,997,27.512998580932617,-0.6677837371826172,27.733264923095703,,,,,,26.72,0.155,2008,8,20,233,1,139.99089049481356,9.0,139.99089049481356,9.0,139.99089049481356,9.0,2008-08-20 18:00:00,1,miami
28.8,-80.5,339.21318471195275, , ,27.5,-0.7498245239257812,27.733264923095703,,,,,,26.72,0.155,2008,8,20,233,1,139.99089049481356,9.0,139.99089049481356,9.0,139.99089049481356,9.0,2008-08-20 21:00:00,1,miami
28.9,-80.5,350.28797200104384,50,993,27.5,-0.7498245239257812,27.733264923095703,,,,,,26.72,0.155,2008,8,21,234,1,139.99089049481356,9.0,139.99089049481356,9.0,139.99089049481356,9.0,2008-08-21 00:00:00,1,miami
29.0,-80.6,362.33012172967904, , ,27.5,-0.7498245239257812,27.733264923095703,,,,,,26.72,0.155,2008,8,21,234,1,139.99089049481356,9.0,139.99089049481356,9.0,139.99089049481356,9.0,2008-08-21 03:00:00,1,miami
29.1,-80.7,374.5734298438647,50,993,27.51166534423828,-0.8071994781494141,28.01563835144043,,,,,,26.72,0.155,2008,8,21,234,1,139.99089049481356,9.0,139.99089049481356,9.0,139.99089049481356,9.0,2008-08-21 06:00:00,1,miami
29.2,-80.7,385.5926528378836, , ,27.51166534423828,-0.8071994781494141,28.01563835144043,,,,,,26.72,0.155,2008,8,21,234,1,139.99089049481356,9.0,139.99089049481356,9.0,139.99089049481356,9.0,2008-08-21 09:00:00,1,miami
29.2,-80.7,385.5926528378836,50,993,27.51166534423828,-0.8071994781494141,28.01563835144043,,,,,,26.72,0.155,2008,8,21,234,1,139.99089049481356,9.0,139.99089049481356,9.0,139.99089049481356,9.0,2008-08-21 12:00:00,1,miami
29.3,-80.8,397.98268803132726, , ,27.356666564941406,-0.7595291137695312,28.01563835144043,,,,,,26.72,0.155,2008,8,21,234,1,139.99089049481356,9.0,139.99089049481356,9.0,139.99089049481356,9.0,2008-08-21 15:00:00,1,miami
29.3,-81.0,401.4260142044335,55,993,,,28.01563835144043,,,,,,26.72,0.155,2008,8,21,234,1,139.99089049481356,9.0,139.99089049481356,9.0,139.99089049481356,9.0,2008-08-21 18:00:00,1,miami
29.3,-81.1,403.4980328180187,55,993,,,28.01563835144043,,,,,,26.72,0.155,2008,8,21,234,1,139.99089049481356,9.0,139.99089049481356,9.0,139.99089049481356,9.0,2008-08-21 19:00:00,1,miami
29.3,-81.2,405.7989840531351, , ,,,28.01563835144043,,,,,,26.72,0.155,2008,8,21,234,1,139.99089049481356,9.0,139.99089049481356,9.0,139.99089049481356,9.0,2008-08-21 21:00:00,1,miami
29.3,-81.2,405.7989840531351,50,994,,,28.01563835144043,,,,,,26.72,0.155,2008,8,22,235,1,139.99089049481356,9.0,139.99089049481356,9.0,139.99089049481356,9.0,2008-08-22 00:00:00,1,miami
29.4,-81.5,424.59738331312934, , ,,,,,,,,,26.72,0.155,2008,8,22,235,1,139.99089049481356,9.0,139.99089049481356,9.0,139.99089049481356,9.0,2008-08-22 03:00:00,1,miami
29.5,-81.9,448.43011048572686,50,995,,,,,,,,,26.72,0.155,2008,8,22,235,1,139.99089049481356,9.0,139.99089049481356,9.0,139.99089049481356,9.0,2008-08-22 06:00:00,1,miami
29.5,-82.2,460.3285514367877, , ,,,,,,,,,26.72,0.155,2008,8,22,235,1,139.99089049481356,9.0,139.99089049481356,9.0,139.99089049481356,9.0,2008-08-22 09:00:00,1,miami
29.6,-82.4,478.96100592009935,45,996,,,,,,,,,26.72,0.155,2008,8,22,235,1,139.99089049481356,9.0,139.99089049481356,9.0,139.99089049481356,9.0,2008-08-22 12:00:00,1,miami
29.7,-82.7,502.6625897318693, , ,,,29.783857345581055,,,,,,26.72,0.155,2008,8,22,235,1,139.99089049481356,9.0,139.99089049481356,9.0,139.99089049481356,9.0,2008-08-22 15:00:00,1,miami
29.8,-83.0,527.1594600653591,40,997,,,29.783857345581055,,,,,,26.72,0.155,2008,8,22,235,1,139.99089049481356,9.0,139.99089049481356,9.0,139.99089049481356,9.0,2008-08-22 18:00:00,1,miami
29.8,-83.4,548.7881594572312, , ,,,29.783857345581055,,,,,,26.72,0.155,2008,8,22,235,1,139.99089049481356,9.0,139.99089049481356,9.0,139.99089049481356,9.0,2008-08-22 21:00:00,1,miami
29.7,-83.8,563.7299807289467,45,996,27.926332473754883,,29.64690589904785,,,,,,26.72,0.155,2008,8,23,236,1,139.99089049481356,9.0,139.99089049481356,9.0,139.99089049481356,9.0,2008-08-23 00:00:00,1,miami
29.8,-84.4,610.6397201432617, , ,28.01099967956543,,29.64690589904785,,,,,,26.72,0.155,2008,8,23,236,1,139.99089049481356,9.0,139.99089049481356,9.0,139.99089049481356,9.0,2008-08-23 03:00:00,1,miami
29.8,-84.7,631.0025938410032,45,997,,,29.364442825317383,,,,,,26.72,0.155,2008,8,23,236,1,139.99089049481356,9.0,139.99089049481356,9.0,139.99089049481356,9.0,2008-08-23 06:00:00,1,miami
29.8,-84.7,631.0025938410032,45,997,,,29.364442825317383,,,,,,26.72,0.155,2008,8,23,236,1,139.99089049481356,9.0,139.99089049481356,9.0,139.99089049481356,9.0,2008-08-23 06:15:00,1,miami
29.8,-84.9,644.9700209194187, , ,,,29.364442825317383,,,,,,26.72,0.155,2008,8,23,236,1,139.99089049481356,9.0,139.99089049481356,9.0,139.99089049481356,9.0,2008-08-23 09:00:00,1,miami
30.0,-85.2,681.2999718864289,40,998,,,29.364442825317383,,,,,,26.72,0.155,2008,8,23,236,1,139.99089049481356,9.0,139.99089049481356,9.0,139.99089049481356,9.0,2008-08-23 12:00:00,1,miami
30.2,-85.5,717.6099506520039, , ,27.862333297729492,,29.357011795043945,,,,,,26.72,0.155,2008,8,23,236,1,139.99089049481356,9.0,139.99089049481356,9.0,139.99089049481356,9.0,2008-08-23 15:00:00,1,miami
30.5,-85.9,768.4544210504273,40,999,,,29.357011795043945,,,,,,26.72,0.155,2008,8,23,236,1,139.99089049481356,9.0,139.99089049481356,9.0,139.99089049481356,9.0,2008-08-23 18:00:00,1,miami
30.7,-86.3,811.8682418613214, , ,,,29.357011795043945,,,,,,26.72,0.155,2008,8,23,236,1,139.99089049481356,9.0,139.99089049481356,9.0,139.99089049481356,9.0,2008-08-23 21:00:00,1,miami
30.8,-86.7,848.1875419067152,30,999,,,29.390125274658203,,,,,,26.72,0.155,2008,8,24,237,1,139.99089049481356,9.0,139.99089049481356,9.0,139.99089049481356,9.0,2008-08-24 00:00:00,1,miami
30.9,-87.2,892.31692824083, , ,,,29.390125274658203,,,,,,26.72,0.155,2008,8,24,237,1,139.99089049481356,9.0,139.99089049481356,9.0,139.99089049481356,9.0,2008-08-24 03:00:00,1,miami
31.1,-87.7,943.644814500288,30,999,,,,,,,,,26.72,0.155,2008,8,24,237,1,139.99089049481356,9.0,139.99089049481356,9.0,139.99089049481356,9.0,2008-08-24 06:00:00,1,miami
31.5,-88.0,993.3558288704996, , ,,,,,,,,,26.72,0.155,2008,8,24,237,1,139.99089049481356,9.0,139.99089049481356,9.0,139.99089049481356,9.0,2008-08-24 09:00:00,1,miami
31.8,-88.4,1043.7288775776733,30,1000,,,,,,,,,26.72,0.155,2008,8,24,237,1,139.99089049481356,9.0,139.99089049481356,9.0,139.99089049481356,9.0,2008-08-24 12:00:00,1,miami
31.7,-89.1,1090.3361579609634, , ,,,,,,,,,26.72,0.155,2008,8,24,237,1,139.99089049481356,9.0,139.99089049481356,9.0,139.99089049481356,9.0,2008-08-24 15:00:00,0,miami
31.5,-89.7,1125.3769554348205,30,1001,,,,,,,,,26.72,0.155,2008,8,24,237,1,139.99089049481356,9.0,139.99089049481356,9.0,139.99089049481356,9.0,2008-08-24 18:00:00,0,miami
31.4,-90.0,1143.846127799022, , ,,,,,,,,,26.72,0.155,2008,8,24,237,1,139.99089049481356,9.0,139.99089049481356,9.0,139.99089049481356,9.0,2008-08-24 21:00:00,0,miami
31.3,-90.0,1138.195187187673,30,1001,,,,,,,,,26.72,0.155,2008,8,25,238,1,139.99089049481356,9.0,139.99089049481356,9.0,139.99089049481356,9.0,2008-08-25 00:00:00,0,miami
31.3,-90.0,1138.195187187673, , ,,,,,,,,,26.72,0.155,2008,8,25,238,1,139.99089049481356,9.0,139.99089049481356,9.0,139.99089049481356,9.0,2008-08-25 03:00:00,0,miami
31.5,-89.9,1141.483607830431,30,1002,,,,,,,,,26.72,0.155,2008,8,25,238,1,139.99089049481356,9.0,139.99089049481356,9.0,139.99089049481356,9.0,2008-08-25 06:00:00,0,miami
31.7,-89.7,1137.366796397485, , ,,,,,,,,,26.72,0.155,2008,8,25,238,1,139.99089049481356,9.0,139.99089049481356,9.0,139.99089049481356,9.0,2008-08-25 09:00:00,0,miami
32.0,-89.4,1132.7249121254442,25,1002,,,,,,,,,26.72,0.155,2008,8,25,238,1,139.99089049481356,9.0,139.99089049481356,9.0,139.99089049481356,9.0,2008-08-25 12:00:00,0,miami
32.2,-89.2,1130.6599730187545, , ,,,,,,,,,26.72,0.155,2008,8,25,238,1,139.99089049481356,9.0,139.99089049481356,9.0,139.99089049481356,9.0,2008-08-25 15:00:00,0,miami
32.4,-89.0,1129.4223721958174,25,1002,,,,,,,,,26.72,0.155,2008,8,25,238,1,139.99089049481356,9.0,139.99089049481356,9.0,139.99089049481356,9.0,2008-08-25 18:00:00,0,miami
32.5,-88.8,1121.8794327726368, , ,,,,,,,,,26.72,0.155,2008,8,25,238,1,139.99089049481356,9.0,139.99089049481356,9.0,139.99089049481356,9.0,2008-08-25 21:00:00,0,miami
32.7,-88.6,1122.0664972138914,20,1002,,,,,,,,,26.72,0.155,2008,8,26,239,1,139.99089049481356,8.0,139.99089049481356,9.0,139.99089049481356,9.0,2008-08-26 00:00:00,0,miami
33.0,-88.3,1123.9039372950226, , ,,,,,,,,,26.72,0.155,2008,8,26,239,1,139.99089049481356,7.0,139.99089049481356,9.0,139.99089049481356,9.0,2008-08-26 03:00:00,0,miami
33.3,-87.9,1121.1600082500788,20,1003,,,,,,,,,26.72,0.155,2008,8,26,239,1,139.99089049481356,6.0,139.99089049481356,9.0,139.99089049481356,9.0,2008-08-26 06:00:00,0,miami
33.6,-87.5,1120.894427005636, , ,,,,,,,,,26.72,0.155,2008,8,26,239,1,139.99089049481356,4.0,139.99089049481356,9.0,139.99089049481356,9.0,2008-08-26 09:00:00,0,miami
33.9,-87.2,1128.8252567719244,20,1003,,,,,,,,,26.72,0.155,2008,8,26,239,1,144.90654231797964,3.0,139.99089049481356,9.0,139.99089049481356,9.0,2008-08-26 12:00:00,0,miami
34.3,-86.9,1147.5010245299136, , ,,,,,,,,,26.72,0.155,2008,8,26,239,1,164.75311538762358,2.0,139.99089049481356,9.0,139.99089049481356,9.0,2008-08-26 15:00:00,0,miami
34.6,-86.5,1154.0997155844325,20,1004,,,,,,,,,26.72,0.155,2008,8,26,239,1,189.00428883898823,1.0,139.99089049481356,9.0,139.99089049481356,9.0,2008-08-26 18:00:00,0,miami
34.8,-86.1,1153.4680617467875, , ,,,,,,,,,26.72,0.155,2008,8,26,239,1,205.70786576575088,0.0,139.99089049481356,9.0,139.99089049481356,9.0,2008-08-26 21:00:00,0,miami
35.0,-85.8,1159.0194544662752,15,1005,,,,,,,,,26.72,0.155,2008,8,27,240,1,232.19411705174656,0.0,139.99089049481356,9.0,139.99089049481356,9.0,2008-08-27 00:00:00,0,miami
35.2,-85.4,1161.6054914026995, , ,,,,,,,,,26.72,0.155,2008,8,27,240,1,252.15814915358263,0.0,139.99089049481356,9.0,139.99089049481356,9.0,2008-08-27 03:00:00,0,miami
35.5,-85.1,1179.8199830802002,15,1006,,,,,,,,,26.72,0.155,2008,8,27,240,1,274.12651544094945,0.0,139.99089049481356,9.0,139.99089049481356,9.0,2008-08-27 06:00:00,0,miami
35.8,-84.8,1199.4443693168032, , ,,,,,,,,,26.72,0.155,2008,8,27,240,1,296.1352598120843,0.0,139.99089049481356,9.0,139.99089049481356,9.0,2008-08-27 09:00:00,0,miami
36.1,-84.4,1217.2446772156222,15,1007,,,,,,,,,26.72,0.155,2008,8,27,240,1,318.176003324262,0.0,139.99089049481356,9.0,139.99089049481356,9.0,2008-08-27 12:00:00,0,miami
36.5,-84.0,1247.5204531609998, , ,,,,,,,,,26.72,0.155,2008,8,27,240,1,329.20636664754113,0.0,139.99089049481356,9.0,139.99089049481356,9.0,2008-08-27 15:00:00,0,miami
36.9,-83.6,1279.8518386593455,15,1008,,,,,,,,,26.72,0.155,2008,8,27,240,1,339.21318471195275,0.0,139.99089049481356,9.0,139.99089049481356,9.0,2008-08-27 18:00:00,0,miami
37.2,-83.4,1307.507334928525, , ,,,,,,,,,26.72,0.155,2008,8,27,240,1,350.28797200104384,0.0,139.99089049481356,9.0,139.99089049481356,9.0,2008-08-27 21:00:00,0,miami
37.4,-83.2,1324.8944974924464,15,1009,,,,,,,,,26.72,0.155,2008,8,28,241,1,362.33012172967904,0.0,139.99089049481356,9.0,139.99089049481356,9.0,2008-08-28 00:00:00,0,miami
37.6,-82.9,1340.8829792116433, , ,,,,,,,,,26.72,0.155,2008,8,28,241,1,374.5734298438647,0.0,139.99089049481356,9.0,139.99089049481356,9.0,2008-08-28 03:00:00,0,miami
37.7,-82.6,1346.7237363766958,15,1010,,,,,,,,,26.72,0.155,2008,8,28,241,1,385.5926528378836,0.0,139.99089049481356,9.0,139.99089049481356,9.0,2008-08-28 06:00:00,0,miami
21.5,-73.8,805.0865553179774,30,1009,29.368709564208984,0.8252372741699219,28.54351806640625,,,,,,26.22,0.429,2010,7,22,203,1,805.0865553179774,0.0,805.0865553179774,0.0,805.0865553179774,0.0,2010-07-22 06:00:00,0,miami
21.6,-74.1,773.7202137280104, , ,29.382902145385746,0.8419036865234375,28.54351806640625,,,,,,26.22,0.429,2010,7,22,203,1,773.7202137280104,0.0,773.7202137280104,0.0,773.7202137280104,0.0,2010-07-22 09:00:00,0,miami
21.7,-74.4,742.487223954957,30,1008,29.388708114624023,0.8537502288818359,28.54351806640625,,,,,,26.22,0.429,2010,7,22,203,1,742.487223954957,0.0,742.487223954957,0.0,742.487223954957,0.0,2010-07-22 12:00:00,0,miami
21.9,-74.6,712.4933411993212, , ,29.410322189331055,0.861785888671875,28.504465103149418,,,,,,26.22,0.429,2010,7,22,203,1,712.4933411993212,0.0,712.4933411993212,0.0,712.4933411993212,0.0,2010-07-22 15:00:00,0,miami
22.2,-74.9,667.6175945590461,30,1007,29.461612701416016,0.8846035003662109,28.62761878967285,,,,,,26.22,0.429,2010,7,22,203,1,667.6175945590461,0.0,667.6175945590461,0.0,667.6175945590461,0.0,2010-07-22 18:00:00,0,miami
22.7,-75.3,601.5157263515275, , ,29.56774139404297,0.8091163635253906,28.62761878967285,,,,,,26.22,0.429,2010,7,22,203,1,601.5157263515275,0.0,601.5157263515275,0.0,601.5157263515275,0.0,2010-07-22 21:00:00,0,miami
23.0,-75.7,548.7944459585011,35,1006,29.96870803833008,1.1172428131103516,28.991369247436523,,,,,,26.22,0.429,2010,7,22,203,1,548.7944459585011,0.0,548.7944459585011,0.0,548.7944459585011,0.0,2010-07-22 23:15:00,0,miami
23.1,-75.9,525.6553244852079,35,1006,30.388710021972656,1.427473068237305,29.03284072875977,,,,,,26.22,0.429,2010,7,23,204,1,525.6553244852079,0.0,525.6553244852079,0.0,525.6553244852079,0.0,2010-07-23 00:00:00,0,miami
23.4,-76.7,439.9955320064388, , ,30.29451560974121,1.179220199584961,29.164081573486328,,,,,,26.22,0.429,2010,7,23,204,1,439.9955320064388,0.0,439.9955320064388,0.0,439.9955320064388,0.0,2010-07-23 03:00:00,0,miami
23.7,-77.5,355.59738773212683,40,1005,30.51258087158203,1.0922164916992188,29.601747512817383,,,,,,26.22,0.429,2010,7,23,204,1,355.59738773212683,0.0,355.59738773212683,0.0,355.59738773212683,0.0,2010-07-23 05:15:00,0,miami
23.8,-77.8,325.3863130754137,40,1005,30.545482635498047,1.0813064575195312,29.601747512817383,,,,,,26.22,0.429,2010,7,23,204,1,325.3863130754137,0.0,325.3863130754137,0.0,325.3863130754137,0.0,2010-07-23 06:00:00,0,miami
24.2,-78.9,217.04048098690748, , ,30.57677459716797,1.1114864349365234,29.579500198364254,,,,,,26.22,0.429,2010,7,23,204,1,217.04048098690748,0.0,217.04048098690748,0.0,217.04048098690748,0.0,2010-07-23 09:00:00,0,miami
24.8,-79.7,117.81496022957197,35,1006,29.830322265625,0.5077342987060547,29.161012649536133,,,,,,26.22,0.429,2010,7,23,204,1,117.81496022957197,1.0,117.81496022957197,1.0,117.81496022957197,1.0,2010-07-23 12:00:00,1,miami
25.4,-80.2,40.227612666629895,35,1007,30.084192276000977,0.8101234436035156,29.201753616333008,,,,,,26.22,0.429,2010,7,23,204,1,40.227612666629895,2.0,40.227612666629895,2.0,40.227612666629895,2.0,2010-07-23 14:30:00,1,miami
25.5,-80.3,31.055743188951546, , ,,,29.201753616333008,,,,,,26.22,0.429,2010,7,23,204,1,31.055743188951546,3.0,31.055743188951546,3.0,31.055743188951546,3.0,2010-07-23 15:00:00,1,miami
25.8,-81.1,91.03487400129283,30,1008,,,29.88341522216797,,,,,,26.22,0.429,2010,7,23,204,1,31.055743188951546,4.0,31.055743188951546,4.0,31.055743188951546,4.0,2010-07-23 18:00:00,1,miami
26.1,-81.8,165.15969660511195, , ,30.38741874694824,,29.669843673706055,,,,,,26.22,0.429,2010,7,23,204,1,31.055743188951546,5.0,31.055743188951546,5.0,31.055743188951546,5.0,2010-07-23 21:00:00,1,miami
26.3,-82.6,247.94396534258888,30,1010,30.154193878173828,0.7165718078613281,29.30767250061035,,,,,,26.22,0.429,2010,7,24,205,1,31.055743188951546,5.0,31.055743188951546,5.0,31.055743188951546,5.0,2010-07-24 00:00:00,1,miami
26.5,-83.5,340.29501904956504, , ,30.158708572387695,0.8987369537353516,29.227468490600582,,,,,,26.22,0.429,2010,7,24,205,1,31.055743188951546,5.0,31.055743188951546,5.0,31.055743188951546,5.0,2010-07-24 03:00:00,1,miami
26.7,-84.4,432.49015824631806,30,1013,30.06774139404297,0.8042240142822266,29.227468490600582,,,,,,26.22,0.429,2010,7,24,205,1,31.055743188951546,5.0,31.055743188951546,5.0,31.055743188951546,5.0,2010-07-24 06:00:00,0,miami
27.1,-85.2,520.3576334273756, , ,30.20387077331543,0.9187870025634766,29.23115921020508,,,,,,26.22,0.429,2010,7,24,205,1,31.055743188951546,5.0,31.055743188951546,5.0,31.055743188951546,5.0,2010-07-24 09:00:00,0,miami
27.5,-85.9,599.3265130909863,25,1013,30.196773529052734,0.8674545288085938,29.32847023010254,,,,,,26.22,0.429,2010,7,24,205,1,31.055743188951546,5.0,31.055743188951546,5.0,31.055743188951546,5.0,2010-07-24 12:00:00,0,miami
27.8,-86.5,665.8406098105254, , ,29.999353408813477,0.6583156585693359,29.389545440673828,,,,,,26.22,0.429,2010,7,24,205,1,31.055743188951546,5.0,31.055743188951546,5.0,31.055743188951546,5.0,2010-07-24 15:00:00,0,miami
28.1,-87.1,732.3900908993833,25,1013,30.08838653564453,0.7453136444091797,29.303735733032227,,,,,,26.22,0.429,2010,7,24,205,1,31.055743188951546,5.0,31.055743188951546,5.0,31.055743188951546,5.0,2010-07-24 18:00:00,0,miami
28.3,-87.7,795.22870943621, , ,30.0974178314209,0.74554443359375,29.364887237548828,,,,,,26.22,0.429,2010,7,24,205,1,31.055743188951546,5.0,31.055743188951546,5.0,31.055743188951546,5.0,2010-07-24 21:00:00,0,miami
28.6,-88.3,861.6228122901446,25,1012,30.271289825439453,0.86846923828125,29.364887237548828,,,,,,26.22,0.429,2010,7,25,206,1,31.055743188951546,5.0,31.055743188951546,5.0,31.055743188951546,5.0,2010-07-25 00:00:00,0,miami
28.9,-88.9,927.9611580118864, , ,30.401935577392575,0.9467487335205078,29.464292526245117,,,,,,26.22,0.429,2010,7,25,206,1,31.055743188951546,5.0,31.055743188951546,5.0,31.055743188951546,5.0,2010-07-25 03:00:00,0,miami
29.2,-89.5,994.2212724276671,25,1012,30.498708724975582,0.9075984954833984,29.700225830078125,,,,,,26.22,0.429,2010,7,25,206,1,31.055743188951546,5.0,31.055743188951546,5.0,31.055743188951546,5.0,2010-07-25 06:00:00,0,miami
29.5,-90.1,1060.38579846757, , ,,,29.700225830078125,,,,,,26.22,0.429,2010,7,25,206,1,31.055743188951546,5.0,31.055743188951546,5.0,31.055743188951546,5.0,2010-07-25 09:00:00,0,miami
29.8,-90.5,1108.4470286726753,20,1012,,,29.83888816833496,,,,,,26.22,0.429,2010,7,25,206,1,31.055743188951546,5.0,31.055743188951546,5.0,31.055743188951546,5.0,2010-07-25 12:00:00,0,miami
30.0,-90.8,1143.5200920877178, , ,,,29.83888816833496,,,,,,26.22,0.429,2010,7,25,206,1,31.055743188951546,5.0,31.055743188951546,5.0,31.055743188951546,5.0,2010-07-25 15:00:00,0,miami
30.1,-91.0,1165.522529104216,15,1014,,,,,,,,,26.22,0.429,2010,7,25,206,1,31.055743188951546,5.0,31.055743188951546,5.0,31.055743188951546,5.0,2010-07-25 18:00:00,0,miami
19.4,-84.1,813.1085723673818,25,1003,29.02515983581543,-0.6075782775878906,29.652299880981445,,,,,,25.12,0.428,2010,9,28,271,1,813.1085723673818,0.0,813.1085723673818,0.0,31.055743188951546,5.0,2010-09-28 00:00:00,0,miami
19.6,-83.8,778.6270877558042, , ,29.010644912719727,-0.6507148742675781,29.652299880981445,,,,,,25.12,0.428,2010,9,28,271,1,778.6270877558042,0.0,778.6270877558042,0.0,31.055743188951546,5.0,2010-09-28 03:00:00,0,miami
19.8,-83.5,744.524291046196,30,1003,28.97870826721191,-0.7010021209716797,29.652299880981445,,,,,,25.12,0.428,2010,9,28,271,1,744.524291046196,0.0,744.524291046196,0.0,31.055743188951546,5.0,2010-09-28 06:00:00,0,miami
20.1,-83.2,700.797423623043, , ,28.915483474731445,-0.7855682373046875,29.726917266845703,,,,,,25.12,0.428,2010,9,28,271,1,700.797423623043,0.0,700.797423623043,0.0,31.055743188951546,5.0,2010-09-28 09:00:00,0,miami
20.4,-83.0,661.7182545865237,35,1001,28.934192657470703,-0.7831306457519531,29.726917266845703,,,,,,25.12,0.428,2010,9,28,271,1,661.7182545865237,0.0,661.7182545865237,0.0,31.055743188951546,5.0,2010-09-28 12:00:00,0,miami
20.7,-82.8,622.6835386828834, , ,28.974193572998047,-0.7781829833984375,29.726917266845703,,,,,,25.12,0.428,2010,9,28,271,1,622.6835386828834,0.0,622.6835386828834,0.0,31.055743188951546,5.0,2010-09-28 15:00:00,0,miami
21.0,-82.7,588.0647795980371,40,999,29.057418823242188,-0.7485332489013672,29.726917266845703,,,,,,25.12,0.428,2010,9,28,271,1,588.0647795980371,0.0,588.0647795980371,0.0,31.055743188951546,5.0,2010-09-28 18:00:00,0,miami
21.2,-82.5,559.1597869197087, , ,29.05870819091797,-0.7786674499511719,29.84197998046875,,,,,,25.12,0.428,2010,9,28,271,1,559.1597869197087,0.0,559.1597869197087,0.0,31.055743188951546,5.0,2010-09-28 21:00:00,0,miami
21.4,-82.2,526.3793345724656,35,997,28.766450881958008,-1.1572837829589844,29.955394744873047,,,,,,25.12,0.428,2010,9,29,272,1,526.3793345724656,0.0,526.3793345724656,0.0,31.055743188951546,5.0,2010-09-29 00:00:00,0,miami
21.6,-81.9,494.35188400957, , ,28.32967758178711,-1.6257858276367188,29.955394744873047,,,,,,25.12,0.428,2010,9,29,272,1,494.35188400957,0.0,494.35188400957,0.0,31.055743188951546,5.0,2010-09-29 03:00:00,0,miami
21.7,-81.6,473.8280907957247,35,996,28.55709648132324,-1.4003429412841797,29.955394744873047,,,,,,25.12,0.428,2010,9,29,272,1,473.8280907957247,0.0,473.8280907957247,0.0,31.055743188951546,5.0,2010-09-29 06:00:00,0,miami
21.8,-81.3,454.7155737438811, , ,28.633546829223633,-1.3408145904541016,29.949878692626953,,,,,,25.12,0.428,2010,9,29,272,1,454.7155737438811,0.0,454.7155737438811,0.0,31.055743188951546,5.0,2010-09-29 09:00:00,0,miami
21.9,-81.0,437.1948373444763,40,995,29.00806427001953,-0.9749870300292968,29.949878692626953,,,,,,25.12,0.428,2010,9,29,272,1,437.1948373444763,0.0,437.1948373444763,0.0,31.055743188951546,5.0,2010-09-29 12:00:00,0,miami
22.2,-80.5,397.2782136383199,40,995,,,30.04993057250977,,,,,,25.12,0.428,2010,9,29,272,1,397.2782136383199,0.0,397.2782136383199,0.0,31.055743188951546,5.0,2010-09-29 15:00:00,0,miami
23.3,-80.1,273.88598700549454,40,994,28.438064575195312,-0.9197635650634766,29.35658073425293,,,,,,25.12,0.428,2010,9,29,272,1,273.88598700549454,0.0,273.88598700549454,0.0,31.055743188951546,5.0,2010-09-29 18:00:00,0,miami
24.1,-79.8,188.94841527250512, , ,28.220966339111328,-1.119771957397461,29.307281494140625,,,,,,25.12,0.428,2010,9,29,272,1,188.94841527250512,1.0,188.94841527250512,1.0,31.055743188951546,6.0,2010-09-29 21:00:00,1,miami
24.7,-79.6,132.21365013150125,40,994,28.35999870300293,-0.9876060485839844,29.307281494140625,,,,,,25.12,0.428,2010,9,30,273,1,132.21365013150125,2.0,132.21365013150125,2.0,31.055743188951546,7.0,2010-09-30 00:00:00,1,miami
25.4,-79.3,98.06943877032958, , ,27.93741798400879,-1.377634048461914,29.326082229614254,,,,,,25.12,0.428,2010,9,30,273,1,98.06943877032958,3.0,98.06943877032958,3.0,31.055743188951546,8.0,2010-09-30 03:00:00,1,miami
26.1,-79.0,124.9751492085668,40,995,28.1345157623291,-1.1045379638671875,29.18570899963379,,,,,,25.12,0.428,2010,9,30,273,1,98.06943877032958,4.0,98.06943877032958,4.0,31.055743188951546,9.0,2010-09-30 06:00:00,1,miami
26.8,-78.7,188.28207735849247, , ,26.57064437866211,-2.5229568481445312,29.18570899963379,,,,,,25.12,0.428,2010,9,30,273,1,98.06943877032958,5.0,98.06943877032958,5.0,31.055743188951546,10.0,2010-09-30 09:00:00,1,miami
27.4,-78.5,247.9631594581816,40,996,27.275806427001953,-1.713064193725586,29.039875030517575,,,,,,25.12,0.428,2010,9,30,273,1,98.06943877032958,5.0,98.06943877032958,5.0,31.055743188951546,10.0,2010-09-30 12:00:00,0,miami
11.3,-20.0,6492.357365985358,25,1009,27.459999084472656,0.0226631164550781,27.461183547973633,,,,,,26.91,0.169,2013,7,22,203,1,6492.357365985358,0.0,6492.357365985358,0.0,6492.357365985358,0.0,2013-07-22 18:00:00,0,miami
11.4,-20.5,6437.91478414782, , ,27.56548309326172,0.24713134765625,27.20939064025879,,,,,,26.91,0.169,2013,7,22,203,1,6437.91478414782,0.0,6437.91478414782,0.0,6437.91478414782,0.0,2013-07-22 21:00:00,0,miami
11.5,-20.9,6393.4869529525295,25,1009,27.642902374267575,0.384042739868164,27.20939064025879,,,,,,26.91,0.169,2013,7,23,204,1,6393.4869529525295,0.0,6393.4869529525295,0.0,6393.4869529525295,0.0,2013-07-23 00:00:00,0,miami
11.6,-21.3,6349.068489470991, , ,27.707740783691406,0.6020030975341797,27.20939064025879,,,,,,26.91,0.169,2013,7,23,204,1,6349.068489470991,0.0,6349.068489470991,0.0,6349.068489470991,0.0,2013-07-23 03:00:00,0,miami
11.7,-21.8,6294.656742008463,25,1009,27.61193466186523,0.5938930511474609,27.048084259033203,,,,,,26.91,0.169,2013,7,23,204,1,6294.656742008463,0.0,6294.656742008463,0.0,6294.656742008463,0.0,2013-07-23 06:00:00,0,miami
11.8,-22.3,6240.256282326715, , ,27.554515838623047,0.6960639953613281,27.048084259033203,,,,,,26.91,0.169,2013,7,23,204,1,6240.256282326715,0.0,6240.256282326715,0.0,6240.256282326715,0.0,2013-07-23 09:00:00,0,miami
12.0,-22.8,6181.4918949761495,25,1009,27.605806350708008,0.7923316955566406,27.023040771484375,,,,,,26.91,0.169,2013,7,23,204,1,6181.4918949761495,0.0,6181.4918949761495,0.0,6181.4918949761495,0.0,2013-07-23 12:00:00,0,miami
12.2,-23.3,6122.763030953208, , ,27.53774070739746,0.9221305847167968,26.43421173095703,,,,,,26.91,0.169,2013,7,23,204,1,6122.763030953208,0.0,6122.763030953208,0.0,6122.763030953208,0.0,2013-07-23 15:00:00,0,miami
12.4,-23.9,6054.069435964231,25,1008,27.581933975219727,1.1425418853759766,26.369462966918945,,,,,,26.91,0.169,2013,7,23,204,1,6054.069435964231,0.0,6054.069435964231,0.0,6054.069435964231,0.0,2013-07-23 18:00:00,0,miami
12.7,-24.6,5971.101075696055, , ,27.92322540283203,1.5303230285644531,26.473243713378903,,,,,,26.91,0.169,2013,7,23,204,1,5971.101075696055,0.0,5971.101075696055,0.0,5971.101075696055,0.0,2013-07-23 21:00:00,0,miami
13.0,-25.4,5878.218252136795,30,1007,27.666128158569336,1.2632999420166016,26.473243713378903,,,,,,26.91,0.169,2013,7,24,205,1,5878.218252136795,0.0,5878.218252136795,0.0,5878.218252136795,0.0,2013-07-24 00:00:00,0,miami
13.3,-26.2,5785.424904286667, , ,27.65999984741211,1.3413105010986328,26.27300262451172,,,,,,26.91,0.169,2013,7,24,205,1,5785.424904286667,0.0,5785.424904286667,0.0,5785.424904286667,0.0,2013-07-24 03:00:00,0,miami
13.5,-27.1,5686.949082976041,35,1006,27.79677391052246,1.4263153076171875,26.324865341186523,,,,,,26.91,0.169,2013,7,24,205,1,5686.949082976041,0.0,5686.949082976041,0.0,5686.949082976041,0.0,2013-07-24 06:00:00,0,miami
13.7,-28.0,5588.522581160685, , ,27.78257942199707,1.464921951293945,26.35672950744629,,,,,,26.91,0.169,2013,7,24,205,1,5588.522581160685,0.0,5588.522581160685,0.0,5588.522581160685,0.0,2013-07-24 09:00:00,0,miami
13.9,-29.0,5480.152226142789,40,1005,27.77257919311523,1.5245933532714844,26.411436080932617,,,,,,26.91,0.169,2013,7,24,205,1,5480.152226142789,0.0,5480.152226142789,0.0,5480.152226142789,0.0,2013-07-24 12:00:00,0,miami
14.1,-29.9,5381.830317022427, , ,27.510000228881836,1.433147430419922,25.89081764221191,,,,,,26.91,0.169,2013,7,24,205,1,5381.830317022427,0.0,5381.830317022427,0.0,5381.830317022427,0.0,2013-07-24 15:00:00,0,miami
14.4,-30.8,5279.402153651617,45,1004,27.1912899017334,1.3347415924072266,25.78533363342285,,,,,,26.91,0.169,2013,7,24,205,1,5279.402153651617,0.0,5279.402153651617,0.0,5279.402153651617,0.0,2013-07-24 18:00:00,0,miami
14.7,-31.6,5187.069124245854, , ,27.09000015258789,1.392690658569336,25.71263885498047,,,,,,26.91,0.169,2013,7,24,205,1,5187.069124245854,0.0,5187.069124245854,0.0,5187.069124245854,0.0,2013-07-24 21:00:00,0,miami
14.9,-32.4,5098.932377998877,45,1004,26.92290306091309,1.334917068481445,25.71263885498047,,,,,,26.91,0.169,2013,7,25,206,1,5098.932377998877,0.0,5098.932377998877,0.0,5098.932377998877,0.0,2013-07-25 00:00:00,0,miami
15.1,-33.2,5010.848796507965, , ,26.86806297302246,1.3595333099365234,25.405908584594727,,,,,,26.91,0.169,2013,7,25,206,1,5010.848796507965,0.0,5010.848796507965,0.0,5010.848796507965,0.0,2013-07-25 03:00:00,0,miami
15.3,-33.9,4932.805677903956,50,1002,26.69032287597656,1.2203826904296875,25.446386337280273,,,,,,26.91,0.169,2013,7,25,206,1,4932.805677903956,0.0,4932.805677903956,0.0,4932.805677903956,0.0,2013-07-25 06:00:00,0,miami
15.5,-34.7,4844.829850506057, , ,26.681612014770508,1.165058135986328,25.51598739624023,,,,,,26.91,0.169,2013,7,25,206,1,4844.829850506057,0.0,4844.829850506057,0.0,4844.829850506057,0.0,2013-07-25 09:00:00,0,miami
15.7,-35.5,4756.910394896715,50,1002,26.594192504882812,1.0547561645507812,25.585134506225582,,,,,,26.91,0.169,2013,7,25,206,1,4756.910394896715,0.0,4756.910394896715,0.0,4756.910394896715,0.0,2013-07-25 12:00:00,0,miami
15.8,-36.3,4673.050103822532, , ,26.67548370361328,1.1215343475341797,25.585134506225582,,,,,,26.91,0.169,2013,7,25,206,1,4673.050103822532,0.0,4673.050103822532,0.0,4673.050103822532,0.0,2013-07-25 15:00:00,0,miami
16.0,-37.1,4585.225134567845,50,1003,26.81806373596191,1.2068405151367188,25.63847541809082,,,,,,26.91,0.169,2013,7,25,206,1,4585.225134567845,0.0,4585.225134567845,0.0,4585.225134567845,0.0,2013-07-25 18:00:00,0,miami
16.2,-37.9,4497.459498700459, , ,26.73806381225586,1.0723743438720703,25.637800216674805,,,,,,26.91,0.169,2013,7,25,206,1,4497.459498700459,0.0,4497.459498700459,0.0,4497.459498700459,0.0,2013-07-25 21:00:00,0,miami
16.4,-38.7,4409.754326424806,45,1005,26.715482711791992,0.9962844848632812,25.751277923583984,,,,,,26.91,0.169,2013,7,26,207,1,4409.754326424806,0.0,4409.754326424806,0.0,4409.754326424806,0.0,2013-07-26 00:00:00,0,miami
16.6,-39.7,4302.171161431004, , ,26.68451499938965,0.8427047729492188,25.89814567565918,,,,,,26.91,0.169,2013,7,26,207,1,4302.171161431004,0.0,4302.171161431004,0.0,4302.171161431004,0.0,2013-07-26 03:00:00,0,miami
16.9,-40.7,4190.763455334843,45,1006,26.926450729370117,0.949188232421875,26.021699905395508,,,,,,26.91,0.169,2013,7,26,207,1,4190.763455334843,0.0,4190.763455334843,0.0,4190.763455334843,0.0,2013-07-26 06:00:00,0,miami
17.1,-41.7,4083.3506086720145, , ,26.851612091064453,0.7462387084960938,26.15468406677246,,,,,,26.91,0.169,2013,7,26,207,1,4083.3506086720145,0.0,4083.3506086720145,0.0,4083.3506086720145,0.0,2013-07-26 09:00:00,0,miami
17.3,-42.8,3966.058446746983,45,1008,26.914194107055664,0.65069580078125,26.2801513671875,,,,,,26.91,0.169,2013,7,26,207,1,3966.058446746983,0.0,3966.058446746983,0.0,3966.058446746983,0.0,2013-07-26 12:00:00,0,miami
17.5,-43.9,3848.857595146131, , ,27.043224334716797,0.6813983917236328,26.37320327758789,,,,,,26.91,0.169,2013,7,26,207,1,3848.857595146131,0.0,3848.857595146131,0.0,3848.857595146131,0.0,2013-07-26 15:00:00,0,miami
17.6,-45.0,3735.5912418507023,40,1010,27.08386993408203,0.6177616119384766,26.456369400024418,,,,,,26.91,0.169,2013,7,26,207,1,3735.5912418507023,0.0,3735.5912418507023,0.0,3735.5912418507023,0.0,2013-07-26 18:00:00,0,miami
17.7,-46.1,3622.423769284468, , ,27.11612892150879,0.5408668518066406,26.564594268798828,,,,,,26.91,0.169,2013,7,26,207,1,3622.423769284468,0.0,3622.423769284468,0.0,3622.423769284468,0.0,2013-07-26 21:00:00,0,miami
17.8,-47.1,3519.284621320876,35,1012,27.20935440063477,0.5251693725585938,26.684640884399418,,,,,,26.91,0.169,2013,7,27,208,1,3519.284621320876,0.0,3519.284621320876,0.0,3519.284621320876,0.0,2013-07-27 00:00:00,0,miami
17.9,-48.2,3406.3297862754084, , ,27.3845157623291,0.5918483734130859,26.79698371887207,,,,,,26.91,0.169,2013,7,27,208,1,3406.3297862754084,0.0,3406.3297862754084,0.0,3406.3297862754084,0.0,2013-07-27 03:00:00,0,miami
18.0,-49.2,3303.397240038584,35,1012,27.492258071899418,0.5943565368652344,26.89539909362793,,,,,,26.91,0.169,2013,7,27,208,1,3303.397240038584,0.0,3303.397240038584,0.0,3303.397240038584,0.0,2013-07-27 06:00:00,0,miami
18.1,-50.2,3200.5747912610946, , ,27.553546905517575,0.5568485260009766,26.970396041870117,,,,,,26.91,0.169,2013,7,27,208,1,3200.5747912610946,0.0,3200.5747912610946,0.0,3200.5747912610946,0.0,2013-07-27 09:00:00,0,miami
18.3,-51.1,3103.791676430713,35,1012,27.698387145996097,0.5927658081054688,27.08975601196289,,,,,,26.91,0.169,2013,7,27,208,1,3103.791676430713,0.0,3103.791676430713,0.0,3103.791676430713,0.0,2013-07-27 12:00:00,0,miami
18.4,-52.1,3001.173172321242, , ,27.78774070739746,0.5786857604980469,27.193225860595703,,,,,,26.91,0.169,2013,7,27,208,1,3001.173172321242,0.0,3001.173172321242,0.0,3001.173172321242,0.0,2013-07-27 15:00:00,0,miami
18.6,-53.0,2904.565510880415,35,1012,27.83096694946289,0.5350837707519531,27.283397674560547,,,,,,26.91,0.169,2013,7,27,208,1,2904.565510880415,0.0,2904.565510880415,0.0,2904.565510880415,0.0,2013-07-27 18:00:00,0,miami
18.8,-54.0,2798.2092389822956, , ,27.81612777709961,0.410287857055664,27.40597915649414,,,,,,26.91,0.169,2013,7,27,208,1,2798.2092389822956,0.0,2798.2092389822956,0.0,2798.2092389822956,0.0,2013-07-27 21:00:00,0,miami
19.0,-54.9,2701.7983275679053,35,1012,27.937095642089844,0.4453811645507812,27.518028259277344,,,,,,26.91,0.169,2013,7,28,209,1,2701.7983275679053,0.0,2701.7983275679053,0.0,2701.7983275679053,0.0,2013-07-28 00:00:00,0,miami
19.2,-55.9,2595.6648960563625, , ,28.25128936767578,0.6795425415039062,27.5755615234375,,,,,,26.91,0.169,2013,7,28,209,1,2595.6648960563625,0.0,2595.6648960563625,0.0,2595.6648960563625,0.0,2013-07-28 03:00:00,0,miami
19.4,-56.8,2499.4617706029267,35,1013,28.242902755737305,0.5943489074707031,27.654176712036133,,,,,,26.91,0.169,2013,7,28,209,1,2499.4617706029267,0.0,2499.4617706029267,0.0,2499.4617706029267,0.0,2013-07-28 06:00:00,0,miami
19.6,-57.7,2403.361782673501, , ,28.306127548217773,0.6275348663330078,27.70070457458496,,,,,,26.91,0.169,2013,7,28,209,1,2403.361782673501,0.0,2403.361782673501,0.0,2403.361782673501,0.0,2013-07-28 09:00:00,0,miami
19.8,-58.6,2307.367694937296,35,1013,28.37935447692871,0.6623878479003906,27.744930267333984,,,,,,26.91,0.169,2013,7,28,209,1,2307.367694937296,0.0,2307.367694937296,0.0,2307.367694937296,0.0,2013-07-28 12:00:00,0,miami
20.0,-59.5,2211.4824825078063, , ,28.42096710205078,0.6535606384277344,27.7889347076416,,,,,,26.91,0.169,2013,7,28,209,1,2211.4824825078063,0.0,2211.4824825078063,0.0,2211.4824825078063,0.0,2013-07-28 15:00:00,0,miami
20.1,-60.3,2129.4181295911376,30,1013,28.446773529052734,0.6363563537597656,27.78376007080078,,,,,,26.91,0.169,2013,7,28,209,1,2129.4181295911376,0.0,2129.4181295911376,0.0,2129.4181295911376,0.0,2013-07-28 18:00:00,0,miami
20.3,-61.2,2033.7509070866147, , ,28.561935424804688,0.7079010009765625,27.84412384033203,,,,,,26.91,0.169,2013,7,28,209,1,2033.7509070866147,0.0,2033.7509070866147,0.0,2033.7509070866147,0.0,2013-07-28 21:00:00,0,miami
20.4,-62.0,1951.928198160824,25,1014,28.45096778869629,0.5382156372070312,27.904064178466797,,,,,,26.91,0.169,2013,7,29,210,1,1951.928198160824,0.0,1951.928198160824,0.0,1951.928198160824,0.0,2013-07-29 00:00:00,0,miami
20.5,-62.9,1860.56741098127, , ,28.436128616333008,0.4824028015136719,27.96088409423828,,,,,,26.91,0.169,2013,7,29,210,1,1860.56741098127,0.0,1860.56741098127,0.0,1860.56741098127,0.0,2013-07-29 03:00:00,0,miami
20.6,-63.7,1779.087242958144,25,1014,28.560644149780273,0.5645351409912109,28.009157180786133,,,,,,26.91,0.169,2013,7,29,210,1,1779.087242958144,0.0,1779.087242958144,0.0,1779.087242958144,0.0,2013-07-29 06:00:00,0,miami
20.7,-64.5,1697.7927325844853, , ,28.56322479248047,0.5095691680908203,28.07319068908691,,,,,,26.91,0.169,2013,7,29,210,1,1697.7927325844853,0.0,1697.7927325844853,0.0,1697.7927325844853,0.0,2013-07-29 09:00:00,0,miami
20.8,-65.3,1616.7059329999593,25,1015,28.590967178344727,0.4894638061523437,28.07319068908691,,,,,,26.91,0.169,2013,7,29,210,1,1616.7059329999593,0.0,1616.7059329999593,0.0,1616.7059329999593,0.0,2013-07-29 12:00:00,0,miami
20.9,-66.1,1535.853314816212, , ,28.48967742919922,0.3558464050292969,28.116846084594727,,,,,,26.91,0.169,2013,7,29,210,1,1535.853314816212,0.0,1535.853314816212,0.0,1535.853314816212,0.0,2013-07-29 15:00:00,0,miami
21.0,-66.9,1455.2669551567474,25,1015,28.55967712402344,0.3868427276611328,28.16923141479492,,,,,,26.91,0.169,2013,7,29,210,1,1455.2669551567474,0.0,1455.2669551567474,0.0,1455.2669551567474,0.0,2013-07-29 18:00:00,0,miami
21.1,-67.7,1374.9861258215626, , ,28.57354736328125,0.3540191650390625,28.253801345825195,,,,,,26.91,0.169,2013,7,29,210,1,1374.9861258215626,0.0,1374.9861258215626,0.0,1374.9861258215626,0.0,2013-07-29 21:00:00,0,miami
21.3,-68.5,1290.3451680478086,25,1015,28.488386154174805,0.2388267517089843,28.253135681152344,,,,,,26.91,0.169,2013,7,30,211,1,1290.3451680478086,0.0,1290.3451680478086,0.0,1290.3451680478086,0.0,2013-07-30 00:00:00,0,miami
21.4,-69.2,1220.0154151538843, , ,28.52225685119629,0.2758312225341797,28.253135681152344,,,,,,26.91,0.169,2013,7,30,211,1,1220.0154151538843,0.0,1220.0154151538843,0.0,1220.0154151538843,0.0,2013-07-30 03:00:00,0,miami
21.5,-69.8,1159.2813680050303,25,1015,28.52677345275879,0.3009185791015625,28.228124618530273,,,,,,26.91,0.169,2013,7,30,211,1,1159.2813680050303,0.0,1159.2813680050303,0.0,1159.2813680050303,0.0,2013-07-30 06:00:00,0,miami
21.6,-70.4,1098.7767629645996, , ,28.485483169555664,0.2603397369384765,28.228124618530273,,,,,,26.91,0.169,2013,7,30,211,1,1098.7767629645996,0.0,1098.7767629645996,0.0,1098.7767629645996,0.0,2013-07-30 09:00:00,0,miami
21.7,-71.0,1038.5351640484191,25,1015,28.420644760131836,0.1868457794189453,28.202238082885746,,,,,,26.91,0.169,2013,7,30,211,1,1038.5351640484191,0.0,1038.5351640484191,0.0,1038.5351640484191,0.0,2013-07-30 12:00:00,0,miami
21.8,-71.6,978.5981038323416, , ,28.544193267822266,0.2271251678466797,28.413454055786133,,,,,,26.91,0.169,2013,7,30,211,1,978.5981038323416,0.0,978.5981038323416,0.0,978.5981038323416,0.0,2013-07-30 15:00:00,0,miami
21.9,-72.2,919.0175642606182,25,1015,28.64806365966797,0.2719459533691406,28.413454055786133,,,,,,26.91,0.169,2013,7,30,211,1,919.0175642606182,0.0,919.0175642606182,0.0,919.0175642606182,0.0,2013-07-30 18:00:00,0,miami
22.0,-72.8,859.8594146530929, , ,28.54322624206543,0.1410903930664062,28.418437957763672,,,,,,26.91,0.169,2013,7,30,211,1,859.8594146530929,0.0,859.8594146530929,0.0,859.8594146530929,0.0,2013-07-30 21:00:00,0,miami
22.1,-73.3,809.9731398168348,25,1015,28.550968170166016,0.0971527099609375,28.38652801513672,,,,,,26.91,0.169,2013,7,31,212,1,809.9731398168348,0.0,809.9731398168348,0.0,809.9731398168348,0.0,2013-07-31 00:00:00,0,miami
22.2,-73.9,751.7862998199149, , ,28.631935119628903,0.1043605804443359,28.547513961791992,,,,,,26.91,0.169,2013,7,31,212,1,751.7862998199149,0.0,751.7862998199149,0.0,751.7862998199149,0.0,2013-07-31 03:00:00,0,miami
22.4,-74.4,696.5850125226569,25,1015,28.671289443969727,0.0998210906982421,28.547513961791992,,,,,,26.91,0.169,2013,7,31,212,1,696.5850125226569,0.0,696.5850125226569,0.0,696.5850125226569,0.0,2013-07-31 06:00:00,0,miami
22.5,-74.9,647.8824852657324, , ,28.66225814819336,0.0581855773925781,28.62761878967285,,,,,,26.91,0.169,2013,7,31,212,1,647.8824852657324,0.0,647.8824852657324,0.0,647.8824852657324,0.0,2013-07-31 09:00:00,0,miami
22.6,-75.3,608.0320839780805,25,1015,28.760644912719727,0.0020198822021484,28.62761878967285,,,,,,26.91,0.169,2013,7,31,212,1,608.0320839780805,0.0,608.0320839780805,0.0,608.0320839780805,0.0,2013-07-31 12:00:00,0,miami
22.7,-75.6,576.7025438206796, , ,28.843225479125977,-0.0105724334716796,28.991369247436523,,,,,,26.91,0.169,2013,7,31,212,1,576.7025438206796,0.0,576.7025438206796,0.0,576.7025438206796,0.0,2013-07-31 15:00:00,0,miami
22.8,-75.9,545.5342473014118,25,1015,28.995805740356445,0.0407028198242187,28.991369247436523,,,,,,26.91,0.169,2013,7,31,212,1,545.5342473014118,0.0,545.5342473014118,0.0,545.5342473014118,0.0,2013-07-31 18:00:00,0,miami
22.9,-76.2,514.5526595212004, , ,29.123870849609375,0.0949306488037109,28.991369247436523,,,,,,26.91,0.169,2013,7,31,212,1,514.5526595212004,0.0,514.5526595212004,0.0,514.5526595212004,0.0,2013-07-31 21:00:00,0,miami
23.0,-76.5,483.7895406966893,25,1014,29.234516143798828,-0.2306709289550781,29.511863708496097,,,,,,26.47,0.173,2013,8,1,213,1,483.7895406966893,0.0,483.7895406966893,0.0,483.7895406966893,0.0,2013-08-01 00:00:00,0,miami
23.1,-76.7,460.9985379147798, , ,29.189998626708984,-0.2919197082519531,29.554933547973633,,,,,,26.47,0.173,2013,8,1,213,1,460.9985379147798,0.0,460.9985379147798,0.0,460.9985379147798,0.0,2013-08-01 03:00:00,0,miami
23.3,-77.0,423.2565076498315,25,1013,28.95225715637207,-0.6354694366455078,29.554933547973633,,,,,,26.47,0.173,2013,8,1,213,1,423.2565076498315,0.0,423.2565076498315,0.0,423.2565076498315,0.0,2013-08-01 06:00:00,0,miami
23.5,-77.3,385.5679806332976, , ,29.02225685119629,-0.6418247222900391,29.554933547973633,,,,,,26.47,0.173,2013,8,1,213,1,385.5679806332976,0.0,385.5679806332976,0.0,385.5679806332976,0.0,2013-08-01 09:00:00,0,miami
23.7,-77.7,340.4073457538174,25,1013,28.98774147033691,-0.7802619934082031,29.909650802612305,,,,,,26.47,0.173,2013,8,1,213,1,340.4073457538174,0.0,340.4073457538174,0.0,340.4073457538174,0.0,2013-08-01 12:00:00,0,miami
23.9,-78.1,295.6472085434506, , ,29.07709693908691,-0.7528038024902344,29.909650802612305,,,,,,26.47,0.173,2013,8,1,213,1,295.6472085434506,0.0,295.6472085434506,0.0,295.6472085434506,0.0,2013-08-01 15:00:00,0,miami
24.2,-78.4,250.53537795235832,25,1013,29.105484008789062,-0.6994037628173828,29.720579147338867,,,,,,26.47,0.173,2013,8,1,213,1,250.53537795235832,0.0,250.53537795235832,0.0,250.53537795235832,0.0,2013-08-01 18:00:00,0,miami
24.5,-78.7,205.51006845808104, , ,29.10354804992676,-0.7295913696289062,29.916128158569336,,,,,,26.47,0.173,2013,8,1,213,1,205.51006845808104,0.0,205.51006845808104,0.0,205.51006845808104,0.0,2013-08-01 21:00:00,0,miami
24.9,-79.0,153.3872087160638,25,1013,29.079030990600582,-0.7801685333251953,29.916128158569336,,,,,,26.47,0.173,2013,8,2,214,1,153.3872087160638,1.0,153.3872087160638,1.0,153.3872087160638,1.0,2013-08-02 00:00:00,1,miami
25.3,-79.2,111.97603141401856, , ,29.20741844177246,-0.6361942291259766,29.868953704833984,,,,,,26.47,0.173,2013,8,2,214,1,111.97603141401856,2.0,111.97603141401856,2.0,111.97603141401856,2.0,2013-08-02 03:00:00,1,miami
25.7,-79.3,89.59379817733854,25,1013,29.17290306091309,-0.5799083709716797,29.868953704833984,,,,,,26.47,0.173,2013,8,2,214,1,89.59379817733854,3.0,89.59379817733854,3.0,89.59379817733854,3.0,2013-08-02 06:00:00,1,miami
26.1,-79.4,87.6612292398153, , ,29.128063201904297,-0.5110511779785156,29.56554794311523,,,,,,26.47,0.173,2013,8,2,214,1,87.6612292398153,4.0,87.6612292398153,4.0,87.6612292398153,4.0,2013-08-02 09:00:00,1,miami
26.5,-79.4,113.96315132734172,25,1013,29.06774139404297,-0.5145225524902344,29.56554794311523,,,,,,26.47,0.173,2013,8,2,214,1,87.6612292398153,5.0,87.6612292398153,5.0,87.6612292398153,5.0,2013-08-02 12:00:00,1,miami
26.9,-79.4,149.15456428847853, , ,29.15386962890625,-0.3078784942626953,29.56554794311523,,,,,,26.47,0.173,2013,8,2,214,1,87.6612292398153,6.0,87.6612292398153,6.0,87.6612292398153,6.0,2013-08-02 15:00:00,1,miami
27.4,-79.4,198.45677669093772,25,1013,29.15774154663086,-0.1812171936035156,29.48620986938477,,,,,,26.47,0.173,2013,8,2,214,1,87.6612292398153,7.0,87.6612292398153,7.0,87.6612292398153,7.0,2013-08-02 18:00:00,1,miami
27.9,-79.4,250.4095383982543, , ,29.16354751586914,-0.061187744140625,29.48620986938477,,,,,,26.47,0.173,2013,8,2,214,1,87.6612292398153,7.0,87.6612292398153,7.0,87.6612292398153,7.0,2013-08-02 21:00:00,1,miami
28.4,-79.3,306.35978444412393,30,1013,29.055805206298828,-0.0575618743896484,29.236087799072266,,,,,,26.47,0.173,2013,8,3,215,1,87.6612292398153,7.0,87.6612292398153,7.0,87.6612292398153,7.0,2013-08-03 00:00:00,1,miami
28.9,-79.2,362.4491521588702, , ,28.688386917114254,-0.4630813598632812,29.236087799072266,,,,,,26.47,0.173,2013,8,3,215,1,87.6612292398153,7.0,87.6612292398153,7.0,87.6612292398153,7.0,2013-08-03 03:00:00,0,miami
29.4,-79.1,418.6181408711328,30,1013,28.74258041381836,-0.3629798889160156,29.093177795410156,,,,,,26.47,0.173,2013,8,3,215,1,87.6612292398153,7.0,87.6612292398153,7.0,87.6612292398153,7.0,2013-08-03 06:00:00,0,miami
29.9,-79.0,474.83527216870687, , ,28.74193572998047,-0.3524379730224609,29.093177795410156,,,,,,26.47,0.173,2013,8,3,215,1,87.6612292398153,7.0,87.6612292398153,7.0,87.6612292398153,7.0,2013-08-03 09:00:00,0,miami
30.3,-78.8,522.7815830328185,30,1013,28.644193649291992,-0.4215412139892578,29.10350227355957,,,,,,26.47,0.173,2013,8,3,215,1,87.6612292398153,7.0,87.6612292398153,7.0,87.6612292398153,7.0,2013-08-03 12:00:00,0,miami
30.7,-78.5,573.554272095099, , ,28.645483016967773,-0.3597316741943359,29.10350227355957,,,,,,26.47,0.173,2013,8,3,215,1,87.6612292398153,7.0,87.6612292398153,7.0,87.6612292398153,7.0,2013-08-03 15:00:00,0,miami
31.1,-78.1,627.7991817825664,30,1013,28.756772994995117,-0.2235527038574218,29.05372428894043,,,,,,26.47,0.173,2013,8,3,215,1,87.6612292398153,7.0,87.6612292398153,7.0,87.6612292398153,7.0,2013-08-03 18:00:00,0,miami
31.5,-77.7,682.7749741297881, , ,28.67096710205078,-0.2436714172363281,29.05372428894043,,,,,,26.47,0.173,2013,8,3,215,1,87.6612292398153,7.0,87.6612292398153,7.0,87.6612292398153,7.0,2013-08-03 21:00:00,0,miami
31.8,-77.2,731.9007563910286,30,1012,28.789031982421875,-0.0574665069580078,28.74207878112793,,,,,,26.47,0.173,2013,8,4,216,1,87.6612292398153,7.0,87.6612292398153,7.0,87.6612292398153,7.0,2013-08-04 00:00:00,0,miami
32.1,-76.5,790.9129755610053, , ,28.67387008666992,-0.0917110443115234,28.984437942504883,,,,,,26.47,0.173,2013,8,4,216,1,87.6612292398153,7.0,87.6612292398153,7.0,87.6612292398153,7.0,2013-08-04 03:00:00,0,miami
32.4,-75.6,862.2725166382037,30,1011,28.15838623046875,-0.2893505096435547,28.613422393798828,,,,,,26.47,0.173,2013,8,4,216,1,87.6612292398153,7.0,87.6612292398153,7.0,87.6612292398153,7.0,2013-08-04 06:00:00,0,miami
22.4,-77.0,494.6396642896195,25,1012,29.31166648864746,,29.530467987060547,,,,,,27.19,0.139,2018,9,2,245,1,494.6396642896195,0.0,494.6396642896195,0.0,494.6396642896195,0.0,2018-09-02 18:00:00,0,miami
22.8,-77.6,421.23741525190667, , ,29.591331481933594,0.0836677551269531,29.468774795532227,,,,,,27.19,0.139,2018,9,2,245,1,421.23741525190667,0.0,421.23741525190667,0.0,421.23741525190667,0.0,2018-09-02 21:00:00,0,miami
23.3,-78.2,339.8727198651138,25,1011,29.737333297729492,0.1718101501464843,29.597400665283203,,,,,,27.19,0.139,2018,9,3,246,1,339.8727198651138,0.0,339.8727198651138,0.0,339.8727198651138,0.0,2018-09-03 00:00:00,0,miami
23.8,-78.8,259.46289002256333, , ,29.755332946777344,0.2966804504394531,29.46031951904297,,,,,,27.19,0.139,2018,9,3,246,1,259.46289002256333,0.0,259.46289002256333,0.0,259.46289002256333,0.0,2018-09-03 03:00:00,0,miami
24.2,-79.4,191.1124714491117,30,1009,29.43233299255371,0.0317192077636718,29.43664169311523,,,,,,27.19,0.139,2018,9,3,246,1,191.1124714491117,1.0,191.1124714491117,1.0,191.1124714491117,1.0,2018-09-03 06:00:00,1,miami
24.6,-80.0,130.60897552087246,35,1008,29.24833297729492,-0.0597190856933593,29.307281494140625,,,,,,27.19,0.139,2018,9,3,246,1,130.60897552087246,2.0,130.60897552087246,2.0,130.60897552087246,2.0,2018-09-03 09:00:00,1,miami
25.0,-80.5,90.17905247215585,45,1006,29.54666519165039,0.1994209289550781,29.3306941986084,,,,,,27.19,0.139,2018,9,3,246,1,90.17905247215585,3.0,90.17905247215585,3.0,90.17905247215585,3.0,2018-09-03 11:15:00,1,miami
25.1,-80.7,89.54366281744889,45,1006,29.695331573486328,0.3312015533447265,29.461841583251953,,,,,,27.19,0.139,2018,9,3,246,1,89.54366281744889,4.0,89.54366281744889,4.0,89.54366281744889,4.0,2018-09-03 12:00:00,1,miami
25.2,-80.9,94.62820456948842,45,1006,29.90833282470703,0.5118484497070312,29.461841583251953,,,,,,27.19,0.139,2018,9,3,246,1,89.54366281744889,5.0,89.54366281744889,5.0,89.54366281744889,5.0,2018-09-03 13:15:00,1,miami
25.4,-81.2,108.82215880955984, , ,30.194000244140625,0.7387485504150391,29.461841583251953,,,,,,27.19,0.139,2018,9,3,246,1,89.54366281744889,6.0,89.54366281744889,6.0,89.54366281744889,6.0,2018-09-03 15:00:00,1,miami
25.8,-81.9,171.0888351241536,50,1004,29.84199905395508,,29.538095474243164,,,,,,27.19,0.139,2018,9,3,246,1,89.54366281744889,7.0,89.54366281744889,7.0,89.54366281744889,7.0,2018-09-03 18:00:00,1,miami
26.2,-82.6,245.59780185453437, , ,29.78499984741211,0.427011489868164,29.25796127319336,,,,,,27.19,0.139,2018,9,3,246,1,89.54366281744889,7.0,89.54366281744889,7.0,89.54366281744889,7.0,2018-09-03 21:00:00,1,miami
26.6,-83.3,323.85081109324574,55,1003,29.60199928283691,0.4439716339111328,29.25796127319336,,,,,,27.19,0.139,2018,9,4,247,1,89.54366281744889,7.0,89.54366281744889,7.0,89.54366281744889,7.0,2018-09-04 00:00:00,1,miami
26.9,-84.1,409.510032475934, , ,29.541000366210938,0.560943603515625,29.00971031188965,,,,,,27.19,0.139,2018,9,4,247,1,89.54366281744889,7.0,89.54366281744889,7.0,89.54366281744889,7.0,2018-09-04 03:00:00,0,miami
27.2,-84.9,495.0964813250378,55,1002,29.51966667175293,0.5756206512451172,28.88038444519043,,,,,,27.19,0.139,2018,9,4,247,1,89.54366281744889,7.0,89.54366281744889,7.0,89.54366281744889,7.0,2018-09-04 06:00:00,0,miami
27.6,-85.6,574.8236416955211, , ,29.618331909179688,0.7197170257568359,28.936811447143555,,,,,,27.19,0.139,2018,9,4,247,1,89.54366281744889,7.0,89.54366281744889,7.0,89.54366281744889,7.0,2018-09-04 09:00:00,0,miami
28.1,-86.2,649.7885934146428,55,1001,29.762666702270508,0.9082775115966796,28.80315589904785,,,,,,27.19,0.139,2018,9,4,247,1,89.54366281744889,7.0,89.54366281744889,7.0,89.54366281744889,7.0,2018-09-04 12:00:00,0,miami
28.5,-86.7,712.2346832308804, , ,29.733665466308594,0.9098892211914062,28.808101654052734,,,,,,27.19,0.139,2018,9,4,247,1,89.54366281744889,7.0,89.54366281744889,7.0,89.54366281744889,7.0,2018-09-04 15:00:00,0,miami
28.9,-87.2,775.0437401218942,60,1000,29.753665924072266,1.000997543334961,28.808101654052734,,,,,,27.19,0.139,2018,9,4,247,1,89.54366281744889,7.0,89.54366281744889,7.0,89.54366281744889,7.0,2018-09-04 18:00:00,0,miami
29.3,-87.6,829.4101395469339, , ,29.638999938964844,0.9650821685791016,28.65060043334961,,,,,,27.19,0.139,2018,9,4,247,1,89.54366281744889,7.0,89.54366281744889,7.0,89.54366281744889,7.0,2018-09-04 21:00:00,1,miami
29.8,-88.0,889.4122656569831,60,999,29.51533317565918,0.965993881225586,28.65060043334961,,,,,,27.19,0.139,2018,9,5,248,1,89.54366281744889,7.0,89.54366281744889,7.0,89.54366281744889,7.0,2018-09-05 00:00:00,1,miami
30.4,-88.5,964.0685943003818, , ,29.61866569519043,1.224771499633789,28.339710235595703,,,,,,27.19,0.139,2018,9,5,248,1,89.54366281744889,7.0,89.54366281744889,7.0,89.54366281744889,7.0,2018-09-05 03:00:00,1,miami
30.4,-88.5,964.0685943003818,60,996,29.61866569519043,1.224771499633789,28.339710235595703,,,,,,27.19,0.139,2018,9,5,248,1,89.54366281744889,7.0,89.54366281744889,7.0,89.54366281744889,7.0,2018-09-05 03:15:00,1,miami
30.9,-88.9,1025.512329392939,45,1002,,,28.339710235595703,,,,,,27.19,0.139,2018,9,5,248,1,89.54366281744889,7.0,89.54366281744889,7.0,89.54366281744889,7.0,2018-09-05 06:00:00,1,miami
31.4,-89.4,1095.3890430041463, , ,,,,,,,,,27.19,0.139,2018,9,5,248,1,89.54366281744889,7.0,89.54366281744889,7.0,89.54366281744889,7.0,2018-09-05 09:00:00,0,miami
31.9,-89.8,1157.4981057874077,30,1007,,,,,,,,,27.19,0.139,2018,9,5,248,1,89.54366281744889,7.0,89.54366281744889,7.0,89.54366281744889,7.0,2018-09-05 12:00:00,0,miami
32.2,-90.1,1199.573496144836, , ,,,,,,,,,27.19,0.139,2018,9,5,248,1,89.54366281744889,7.0,89.54366281744889,7.0,89.54366281744889,7.0,2018-09-05 15:00:00,0,miami
32.5,-90.4,1241.653484560575,25,1012,,,,,,,,,27.19,0.139,2018,9,5,248,1,89.54366281744889,7.0,89.54366281744889,7.0,89.54366281744889,7.0,2018-09-05 18:00:00,0,miami
32.8,-90.7,1283.7299468004492, , ,,,,,,,,,27.19,0.139,2018,9,5,248,1,89.54366281744889,7.0,89.54366281744889,7.0,89.54366281744889,7.0,2018-09-05 21:00:00,0,miami
33.0,-90.9,1311.7753842661496,20,1013,,,,,,,,,27.19,0.139,2018,9,6,249,1,89.54366281744889,7.0,89.54366281744889,7.0,89.54366281744889,7.0,2018-09-06 00:00:00,0,miami
33.3,-91.2,1353.830422597988, , ,,,,,,,,,27.19,0.139,2018,9,6,249,1,89.54366281744889,7.0,89.54366281744889,7.0,89.54366281744889,7.0,2018-09-06 03:00:00,0,miami
33.5,-91.4,1381.8558182691122,20,1014,,,,,,,,,27.19,0.139,2018,9,6,249,1,89.54366281744889,7.0,89.54366281744889,7.0,89.54366281744889,7.0,2018-09-06 06:00:00,0,miami
33.7,-91.6,1409.8702975342862, , ,,,,,,,,,27.19,0.139,2018,9,6,249,1,89.54366281744889,7.0,89.54366281744889,7.0,89.54366281744889,7.0,2018-09-06 09:00:00,0,miami
33.9,-91.7,1430.4110904475704,15,1014,,,,,,,,,27.19,0.139,2018,9,6,249,1,89.54366281744889,7.0,89.54366281744889,7.0,89.54366281744889,7.0,2018-09-06 12:00:00,0,miami
34.1,-91.8,1451.029623743694, , ,,,,,,,,,27.19,0.139,2018,9,6,249,1,89.54366281744889,7.0,89.54366281744889,7.0,89.54366281744889,7.0,2018-09-06 15:00:00,0,miami
34.2,-91.9,1465.0505759708342,15,1014,,,,,,,,,27.19,0.139,2018,9,6,249,1,89.54366281744889,7.0,89.54366281744889,7.0,89.54366281744889,7.0,2018-09-06 18:00:00,0,miami
34.3,-92.0,1479.0672685495997, , ,,,,,,,,,27.19,0.139,2018,9,6,249,1,89.54366281744889,7.0,89.54366281744889,7.0,89.54366281744889,7.0,2018-09-06 21:00:00,0,miami
34.4,-92.0,1485.7499394725478,15,1014,,,,,,,,,27.19,0.139,2018,9,7,250,1,89.54366281744889,7.0,89.54366281744889,7.0,89.54366281744889,7.0,2018-09-07 00:00:00,0,miami
34.5,-92.1,1499.7731737924032, , ,,,,,,,,,27.19,0.139,2018,9,7,250,1,89.54366281744889,7.0,89.54366281744889,7.0,89.54366281744889,7.0,2018-09-07 03:00:00,0,miami
34.6,-92.1,1506.5181535536278,15,1014,,,,,,,,,27.19,0.139,2018,9,7,250,1,89.54366281744889,7.0,89.54366281744889,7.0,89.54366281744889,7.0,2018-09-07 06:00:00,0,miami
34.8,-92.2,1527.351805570181, , ,,,,,,,,,27.19,0.139,2018,9,7,250,1,89.54366281744889,7.0,89.54366281744889,7.0,89.54366281744889,7.0,2018-09-07 09:00:00,0,miami
35.0,-92.2,1541.1097961910225,15,1014,,,,,,,,,27.19,0.139,2018,9,7,250,1,89.54366281744889,7.0,89.54366281744889,7.0,89.54366281744889,7.0,2018-09-07 12:00:00,0,miami
35.2,-92.2,1555.0603088447751, , ,,,,,,,,,27.19,0.139,2018,9,7,250,1,89.54366281744889,7.0,89.54366281744889,7.0,89.54366281744889,7.0,2018-09-07 15:00:00,0,miami
35.5,-92.3,1583.2752295421851,15,1014,,,,,,,,,27.19,0.139,2018,9,7,250,1,89.54366281744889,7.0,89.54366281744889,7.0,89.54366281744889,7.0,2018-09-07 18:00:00,0,miami
24.6,-77.4,309.19634390579773,25,1013,30.00290298461914,0.7586307525634766,29.233278274536133,,,,,,27.64,0.329,2019,7,22,203,1,309.19634390579773,0.0,309.19634390579773,0.0,89.54366281744889,7.0,2019-07-22 12:00:00,0,miami
24.8,-77.9,254.02715138918313, , ,29.73354721069336,0.4779682159423828,29.339324951171875,,,,,,27.64,0.329,2019,7,22,203,1,254.02715138918313,0.0,254.02715138918313,0.0,89.54366281744889,7.0,2019-07-22 15:00:00,0,miami
25.0,-78.4,198.9353969078469,25,1013,30.70290184020996,1.3199996948242188,29.339324951171875,,,,,,27.64,0.329,2019,7,22,203,1,198.9353969078469,1.0,198.9353969078469,1.0,89.54366281744889,8.0,2019-07-22 18:00:00,0,miami
25.3,-78.9,139.41144303445498, , ,30.83096694946289,1.327606201171875,29.54460906982422,,,,,,27.64,0.329,2019,7,22,203,1,139.41144303445498,2.0,139.41144303445498,2.0,89.54366281744889,9.0,2019-07-22 21:00:00,1,miami
25.7,-79.3,89.59379817733854,25,1013,30.213871002197266,0.8298377990722656,29.54460906982422,,,,,,27.64,0.329,2019,7,23,204,1,89.59379817733854,3.0,89.59379817733854,3.0,89.54366281744889,10.0,2019-07-23 00:00:00,1,miami
26.2,-79.5,84.59926456681684, , ,30.122901916503903,0.904428482055664,29.13840675354004,,,,,,27.64,0.329,2019,7,23,204,1,84.59926456681684,4.0,84.59926456681684,4.0,84.59926456681684,11.0,2019-07-23 03:00:00,1,miami
26.9,-79.6,139.63859948302652,30,1013,30.152257919311523,1.1472301483154297,29.13840675354004,,,,,,27.64,0.329,2019,7,23,204,1,84.59926456681684,5.0,84.59926456681684,5.0,84.59926456681684,12.0,2019-07-23 06:00:00,1,miami
27.7,-79.8,219.0126812059977, , ,29.578386306762695,0.9592227935791016,28.574907302856445,,,,,,27.64,0.329,2019,7,23,204,1,84.59926456681684,5.0,84.59926456681684,5.0,84.59926456681684,12.0,2019-07-23 09:00:00,1,miami
28.6,-80.0,316.1740716587218,30,1014,28.95967674255371,0.5928192138671875,28.45088577270508,,,,,,27.64,0.329,2019,7,23,204,1,84.59926456681684,5.0,84.59926456681684,5.0,84.59926456681684,12.0,2019-07-23 12:00:00,1,miami
12.5,-54.0,3112.051263218179,35,1007,28.940967559814453,1.297943115234375,27.61503028869629,,,,,,26.99,0.341,2020,7,28,210,1,3112.051263218179,0.0,3112.051263218179,0.0,3112.051263218179,0.0,2020-07-28 12:00:00,0,miami
12.8,-55.3,2975.064890981159, , ,28.968063354492188,1.247823715209961,27.70064353942871,,,,,,26.99,0.341,2020,7,28,210,1,2975.064890981159,0.0,2975.064890981159,0.0,2975.064890981159,0.0,2020-07-28 15:00:00,0,miami
13.2,-56.4,2850.776528858408,35,1006,28.95516014099121,1.1544857025146484,27.757078170776367,,,,,,26.99,0.341,2020,7,28,210,1,2850.776528858408,0.0,2850.776528858408,0.0,2850.776528858408,0.0,2020-07-28 18:00:00,0,miami
13.6,-57.4,2735.8281836631227, , ,28.936128616333008,1.085836410522461,27.831026077270508,,,,,,26.99,0.341,2020,7,28,210,1,2735.8281836631227,0.0,2735.8281836631227,0.0,2735.8281836631227,0.0,2020-07-28 21:00:00,0,miami
14.1,-58.3,2624.061192914558,40,1005,28.971935272216797,1.0719718933105469,27.878517150878903,,,,,,26.99,0.341,2020,7,29,211,1,2624.061192914558,0.0,2624.061192914558,0.0,2624.061192914558,0.0,2020-07-29 00:00:00,0,miami
14.5,-59.3,2509.5036185985614, , ,28.96709632873535,1.034719467163086,27.915319442749023,,,,,,26.99,0.341,2020,7,29,211,1,2509.5036185985614,0.0,2509.5036185985614,0.0,2509.5036185985614,0.0,2020-07-29 03:00:00,0,miami
14.8,-60.3,2401.3345073529654,40,1005,29.04387092590332,1.071674346923828,27.94738006591797,,,,,,26.99,0.341,2020,7,29,211,1,2401.3345073529654,0.0,2401.3345073529654,0.0,2401.3345073529654,0.0,2020-07-29 06:00:00,0,miami
15.0,-61.3,2299.8048269688675, , ,28.975160598754883,0.9181995391845704,28.040224075317383,,,,,,26.99,0.341,2020,7,29,211,1,2299.8048269688675,0.0,2299.8048269688675,0.0,2299.8048269688675,0.0,2020-07-29 09:00:00,0,miami
15.2,-62.2,2207.692325360977,40,1005,29.11322593688965,0.9893436431884766,28.13866424560547,,,,,,26.99,0.341,2020,7,29,211,1,2207.692325360977,0.0,2207.692325360977,0.0,2207.692325360977,0.0,2020-07-29 12:00:00,0,miami
15.2,-63.1,2129.1646655199565, , ,29.10096740722656,0.9524192810058594,28.152935028076172,,,,,,26.99,0.341,2020,7,29,211,1,2129.1646655199565,0.0,2129.1646655199565,0.0,2129.1646655199565,0.0,2020-07-29 15:00:00,0,miami
15.3,-64.0,2045.124446253907,40,1005,29.282257080078125,1.0958824157714844,28.1832275390625,,,,,,26.99,0.341,2020,7,29,211,1,2045.124446253907,0.0,2045.124446253907,0.0,2045.124446253907,0.0,2020-07-29 18:00:00,0,miami
15.5,-64.9,1955.187788636095, , ,29.296451568603516,1.0885391235351562,28.211362838745117,,,,,,26.99,0.341,2020,7,29,211,1,1955.187788636095,0.0,1955.187788636095,0.0,1955.187788636095,0.0,2020-07-29 21:00:00,0,miami
15.8,-65.7,1867.3592691497429,45,1004,29.28999900817871,1.0788555145263672,28.20744514465332,,,,,,26.99,0.341,2020,7,30,212,1,1867.3592691497429,0.0,1867.3592691497429,0.0,1867.3592691497429,0.0,2020-07-30 00:00:00,0,miami
16.2,-66.5,1772.8866235073504, , ,29.319355010986328,1.1133079528808594,28.200984954833984,,,,,,26.99,0.341,2020,7,30,212,1,1772.8866235073504,0.0,1772.8866235073504,0.0,1772.8866235073504,0.0,2020-07-30 03:00:00,0,miami
16.7,-67.2,1679.8883384693077,50,1003,29.22612762451172,1.0110492706298828,28.200984954833984,,,,,,26.99,0.341,2020,7,30,212,1,1679.8883384693077,0.0,1679.8883384693077,0.0,1679.8883384693077,0.0,2020-07-30 06:00:00,0,miami
17.2,-67.9,1587.0367039716973, , ,29.14838600158691,0.8865318298339844,28.28774070739746,,,,,,26.99,0.341,2020,7,30,212,1,1587.0367039716973,0.0,1587.0367039716973,0.0,1587.0367039716973,0.0,2020-07-30 09:00:00,0,miami
17.7,-68.5,1502.597287487025,55,1002,29.20387077331543,0.9034137725830078,28.30091094970703,,,,,,26.99,0.341,2020,7,30,212,1,1502.597287487025,0.0,1502.597287487025,0.0,1502.597287487025,0.0,2020-07-30 12:00:00,0,miami
18.1,-69.0,1433.5033225487184, , ,29.269031524658203,0.926767349243164,28.365610122680664,,,,,,26.99,0.341,2020,7,30,212,1,1433.5033225487184,0.0,1433.5033225487184,0.0,1433.5033225487184,0.0,2020-07-30 15:00:00,0,miami
18.4,-69.3,1387.9729754006617,55,1002,29.258386611938477,0.8943328857421875,28.365610122680664,,,,,,26.99,0.341,2020,7,30,212,1,1387.9729754006617,0.0,1387.9729754006617,0.0,1387.9729754006617,0.0,2020-07-30 16:15:00,0,miami
18.9,-69.8,1312.2852599271928,60,999,,,28.38807487487793,,,,,,26.99,0.341,2020,7,30,212,1,1312.2852599271928,0.0,1312.2852599271928,0.0,1312.2852599271928,0.0,2020-07-30 18:00:00,0,miami
19.5,-70.5,1213.413045252934, , ,,,28.009342193603516,,,,,,26.99,0.341,2020,7,30,212,1,1213.413045252934,0.0,1213.413045252934,0.0,1213.413045252934,0.0,2020-07-30 21:00:00,0,miami
19.9,-71.2,1128.1013817264873,65,996,28.53257942199707,0.4424476623535156,28.009342193603516,,,,,,26.99,0.341,2020,7,31,213,1,1128.1013817264873,0.0,1128.1013817264873,0.0,1128.1013817264873,0.0,2020-07-31 00:00:00,0,miami
20.2,-72.0,1041.4730381324296, , ,28.924514770507812,0.5083694458007812,28.31684684753418,,,,,,26.99,0.341,2020,7,31,213,1,1041.4730381324296,0.0,1041.4730381324296,0.0,1041.4730381324296,0.0,2020-07-31 03:00:00,0,miami
20.5,-72.7,963.547983773953,70,990,28.935161590576172,0.4024925231933594,28.5344295501709,,,,,,26.99,0.341,2020,7,31,213,1,963.547983773953,0.0,963.547983773953,0.0,963.547983773953,0.0,2020-07-31 06:00:00,0,miami
20.9,-73.4,878.9745335551379,70,990,28.89806365966797,0.3578910827636719,28.5344295501709,,,,,,26.99,0.341,2020,7,31,213,1,878.9745335551379,0.0,878.9745335551379,0.0,878.9745335551379,0.0,2020-07-31 09:00:00,0,miami
21.3,-74.0,802.6367483568552,65,992,29.115806579589844,0.5651226043701172,28.54351806640625,,,,,,26.99,0.341,2020,7,31,213,1,802.6367483568552,0.0,802.6367483568552,0.0,802.6367483568552,0.0,2020-07-31 12:00:00,0,miami
21.7,-74.6,726.4421917712906, , ,29.170644760131836,0.6417255401611328,28.504465103149418,,,,,,26.99,0.341,2020,7,31,213,1,726.4421917712906,0.0,726.4421917712906,0.0,726.4421917712906,0.0,2020-07-31 15:00:00,0,miami
22.1,-75.1,658.3499606823074,70,990,29.28354835510254,0.6758155822753906,28.62761878967285,,,,,,26.99,0.341,2020,7,31,213,1,658.3499606823074,0.0,658.3499606823074,0.0,658.3499606823074,0.0,2020-07-31 18:00:00,0,miami
22.5,-75.5,598.4196332685483, , ,29.427095413208008,0.6194801330566406,28.991369247436523,,,,,,26.99,0.341,2020,7,31,213,1,598.4196332685483,0.0,598.4196332685483,0.0,598.4196332685483,0.0,2020-07-31 21:00:00,0,miami
22.9,-75.9,538.7603109309072,75,987,29.751934051513672,0.4341354370117187,29.320459365844727,,,,,,26.26,0.425,2020,8,1,214,1,538.7603109309072,0.0,538.7603109309072,0.0,538.7603109309072,0.0,2020-08-01 00:00:00,0,miami
23.3,-76.3,479.4457585990672, , ,29.965160369873047,0.5004405975341797,29.427160263061523,,,,,,26.26,0.425,2020,8,1,214,1,479.4457585990672,0.0,479.4457585990672,0.0,479.4457585990672,0.0,2020-08-01 03:00:00,0,miami
23.6,-76.7,426.8671156241384,75,987,29.69774055480957,0.1896991729736328,29.554933547973633,,,,,,26.26,0.425,2020,8,1,214,1,426.8671156241384,0.0,426.8671156241384,0.0,426.8671156241384,0.0,2020-08-01 06:00:00,0,miami
24.0,-77.0,376.8562896535295, , ,29.57225799560547,-0.0611591339111328,29.554933547973633,,,,,,26.26,0.425,2020,8,1,214,1,376.8562896535295,0.0,376.8562896535295,0.0,376.8562896535295,0.0,2020-08-01 09:00:00,0,miami
24.3,-77.5,316.16321647757474,70,987,29.426128387451172,-0.2901115417480469,29.720579147338867,,,,,,26.26,0.425,2020,8,1,214,1,316.16321647757474,0.0,316.16321647757474,0.0,316.16321647757474,0.0,2020-08-01 12:00:00,0,miami
24.4,-77.7,293.0794310526446,70,989,29.426128387451172,-0.2901115417480469,29.720579147338867,,,,,,26.26,0.425,2020,8,1,214,1,293.0794310526446,0.0,293.0794310526446,0.0,293.0794310526446,0.0,2020-08-01 13:00:00,0,miami
24.6,-78.0,255.5924816755515, , ,,,29.720579147338867,,,,,,26.26,0.425,2020,8,1,214,1,255.5924816755515,0.0,255.5924816755515,0.0,255.5924816755515,0.0,2020-08-01 15:00:00,0,miami
24.8,-78.3,218.2057643860307,60,993,30.216129302978516,0.4568061828613281,29.720579147338867,,,,,,26.26,0.425,2020,8,1,214,1,218.2057643860307,0.0,218.2057643860307,0.0,218.2057643860307,0.0,2020-08-01 18:00:00,0,miami
25.0,-78.6,180.95783494568948, , ,30.33838653564453,0.5234165191650391,29.916128158569336,,,,,,26.26,0.425,2020,8,1,214,1,180.95783494568948,1.0,180.95783494568948,1.0,180.95783494568948,1.0,2020-08-01 21:00:00,0,miami
25.3,-78.9,139.41144303445498,60,995,30.41870880126953,0.5761852264404297,29.868953704833984,,,,,,26.26,0.425,2020,8,2,215,1,139.41144303445498,2.0,139.41144303445498,2.0,139.41144303445498,2.0,2020-08-02 00:00:00,1,miami
25.6,-79.1,110.8778994467072, , ,30.24161148071289,0.436655044555664,29.868953704833984,,,,,,26.26,0.425,2020,8,2,215,1,110.8778994467072,3.0,110.8778994467072,3.0,110.8778994467072,3.0,2020-08-02 03:00:00,1,miami
25.9,-79.2,100.44799603965316,55,996,30.100000381469727,0.3645610809326172,29.868953704833984,,,,,,26.26,0.425,2020,8,2,215,1,100.44799603965316,4.0,100.44799603965316,4.0,100.44799603965316,4.0,2020-08-02 06:00:00,1,miami
26.2,-79.4,92.9481473772582, , ,29.892257690429688,0.253143310546875,29.56554794311523,,,,,,26.26,0.425,2020,8,2,215,1,92.9481473772582,5.0,92.9481473772582,5.0,92.9481473772582,5.0,2020-08-02 09:00:00,1,miami
26.6,-79.5,115.99279373688616,55,995,29.89580535888672,0.3943214416503906,29.534326553344727,,,,,,26.26,0.425,2020,8,2,215,1,92.9481473772582,6.0,92.9481473772582,6.0,92.9481473772582,6.0,2020-08-02 12:00:00,1,miami
27.0,-79.6,149.78116582685493, , ,29.89128875732422,0.4789066314697265,29.534326553344727,,,,,,26.26,0.425,2020,8,2,215,1,92.9481473772582,7.0,92.9481473772582,7.0,92.9481473772582,7.0,2020-08-02 15:00:00,1,miami
27.4,-79.6,191.43935154314065,60,995,29.87870979309082,0.64453125,29.01167869567871,,,,,,26.26,0.425,2020,8,2,215,1,92.9481473772582,8.0,92.9481473772582,8.0,92.9481473772582,8.0,2020-08-02 18:00:00,1,miami
27.8,-79.6,234.13696544621607, , ,29.92548370361328,0.8125362396240234,29.01167869567871,,,,,,26.26,0.425,2020,8,2,215,1,92.9481473772582,8.0,92.9481473772582,8.0,92.9481473772582,8.0,2020-08-02 21:00:00,1,miami
28.2,-79.7,275.4704143456666,60,995,29.987096786499023,0.9252681732177734,28.834585189819336,,,,,,26.26,0.425,2020,8,3,216,1,92.9481473772582,8.0,92.9481473772582,8.0,92.9481473772582,8.0,2020-08-03 00:00:00,1,miami
28.6,-79.8,317.97428582512543, , ,29.83386993408203,0.9222564697265624,28.834585189819336,,,,,,26.26,0.425,2020,8,3,216,1,92.9481473772582,8.0,92.9481473772582,8.0,92.9481473772582,8.0,2020-08-03 03:00:00,1,miami
29.1,-79.9,372.31690534865146,60,995,30.036128997802734,1.0171470642089844,29.100412368774418,,,,,,26.26,0.425,2020,8,3,216,1,92.9481473772582,8.0,92.9481473772582,8.0,92.9481473772582,8.0,2020-08-03 06:00:00,1,miami
29.6,-80.0,427.2168647373753, , ,29.875160217285156,0.9147281646728516,29.100412368774418,,,,,,26.26,0.425,2020,8,3,216,1,92.9481473772582,8.0,92.9481473772582,8.0,92.9481473772582,8.0,2020-08-03 09:00:00,1,miami
30.1,-80.0,482.764495505969,60,995,29.742258071899418,0.7993640899658203,29.034351348876953,,,,,,26.26,0.425,2020,8,3,216,1,92.9481473772582,8.0,92.9481473772582,8.0,92.9481473772582,8.0,2020-08-03 12:00:00,1,miami
30.6,-79.9,538.7532570072746, , ,29.799999237060547,0.8085308074951172,29.034351348876953,,,,,,26.26,0.425,2020,8,3,216,1,92.9481473772582,8.0,92.9481473772582,8.0,92.9481473772582,8.0,2020-08-03 15:00:00,0,miami
31.2,-79.7,606.6160615645266,65,991,29.80354881286621,0.9140853881835938,28.55267333984375,,,,,,26.26,0.425,2020,8,3,216,1,92.9481473772582,8.0,92.9481473772582,8.0,92.9481473772582,8.0,2020-08-03 18:00:00,0,miami
31.9,-79.5,685.8604637261282, , ,29.212257385253903,0.5687294006347656,28.55267333984375,,,,,,26.26,0.425,2020,8,3,216,1,92.9481473772582,8.0,92.9481473772582,8.0,92.9481473772582,8.0,2020-08-03 21:00:00,0,miami
32.8,-79.1,789.7370637073992,80,986,28.70387077331543,,28.412363052368164,,,,,,26.26,0.425,2020,8,4,217,1,92.9481473772582,8.0,92.9481473772582,8.0,92.9481473772582,8.0,2020-08-04 00:00:00,0,miami
33.8,-78.5,908.5606108475198, , ,28.41419219970703,,27.941190719604492,,,,,,26.26,0.425,2020,8,4,217,1,92.9481473772582,8.0,92.9481473772582,8.0,92.9481473772582,8.0,2020-08-04 03:00:00,0,miami
33.9,-78.5,919.486123224868,80,986,28.41419219970703,,27.941190719604492,,,,,,26.26,0.425,2020,8,4,217,1,92.9481473772582,8.0,92.9481473772582,8.0,92.9481473772582,8.0,2020-08-04 03:10:00,0,miami
35.0,-78.1,1046.5810508828736,60,992,,,27.671539306640625,,,,,,26.26,0.425,2020,8,4,217,1,92.9481473772582,8.0,92.9481473772582,8.0,92.9481473772582,8.0,2020-08-04 06:00:00,0,miami
36.3,-77.5,1199.3828359715649, , ,,,,,,,,,26.26,0.425,2020,8,4,217,1,92.9481473772582,8.0,92.9481473772582,8.0,92.9481473772582,8.0,2020-08-04 09:00:00,0,miami
37.7,-76.8,1365.3891663629286,60,993,,,,,,,,,26.26,0.425,2020,8,4,217,1,92.9481473772582,8.0,92.9481473772582,8.0,92.9481473772582,8.0,2020-08-04 12:00:00,0,miami
39.3,-76.0,1555.316529843479, , ,,,25.668737411499023,,,,,,26.26,0.425,2020,8,4,217,1,92.9481473772582,8.0,92.9481473772582,8.0,92.9481473772582,8.0,2020-08-04 15:00:00,0,miami
40.9,-75.1,1747.6375998462922,55,994,,,,,,,,,26.26,0.425,2020,8,4,217,1,92.9481473772582,8.0,92.9481473772582,8.0,92.9481473772582,8.0,2020-08-04 18:00:00,0,miami
42.5,-74.1,1942.439235035324, , ,,,,,,,,,26.26,0.425,2020,8,4,217,1,92.9481473772582,8.0,92.9481473772582,8.0,92.9481473772582,8.0,2020-08-04 21:00:00,0,miami
44.0,-73.1,2126.5883394065754,45,998,,,,,,,,,26.26,0.425,2020,8,5,218,1,92.9481473772582,8.0,92.9481473772582,8.0,92.9481473772582,8.0,2020-08-05 00:00:00,0,miami
45.4,-72.4,2291.792229378113, , ,,,,,,,,,26.26,0.425,2020,8,5,218,1,92.9481473772582,8.0,92.9481473772582,8.0,92.9481473772582,8.0,2020-08-05 03:00:00,0,miami
46.7,-71.8,2443.4149424121956,35,1000,,,,,,,,,26.26,0.425,2020,8,5,218,1,92.9481473772582,8.0,92.9481473772582,8.0,92.9481473772582,8.0,2020-08-05 06:00:00,0,miami
25.4,-78.6,164.63673326927236,30,1007,29.799331665039062,0.4961471557617187,29.326082229614254,,,,,,25.89,0.296,2020,9,11,255,1,164.63673326927236,1.0,164.63673326927236,1.0,92.9481473772582,9.0,2020-09-11 18:00:00,0,miami
25.5,-79.0,122.9739010793544, , ,29.740333557128903,0.4087142944335937,29.326082229614254,,,,,,25.89,0.296,2020,9,11,255,1,122.9739010793544,2.0,122.9739010793544,2.0,92.9481473772582,10.0,2020-09-11 21:00:00,1,miami
25.6,-79.4,81.35882344690016,30,1004,29.72633171081543,0.434549331665039,29.326082229614254,,,,,,25.89,0.296,2020,9,12,256,1,81.35882344690016,3.0,81.35882344690016,3.0,81.35882344690016,11.0,2020-09-12 00:00:00,1,miami
25.6,-79.8,43.18393272832302, , ,29.65633201599121,0.3868904113769531,29.26882553100586,,,,,,25.89,0.296,2020,9,12,256,1,43.18393272832302,4.0,43.18393272832302,4.0,43.18393272832302,12.0,2020-09-12 03:00:00,1,miami
25.6,-80.2,17.99898725240172,30,1003,29.659332275390625,,29.26882553100586,,,,,,25.89,0.296,2020,9,12,256,1,17.99898725240172,5.0,17.99898725240172,5.0,17.99898725240172,13.0,2020-09-12 06:00:00,1,miami
25.5,-80.5,42.44385589273727, , ,,,29.461841583251953,,,,,,25.89,0.296,2020,9,12,256,1,17.99898725240172,6.0,17.99898725240172,6.0,17.99898725240172,14.0,2020-09-12 09:00:00,1,miami
25.5,-80.8,67.56191780647384,35,1003,,,29.461841583251953,,,,,,25.89,0.296,2020,9,12,256,1,17.99898725240172,7.0,17.99898725240172,7.0,17.99898725240172,15.0,2020-09-12 12:00:00,1,miami
25.5,-81.2,105.18055590882958, , ,30.044666290283203,0.5894145965576172,29.461841583251953,,,,,,25.89,0.296,2020,9,12,256,1,17.99898725240172,8.0,17.99898725240172,8.0,17.99898725240172,16.0,2020-09-12 15:00:00,1,miami
25.6,-81.6,142.25766449538938,35,1003,30.15566635131836,,29.538095474243164,,,,,,25.89,0.296,2020,9,12,256,1,17.99898725240172,9.0,17.99898725240172,9.0,17.99898725240172,17.0,2020-09-12 18:00:00,1,miami
25.8,-82.0,181.09838577899177, , ,30.208332061767575,0.7171554565429688,29.538095474243164,,,,,,25.89,0.296,2020,9,12,256,1,17.99898725240172,10.0,17.99898725240172,10.0,17.99898725240172,18.0,2020-09-12 21:00:00,1,miami
26.0,-82.5,232.4301663260187,35,1003,30.14499855041504,0.7801322937011719,29.27743911743164,,,,,,25.89,0.296,2020,9,13,257,1,17.99898725240172,10.0,17.99898725240172,10.0,17.99898725240172,18.0,2020-09-13 00:00:00,1,miami
26.3,-83.0,286.88800782234523, , ,29.893999099731445,0.6628532409667969,29.25796127319336,,,,,,25.89,0.296,2020,9,13,257,1,17.99898725240172,10.0,17.99898725240172,10.0,17.99898725240172,18.0,2020-09-13 03:00:00,1,miami
26.7,-83.5,346.06074739129343,45,1001,29.562665939331055,0.4679698944091797,29.00971031188965,,,,,,25.89,0.296,2020,9,13,257,1,17.99898725240172,10.0,17.99898725240172,10.0,17.99898725240172,18.0,2020-09-13 06:00:00,1,miami
27.0,-84.0,403.5452466156249, , ,29.26233291625977,0.2822761535644531,29.00971031188965,,,,,,25.89,0.296,2020,9,13,257,1,17.99898725240172,10.0,17.99898725240172,10.0,17.99898725240172,18.0,2020-09-13 09:00:00,0,miami
27.2,-84.5,457.60755516360734,50,996,29.15633201599121,0.2078304290771484,28.88038444519043,,,,,,25.89,0.296,2020,9,13,257,1,17.99898725240172,10.0,17.99898725240172,10.0,17.99898725240172,18.0,2020-09-13 12:00:00,0,miami
27.4,-85.0,511.6123857088572, , ,29.18033218383789,0.272491455078125,28.88038444519043,,,,,,25.89,0.296,2020,9,13,257,1,17.99898725240172,10.0,17.99898725240172,10.0,17.99898725240172,18.0,2020-09-13 15:00:00,0,miami
27.6,-85.4,556.3017422008596,50,996,29.082332611083984,0.1980438232421875,28.88038444519043,,,,,,25.89,0.296,2020,9,13,257,1,17.99898725240172,10.0,17.99898725240172,10.0,17.99898725240172,18.0,2020-09-13 18:00:00,0,miami
27.8,-85.7,591.8132121076577, , ,28.965665817260746,0.1011257171630859,28.936811447143555,,,,,,25.89,0.296,2020,9,13,257,1,17.99898725240172,10.0,17.99898725240172,10.0,17.99898725240172,18.0,2020-09-13 21:00:00,0,miami
27.9,-86.0,623.3330196756698,50,996,28.900999069213867,0.0128688812255859,28.936811447143555,,,,,,25.89,0.296,2020,9,14,258,1,17.99898725240172,10.0,17.99898725240172,10.0,17.99898725240172,18.0,2020-09-14 00:00:00,0,miami
28.1,-86.3,658.8821746606156, , ,28.79599952697754,-0.0606136322021484,28.80315589904785,,,,,,25.89,0.296,2020,9,14,258,1,17.99898725240172,10.0,17.99898725240172,10.0,17.99898725240172,18.0,2020-09-14 03:00:00,0,miami
28.2,-86.5,681.2237515497919,55,996,28.696332931518555,-0.1625022888183593,28.808101654052734,,,,,,25.89,0.296,2020,9,14,258,1,17.99898725240172,10.0,17.99898725240172,10.0,17.99898725240172,18.0,2020-09-14 06:00:00,0,miami
28.3,-86.7,703.556333791155, , ,28.583999633789062,-0.239776611328125,28.808101654052734,,,,,,25.89,0.296,2020,9,14,258,1,17.99898725240172,10.0,17.99898725240172,10.0,17.99898725240172,18.0,2020-09-14 09:00:00,0,miami
28.4,-86.9,725.8791142872999,65,991,28.46699905395508,-0.3583431243896484,28.808101654052734,,,,,,25.89,0.296,2020,9,14,258,1,17.99898725240172,10.0,17.99898725240172,10.0,17.99898725240172,18.0,2020-09-14 12:00:00,0,miami
28.5,-87.1,748.1913735789867, , ,28.392000198364254,-0.4353981018066406,28.808101654052734,,,,,,25.89,0.296,2020,9,14,258,1,17.99898725240172,10.0,17.99898725240172,10.0,17.99898725240172,18.0,2020-09-14 15:00:00,0,miami
28.6,-87.3,770.4924670377468,75,986,28.42566680908203,-0.3650970458984375,28.808101654052734,,,,,,25.89,0.296,2020,9,14,258,1,17.99898725240172,10.0,17.99898725240172,10.0,17.99898725240172,18.0,2020-09-14 18:00:00,0,miami
28.7,-87.5,792.7818142305943, , ,28.454999923706055,-0.3365020751953125,28.812898635864254,,,,,,25.89,0.296,2020,9,14,258,1,17.99898725240172,10.0,17.99898725240172,10.0,17.99898725240172,18.0,2020-09-14 21:00:00,0,miami
28.7,-87.7,810.8281326891025,75,986,28.454999923706055,-0.3365020751953125,28.812898635864254,,,,,,25.89,0.296,2020,9,15,259,1,17.99898725240172,10.0,17.99898725240172,10.0,17.99898725240172,18.0,2020-09-15 00:00:00,0,miami
28.7,-87.9,828.9522538493949, , ,28.4913330078125,-0.3009090423583984,28.812898635864254,,,,,,25.89,0.296,2020,9,15,259,1,17.99898725240172,10.0,17.99898725240172,10.0,17.99898725240172,18.0,2020-09-15 03:00:00,0,miami
28.8,-88.0,842.1112025983903,70,984,28.50833320617676,-0.2372856140136718,28.812898635864254,,,,,,25.89,0.296,2020,9,15,259,1,17.99898725240172,10.0,17.99898725240172,10.0,17.99898725240172,18.0,2020-09-15 06:00:00,0,miami
28.9,-88.1,855.3088701831033, , ,28.50833320617676,-0.2372856140136718,28.812898635864254,,,,,,25.89,0.296,2020,9,15,259,1,17.99898725240172,10.0,17.99898725240172,10.0,17.99898725240172,18.0,2020-09-15 09:00:00,0,miami
29.0,-88.1,859.5743600543652,70,982,28.50833320617676,-0.2372856140136718,28.812898635864254,,,,,,25.89,0.296,2020,9,15,259,1,17.99898725240172,10.0,17.99898725240172,10.0,17.99898725240172,18.0,2020-09-15 12:00:00,0,miami
29.1,-88.1,863.9611732443788, , ,28.461666107177734,-0.2400569915771484,28.65060043334961,,,,,,25.89,0.296,2020,9,15,259,1,17.99898725240172,10.0,17.99898725240172,10.0,17.99898725240172,18.0,2020-09-15 15:00:00,0,miami
29.3,-88.1,873.0914038048517,70,981,28.399999618530273,-0.2578277587890625,28.65060043334961,,,,,,25.89,0.296,2020,9,15,259,1,17.99898725240172,10.0,17.99898725240172,10.0,17.99898725240172,18.0,2020-09-15 18:00:00,1,miami
29.5,-88.1,882.68473091359, , ,28.399999618530273,-0.2578277587890625,28.65060043334961,,,,,,25.89,0.296,2020,9,15,259,1,17.99898725240172,10.0,17.99898725240172,10.0,17.99898725240172,18.0,2020-09-15 21:00:00,1,miami
29.6,-88.0,879.0365488477102,75,975,25.925161361694336,-2.6818714141845703,28.65060043334961,,,,,,25.89,0.296,2020,9,16,260,1,17.99898725240172,10.0,17.99898725240172,10.0,17.99898725240172,18.0,2020-09-16 00:00:00,1,miami
29.7,-88.0,884.1700599534377, , ,25.925161361694336,-2.6818714141845703,28.65060043334961,,,,,,25.89,0.296,2020,9,16,260,1,17.99898725240172,10.0,17.99898725240172,10.0,17.99898725240172,18.0,2020-09-16 03:00:00,1,miami
29.9,-87.9,886.3499960089715,95,967,25.654516220092773,-2.91522216796875,28.65060043334961,,,,,,25.89,0.296,2020,9,16,260,1,17.99898725240172,10.0,17.99898725240172,10.0,17.99898725240172,18.0,2020-09-16 06:00:00,1,miami
30.2,-87.7,886.8301006799484, , ,25.421611785888672,-3.117395401000977,28.414445877075195,,,,,,25.89,0.296,2020,9,16,260,1,17.99898725240172,10.0,17.99898725240172,10.0,17.99898725240172,18.0,2020-09-16 09:00:00,1,miami
30.3,-87.7,892.7700762649758,95,965,,,28.414445877075195,,,,,,25.89,0.296,2020,9,16,260,1,17.99898725240172,10.0,17.99898725240172,10.0,17.99898725240172,18.0,2020-09-16 09:45:00,1,miami
30.5,-87.6,896.9946458565345,85,967,,,28.414445877075195,,,,,,25.89,0.296,2020,9,16,260,1,17.99898725240172,10.0,17.99898725240172,10.0,17.99898725240172,18.0,2020-09-16 12:00:00,1,miami
30.8,-87.4,900.737433540688, , ,,,28.562103271484375,,,,,,25.89,0.296,2020,9,16,260,1,17.99898725240172,10.0,17.99898725240172,10.0,17.99898725240172,18.0,2020-09-16 15:00:00,1,miami
31.1,-87.2,906.2016403241618,60,982,,,,,,,,,25.89,0.296,2020,9,16,260,1,17.99898725240172,10.0,17.99898725240172,10.0,17.99898725240172,18.0,2020-09-16 18:00:00,1,miami
31.4,-87.0,913.353507043868, , ,,,,,,,,,25.89,0.296,2020,9,16,260,1,17.99898725240172,10.0,17.99898725240172,10.0,17.99898725240172,18.0,2020-09-16 21:00:00,1,miami
31.6,-86.7,907.6164154357048,35,994,,,,,,,,,25.89,0.296,2020,9,17,261,1,17.99898725240172,10.0,17.99898725240172,10.0,17.99898725240172,18.0,2020-09-17 00:00:00,1,miami
31.8,-86.4,903.4182025061426, , ,,,,,,,,,25.89,0.296,2020,9,17,261,1,17.99898725240172,10.0,17.99898725240172,10.0,17.99898725240172,18.0,2020-09-17 03:00:00,1,miami
32.1,-86.1,909.1789238171268,30,1000,,,,,,,,,25.89,0.296,2020,9,17,261,1,17.99898725240172,10.0,17.99898725240172,10.0,17.99898725240172,18.0,2020-09-17 06:00:00,1,miami
32.3,-85.7,902.6118125242627, , ,,,,,,,,,25.89,0.296,2020,9,17,261,1,17.99898725240172,10.0,17.99898725240172,10.0,17.99898725240172,18.0,2020-09-17 09:00:00,0,miami
32.6,-85.2,902.2218396224928,30,1003,,,,,,,,,25.89,0.296,2020,9,17,261,1,17.99898725240172,10.0,17.99898725240172,10.0,17.99898725240172,18.0,2020-09-17 12:00:00,0,miami
32.9,-84.5,896.654917364111, , ,,,,,,,,,25.89,0.296,2020,9,17,261,1,17.99898725240172,10.0,17.99898725240172,10.0,17.99898725240172,18.0,2020-09-17 15:00:00,0,miami
33.2,-83.8,897.6282391049357,30,1004,,,,,,,,,25.89,0.296,2020,9,17,261,1,17.99898725240172,10.0,17.99898725240172,10.0,17.99898725240172,18.0,2020-09-17 18:00:00,0,miami
33.5,-83.1,905.0749734858892, , ,,,,,,,,,25.89,0.296,2020,9,17,261,1,17.99898725240172,10.0,17.99898725240172,10.0,17.99898725240172,18.0,2020-09-17 21:00:00,0,miami
33.7,-82.3,905.7938240794376,30,1004,,,,,,,,,25.89,0.296,2020,9,18,262,1,17.99898725240172,10.0,17.99898725240172,10.0,17.99898725240172,18.0,2020-09-18 00:00:00,0,miami
33.9,-81.5,913.6645353147233, , ,,,,,,,,,25.89,0.296,2020,9,18,262,1,17.99898725240172,10.0,17.99898725240172,10.0,17.99898725240172,18.0,2020-09-18 03:00:00,0,miami
34.1,-80.8,929.0206962588032,30,1005,,,,,,,,,25.89,0.296,2020,9,18,262,1,17.99898725240172,10.0,17.99898725240172,10.0,17.99898725240172,18.0,2020-09-18 06:00:00,0,miami
14.9,-72.4,1454.5884322309369,30,1006,28.957666397094727,0.040506362915039,28.904611587524418,,,,,,25.46,0.289,2020,10,31,305,1,1454.5884322309369,0.0,1454.5884322309369,0.0,17.99898725240172,18.0,2020-10-31 18:00:00,0,miami
14.9,-73.0,1420.7521086161908, , ,28.98099899291992,0.0515270233154296,28.91663932800293,,,,,,25.46,0.289,2020,10,31,305,1,1420.7521086161908,0.0,1420.7521086161908,0.0,17.99898725240172,18.0,2020-10-31 21:00:00,0,miami
14.9,-73.6,1388.8961726774562,35,1005,28.93666648864746,0.4060134887695312,28.55542755126953,,,,,,25.28,0.113,2020,11,1,306,1,1388.8961726774562,0.0,1388.8961726774562,0.0,17.99898725240172,18.0,2020-11-01 00:00:00,0,miami
14.9,-74.3,1354.4204494690389, , ,29.018999099731445,0.4579925537109375,28.55542755126953,,,,,,25.28,0.113,2020,11,1,306,1,1354.4204494690389,0.0,1354.4204494690389,0.0,17.99898725240172,18.0,2020-11-01 03:00:00,0,miami
14.9,-75.1,1318.8435592911692,35,1005,29.04366683959961,0.4591331481933594,28.58797836303711,,,,,,25.28,0.113,2020,11,1,306,1,1318.8435592911692,0.0,1318.8435592911692,0.0,17.99898725240172,18.0,2020-11-01 06:00:00,0,miami
14.9,-75.9,1287.6692549623808, , ,28.946332931518555,0.3531055450439453,28.58631134033203,,,,,,25.28,0.113,2020,11,1,306,1,1287.6692549623808,0.0,1287.6692549623808,0.0,17.99898725240172,18.0,2020-11-01 09:00:00,0,miami
14.9,-76.7,1261.2248120537738,40,1002,28.8626651763916,0.2620391845703125,28.59095573425293,,,,,,25.28,0.113,2020,11,1,306,1,1261.2248120537738,0.0,1261.2248120537738,0.0,17.99898725240172,18.0,2020-11-01 12:00:00,0,miami
14.9,-77.5,1239.8135722245447, , ,28.817665100097656,0.2068748474121093,28.607269287109375,,,,,,25.28,0.113,2020,11,1,306,1,1239.8135722245447,0.0,1239.8135722245447,0.0,17.99898725240172,18.0,2020-11-01 15:00:00,0,miami
14.9,-78.2,1225.416896965697,50,992,29.0,0.3862953186035156,28.607269287109375,,,,,,25.28,0.113,2020,11,1,306,1,1225.416896965697,0.0,1225.416896965697,0.0,17.99898725240172,18.0,2020-11-01 18:00:00,0,miami
14.9,-78.8,1216.4164660336212, , ,29.126665115356445,0.5192127227783203,28.59845733642578,,,,,,25.28,0.113,2020,11,1,306,1,1216.4164660336212,0.0,1216.4164660336212,0.0,17.99898725240172,18.0,2020-11-01 21:00:00,0,miami
14.9,-79.4,1210.5724673984637,60,988,29.043333053588867,0.4527244567871094,28.59845733642578,,,,,,25.28,0.113,2020,11,2,307,1,1210.5724673984637,0.0,1210.5724673984637,0.0,17.99898725240172,18.0,2020-11-02 00:00:00,0,miami
14.9,-79.9,1208.147480044783, , ,28.909332275390625,0.339792251586914,28.551618576049805,,,,,,25.28,0.113,2020,11,2,307,1,1208.147480044783,0.0,1208.147480044783,0.0,17.99898725240172,18.0,2020-11-02 03:00:00,0,miami
14.9,-80.4,1207.960189070565,70,982,28.724666595458984,0.1804580688476562,28.551618576049805,,,,,,25.28,0.113,2020,11,2,307,1,1207.960189070565,0.0,1207.960189070565,0.0,17.99898725240172,18.0,2020-11-02 06:00:00,0,miami
14.9,-80.8,1209.422615494612, , ,28.704999923706055,0.1875438690185547,28.50079345703125,,,,,,25.28,0.113,2020,11,2,307,1,1207.960189070565,0.0,1207.960189070565,0.0,17.99898725240172,18.0,2020-11-02 09:00:00,0,miami
14.8,-81.2,1223.3936253019249,90,972,28.693666458129883,0.2009811401367187,28.50079345703125,,,,,,25.28,0.113,2020,11,2,307,1,1207.960189070565,0.0,1207.960189070565,0.0,17.99898725240172,18.0,2020-11-02 12:00:00,0,miami
14.8,-81.6,1227.665094812692, , ,28.628332138061523,0.2079811096191406,28.36556053161621,,,,,,25.28,0.113,2020,11,2,307,1,1207.960189070565,0.0,1207.960189070565,0.0,17.99898725240172,18.0,2020-11-02 15:00:00,0,miami
14.7,-82.0,1244.3263109514255,115,948,28.51099967956543,0.1739234924316406,28.36556053161621,,,,,,25.28,0.113,2020,11,2,307,1,1207.960189070565,0.0,1207.960189070565,0.0,17.99898725240172,18.0,2020-11-02 18:00:00,0,miami
14.5,-82.3,1271.3532481455895, , ,28.444332122802734,0.1680736541748047,28.36556053161621,,,,,,25.28,0.113,2020,11,2,307,1,1207.960189070565,0.0,1207.960189070565,0.0,17.99898725240172,18.0,2020-11-02 21:00:00,0,miami
14.3,-82.5,1296.9887651209958,130,929,28.333999633789062,0.1194725036621093,28.121458053588867,,,,,,25.28,0.113,2020,11,3,308,1,1207.960189070565,0.0,1207.960189070565,0.0,17.99898725240172,18.0,2020-11-03 00:00:00,0,miami
14.1,-82.7,1322.838160301812, , ,28.354000091552734,0.1364097595214843,28.121458053588867,,,,,,25.28,0.113,2020,11,3,308,1,1207.960189070565,0.0,1207.960189070565,0.0,17.99898725240172,18.0,2020-11-03 03:00:00,0,miami
14.0,-82.9,1338.002857715578,130,922,28.31366539001465,0.1575584411621093,28.12525749206543,,,,,,25.28,0.113,2020,11,3,308,1,1207.960189070565,0.0,1207.960189070565,0.0,17.99898725240172,18.0,2020-11-03 06:00:00,0,miami
13.8,-83.0,1361.9887452281323, , ,28.26999855041504,,28.12525749206543,,,,,,25.28,0.113,2020,11,3,308,1,1207.960189070565,0.0,1207.960189070565,0.0,17.99898725240172,18.0,2020-11-03 09:00:00,0,miami
13.6,-83.1,1385.999578654319,125,936,28.329999923706055,,28.12525749206543,,,,,,25.28,0.113,2020,11,3,308,1,1207.960189070565,0.0,1207.960189070565,0.0,17.99898725240172,18.0,2020-11-03 12:00:00,0,miami
13.6,-83.2,1388.3249879273828, , ,28.329999923706055,,28.12525749206543,,,,,,25.28,0.113,2020,11,3,308,1,1207.960189070565,0.0,1207.960189070565,0.0,17.99898725240172,18.0,2020-11-03 15:00:00,0,miami
13.7,-83.3,1379.8940408503177,120,940,28.312332153320312,,28.12525749206543,,,,,,25.28,0.113,2020,11,3,308,1,1207.960189070565,0.0,1207.960189070565,0.0,17.99898725240172,18.0,2020-11-03 18:00:00,0,miami
13.8,-83.5,1374.1631201188293,120,940,,,,,,,,,25.28,0.113,2020,11,3,308,1,1207.960189070565,0.0,1207.960189070565,0.0,17.99898725240172,18.0,2020-11-03 21:00:00,0,miami
13.8,-83.7,1379.5555040627678,95,965,,,,,,,,,25.28,0.113,2020,11,4,309,1,1207.960189070565,0.0,1207.960189070565,0.0,17.99898725240172,18.0,2020-11-04 00:00:00,0,miami
13.8,-84.0,1388.1932963794836, , ,,,,,,,,,25.28,0.113,2020,11,4,309,1,1207.960189070565,0.0,1207.960189070565,0.0,17.99898725240172,18.0,2020-11-04 03:00:00,0,miami
13.8,-84.3,1397.4791918418466,70,980,,,,,,,,,25.28,0.113,2020,11,4,309,1,1207.960189070565,0.0,1207.960189070565,0.0,17.99898725240172,18.0,2020-11-04 06:00:00,0,miami
13.8,-84.6,1407.400332741264, , ,,,,,,,,,25.28,0.113,2020,11,4,309,1,1207.960189070565,0.0,1207.960189070565,0.0,17.99898725240172,18.0,2020-11-04 09:00:00,0,miami
13.8,-84.9,1417.9433535856383,50,993,,,,,,,,,25.28,0.113,2020,11,4,309,1,1207.960189070565,0.0,1207.960189070565,0.0,17.99898725240172,18.0,2020-11-04 12:00:00,0,miami
13.8,-85.1,1425.310725213204, , ,,,,,,,,,25.28,0.113,2020,11,4,309,1,1207.960189070565,0.0,1207.960189070565,0.0,17.99898725240172,18.0,2020-11-04 15:00:00,0,miami
13.9,-85.4,1426.5152746403155,40,998,,,,,,,,,25.28,0.113,2020,11,4,309,1,1207.960189070565,0.0,1207.960189070565,0.0,17.99898725240172,18.0,2020-11-04 18:00:00,0,miami
13.9,-85.7,1438.7287699430096, , ,,,,,,,,,25.28,0.113,2020,11,4,309,1,1207.960189070565,0.0,1207.960189070565,0.0,17.99898725240172,18.0,2020-11-04 21:00:00,0,miami
14.0,-86.0,1441.347114182329,30,1002,,,,,,,,,25.28,0.113,2020,11,5,310,1,1207.960189070565,0.0,1207.960189070565,0.0,17.99898725240172,18.0,2020-11-05 00:00:00,0,miami
14.1,-86.3,1444.709088919947, , ,,,,,,,,,25.28,0.113,2020,11,5,310,1,1207.960189070565,0.0,1207.960189070565,0.0,17.99898725240172,18.0,2020-11-05 03:00:00,0,miami
14.2,-86.7,1453.6438425330575,25,1006,,,,,,,,,25.28,0.113,2020,11,5,310,1,1207.960189070565,0.0,1207.960189070565,0.0,17.99898725240172,18.0,2020-11-05 06:00:00,0,miami
14.3,-87.1,1463.7741692514244, , ,,,,,,,,,25.28,0.113,2020,11,5,310,1,1207.960189070565,0.0,1207.960189070565,0.0,17.99898725240172,18.0,2020-11-05 09:00:00,0,miami
14.5,-87.5,1465.4490362588508,25,1005,,,,,,,,,25.28,0.113,2020,11,5,310,1,1207.960189070565,0.0,1207.960189070565,0.0,17.99898725240172,18.0,2020-11-05 12:00:00,0,miami
14.9,-87.7,1438.3570260356323, , ,,,,,,,,,25.28,0.113,2020,11,5,310,1,1207.960189070565,0.0,1207.960189070565,0.0,17.99898725240172,18.0,2020-11-05 15:00:00,0,miami
15.3,-87.8,1406.5267794961185,30,1005,,,28.12082862854004,,,,,,25.28,0.113,2020,11,5,310,1,1207.960189070565,0.0,1207.960189070565,0.0,17.99898725240172,18.0,2020-11-05 18:00:00,0,miami
15.8,-87.8,1360.225888210925, , ,28.463666915893555,0.3317909240722656,28.12082862854004,,,,,,25.28,0.113,2020,11,5,310,1,1207.960189070565,0.0,1207.960189070565,0.0,17.99898725240172,18.0,2020-11-05 21:00:00,0,miami
16.2,-87.8,1323.692427049328,30,1004,28.4566650390625,0.3205413818359375,28.134239196777344,,,,,,25.28,0.113,2020,11,6,311,1,1207.960189070565,0.0,1207.960189070565,0.0,17.99898725240172,18.0,2020-11-06 00:00:00,0,miami
16.5,-87.7,1290.3496119533957, , ,28.49099922180176,0.3350067138671875,28.134239196777344,,,,,,25.28,0.113,2020,11,6,311,1,1207.960189070565,0.0,1207.960189070565,0.0,17.99898725240172,18.0,2020-11-06 03:00:00,0,miami
16.7,-87.6,1266.087974958774,30,1004,28.525333404541016,0.3692855834960937,28.134239196777344,,,,,,25.28,0.113,2020,11,6,311,1,1207.960189070565,0.0,1207.960189070565,0.0,17.99898725240172,18.0,2020-11-06 06:00:00,0,miami
16.8,-87.5,1250.833664346956, , ,28.580331802368164,0.430215835571289,28.134239196777344,,,,,,25.28,0.113,2020,11,6,311,1,1207.960189070565,0.0,1207.960189070565,0.0,17.99898725240172,18.0,2020-11-06 09:00:00,0,miami
16.9,-87.4,1235.585028522054,30,1004,28.591333389282227,0.4189567565917969,28.200300216674805,,,,,,25.28,0.113,2020,11,6,311,1,1207.960189070565,0.0,1207.960189070565,0.0,17.99898725240172,18.0,2020-11-06 12:00:00,0,miami
17.0,-87.3,1220.3421556947485, , ,28.591333389282227,0.4189567565917969,28.200300216674805,,,,,,25.28,0.113,2020,11,6,311,1,1207.960189070565,0.0,1207.960189070565,0.0,17.99898725240172,18.0,2020-11-06 15:00:00,0,miami
17.1,-87.1,1198.922564238181,30,1004,28.678998947143555,0.4826374053955078,28.21487045288086,,,,,,25.28,0.113,2020,11,6,311,1,1198.922564238181,0.0,1198.922564238181,0.0,17.99898725240172,18.0,2020-11-06 18:00:00,0,miami
17.3,-86.8,1162.4016513249276, , ,28.709999084472656,0.4963932037353515,28.21487045288086,,,,,,25.28,0.113,2020,11,6,311,1,1162.4016513249276,0.0,1162.4016513249276,0.0,17.99898725240172,18.0,2020-11-06 21:00:00,0,miami
17.5,-86.4,1120.0964712775303,30,1002,28.69333267211914,0.4774951934814453,28.22406005859375,,,,,,25.28,0.113,2020,11,7,312,1,1120.0964712775303,0.0,1120.0964712775303,0.0,17.99898725240172,18.0,2020-11-07 00:00:00,0,miami
17.8,-85.8,1057.4781924894778, , ,28.628665924072266,0.3910427093505859,28.22406005859375,,,,,,25.28,0.113,2020,11,7,312,1,1057.4781924894778,0.0,1057.4781924894778,0.0,17.99898725240172,18.0,2020-11-07 03:00:00,0,miami
18.2,-85.1,981.0905251305142,35,1001,28.617666244506836,0.3351383209228515,28.301420211791992,,,,,,25.28,0.113,2020,11,7,312,1,981.0905251305142,0.0,981.0905251305142,0.0,17.99898725240172,18.0,2020-11-07 06:00:00,0,miami
18.7,-84.2,886.8214971907747, , ,28.646665573120117,0.2932319641113281,28.3682804107666,,,,,,25.28,0.113,2020,11,7,312,1,886.8214971907747,0.0,886.8214971907747,0.0,17.99898725240172,18.0,2020-11-07 09:00:00,0,miami
19.1,-83.2,802.5821790544851,45,997,28.858999252319336,0.5023155212402344,28.325908660888672,,,,,,25.28,0.113,2020,11,7,312,1,802.5821790544851,0.0,802.5821790544851,0.0,17.99898725240172,18.0,2020-11-07 12:00:00,0,miami
19.5,-82.3,729.0650157267432, , ,28.89033317565918,0.5475330352783203,28.331024169921875,,,,,,25.28,0.113,2020,11,7,312,1,729.0650157267432,0.0,729.0650157267432,0.0,17.99898725240172,18.0,2020-11-07 15:00:00,0,miami
19.8,-81.5,676.3234234345795,55,994,28.803665161132812,0.4976730346679687,28.331024169921875,,,,,,25.28,0.113,2020,11,7,312,1,676.3234234345795,0.0,676.3234234345795,0.0,17.99898725240172,18.0,2020-11-07 18:00:00,0,miami
20.1,-80.8,632.6220133061208, , ,28.74099922180176,0.4478111267089844,28.24517822265625,,,,,,25.28,0.113,2020,11,7,312,1,632.6220133061208,0.0,632.6220133061208,0.0,17.99898725240172,18.0,2020-11-07 21:00:00,0,miami
20.4,-80.2,596.1944276046083,55,991,28.69333267211914,0.419961929321289,28.257333755493164,,,,,,25.28,0.113,2020,11,8,313,1,596.1944276046083,0.0,596.1944276046083,0.0,17.99898725240172,18.0,2020-11-08 00:00:00,0,miami
20.7,-79.8,564.2559177995643, , ,28.70800018310547,0.4852619171142578,28.257333755493164,,,,,,25.28,0.113,2020,11,8,313,1,564.2559177995643,0.0,564.2559177995643,0.0,17.99898725240172,18.0,2020-11-08 03:00:00,0,miami
21.1,-79.5,523.1365244464909,55,991,28.443998336791992,0.4589424133300781,28.13850212097168,,,,,,25.28,0.113,2020,11,8,313,1,523.1365244464909,0.0,523.1365244464909,0.0,17.99898725240172,18.0,2020-11-08 06:00:00,0,miami
21.5,-79.2,484.522895509497,55,991,27.84433364868164,0.3149070739746094,27.33292007446289,,,,,,25.28,0.113,2020,11,8,313,1,484.522895509497,0.0,484.522895509497,0.0,17.99898725240172,18.0,2020-11-08 08:55:00,0,miami
21.5,-79.2,484.522895509497, , ,27.84433364868164,0.3149070739746094,27.33292007446289,,,,,,25.28,0.113,2020,11,8,313,1,484.522895509497,0.0,484.522895509497,0.0,17.99898725240172,18.0,2020-11-08 09:00:00,0,miami
22.2,-79.0,414.1298235967175,50,993,,,27.09403419494629,,,,,,25.28,0.113,2020,11,8,313,1,414.1298235967175,0.0,414.1298235967175,0.0,17.99898725240172,18.0,2020-11-08 12:00:00,0,miami
22.9,-79.0,340.34010214362064, , ,27.69499969482422,0.7151031494140625,27.09403419494629,,,,,,25.28,0.113,2020,11,8,313,1,340.34010214362064,0.0,340.34010214362064,0.0,17.99898725240172,18.0,2020-11-08 15:00:00,0,miami
23.5,-79.2,270.7298017926174,55,993,27.49499893188477,0.6926727294921875,26.70778465270996,,,,,,25.28,0.113,2020,11,8,313,1,270.7298017926174,0.0,270.7298017926174,0.0,17.99898725240172,18.0,2020-11-08 18:00:00,0,miami
24.1,-79.6,194.16847506628665, , ,27.644332885742188,0.7908000946044922,27.252174377441406,,,,,,25.28,0.113,2020,11,8,313,1,194.16847506628665,1.0,194.16847506628665,1.0,17.99898725240172,19.0,2020-11-08 21:00:00,1,miami
24.5,-80.1,140.59866334880468,55,993,27.77433204650879,0.6077308654785156,27.252174377441406,,,,,,25.28,0.113,2020,11,9,314,1,140.59866334880468,2.0,140.59866334880468,2.0,17.99898725240172,20.0,2020-11-09 00:00:00,1,miami
24.8,-80.5,111.33536654059183, , ,26.996000289916992,0.6148128509521484,26.595136642456055,,,,,,25.28,0.113,2020,11,9,314,1,111.33536654059183,3.0,111.33536654059183,3.0,17.99898725240172,21.0,2020-11-09 03:00:00,1,miami
24.9,-80.7,108.5795058880969,55,993,26.996000289916992,0.6148128509521484,26.595136642456055,,,,,,25.28,0.113,2020,11,9,314,1,108.5795058880969,4.0,108.5795058880969,4.0,17.99898725240172,22.0,2020-11-09 04:00:00,1,miami
25.0,-81.4,148.00635784791896,55,992,25.86266708374023,0.0435905456542968,26.595136642456055,,,,,,25.28,0.113,2020,11,9,314,1,108.5795058880969,5.0,108.5795058880969,5.0,17.99898725240172,23.0,2020-11-09 06:00:00,1,miami
25.0,-82.2,218.8017459869199, , ,26.122333526611328,0.3633460998535156,26.14811134338379,,,,,,25.28,0.113,2020,11,9,314,1,108.5795058880969,5.0,108.5795058880969,5.0,17.99898725240172,23.0,2020-11-09 09:00:00,1,miami
24.9,-82.9,288.5486166772699,50,992,26.731332778930664,0.5797595977783203,26.442272186279297,,,,,,25.28,0.113,2020,11,9,314,1,108.5795058880969,5.0,108.5795058880969,5.0,17.99898725240172,23.0,2020-11-09 12:00:00,1,miami
24.6,-83.5,357.0645582257166, , ,27.30966567993164,0.6200370788574219,26.95958137512207,,,,,,25.28,0.113,2020,11,9,314,1,108.5795058880969,5.0,108.5795058880969,5.0,17.99898725240172,23.0,2020-11-09 15:00:00,1,miami
24.2,-84.1,430.46450898494487,45,995,28.042999267578125,0.8063278198242188,26.95958137512207,,,,,,25.28,0.113,2020,11,9,314,1,108.5795058880969,5.0,108.5795058880969,5.0,17.99898725240172,23.0,2020-11-09 18:00:00,1,miami
23.8,-84.6,495.5674487670548, , ,28.059999465942383,0.5791110992431641,27.703027725219727,,,,,,25.28,0.113,2020,11,9,314,1,108.5795058880969,5.0,108.5795058880969,5.0,17.99898725240172,23.0,2020-11-09 21:00:00,0,miami
23.4,-85.0,552.513083884685,45,995,28.115333557128903,0.394378662109375,27.703027725219727,,,,,,25.28,0.113,2020,11,10,315,1,108.5795058880969,5.0,108.5795058880969,5.0,17.99898725240172,23.0,2020-11-10 00:00:00,0,miami
23.2,-85.3,590.1397283001879, , ,28.185333251953125,0.4214916229248047,27.703027725219727,,,,,,25.28,0.113,2020,11,10,315,1,108.5795058880969,5.0,108.5795058880969,5.0,17.99898725240172,23.0,2020-11-10 03:00:00,0,miami
23.0,-85.4,610.2604561993462,45,995,28.205665588378903,0.396087646484375,27.85786247253418,,,,,,25.28,0.113,2020,11,10,315,1,108.5795058880969,5.0,108.5795058880969,5.0,17.99898725240172,23.0,2020-11-10 06:00:00,0,miami
22.7,-85.4,628.2180609772167, , ,28.260332107543945,0.4050140380859375,27.85786247253418,,,,,,25.28,0.113,2020,11,10,315,1,108.5795058880969,5.0,108.5795058880969,5.0,17.99898725240172,23.0,2020-11-10 09:00:00,0,miami
22.6,-85.3,626.0640488527365,50,992,28.260332107543945,0.4050140380859375,27.85786247253418,,,,,,25.28,0.113,2020,11,10,315,1,108.5795058880969,5.0,108.5795058880969,5.0,17.99898725240172,23.0,2020-11-10 12:00:00,0,miami
22.7,-85.2,611.2792611420891, , ,28.20866584777832,0.3645534515380859,27.85786247253418,,,,,,25.28,0.113,2020,11,10,315,1,108.5795058880969,5.0,108.5795058880969,5.0,17.99898725240172,23.0,2020-11-10 15:00:00,0,miami
22.9,-85.1,590.2938646141429,50,992,28.13399887084961,0.3309402465820312,27.85786247253418,,,,,,25.28,0.113,2020,11,10,315,1,108.5795058880969,5.0,108.5795058880969,5.0,17.99898725240172,23.0,2020-11-10 18:00:00,0,miami
23.1,-84.9,560.9863673528937, , ,28.051666259765625,0.3078060150146484,27.703027725219727,,,,,,25.28,0.113,2020,11,10,315,1,108.5795058880969,5.0,108.5795058880969,5.0,17.99898725240172,23.0,2020-11-10 21:00:00,0,miami
23.5,-84.6,511.58619479547974,55,990,28.047998428344727,0.3634357452392578,27.703027725219727,,,,,,25.28,0.113,2020,11,11,316,1,108.5795058880969,5.0,108.5795058880969,5.0,17.99898725240172,23.0,2020-11-11 00:00:00,0,miami
23.9,-84.4,472.3969814994951, , ,28.0939998626709,0.6563606262207031,27.620677947998047,,,,,,25.28,0.113,2020,11,11,316,1,108.5795058880969,5.0,108.5795058880969,5.0,17.99898725240172,23.0,2020-11-11 03:00:00,0,miami
24.5,-84.2,427.1696628897718,60,987,27.970666885375977,0.8917160034179688,26.95958137512207,,,,,,25.28,0.113,2020,11,11,316,1,108.5795058880969,5.0,108.5795058880969,5.0,17.99898725240172,23.0,2020-11-11 06:00:00,1,miami
25.1,-84.0,389.4193275367328, , ,27.30900001525879,0.6903476715087891,26.347684860229492,,,,,,25.28,0.113,2020,11,11,316,1,108.5795058880969,5.0,108.5795058880969,5.0,17.99898725240172,23.0,2020-11-11 09:00:00,1,miami
25.8,-83.9,371.3032750398043,65,983,26.656999588012695,0.5614070892333984,26.347684860229492,,,,,,25.28,0.113,2020,11,11,316,1,108.5795058880969,5.0,108.5795058880969,5.0,17.99898725240172,23.0,2020-11-11 12:00:00,0,miami
26.3,-83.8,365.4352156916948, , ,26.441333770751953,0.5975112915039062,25.88092613220215,,,,,,25.28,0.113,2020,11,11,316,1,108.5795058880969,5.0,108.5795058880969,5.0,17.99898725240172,23.0,2020-11-11 15:00:00,0,miami
26.8,-83.7,368.31582714789806,60,990,26.281665802001953,1.0559978485107422,25.88092613220215,,,,,,25.28,0.113,2020,11,11,316,1,108.5795058880969,5.0,108.5795058880969,5.0,17.99898725240172,23.0,2020-11-11 18:00:00,1,miami
27.4,-83.6,384.74840482203007, , ,26.0049991607666,1.2528324127197266,25.093809127807617,,,,,,25.28,0.113,2020,11,11,316,1,108.5795058880969,5.0,108.5795058880969,5.0,17.99898725240172,23.0,2020-11-11 21:00:00,1,miami
27.9,-83.5,405.28434964254626,55,992,25.28566551208496,1.1798343658447266,25.093809127807617,,,,,,25.28,0.113,2020,11,12,317,1,108.5795058880969,5.0,108.5795058880969,5.0,17.99898725240172,23.0,2020-11-12 00:00:00,1,miami
28.3,-83.4,424.97471906957566, , ,23.74833297729492,0.7177486419677734,22.27456283569336,,,,,,25.28,0.113,2020,11,12,317,1,108.5795058880969,5.0,108.5795058880969,5.0,17.99898725240172,23.0,2020-11-12 03:00:00,1,miami
28.7,-83.2,441.7814030123731,50,994,22.900665283203125,0.5731658935546875,22.27456283569336,,,,,,25.28,0.113,2020,11,12,317,1,108.5795058880969,5.0,108.5795058880969,5.0,17.99898725240172,23.0,2020-11-12 06:00:00,1,miami
29.1,-82.9,457.3733392295909, , ,22.202333450317383,,21.273645401000977,,,,,,25.28,0.113,2020,11,12,317,1,108.5795058880969,5.0,108.5795058880969,5.0,17.99898725240172,23.0,2020-11-12 09:00:00,1,miami
29.2,-82.9,466.3712545905183,45,996,22.202333450317383,,21.273645401000977,,,,,,25.28,0.113,2020,11,12,317,1,108.5795058880969,5.0,108.5795058880969,5.0,17.99898725240172,23.0,2020-11-12 09:20:00,1,miami
29.7,-82.5,493.3006564696528,40,1001,,,21.273645401000977,,,,,,25.28,0.113,2020,11,12,317,1,108.5795058880969,5.0,108.5795058880969,5.0,17.99898725240172,23.0,2020-11-12 12:00:00,1,miami
30.3,-81.9,531.7332543095323, , ,,,,,,,,,25.28,0.113,2020,11,12,317,1,108.5795058880969,5.0,108.5795058880969,5.0,17.99898725240172,23.0,2020-11-12 15:00:00,1,miami
30.9,-81.3,581.5447036797857,35,1003,21.96299934387207,,22.288686752319336,,,,,,25.28,0.113,2020,11,12,317,1,108.5795058880969,5.0,108.5795058880969,5.0,17.99898725240172,23.0,2020-11-12 18:00:00,1,miami
31.4,-80.7,628.9081398068515, , ,22.725000381469727,0.651214599609375,20.682886123657227,,,,,,25.28,0.113,2020,11,12,317,1,108.5795058880969,5.0,108.5795058880969,5.0,17.99898725240172,23.0,2020-11-12 21:00:00,1,miami
31.9,-79.9,683.1383594400468,40,1004,24.529998779296875,1.4589881896972656,23.80323600769043,,,,,,25.28,0.113,2020,11,13,318,1,108.5795058880969,5.0,108.5795058880969,5.0,17.99898725240172,23.0,2020-11-13 00:00:00,0,miami
32.3,-79.0,736.1824604601342, , ,25.55033302307129,1.7313499450683594,23.88992691040039,,,,,,25.28,0.113,2020,11,13,318,1,108.5795058880969,5.0,108.5795058880969,5.0,17.99898725240172,23.0,2020-11-13 03:00:00,0,miami
32.7,-78.0,800.2143817217445,40,1004,25.983999252319336,1.0662994384765625,25.57245635986328,,,,,,25.28,0.113,2020,11,13,318,1,108.5795058880969,5.0,108.5795058880969,5.0,17.99898725240172,23.0,2020-11-13 06:00:00,0,miami
33.3,-76.7,903.5548339007444, , ,26.097332000732425,1.0007362365722656,24.672929763793945,,,,,,25.28,0.113,2020,11,13,318,1,108.5795058880969,5.0,108.5795058880969,5.0,17.99898725240172,23.0,2020-11-13 09:00:00,0,miami
34.0,-75.3,1029.952178002091,40,1004,25.88166618347168,1.058725357055664,24.811193466186523,,,,,,25.28,0.113,2020,11,13,318,1,108.5795058880969,5.0,108.5795058880969,5.0,17.99898725240172,23.0,2020-11-13 12:00:00,0,miami
34.6,-73.9,1153.2760043508588, , ,24.100666046142575,0.1152801513671875,24.08411979675293,,,,,,25.28,0.113,2020,11,13,318,1,108.5795058880969,5.0,108.5795058880969,5.0,17.99898725240172,23.0,2020-11-13 15:00:00,0,miami
35.1,-72.5,1272.5591637848916,40,1005,23.767332077026367,0.3384971618652344,23.617515563964844,,,,,,25.28,0.113,2020,11,13,318,1,108.5795058880969,5.0,108.5795058880969,5.0,17.99898725240172,23.0,2020-11-13 18:00:00,0,miami
35.5,-70.9,1399.4951298254568, , ,23.91266632080078,0.7434215545654297,23.162153244018555,,,,,,25.28,0.113,2020,11,13,318,1,108.5795058880969,5.0,108.5795058880969,5.0,17.99898725240172,23.0,2020-11-13 21:00:00,0,miami
35.7,-69.2,1522.625352384708,35,1006,24.024999618530273,0.9031925201416016,23.10309600830078,,,,,,25.28,0.113,2020,11,14,319,1,108.5795058880969,5.0,108.5795058880969,5.0,17.99898725240172,23.0,2020-11-14 00:00:00,0,miami
21.3,-87.5,894.8116437261491,30,1004,,,26.54144287109375,,,,,,26.98,0.199,2022,6,2,153,1,894.8116437261491,0.0,894.8116437261491,0.0,894.8116437261491,0.0,2022-06-02 18:00:00,0,miami
21.5,-87.4,873.6479692944491, , ,,,27.578237533569336,,,,,,26.98,0.199,2022,6,2,153,1,873.6479692944491,0.0,873.6479692944491,0.0,873.6479692944491,0.0,2022-06-02 21:00:00,0,miami
21.6,-87.3,858.8492078642643,30,1003,26.286998748779297,-0.9981098175048828,27.578237533569336,,,,,,26.98,0.199,2022,6,3,154,1,858.8492078642643,0.0,858.8492078642643,0.0,858.8492078642643,0.0,2022-06-03 00:00:00,0,miami
21.7,-87.2,844.0722961476814, , ,26.823665618896484,-0.698883056640625,27.578237533569336,,,,,,26.98,0.199,2022,6,3,154,1,844.0722961476814,0.0,844.0722961476814,0.0,844.0722961476814,0.0,2022-06-03 03:00:00,0,miami
21.9,-87.1,823.2436878688961,35,1003,26.92099952697754,-0.7493686676025391,27.578237533569336,,,,,,26.98,0.199,2022,6,3,154,1,823.2436878688961,0.0,823.2436878688961,0.0,823.2436878688961,0.0,2022-06-03 06:00:00,0,miami
22.0,-87.0,808.561552990309, , ,26.92099952697754,-0.7493686676025391,27.578237533569336,,,,,,26.98,0.199,2022,6,3,154,1,808.561552990309,0.0,808.561552990309,0.0,808.561552990309,0.0,2022-06-03 09:00:00,0,miami
22.2,-86.9,788.0409789050926,35,1003,27.64033317565918,-0.336343765258789,28.082489013671875,,,,,,26.98,0.199,2022,6,3,154,1,788.0409789050926,0.0,788.0409789050926,0.0,788.0409789050926,0.0,2022-06-03 12:00:00,0,miami
22.4,-86.7,758.9282092705838, , ,28.18866539001465,-0.034799575805664,28.082489013671875,,,,,,26.98,0.199,2022,6,3,154,1,758.9282092705838,0.0,758.9282092705838,0.0,758.9282092705838,0.0,2022-06-03 15:00:00,0,miami
22.8,-86.3,701.1172088647508,35,1003,28.39900016784668,-0.044870376586914,28.565385818481445,,,,,,26.98,0.199,2022,6,3,154,1,701.1172088647508,0.0,701.1172088647508,0.0,701.1172088647508,0.0,2022-06-03 18:00:00,0,miami
23.3,-85.8,629.8011773766518, , ,28.57466506958008,-0.0155811309814453,28.590160369873047,,,,,,26.98,0.199,2022,6,3,154,1,629.8011773766518,0.0,629.8011773766518,0.0,629.8011773766518,0.0,2022-06-03 21:00:00,0,miami
23.9,-85.1,536.7731891289492,35,1003,28.67099952697754,0.1156063079833984,28.596683502197266,,,,,,26.98,0.199,2022,6,4,155,1,536.7731891289492,0.0,536.7731891289492,0.0,536.7731891289492,0.0,2022-06-04 00:00:00,0,miami
24.4,-84.4,450.01362855828233, , ,28.521665573120117,0.1311225891113281,28.302284240722656,,,,,,26.98,0.199,2022,6,4,155,1,450.01362855828233,0.0,450.01362855828233,0.0,450.01362855828233,0.0,2022-06-04 03:00:00,0,miami
25.0,-83.7,362.4617368235916,35,1003,28.567665100097656,0.3490104675292969,28.302284240722656,,,,,,26.98,0.199,2022,6,4,155,1,362.4617368235916,0.0,362.4617368235916,0.0,362.4617368235916,0.0,2022-06-04 06:00:00,1,miami
25.6,-82.9,271.9823262830652, , ,28.569332122802734,0.4173774719238281,28.103515625,,,,,,26.98,0.199,2022,6,4,155,1,271.9823262830652,0.0,271.9823262830652,0.0,271.9823262830652,0.0,2022-06-04 09:00:00,1,miami
26.2,-82.0,187.1968066589256,35,1002,29.19999885559082,0.7107772827148438,28.52607536315918,,,,,,26.98,0.199,2022,6,4,155,1,187.1968066589256,1.0,187.1968066589256,1.0,187.1968066589256,1.0,2022-06-04 12:00:00,1,miami
26.7,-81.2,144.90654231797964, , ,,,,,,,,,26.98,0.199,2022,6,4,155,1,144.90654231797964,2.0,144.90654231797964,2.0,144.90654231797964,2.0,2022-06-04 15:00:00,1,miami
27.2,-80.4,161.26839070503885,40,1001,,,27.714540481567383,,,,,,26.98,0.199,2022,6,4,155,1,144.90654231797964,3.0,144.90654231797964,3.0,144.90654231797964,3.0,2022-06-04 18:00:00,1,miami
27.6,-79.6,212.69699987704735, , ,28.576000213623047,0.7508296966552734,27.714540481567383,,,,,,26.98,0.199,2022,6,4,155,1,144.90654231797964,3.0,144.90654231797964,3.0,144.90654231797964,3.0,2022-06-04 21:00:00,1,miami
28.0,-78.8,284.59675138658093,40,999,27.98499870300293,0.0862255096435546,28.089609146118164,,,,,,26.98,0.199,2022,6,5,156,1,144.90654231797964,3.0,144.90654231797964,3.0,144.90654231797964,3.0,2022-06-05 00:00:00,0,miami
28.4,-78.0,364.8767947906504, , ,27.545331954956055,0.1774978637695312,27.27013397216797,,,,,,26.98,0.199,2022,6,5,156,1,144.90654231797964,3.0,144.90654231797964,3.0,144.90654231797964,3.0,2022-06-05 03:00:00,0,miami
28.8,-77.2,448.9075119918544,45,995,27.531665802001953,0.4708290100097656,27.09126853942871,,,,,,26.98,0.199,2022,6,5,156,1,144.90654231797964,3.0,144.90654231797964,3.0,144.90654231797964,3.0,2022-06-05 06:00:00,0,miami
29.3,-76.2,556.4333911598005, , ,27.377666473388672,0.7000217437744141,26.60650062561035,,,,,,26.98,0.199,2022,6,5,156,1,144.90654231797964,3.0,144.90654231797964,3.0,144.90654231797964,3.0,2022-06-05 09:00:00,0,miami
29.9,-75.0,687.1202762035642,50,993,27.07466506958008,0.7515869140625,26.376150131225582,,,,,,26.98,0.199,2022,6,5,156,1,144.90654231797964,3.0,144.90654231797964,3.0,144.90654231797964,3.0,2022-06-05 12:00:00,0,miami
30.4,-73.8,811.6235856986717, , ,26.47333335876465,0.5980949401855469,25.860868453979492,,,,,,26.98,0.199,2022,6,5,156,1,144.90654231797964,3.0,144.90654231797964,3.0,144.90654231797964,3.0,2022-06-05 15:00:00,0,miami
31.0,-72.5,951.0952888595644,60,985,25.52966690063477,0.0226287841796875,25.6683349609375,,,,,,26.98,0.199,2022,6,5,156,1,144.90654231797964,3.0,144.90654231797964,3.0,144.90654231797964,3.0,2022-06-05 18:00:00,0,miami
31.6,-71.3,1082.7130378667914, , ,25.402666091918945,0.3565788269042969,25.03813743591309,,,,,,26.98,0.199,2022,6,5,156,1,144.90654231797964,3.0,144.90654231797964,3.0,144.90654231797964,3.0,2022-06-05 21:00:00,0,miami
32.1,-70.2,1199.9350999560745,60,984,24.74366569519043,0.0648517608642578,24.513103485107425,,,,,,26.98,0.199,2022,6,6,157,1,144.90654231797964,3.0,144.90654231797964,3.0,144.90654231797964,3.0,2022-06-06 00:00:00,0,miami
32.6,-69.0,1324.80925534801, , ,24.67966651916504,0.2936649322509765,24.41140937805176,,,,,,26.98,0.199,2022,6,6,157,1,144.90654231797964,3.0,144.90654231797964,3.0,144.90654231797964,3.0,2022-06-06 03:00:00,0,miami
33.0,-67.8,1443.7183895672856,55,987,24.4739990234375,0.2788200378417969,24.302465438842773,,,,,,26.98,0.199,2022,6,6,157,1,144.90654231797964,3.0,144.90654231797964,3.0,144.90654231797964,3.0,2022-06-06 06:00:00,0,miami
33.4,-66.5,1570.749872776238, , ,24.312665939331055,0.3387985229492187,23.96430778503418,,,,,,26.98,0.199,2022,6,6,157,1,144.90654231797964,3.0,144.90654231797964,3.0,144.90654231797964,3.0,2022-06-06 09:00:00,0,miami
33.8,-65.2,1697.7959734399726,55,992,24.12966537475586,0.3304119110107422,23.85470390319824,,,,,,26.98,0.199,2022,6,6,157,1,144.90654231797964,3.0,144.90654231797964,3.0,144.90654231797964,3.0,2022-06-06 12:00:00,0,miami
34.2,-63.7,1841.192943563644, , ,23.81599998474121,0.114450454711914,23.67485618591309,,,,,,26.98,0.199,2022,6,6,157,1,144.90654231797964,3.0,144.90654231797964,3.0,144.90654231797964,3.0,2022-06-06 15:00:00,0,miami
34.7,-62.2,1989.24254124905,50,994,22.865333557128903,-0.6220912933349609,23.492786407470703,,,,,,26.98,0.199,2022,6,6,157,1,144.90654231797964,3.0,144.90654231797964,3.0,144.90654231797964,3.0,2022-06-06 18:00:00,0,miami
