LAT,LON,dist_to_pr_km,WMO_WIND,WMO_PRES,sst_current,sst_anom,sst_climo,merra_slp,merra_t2m,merra_rh2m,merra_u10,merra_v10,nino34,amo,year,month,day,dayofyear,is_hurricane_season,min_dist_7d,count_within_radius_7d,min_dist_30d,count_within_radius_30d,min_dist_365d,count_within_radius_365d,date,impact_next30,region
14.9,-41.0,2750.000319100978,25,1006,27.111000061035156,-0.3611354827880859,27.54741096496582,,,,,,26.27,-0.02,1996,9,3,247,1,2750.000319100978,0.0,2750.000319100978,0.0,2750.000319100978,0.0,1996-09-03 12:00:00,0,puerto_rico
14.9,-41.9,2655.184315924901, , ,27.130998611450195,-0.3859233856201172,27.594379425048828,,,,,,26.27,-0.02,1996,9,3,247,1,2655.184315924901,0.0,2655.184315924901,0.0,2655.184315924901,0.0,1996-09-03 15:00:00,0,puerto_rico
14.9,-42.7,2570.94765922769,30,1006,27.341665267944336,-0.2241935729980468,27.666086196899418,,,,,,26.27,-0.02,1996,9,3,247,1,2570.94765922769,0.0,2570.94765922769,0.0,2570.94765922769,0.0,1996-09-03 18:00:00,0,puerto_rico
14.9,-43.4,2497.2794417558616, , ,27.47033309936523,-0.1394329071044922,27.666086196899418,,,,,,26.27,-0.02,1996,9,3,247,1,2497.2794417558616,0.0,2497.2794417558616,0.0,2497.2794417558616,0.0,1996-09-03 21:00:00,0,puerto_rico
14.8,-44.1,2425.9662071151533,30,1006,27.409000396728516,-0.2452297210693359,27.70469093322754,,,,,,26.27,-0.02,1996,9,4,248,1,2425.9662071151533,0.0,2425.9662071151533,0.0,2425.9662071151533,0.0,1996-09-04 00:00:00,0,puerto_rico
14.7,-44.8,2354.815234622743, , ,27.497333526611328,-0.2700634002685547,27.79728889465332,,,,,,26.27,-0.02,1996,9,4,248,1,2354.815234622743,0.0,2354.815234622743,0.0,2354.815234622743,0.0,1996-09-04 03:00:00,0,puerto_rico
14.7,-45.4,2291.8513416036185,30,1006,27.50666618347168,-0.3025016784667969,27.79728889465332,,,,,,26.27,-0.02,1996,9,4,248,1,2291.8513416036185,0.0,2291.8513416036185,0.0,2291.8513416036185,0.0,1996-09-04 06:00:00,0,puerto_rico
14.6,-46.0,2231.4512705457287, , ,27.4963321685791,-0.3693962097167969,27.875476837158203,,,,,,26.27,-0.02,1996,9,4,248,1,2231.4512705457287,0.0,2231.4512705457287,0.0,2231.4512705457287,0.0,1996-09-04 09:00:00,0,puerto_rico
14.6,-46.6,2168.6267808347184,30,1006,27.534332275390625,-0.3589591979980469,27.931453704833984,,,,,,26.27,-0.02,1996,9,4,248,1,2168.6267808347184,0.0,2168.6267808347184,0.0,2168.6267808347184,0.0,1996-09-04 12:00:00,0,puerto_rico
14.6,-47.1,2116.318772323976, , ,27.637666702270508,-0.2852764129638672,27.931453704833984,,,,,,26.27,-0.02,1996,9,4,248,1,2116.318772323976,0.0,2116.318772323976,0.0,2116.318772323976,0.0,1996-09-04 15:00:00,0,puerto_rico
14.7,-47.5,2071.8790632996324,30,1006,27.676666259765625,-0.2821979522705078,28.00598526000977,,,,,,26.27,-0.02,1996,9,4,248,1,2071.8790632996324,0.0,2071.8790632996324,0.0,2071.8790632996324,0.0,1996-09-04 18:00:00,0,puerto_rico
14.8,-47.9,2027.4601186596635, , ,27.53333282470703,-0.4038047790527344,28.00598526000977,,,,,,26.27,-0.02,1996,9,4,248,1,2027.4601186596635,0.0,2027.4601186596635,0.0,2027.4601186596635,0.0,1996-09-04 21:00:00,0,puerto_rico
14.9,-48.4,1972.604306588672,30,1006,27.407665252685547,-0.5632457733154297,28.00598526000977,,,,,,26.27,-0.02,1996,9,5,249,1,1972.604306588672,0.0,1972.604306588672,0.0,1972.604306588672,0.0,1996-09-05 00:00:00,0,puerto_rico
14.9,-48.9,1920.343146197526, , ,27.5,-0.5048637390136719,28.07013702392578,,,,,,26.27,-0.02,1996,9,5,249,1,1920.343146197526,0.0,1920.343146197526,0.0,1920.343146197526,0.0,1996-09-05 03:00:00,0,puerto_rico
14.8,-49.5,1860.3865397727957,30,1006,27.73099899291992,-0.341226577758789,28.149938583374023,,,,,,26.27,-0.02,1996,9,5,249,1,1860.3865397727957,0.0,1860.3865397727957,0.0,1860.3865397727957,0.0,1996-09-05 06:00:00,0,puerto_rico
14.7,-50.3,1779.9086303516233, , ,27.66499900817871,-0.5106353759765625,28.149938583374023,,,,,,26.27,-0.02,1996,9,5,249,1,1779.9086303516233,0.0,1779.9086303516233,0.0,1779.9086303516233,0.0,1996-09-05 09:00:00,0,puerto_rico
14.5,-51.1,1702.9330755636213,30,1006,27.877666473388672,-0.4067325592041015,28.255735397338867,,,,,,26.27,-0.02,1996,9,5,249,1,1702.9330755636213,0.0,1702.9330755636213,0.0,1702.9330755636213,0.0,1996-09-05 12:00:00,0,puerto_rico
14.4,-51.9,1623.5906643814135, , ,27.86699867248535,-0.4852199554443359,28.34714126586914,,,,,,26.27,-0.02,1996,9,5,249,1,1623.5906643814135,0.0,1623.5906643814135,0.0,1623.5906643814135,0.0,1996-09-05 15:00:00,0,puerto_rico
14.3,-52.6,1555.1055480809912,30,1006,27.869665145874023,-0.5502376556396484,28.43726921081543,,,,,,26.27,-0.02,1996,9,5,249,1,1555.1055480809912,0.0,1555.1055480809912,0.0,1555.1055480809912,0.0,1996-09-05 18:00:00,0,puerto_rico
14.3,-53.2,1493.783372984222, , ,28.01533317565918,-0.4457645416259765,28.43726921081543,,,,,,26.27,-0.02,1996,9,5,249,1,1493.783372984222,0.0,1493.783372984222,0.0,1493.783372984222,0.0,1996-09-05 21:00:00,0,puerto_rico
14.4,-53.6,1449.4076716621394,30,1006,28.1336669921875,-0.3568973541259765,28.495038986206055,,,,,,26.27,-0.02,1996,9,6,250,1,1449.4076716621394,0.0,1449.4076716621394,0.0,1449.4076716621394,0.0,1996-09-06 00:00:00,0,puerto_rico
14.5,-54.0,1405.052058791504, , ,28.132665634155273,-0.3871021270751953,28.495038986206055,,,,,,26.27,-0.02,1996,9,6,250,1,1405.052058791504,0.0,1405.052058791504,0.0,1405.052058791504,0.0,1996-09-06 03:00:00,0,puerto_rico
14.6,-54.3,1370.9026436757292,30,1006,28.128000259399418,-0.3788394927978515,28.495038986206055,,,,,,26.27,-0.02,1996,9,6,250,1,1370.9026436757292,0.0,1370.9026436757292,0.0,1370.9026436757292,0.0,1996-09-06 06:00:00,0,puerto_rico
14.7,-54.7,1326.5813227831554, , ,28.124666213989254,-0.3972492218017578,28.55258560180664,,,,,,26.27,-0.02,1996,9,6,250,1,1326.5813227831554,0.0,1326.5813227831554,0.0,1326.5813227831554,0.0,1996-09-06 09:00:00,0,puerto_rico
14.7,-55.1,1285.912834423261,30,1006,28.12266540527344,-0.4323902130126953,28.55258560180664,,,,,,26.27,-0.02,1996,9,6,250,1,1285.912834423261,0.0,1285.912834423261,0.0,1285.912834423261,0.0,1996-09-06 12:00:00,0,puerto_rico
14.8,-55.4,1251.7913345839324, , ,28.029998779296875,-0.53076171875,28.55258560180664,,,,,,26.27,-0.02,1996,9,6,250,1,1251.7913345839324,0.0,1251.7913345839324,0.0,1251.7913345839324,0.0,1996-09-06 15:00:00,0,puerto_rico
14.9,-55.7,1217.6837287552692,30,1006,27.96466636657715,-0.6176567077636719,28.63576889038086,,,,,,26.27,-0.02,1996,9,6,250,1,1217.6837287552692,0.0,1217.6837287552692,0.0,1217.6837287552692,0.0,1996-09-06 18:00:00,0,puerto_rico
15.1,-56.3,1149.5108276817814, , ,28.111331939697266,-0.5218887329101562,28.579505920410156,,,,,,26.27,-0.02,1996,9,6,250,1,1149.5108276817814,0.0,1149.5108276817814,0.0,1149.5108276817814,0.0,1996-09-06 21:00:00,0,puerto_rico
15.2,-57.0,1074.9183546642505,30,1006,28.100332260131836,-0.5985088348388672,28.659902572631836,,,,,,26.27,-0.02,1996,9,7,251,1,1074.9183546642505,0.0,1074.9183546642505,0.0,1074.9183546642505,0.0,1996-09-07 00:00:00,0,puerto_rico
15.3,-57.7,1000.5110256338096, , ,28.167999267578125,-0.5558872222900391,28.746280670166016,,,,,,26.27,-0.02,1996,9,7,251,1,1000.5110256338096,0.0,1000.5110256338096,0.0,1000.5110256338096,0.0,1996-09-07 03:00:00,0,puerto_rico
15.4,-58.3,936.344737016296,35,1005,28.270666122436523,-0.5002975463867188,28.746280670166016,,,,,,26.27,-0.02,1996,9,7,251,1,936.344737016296,0.0,936.344737016296,0.0,936.344737016296,0.0,1996-09-07 06:00:00,0,puerto_rico
15.5,-59.0,862.3658251220307, , ,28.28966522216797,-0.5124855041503906,28.78407096862793,,,,,,26.27,-0.02,1996,9,7,251,1,862.3658251220307,0.0,862.3658251220307,0.0,862.3658251220307,0.0,1996-09-07 09:00:00,0,puerto_rico
15.6,-59.6,798.6034385502599,40,1004,28.218666076660156,-0.5937061309814453,28.844579696655273,,,,,,26.27,-0.02,1996,9,7,251,1,798.6034385502599,0.0,798.6034385502599,0.0,798.6034385502599,0.0,1996-09-07 12:00:00,0,puerto_rico
15.7,-60.0,754.7857771384753, , ,28.36333274841309,-0.4840278625488281,28.844579696655273,,,,,,26.27,-0.02,1996,9,7,251,1,754.7857771384753,0.0,754.7857771384753,0.0,754.7857771384753,0.0,1996-09-07 15:00:00,0,puerto_rico
15.8,-60.4,711.0279586541565,40,1000,28.39699935913086,-0.4556026458740234,28.844579696655273,,,,,,26.27,-0.02,1996,9,7,251,1,711.0279586541565,0.0,711.0279586541565,0.0,711.0279586541565,0.0,1996-09-07 18:00:00,0,puerto_rico
16.0,-60.8,662.9681923289455, , ,28.48466682434082,-0.4147529602050781,28.93948745727539,,,,,,26.27,-0.02,1996,9,7,251,1,662.9681923289455,0.0,662.9681923289455,0.0,662.9681923289455,0.0,1996-09-07 21:00:00,0,puerto_rico
16.1,-61.2,619.2688916395084,50,996,28.439666748046875,-0.4676132202148437,28.863849639892575,,,,,,26.27,-0.02,1996,9,8,252,1,619.2688916395084,0.0,619.2688916395084,0.0,619.2688916395084,0.0,1996-09-08 00:00:00,0,puerto_rico
16.1,-61.6,580.2050753453797, , ,28.642000198364254,-0.325540542602539,28.97422218322754,,,,,,26.27,-0.02,1996,9,8,252,1,580.2050753453797,0.0,580.2050753453797,0.0,580.2050753453797,0.0,1996-09-08 03:00:00,0,puerto_rico
16.1,-62.0,541.6570122143436,55,996,28.65166664123535,-0.3664398193359375,28.97422218322754,,,,,,26.27,-0.02,1996,9,8,252,1,541.6570122143436,0.0,541.6570122143436,0.0,541.6570122143436,0.0,1996-09-08 06:00:00,0,puerto_rico
16.1,-62.4,503.74330031029336, , ,28.602333068847656,-0.4265117645263672,28.97422218322754,,,,,,26.27,-0.02,1996,9,8,252,1,503.74330031029336,0.0,503.74330031029336,0.0,503.74330031029336,0.0,1996-09-08 09:00:00,0,puerto_rico
16.1,-62.8,466.6187730410112,60,996,28.434999465942383,-0.6153202056884766,29.03211784362793,,,,,,26.27,-0.02,1996,9,8,252,1,466.6187730410112,0.0,466.6187730410112,0.0,466.6187730410112,0.0,1996-09-08 12:00:00,0,puerto_rico
16.1,-63.2,430.4878307196506, , ,28.439332962036133,-0.6180000305175781,29.03211784362793,,,,,,26.27,-0.02,1996,9,8,252,1,430.4878307196506,0.0,430.4878307196506,0.0,430.4878307196506,0.0,1996-09-08 15:00:00,0,puerto_rico
16.1,-63.6,395.6229639342998,60,991,28.56133270263672,-0.5025749206542969,29.048648834228516,,,,,,26.27,-0.02,1996,9,8,252,1,395.6229639342998,0.0,395.6229639342998,0.0,395.6229639342998,0.0,1996-09-08 18:00:00,0,puerto_rico
16.1,-63.9,370.5208261047274, , ,28.625,-0.4421958923339844,29.048648834228516,,,,,,26.27,-0.02,1996,9,8,252,1,370.5208261047274,0.0,370.5208261047274,0.0,370.5208261047274,0.0,1996-09-08 21:00:00,0,puerto_rico
16.1,-64.1,354.39098482835755,60,990,28.66266632080078,-0.405496597290039,29.048648834228516,,,,,,26.27,-0.02,1996,9,9,253,1,354.39098482835755,0.0,354.39098482835755,0.0,354.39098482835755,0.0,1996-09-09 00:00:00,0,puerto_rico
16.1,-64.3,338.82604301411783, , ,28.67799949645996,-0.3888092041015625,29.048648834228516,,,,,,26.27,-0.02,1996,9,9,253,1,338.82604301411783,0.0,338.82604301411783,0.0,338.82604301411783,0.0,1996-09-09 03:00:00,0,puerto_rico
16.1,-64.5,323.90746507161305,70,987,28.649999618530273,-0.4154548645019531,29.039974212646484,,,,,,26.27,-0.02,1996,9,9,253,1,323.90746507161305,0.0,323.90746507161305,0.0,323.90746507161305,0.0,1996-09-09 06:00:00,0,puerto_rico
16.2,-64.7,301.3135087874293, , ,28.649999618530273,-0.4154548645019531,29.039974212646484,,,,,,26.27,-0.02,1996,9,9,253,1,301.3135087874293,0.0,301.3135087874293,0.0,301.3135087874293,0.0,1996-09-09 09:00:00,0,puerto_rico
16.3,-65.0,272.257271557833,70,985,28.611331939697266,-0.4375438690185547,29.039974212646484,,,,,,26.27,-0.02,1996,9,9,253,1,272.257271557833,0.0,272.257271557833,0.0,272.257271557833,0.0,1996-09-09 12:00:00,0,puerto_rico
16.4,-65.3,244.43028272545317, , ,28.618331909179688,-0.4327144622802734,29.039974212646484,,,,,,26.27,-0.02,1996,9,9,253,1,244.43028272545317,0.0,244.43028272545317,0.0,244.43028272545317,0.0,1996-09-09 15:00:00,0,puerto_rico
16.6,-65.6,208.60377073219612,70,990,28.593332290649418,-0.4520111083984375,29.05225372314453,,,,,,26.27,-0.02,1996,9,9,253,1,208.60377073219612,0.0,208.60377073219612,0.0,208.60377073219612,0.0,1996-09-09 18:00:00,0,puerto_rico
16.8,-65.8,178.82616707552404, , ,28.525999069213867,-0.5217266082763672,29.05225372314453,,,,,,26.27,-0.02,1996,9,9,253,1,178.82616707552404,0.0,178.82616707552404,0.0,178.82616707552404,0.0,1996-09-09 21:00:00,0,puerto_rico
17.1,-66.1,135.01255596889985,70,989,28.483999252319336,-0.5705184936523438,29.049501419067383,,,,,,26.27,-0.02,1996,9,10,254,1,135.01255596889985,0.0,135.01255596889985,0.0,135.01255596889985,0.0,1996-09-10 00:00:00,0,puerto_rico
17.6,-66.5,69.68496542180877, , ,28.420331954956055,-0.6463584899902344,29.096113204956055,,,,,,26.27,-0.02,1996,9,10,254,1,69.68496542180877,1.0,69.68496542180877,1.0,69.68496542180877,1.0,1996-09-10 03:00:00,1,puerto_rico
18.0,-66.9,40.93281684217856,70,989,28.51999855041504,-0.5404834747314453,29.096113204956055,,,,,,26.27,-0.02,1996,9,10,254,1,40.93281684217856,2.0,40.93281684217856,2.0,40.93281684217856,2.0,1996-09-10 06:00:00,1,puerto_rico
18.2,-67.4,85.57749819984744, , ,28.70433235168457,-0.3268585205078125,29.02466583251953,,,,,,26.27,-0.02,1996,9,10,254,1,40.93281684217856,2.0,40.93281684217856,2.0,40.93281684217856,2.0,1996-09-10 09:00:00,1,puerto_rico
18.3,-67.8,128.06279740382857,65,989,28.44933319091797,-0.5363121032714844,28.969486236572266,,,,,,26.27,-0.02,1996,9,10,254,1,40.93281684217856,2.0,40.93281684217856,2.0,40.93281684217856,2.0,1996-09-10 12:00:00,1,puerto_rico
18.6,-68.1,164.78528253262903, , ,28.22433280944824,-0.7364692687988281,28.969486236572266,,,,,,26.27,-0.02,1996,9,10,254,1,40.93281684217856,2.0,40.93281684217856,2.0,40.93281684217856,2.0,1996-09-10 15:00:00,0,puerto_rico
18.9,-68.4,205.18672858937651,65,990,28.192333221435547,-0.7478275299072266,28.969486236572266,,,,,,26.27,-0.02,1996,9,10,254,1,40.93281684217856,2.0,40.93281684217856,2.0,40.93281684217856,2.0,1996-09-10 18:00:00,0,puerto_rico
19.2,-68.7,247.44913067917105, , ,28.301998138427734,-0.6131591796875,28.869468688964844,,,,,,26.27,-0.02,1996,9,10,254,1,40.93281684217856,2.0,40.93281684217856,2.0,40.93281684217856,2.0,1996-09-10 21:00:00,0,puerto_rico
19.5,-68.9,281.6127554364935,70,982,28.40733337402344,-0.4784564971923828,28.869468688964844,,,,,,26.27,-0.02,1996,9,11,255,1,40.93281684217856,2.0,40.93281684217856,2.0,40.93281684217856,2.0,1996-09-11 00:00:00,0,puerto_rico
19.8,-69.2,325.74731932512447, , ,28.28499984741211,-0.5862445831298828,28.869468688964844,,,,,,26.27,-0.02,1996,9,11,255,1,40.93281684217856,2.0,40.93281684217856,2.0,40.93281684217856,2.0,1996-09-11 03:00:00,0,puerto_rico
20.1,-69.5,370.2249268105296,75,975,28.29166603088379,-0.5992927551269531,28.913755416870117,,,,,,26.27,-0.02,1996,9,11,255,1,40.93281684217856,2.0,40.93281684217856,2.0,40.93281684217856,2.0,1996-09-11 06:00:00,0,puerto_rico
20.5,-69.8,421.42667105459515, , ,28.268665313720703,-0.6366653442382812,28.913755416870117,,,,,,26.27,-0.02,1996,9,11,255,1,40.93281684217856,2.0,40.93281684217856,2.0,40.93281684217856,2.0,1996-09-11 09:00:00,0,puerto_rico
20.9,-70.1,473.2448934777001,90,971,28.143665313720703,-0.7533855438232422,28.913755416870117,,,,,,26.27,-0.02,1996,9,11,255,1,40.93281684217856,2.0,40.93281684217856,2.0,40.93281684217856,2.0,1996-09-11 12:00:00,0,puerto_rico
21.3,-70.4,525.4807578299759, , ,28.271665573120117,-0.6091289520263672,28.851099014282227,,,,,,26.27,-0.02,1996,9,11,255,1,40.93281684217856,2.0,40.93281684217856,2.0,40.93281684217856,2.0,1996-09-11 15:00:00,0,puerto_rico
21.6,-70.6,562.9043300185795,95,970,28.268665313720703,-0.6149635314941406,28.910396575927734,,,,,,26.27,-0.02,1996,9,11,255,1,40.93281684217856,2.0,40.93281684217856,2.0,40.93281684217856,2.0,1996-09-11 18:00:00,0,puerto_rico
22.0,-70.9,615.6263584896711, , ,28.208332061767575,-0.6788406372070312,28.910396575927734,,,,,,26.27,-0.02,1996,9,11,255,1,40.93281684217856,2.0,40.93281684217856,2.0,40.93281684217856,2.0,1996-09-11 21:00:00,0,puerto_rico
22.3,-71.1,653.3904466698797,100,967,28.13399887084961,-0.7439002990722656,28.865278244018555,,,,,,26.27,-0.02,1996,9,12,256,1,40.93281684217856,2.0,40.93281684217856,2.0,40.93281684217856,2.0,1996-09-12 00:00:00,0,puerto_rico
22.6,-71.3,691.2698444231129, , ,28.10933303833008,-0.7694358825683594,28.865278244018555,,,,,,26.27,-0.02,1996,9,12,256,1,40.93281684217856,2.0,40.93281684217856,2.0,40.93281684217856,2.0,1996-09-12 03:00:00,0,puerto_rico
23.0,-71.4,729.9245730147483,105,962,28.097000122070312,-0.7796592712402344,28.865278244018555,,,,,,26.27,-0.02,1996,9,12,256,1,40.93281684217856,2.0,40.93281684217856,2.0,40.93281684217856,2.0,1996-09-12 06:00:00,0,puerto_rico
23.4,-71.6,776.232862100865, , ,28.060998916625977,-0.8133621215820312,28.8734073638916,,,,,,26.27,-0.02,1996,9,12,256,1,40.93281684217856,2.0,40.93281684217856,2.0,40.93281684217856,2.0,1996-09-12 09:00:00,0,puerto_rico
23.9,-71.8,831.0747940011598,115,959,27.8626651763916,-0.9929447174072266,28.8734073638916,,,,,,26.27,-0.02,1996,9,12,256,1,40.93281684217856,2.0,40.93281684217856,2.0,40.93281684217856,2.0,1996-09-12 12:00:00,0,puerto_rico
24.3,-71.9,871.3652044208518, , ,27.659666061401367,-1.172750473022461,28.828052520751953,,,,,,26.27,-0.02,1996,9,12,256,1,40.93281684217856,2.0,40.93281684217856,2.0,40.93281684217856,2.0,1996-09-12 15:00:00,0,puerto_rico
24.7,-71.8,899.5873803002867,115,946,27.61433219909668,-1.2042770385742188,28.828052520751953,,,,,,26.27,-0.02,1996,9,12,256,1,40.93281684217856,2.0,40.93281684217856,2.0,40.93281684217856,2.0,1996-09-12 18:00:00,0,puerto_rico
25.3,-71.7,947.3981897405642, , ,27.75666618347168,-1.0070075988769531,28.76629066467285,,,,,,26.27,-0.02,1996,9,12,256,1,40.93281684217856,2.0,40.93281684217856,2.0,40.93281684217856,2.0,1996-09-12 21:00:00,0,puerto_rico
25.9,-71.5,992.2457800254912,120,935,27.59233283996582,-1.1310901641845703,28.76629066467285,,,,,,26.27,-0.02,1996,9,13,257,1,40.93281684217856,2.0,40.93281684217856,2.0,40.93281684217856,2.0,1996-09-13 00:00:00,0,puerto_rico
26.5,-71.5,1049.6431706688932, , ,27.43000030517578,-1.2511978149414062,28.68714141845703,,,,,,26.27,-0.02,1996,9,13,257,1,40.93281684217856,2.0,40.93281684217856,2.0,40.93281684217856,2.0,1996-09-13 03:00:00,0,puerto_rico
27.2,-71.4,1113.3358704783848,115,942,27.292333602905273,-1.3159866333007812,28.56555938720703,,,,,,26.27,-0.02,1996,9,13,257,1,40.93281684217856,2.0,40.93281684217856,2.0,40.93281684217856,2.0,1996-09-13 06:00:00,0,puerto_rico
28.0,-71.2,1184.843994554322, , ,27.06066513061523,-1.439901351928711,28.56555938720703,,,,,,26.27,-0.02,1996,9,13,257,1,40.93281684217856,2.0,40.93281684217856,2.0,40.93281684217856,2.0,1996-09-13 09:00:00,0,puerto_rico
29.0,-70.9,1276.143004735208,100,948,26.76966667175293,-1.5074443817138672,28.38055419921875,,,,,,26.27,-0.02,1996,9,13,257,1,40.93281684217856,2.0,40.93281684217856,2.0,40.93281684217856,2.0,1996-09-13 12:00:00,0,puerto_rico
30.0,-70.6,1371.2148110399835, , ,26.09933280944824,-1.9085769653320312,28.116479873657227,,,,,,26.27,-0.02,1996,9,13,257,1,40.93281684217856,2.0,40.93281684217856,2.0,40.93281684217856,2.0,1996-09-13 15:00:00,0,puerto_rico
31.0,-70.3,1469.3165880670724,100,948,25.74166679382324,-1.9759464263916016,27.81747817993164,,,,,,26.27,-0.02,1996,9,13,257,1,40.93281684217856,2.0,40.93281684217856,2.0,40.93281684217856,2.0,1996-09-13 18:00:00,0,puerto_rico
32.1,-69.9,1578.5520658998155, , ,25.592998504638672,-1.7680892944335938,27.278154373168945,,,,,,26.27,-0.02,1996,9,13,257,1,40.93281684217856,2.0,40.93281684217856,2.0,40.93281684217856,2.0,1996-09-13 21:00:00,0,puerto_rico
33.3,-69.5,1701.6187562866764,90,948,25.892332077026367,-1.2255115509033203,27.068700790405273,,,,,,26.27,-0.02,1996,9,14,258,1,40.93281684217856,2.0,40.93281684217856,2.0,40.93281684217856,2.0,1996-09-14 00:00:00,0,puerto_rico
34.6,-69.0,1836.842112765061, , ,25.724666595458984,-1.2224349975585938,26.97553062438965,,,,,,26.27,-0.02,1996,9,14,258,1,40.93281684217856,2.0,40.93281684217856,2.0,40.93281684217856,2.0,1996-09-14 03:00:00,0,puerto_rico
35.9,-68.4,1973.8742140176903,90,955,25.510332107543945,-1.2719612121582031,26.855037689208984,,,,,,26.27,-0.02,1996,9,14,258,1,40.93281684217856,2.0,40.93281684217856,2.0,40.93281684217856,2.0,1996-09-14 06:00:00,0,puerto_rico
37.1,-67.8,2102.594378249821, , ,25.577333450317383,-1.184743881225586,26.79581642150879,,,,,,26.27,-0.02,1996,9,14,258,1,40.93281684217856,2.0,40.93281684217856,2.0,40.93281684217856,2.0,1996-09-14 09:00:00,0,puerto_rico
38.5,-67.1,2255.485197749683,85,960,24.4776668548584,-1.142324447631836,25.48336601257324,,,,,,26.27,-0.02,1996,9,14,258,1,40.93281684217856,2.0,40.93281684217856,2.0,40.93281684217856,2.0,1996-09-14 12:00:00,0,puerto_rico
40.3,-66.2,2455.379598230367, , ,19.9516658782959,-2.6190013885498047,22.460477828979492,,,,,,26.27,-0.02,1996,9,14,258,1,40.93281684217856,2.0,40.93281684217856,2.0,40.93281684217856,2.0,1996-09-14 15:00:00,0,puerto_rico
42.0,-65.2,2647.4069539402703,75,960,17.042333602905273,-1.633405685424805,20.041484832763672,,,,,,26.27,-0.02,1996,9,14,258,1,40.93281684217856,2.0,40.93281684217856,2.0,40.93281684217856,2.0,1996-09-14 18:00:00,0,puerto_rico
43.4,-64.2,2808.776502706857, , ,16.097000122070312,-0.5860366821289062,16.59380531311035,,,,,,26.27,-0.02,1996,9,14,258,1,40.93281684217856,2.0,40.93281684217856,2.0,40.93281684217856,2.0,1996-09-14 21:00:00,0,puerto_rico
44.3,-63.3,2916.071193121683,70,970,16.229665756225586,-0.4306697845458984,16.793785095214844,,,,,,26.27,-0.02,1996,9,15,259,1,40.93281684217856,2.0,40.93281684217856,2.0,40.93281684217856,2.0,1996-09-15 00:00:00,0,puerto_rico
44.8,-62.5,2979.8214900832104,70,978,,,16.793785095214844,,,,,,26.27,-0.02,1996,9,15,259,1,40.93281684217856,2.0,40.93281684217856,2.0,40.93281684217856,2.0,1996-09-15 03:00:00,0,puerto_rico
45.5,-61.5,3069.6043025550875,65,980,,,16.956565856933594,,,,,,26.27,-0.02,1996,9,15,259,1,40.93281684217856,2.0,40.93281684217856,2.0,40.93281684217856,2.0,1996-09-15 06:00:00,0,puerto_rico
46.0,-60.5,3139.4307511169736, , ,,,16.548141479492188,,,,,,26.27,-0.02,1996,9,15,259,1,40.93281684217856,2.0,40.93281684217856,2.0,40.93281684217856,2.0,1996-09-15 09:00:00,0,puerto_rico
46.3,-59.1,3197.2302401212846,60,982,14.200332641601562,-0.9666337966918944,14.94223976135254,,,,,,26.27,-0.02,1996,9,15,259,1,40.93281684217856,2.0,40.93281684217856,2.0,40.93281684217856,2.0,1996-09-15 12:00:00,0,puerto_rico
46.2,-56.9,3236.2205064983973, , ,14.16266632080078,-0.8346939086914062,14.739324569702148,,,,,,26.27,-0.02,1996,9,15,259,1,40.93281684217856,2.0,40.93281684217856,2.0,40.93281684217856,2.0,1996-09-15 15:00:00,0,puerto_rico
46.0,-55.0,3268.059649715201,40,996,13.847000122070312,-0.7738428115844727,14.97439670562744,,,,,,26.27,-0.02,1996,9,15,259,1,40.93281684217856,2.0,40.93281684217856,2.0,40.93281684217856,2.0,1996-09-15 18:00:00,0,puerto_rico
46.0,-54.5,3283.3645213239333, , ,13.83466625213623,-0.6615800857543945,14.97439670562744,,,,,,26.27,-0.02,1996,9,15,259,1,40.93281684217856,2.0,40.93281684217856,2.0,40.93281684217856,2.0,1996-09-15 21:00:00,0,puerto_rico
46.0,-54.0,3299.2371790982456,40,998,8.868063926696777,-5.487765312194824,14.873278617858888,,,,,,26.27,-0.02,1996,9,16,260,1,40.93281684217856,2.0,40.93281684217856,2.0,40.93281684217856,2.0,1996-09-16 00:00:00,0,puerto_rico
45.6,-52.4,3314.3900722486883, , ,10.095806121826172,-4.7932024002075195,15.050260543823242,,,,,,26.27,-0.02,1996,9,16,260,1,40.93281684217856,2.0,40.93281684217856,2.0,40.93281684217856,2.0,1996-09-16 03:00:00,0,puerto_rico
45.0,-50.0,3351.557277834012,35,999,9.92967700958252,-5.09525203704834,15.247570991516112,,,,,,26.27,-0.02,1996,9,16,260,1,40.93281684217856,2.0,40.93281684217856,2.0,40.93281684217856,2.0,1996-09-16 06:00:00,0,puerto_rico
9.7,-25.1,4565.666442605714,30,1009,27.54166603088379,-0.3005962371826172,27.846364974975582,,,,,,25.46,0.394,1998,9,15,258,1,4565.666442605714,0.0,4565.666442605714,0.0,4565.666442605714,0.0,1998-09-15 12:00:00,0,puerto_rico
9.7,-25.8,4492.185357111432, , ,27.58199882507324,-0.2902774810791015,27.88390731811523,,,,,,25.46,0.394,1998,9,15,258,1,4492.185357111432,0.0,4492.185357111432,0.0,4492.185357111432,0.0,1998-09-15 15:00:00,0,puerto_rico
9.8,-26.5,4415.528574327062,30,1009,27.45433235168457,-0.4355926513671875,27.937559127807617,,,,,,25.46,0.394,1998,9,15,258,1,4415.528574327062,0.0,4415.528574327062,0.0,4415.528574327062,0.0,1998-09-15 18:00:00,0,puerto_rico
9.9,-27.3,4328.408246977088, , ,27.4429988861084,-0.4569854736328125,27.937559127807617,,,,,,25.46,0.394,1998,9,15,258,1,4328.408246977088,0.0,4328.408246977088,0.0,4328.408246977088,0.0,1998-09-15 21:00:00,0,puerto_rico
10.0,-28.1,4241.320143048055,30,1009,28.12903213500977,0.234903335571289,27.92360496520996,,,,,,25.46,0.394,1998,9,16,259,1,4241.320143048055,0.0,4241.320143048055,0.0,4241.320143048055,0.0,1998-09-16 00:00:00,0,puerto_rico
10.1,-28.9,4154.265474100342, , ,27.941612243652344,0.0517311096191406,27.85640525817871,,,,,,25.46,0.394,1998,9,16,259,1,4154.265474100342,0.0,4154.265474100342,0.0,4154.265474100342,0.0,1998-09-16 03:00:00,0,puerto_rico
10.3,-29.7,4064.025481541127,30,1009,27.83612823486328,-0.0638484954833984,27.90896797180176,,,,,,25.46,0.394,1998,9,16,259,1,4064.025481541127,0.0,4064.025481541127,0.0,4064.025481541127,0.0,1998-09-16 06:00:00,0,puerto_rico
10.4,-30.5,3977.034526442776, , ,27.880643844604492,-0.0636482238769531,27.950000762939453,,,,,,25.46,0.394,1998,9,16,259,1,3977.034526442776,0.0,3977.034526442776,0.0,3977.034526442776,0.0,1998-09-16 09:00:00,0,puerto_rico
10.6,-31.3,3886.8705899471192,35,1005,28.07806396484375,0.12164306640625,27.950000762939453,,,,,,25.46,0.394,1998,9,16,259,1,3886.8705899471192,0.0,3886.8705899471192,0.0,3886.8705899471192,0.0,1998-09-16 12:00:00,0,puerto_rico
10.8,-32.1,3796.754812036827, , ,28.07741928100586,0.1148262023925781,27.99064826965332,,,,,,25.46,0.394,1998,9,16,259,1,3796.754812036827,0.0,3796.754812036827,0.0,3796.754812036827,0.0,1998-09-16 15:00:00,0,puerto_rico
11.0,-32.9,3706.688311999162,35,1003,28.08774185180664,0.1262435913085937,27.984678268432617,,,,,,25.46,0.394,1998,9,16,259,1,3706.688311999162,0.0,3706.688311999162,0.0,3706.688311999162,0.0,1998-09-16 18:00:00,0,puerto_rico
11.1,-33.7,3619.8255881298983, , ,27.72935485839844,-0.2232093811035156,27.927961349487305,,,,,,25.46,0.394,1998,9,16,259,1,3619.8255881298983,0.0,3619.8255881298983,0.0,3619.8255881298983,0.0,1998-09-16 21:00:00,0,puerto_rico
11.3,-34.6,3519.383655109723,45,1000,27.734838485717773,-0.214120864868164,27.942502975463867,,,,,,25.46,0.394,1998,9,17,260,1,3519.383655109723,0.0,3519.383655109723,0.0,3519.383655109723,0.0,1998-09-17 00:00:00,0,puerto_rico
11.5,-35.4,3429.452495151963, , ,27.843225479125977,-0.1312828063964843,27.942502975463867,,,,,,25.46,0.394,1998,9,17,260,1,3429.452495151963,0.0,3429.452495151963,0.0,3429.452495151963,0.0,1998-09-17 03:00:00,0,puerto_rico
11.7,-36.3,3329.121594582384,50,997,27.794837951660156,-0.1855297088623047,27.991737365722656,,,,,,25.46,0.394,1998,9,17,260,1,3329.121594582384,0.0,3329.121594582384,0.0,3329.121594582384,0.0,1998-09-17 06:00:00,0,puerto_rico
11.9,-37.2,3228.8494082454063, , ,27.74774169921875,-0.2090873718261718,28.007360458374023,,,,,,25.46,0.394,1998,9,17,260,1,3228.8494082454063,0.0,3228.8494082454063,0.0,3228.8494082454063,0.0,1998-09-17 09:00:00,0,puerto_rico
12.0,-38.1,3131.736590724716,55,994,27.510000228881836,-0.5062961578369141,28.07632064819336,,,,,,25.46,0.394,1998,9,17,260,1,3131.736590724716,0.0,3131.736590724716,0.0,3131.736590724716,0.0,1998-09-17 12:00:00,0,puerto_rico
12.2,-39.0,3031.5687673729008, , ,27.460643768310547,-0.5756683349609375,27.96290397644043,,,,,,25.46,0.394,1998,9,17,260,1,3031.5687673729008,0.0,3031.5687673729008,0.0,3031.5687673729008,0.0,1998-09-17 15:00:00,0,puerto_rico
12.3,-40.0,2924.1377047098345,65,987,27.39870834350586,-0.634124755859375,28.00261116027832,,,,,,25.46,0.394,1998,9,17,260,1,2924.1377047098345,0.0,2924.1377047098345,0.0,2924.1377047098345,0.0,1998-09-17 18:00:00,0,puerto_rico
12.4,-41.0,2816.797952976287, , ,27.50419235229492,-0.5588607788085938,28.02396583557129,,,,,,25.46,0.394,1998,9,17,260,1,2816.797952976287,0.0,2816.797952976287,0.0,2816.797952976287,0.0,1998-09-17 21:00:00,0,puerto_rico
12.5,-42.0,2709.557444102,70,984,27.596450805664062,-0.5269889831542969,28.086944580078125,,,,,,25.46,0.394,1998,9,18,261,1,2709.557444102,0.0,2709.557444102,0.0,2709.557444102,0.0,1998-09-18 00:00:00,0,puerto_rico
12.6,-43.0,2602.4252897675005, , ,27.680967330932617,-0.4384498596191406,28.14310646057129,,,,,,25.46,0.394,1998,9,18,261,1,2602.4252897675005,0.0,2602.4252897675005,0.0,2602.4252897675005,0.0,1998-09-18 03:00:00,0,puerto_rico
12.8,-43.9,2502.542582970423,80,977,27.67258071899414,-0.423807144165039,28.201839447021484,,,,,,25.46,0.394,1998,9,18,261,1,2502.542582970423,0.0,2502.542582970423,0.0,2502.542582970423,0.0,1998-09-18 06:00:00,0,puerto_rico
12.9,-44.8,2405.959029733777, , ,27.788063049316406,-0.3799552917480469,28.27898406982422,,,,,,25.46,0.394,1998,9,18,261,1,2405.959029733777,0.0,2405.959029733777,0.0,2405.959029733777,0.0,1998-09-18 09:00:00,0,puerto_rico
13.1,-45.7,2306.2066375077206,85,973,27.655805587768555,-0.4977569580078125,28.07314109802246,,,,,,25.46,0.394,1998,9,18,261,1,2306.2066375077206,0.0,2306.2066375077206,0.0,2306.2066375077206,0.0,1998-09-18 12:00:00,0,puerto_rico
13.3,-46.6,2206.525811069149, , ,27.66354751586914,-0.4822559356689453,28.13593292236328,,,,,,25.46,0.394,1998,9,18,261,1,2206.525811069149,0.0,2206.525811069149,0.0,2206.525811069149,0.0,1998-09-18 15:00:00,0,puerto_rico
13.5,-47.4,2117.264076909965,90,970,27.85709571838379,-0.3396129608154297,28.13593292236328,,,,,,25.46,0.394,1998,9,18,261,1,2117.264076909965,0.0,2117.264076909965,0.0,2117.264076909965,0.0,1998-09-18 18:00:00,0,puerto_rico
13.7,-48.2,2028.065898096072, , ,27.914514541625977,-0.2815990447998047,28.213695526123047,,,,,,25.46,0.394,1998,9,18,261,1,2028.065898096072,0.0,2028.065898096072,0.0,2028.065898096072,0.0,1998-09-18 21:00:00,0,puerto_rico
13.9,-49.0,1938.9324086759136,90,970,27.890321731567383,-0.3197860717773437,28.281152725219727,,,,,,25.46,0.394,1998,9,19,262,1,1938.9324086759136,0.0,1938.9324086759136,0.0,1938.9324086759136,0.0,1998-09-19 00:00:00,0,puerto_rico
14.1,-49.8,1849.864755453876, , ,27.969999313354492,-0.2411537170410156,28.149938583374023,,,,,,25.46,0.394,1998,9,19,262,1,1849.864755453876,0.0,1849.864755453876,0.0,1849.864755453876,0.0,1998-09-19 03:00:00,0,puerto_rico
14.4,-50.6,1757.7394500352175,95,965,28.186450958251953,-0.0492172241210937,28.255735397338867,,,,,,25.46,0.394,1998,9,19,262,1,1757.7394500352175,0.0,1757.7394500352175,0.0,1757.7394500352175,0.0,1998-09-19 06:00:00,0,puerto_rico
14.6,-51.3,1679.1711173586204, , ,28.24386978149414,-0.0318889617919921,28.255735397338867,,,,,,25.46,0.394,1998,9,19,262,1,1679.1711173586204,0.0,1679.1711173586204,0.0,1679.1711173586204,0.0,1998-09-19 09:00:00,0,puerto_rico
14.9,-52.0,1597.6873094865448,110,954,28.20838737487793,-0.1049709320068359,28.34714126586914,,,,,,25.46,0.394,1998,9,19,262,1,1597.6873094865448,0.0,1597.6873094865448,0.0,1597.6873094865448,0.0,1998-09-19 12:00:00,0,puerto_rico
15.2,-52.7,1516.4347768891157, , ,28.04741859436035,-0.2833824157714844,28.323888778686523,,,,,,25.46,0.394,1998,9,19,262,1,1516.4347768891157,0.0,1516.4347768891157,0.0,1516.4347768891157,0.0,1998-09-19 15:00:00,0,puerto_rico
15.4,-53.5,1427.7967326142923,125,949,28.10354804992676,-0.2853164672851562,28.408533096313477,,,,,,25.46,0.394,1998,9,19,262,1,1427.7967326142923,0.0,1427.7967326142923,0.0,1427.7967326142923,0.0,1998-09-19 18:00:00,0,puerto_rico
15.6,-54.2,1349.6180206758029, , ,28.18741798400879,-0.2205486297607422,28.408533096313477,,,,,,25.46,0.394,1998,9,19,262,1,1349.6180206758029,0.0,1349.6180206758029,0.0,1349.6180206758029,0.0,1998-09-19 21:00:00,0,puerto_rico
15.7,-54.9,1274.242620567226,130,939,28.5848388671875,0.1141872406005859,28.488128662109375,,,,,,25.46,0.394,1998,9,20,263,1,1274.242620567226,0.0,1274.242620567226,0.0,1274.242620567226,0.0,1998-09-20 00:00:00,0,puerto_rico
15.9,-55.6,1196.1798203846142, , ,28.73806381225586,0.2131290435791015,28.579505920410156,,,,,,25.46,0.394,1998,9,20,263,1,1196.1798203846142,0.0,1196.1798203846142,0.0,1196.1798203846142,0.0,1998-09-20 03:00:00,0,puerto_rico
16.0,-56.3,1120.8883581416408,135,937,28.750967025756836,0.1643848419189453,28.579505920410156,,,,,,25.46,0.394,1998,9,20,263,1,1120.8883581416408,0.0,1120.8883581416408,0.0,1120.8883581416408,0.0,1998-09-20 06:00:00,0,puerto_rico
16.1,-57.0,1045.6585811656123, , ,29.04451560974121,0.4239177703857422,28.58397102355957,,,,,,25.46,0.394,1998,9,20,263,1,1045.6585811656123,0.0,1045.6585811656123,0.0,1045.6585811656123,0.0,1998-09-20 09:00:00,0,puerto_rico
16.2,-57.7,970.4973090939354,130,939,29.015483856201172,0.3622817993164062,28.63648223876953,,,,,,25.46,0.394,1998,9,20,263,1,970.4973090939354,0.0,970.4973090939354,0.0,970.4973090939354,0.0,1998-09-20 12:00:00,0,puerto_rico
16.3,-58.5,885.1078150772066, , ,28.815160751342773,0.1264858245849609,28.701425552368164,,,,,,25.46,0.394,1998,9,20,263,1,885.1078150772066,0.0,885.1078150772066,0.0,885.1078150772066,0.0,1998-09-20 15:00:00,0,puerto_rico
16.4,-59.2,810.1384227355012,115,956,28.77838706970215,0.0579299926757812,28.701425552368164,,,,,,25.46,0.394,1998,9,20,263,1,810.1384227355012,0.0,810.1384227355012,0.0,810.1384227355012,0.0,1998-09-20 18:00:00,0,puerto_rico
16.5,-59.9,735.2808735557726, , ,28.859031677246097,0.0863628387451171,28.772340774536133,,,,,,25.46,0.394,1998,9,20,263,1,735.2808735557726,0.0,735.2808735557726,0.0,735.2808735557726,0.0,1998-09-20 21:00:00,0,puerto_rico
16.7,-60.6,657.4492983581799,100,963,28.81322479248047,-0.0015544891357421,28.863849639892575,,,,,,25.46,0.394,1998,9,21,264,1,657.4492983581799,0.0,657.4492983581799,0.0,657.4492983581799,0.0,1998-09-21 00:00:00,0,puerto_rico
16.9,-61.3,579.6987633582611, , ,28.817419052124023,-0.0281333923339843,28.863849639892575,,,,,,25.46,0.394,1998,9,21,264,1,579.6987633582611,0.0,579.6987633582611,0.0,579.6987633582611,0.0,1998-09-21 03:00:00,0,puerto_rico
17.0,-61.7,535.7280575016318,100,966,28.807741165161133,-0.0586662292480468,28.97422218322754,,,,,,25.46,0.394,1998,9,21,264,1,535.7280575016318,0.0,535.7280575016318,0.0,535.7280575016318,0.0,1998-09-21 04:30:00,0,puerto_rico
17.1,-62.1,491.77867514389527,100,966,28.70806312561035,-0.1515254974365234,28.77013397216797,,,,,,25.46,0.394,1998,9,21,264,1,491.77867514389527,0.0,491.77867514389527,0.0,491.77867514389527,0.0,1998-09-21 06:00:00,0,puerto_rico
17.2,-62.6,437.6131498382021,100,966,28.811288833618164,-0.099985122680664,28.90079116821289,,,,,,25.46,0.394,1998,9,21,264,1,437.6131498382021,0.0,437.6131498382021,0.0,437.6131498382021,0.0,1998-09-21 08:00:00,0,puerto_rico
17.2,-62.9,407.00880529897046, , ,28.899677276611328,-0.0374393463134765,28.90079116821289,,,,,,25.46,0.394,1998,9,21,264,1,407.00880529897046,0.0,407.00880529897046,0.0,407.00880529897046,0.0,1998-09-21 09:00:00,0,puerto_rico
17.4,-63.6,329.43750832856813,95,966,29.15386962890625,0.1908073425292968,28.982276916503903,,,,,,25.46,0.394,1998,9,21,264,1,329.43750832856813,0.0,329.43750832856813,0.0,329.43750832856813,0.0,1998-09-21 12:00:00,0,puerto_rico
17.6,-64.3,251.9449696104315, , ,29.15096664428711,0.1808319091796875,28.982276916503903,,,,,,25.46,0.394,1998,9,21,264,1,251.9449696104315,0.0,251.9449696104315,0.0,251.9449696104315,0.0,1998-09-21 15:00:00,0,puerto_rico
17.8,-65.0,174.53533474797698,90,970,29.064191818237305,0.1023921966552734,28.995363235473633,,,,,,25.46,0.394,1998,9,21,264,1,174.53533474797698,0.0,174.53533474797698,0.0,174.53533474797698,0.0,1998-09-21 18:00:00,1,puerto_rico
18.0,-65.6,107.48148686509144, , ,29.03419303894043,0.0513591766357421,29.049501419067383,,,,,,25.46,0.394,1998,9,21,264,1,107.48148686509144,0.0,107.48148686509144,0.0,107.48148686509144,0.0,1998-09-21 21:00:00,1,puerto_rico
18.1,-65.8,84.55253707079925,100,968,,,28.91379165649414,,,,,,25.46,0.394,1998,9,21,264,1,84.55253707079925,0.0,84.55253707079925,0.0,84.55253707079925,0.0,1998-09-21 22:00:00,1,puerto_rico
18.2,-66.3,30.72919447088176,90,970,,,28.91379165649414,,,,,,25.46,0.394,1998,9,22,265,1,30.72919447088176,1.0,30.72919447088176,1.0,30.72919447088176,1.0,1998-09-22 00:00:00,1,puerto_rico
18.1,-66.9,35.39094222339947, , ,,,29.02466583251953,,,,,,25.46,0.394,1998,9,22,265,1,30.72919447088176,2.0,30.72919447088176,2.0,30.72919447088176,2.0,1998-09-22 03:00:00,1,puerto_rico
18.0,-67.4,89.046752158317,95,972,29.080644607543945,0.0313091278076171,29.096113204956055,,,,,,25.46,0.394,1998,9,22,265,1,30.72919447088176,2.0,30.72919447088176,2.0,30.72919447088176,2.0,1998-09-22 06:00:00,1,puerto_rico
18.1,-67.8,128.53677423641307, , ,29.11451530456543,0.1103496551513671,28.969486236572266,,,,,,25.46,0.394,1998,9,22,265,1,30.72919447088176,2.0,30.72919447088176,2.0,30.72919447088176,2.0,1998-09-22 09:00:00,1,puerto_rico
18.2,-68.5,201.74699625919283,105,964,29.11806297302246,0.1136741638183593,29.00446128845215,,,,,,25.46,0.394,1998,9,22,265,1,30.72919447088176,2.0,30.72919447088176,2.0,30.72919447088176,2.0,1998-09-22 12:00:00,0,puerto_rico
18.2,-68.7,222.8705751607023,105,962,29.11806297302246,0.1136741638183593,29.00446128845215,,,,,,25.46,0.394,1998,9,22,265,1,30.72919447088176,2.0,30.72919447088176,2.0,30.72919447088176,2.0,1998-09-22 12:30:00,0,puerto_rico
18.3,-69.3,286.2858167193063, , ,29.173547744750977,0.1561927795410156,29.00446128845215,,,,,,25.46,0.394,1998,9,22,265,1,30.72919447088176,2.0,30.72919447088176,2.0,30.72919447088176,2.0,1998-09-22 15:00:00,0,puerto_rico
18.6,-69.7,330.7998068637911,95,970,,,29.042356491088867,,,,,,25.46,0.394,1998,9,22,265,1,30.72919447088176,2.0,30.72919447088176,2.0,30.72919447088176,2.0,1998-09-22 18:00:00,0,puerto_rico
18.7,-70.2,384.45020587283955, , ,,,29.042356491088867,,,,,,25.46,0.394,1998,9,22,265,1,30.72919447088176,2.0,30.72919447088176,2.0,30.72919447088176,2.0,1998-09-22 21:00:00,0,puerto_rico
18.8,-70.8,448.53712882643623,70,980,,,29.189632415771484,,,,,,25.46,0.394,1998,9,23,266,1,30.72919447088176,2.0,30.72919447088176,2.0,30.72919447088176,2.0,1998-09-23 00:00:00,0,puerto_rico
18.9,-71.4,512.5940350889392, , ,,,29.189632415771484,,,,,,25.46,0.394,1998,9,23,266,1,30.72919447088176,2.0,30.72919447088176,2.0,30.72919447088176,2.0,1998-09-23 03:00:00,0,puerto_rico
19.0,-72.1,587.0369640064498,65,990,,,29.58900260925293,,,,,,25.46,0.394,1998,9,23,266,1,30.72919447088176,2.0,30.72919447088176,2.0,30.72919447088176,2.0,1998-09-23 06:00:00,0,puerto_rico
19.1,-72.7,651.0180398234241, , ,,,29.90125274658203,,,,,,25.46,0.394,1998,9,23,266,1,30.72919447088176,2.0,30.72919447088176,2.0,30.72919447088176,2.0,1998-09-23 09:00:00,0,puerto_rico
19.3,-73.3,716.5317626635906,65,996,29.882579803466797,0.0674629211425781,29.90125274658203,,,,,,25.46,0.394,1998,9,23,266,1,30.72919447088176,2.0,30.72919447088176,2.0,30.72919447088176,2.0,1998-09-23 12:00:00,0,puerto_rico
19.5,-73.9,782.1488911332783, , ,29.72677421569824,0.0004844665527343,29.72107315063477,,,,,,25.46,0.394,1998,9,23,266,1,30.72919447088176,2.0,30.72919447088176,2.0,30.72919447088176,2.0,1998-09-23 15:00:00,0,puerto_rico
19.8,-74.3,829.2496170087966,65,994,29.232580184936523,-0.2903995513916015,29.72107315063477,,,,,,25.46,0.394,1998,9,23,266,1,30.72919447088176,2.0,30.72919447088176,2.0,30.72919447088176,2.0,1998-09-23 18:00:00,0,puerto_rico
20.0,-74.5,854.1791229641536, , ,29.156450271606445,-0.3467216491699219,29.64954376220703,,,,,,25.46,0.394,1998,9,23,266,1,30.72919447088176,2.0,30.72919447088176,2.0,30.72919447088176,2.0,1998-09-23 21:00:00,0,puerto_rico
20.1,-74.5,856.5733326157286,65,993,,,29.17999267578125,,,,,,25.46,0.394,1998,9,23,266,1,30.72919447088176,2.0,30.72919447088176,2.0,30.72919447088176,2.0,1998-09-23 21:30:00,0,puerto_rico
20.5,-74.9,907.7024390055898,65,992,,,29.17999267578125,,,,,,25.46,0.394,1998,9,24,267,1,30.72919447088176,2.0,30.72919447088176,2.0,30.72919447088176,2.0,1998-09-24 00:00:00,0,puerto_rico
20.7,-75.4,963.7222679948588, , ,,,29.17999267578125,,,,,,25.46,0.394,1998,9,24,267,1,30.72919447088176,2.0,30.72919447088176,2.0,30.72919447088176,2.0,1998-09-24 03:00:00,0,puerto_rico
20.8,-76.0,1026.876950358566,65,991,,,,,,,,,25.46,0.394,1998,9,24,267,1,30.72919447088176,2.0,30.72919447088176,2.0,30.72919447088176,2.0,1998-09-24 06:00:00,0,puerto_rico
21.0,-76.6,1092.8026505745734, , ,,,30.47908592224121,,,,,,25.46,0.394,1998,9,24,267,1,30.72919447088176,2.0,30.72919447088176,2.0,30.72919447088176,2.0,1998-09-24 09:00:00,0,puerto_rico
21.3,-77.2,1161.5392777286304,70,990,,,29.238452911376953,,,,,,25.46,0.394,1998,9,24,267,1,30.72919447088176,2.0,30.72919447088176,2.0,30.72919447088176,2.0,1998-09-24 12:00:00,0,puerto_rico
21.6,-77.6,1210.4272492829248, , ,,,,,,,,,25.46,0.394,1998,9,24,267,1,30.72919447088176,2.0,30.72919447088176,2.0,30.72919447088176,2.0,1998-09-24 15:00:00,0,puerto_rico
21.9,-78.0,1259.5250439852723,75,989,,,,,,,,,25.46,0.394,1998,9,24,267,1,30.72919447088176,2.0,30.72919447088176,2.0,30.72919447088176,2.0,1998-09-24 18:00:00,0,puerto_rico
22.3,-78.5,1321.9936031771338, , ,29.116451263427734,,29.417236328125,,,,,,25.46,0.394,1998,9,24,267,1,30.72919447088176,2.0,30.72919447088176,2.0,30.72919447088176,2.0,1998-09-24 21:00:00,0,puerto_rico
22.7,-79.0,1384.75867618104,80,987,29.164838790893555,-0.2491493225097656,29.417236328125,,,,,,25.46,0.394,1998,9,25,268,1,30.72919447088176,2.0,30.72919447088176,2.0,30.72919447088176,2.0,1998-09-25 00:00:00,0,puerto_rico
23.1,-79.6,1457.400607083032, , ,28.994516372680664,-0.3940944671630859,29.35658073425293,,,,,,25.46,0.394,1998,9,25,268,1,30.72919447088176,2.0,30.72919447088176,2.0,30.72919447088176,2.0,1998-09-25 03:00:00,0,puerto_rico
23.4,-80.2,1526.3254336784191,85,986,28.889677047729492,-0.4681510925292969,29.35658073425293,,,,,,25.46,0.394,1998,9,25,268,1,30.72919447088176,2.0,30.72919447088176,2.0,30.72919447088176,2.0,1998-09-25 06:00:00,0,puerto_rico
23.6,-80.8,1591.4230351373778, , ,28.974193572998047,-0.3143348693847656,29.272401809692383,,,,,,25.46,0.394,1998,9,25,268,1,30.72919447088176,2.0,30.72919447088176,2.0,30.72919447088176,2.0,1998-09-25 09:00:00,0,puerto_rico
23.9,-81.3,1650.5411796522603,90,982,28.742258071899418,-0.5691108703613281,29.272401809692383,,,,,,25.46,0.394,1998,9,25,268,1,30.72919447088176,2.0,30.72919447088176,2.0,30.72919447088176,2.0,1998-09-25 12:00:00,0,puerto_rico
24.4,-81.7,1707.864962094189, , ,28.302579879760746,-1.0733509063720703,29.424333572387695,,,,,,25.46,0.394,1998,9,25,268,1,30.72919447088176,2.0,30.72919447088176,2.0,30.72919447088176,2.0,1998-09-25 15:00:00,0,puerto_rico
24.5,-81.8,1721.2872784908218,90,981,28.269031524658203,-1.127908706665039,29.424333572387695,,,,,,25.46,0.394,1998,9,25,268,1,30.72919447088176,2.0,30.72919447088176,2.0,30.72919447088176,2.0,1998-09-25 15:30:00,0,puerto_rico
24.6,-82.4,1781.9893465354317,90,975,27.95806312561035,-1.445211410522461,29.424333572387695,,,,,,25.46,0.394,1998,9,25,268,1,30.72919447088176,2.0,30.72919447088176,2.0,30.72919447088176,2.0,1998-09-25 18:00:00,0,puerto_rico
24.7,-82.9,1833.2555671716143, , ,27.804838180541992,-1.5513992309570312,29.35405540466309,,,,,,25.46,0.394,1998,9,25,268,1,30.72919447088176,2.0,30.72919447088176,2.0,30.72919447088176,2.0,1998-09-25 21:00:00,0,puerto_rico
24.8,-83.3,1875.0250924895631,90,974,27.89741897583008,-1.3857669830322266,29.35405540466309,,,,,,25.46,0.394,1998,9,26,269,1,30.72919447088176,2.0,30.72919447088176,2.0,30.72919447088176,2.0,1998-09-26 00:00:00,0,puerto_rico
25.0,-83.8,1929.9957704365515, , ,28.642580032348633,-0.5844192504882812,29.25475311279297,,,,,,25.46,0.394,1998,9,26,269,1,30.72919447088176,2.0,30.72919447088176,2.0,30.72919447088176,2.0,1998-09-26 03:00:00,0,puerto_rico
25.2,-84.2,1975.402604543645,90,975,28.652257919311523,-0.5407047271728516,29.143285751342773,,,,,,25.46,0.394,1998,9,26,269,1,30.72919447088176,2.0,30.72919447088176,2.0,30.72919447088176,2.0,1998-09-26 06:00:00,0,puerto_rico
25.4,-84.7,2030.2142437023815, , ,28.43290328979492,-0.7641887664794922,29.207469940185547,,,,,,25.46,0.394,1998,9,26,269,1,30.72919447088176,2.0,30.72919447088176,2.0,30.72919447088176,2.0,1998-09-26 09:00:00,0,puerto_rico
25.7,-85.1,2079.2378028357703,90,974,28.13838577270508,-1.0527095794677734,29.207469940185547,,,,,,25.46,0.394,1998,9,26,269,1,30.72919447088176,2.0,30.72919447088176,2.0,30.72919447088176,2.0,1998-09-26 12:00:00,0,puerto_rico
25.9,-85.5,2124.455444077434, , ,28.061935424804688,-1.107927322387695,29.236955642700195,,,,,,25.46,0.394,1998,9,26,269,1,30.72919447088176,2.0,30.72919447088176,2.0,30.72919447088176,2.0,1998-09-26 15:00:00,0,puerto_rico
26.2,-85.9,2173.4166073879296,90,975,27.96354866027832,-1.1797847747802734,29.0958251953125,,,,,,25.46,0.394,1998,9,26,269,1,30.72919447088176,2.0,30.72919447088176,2.0,30.72919447088176,2.0,1998-09-26 18:00:00,0,puerto_rico
26.6,-86.2,2216.9648695835954, , ,27.763547897338867,-1.3122711181640625,29.0958251953125,,,,,,25.46,0.394,1998,9,26,269,1,30.72919447088176,2.0,30.72919447088176,2.0,30.72919447088176,2.0,1998-09-26 21:00:00,0,puerto_rico
27.0,-86.5,2260.758734696268,95,969,27.59354782104492,-1.4449501037597656,29.09243392944336,,,,,,25.46,0.394,1998,9,27,270,1,30.72919447088176,2.0,30.72919447088176,2.0,30.72919447088176,2.0,1998-09-27 00:00:00,0,puerto_rico
27.3,-86.9,2309.8140569075936, , ,27.465805053710938,-1.502361297607422,28.952287673950195,,,,,,25.46,0.394,1998,9,27,270,1,30.72919447088176,2.0,30.72919447088176,2.0,30.72919447088176,2.0,1998-09-27 03:00:00,0,puerto_rico
27.6,-87.2,2349.6858229008435,95,970,27.399677276611328,-1.5399131774902344,28.952287673950195,,,,,,25.46,0.394,1998,9,27,270,1,30.72919447088176,2.0,30.72919447088176,2.0,30.72919447088176,2.0,1998-09-27 06:00:00,0,puerto_rico
27.9,-87.5,2389.5949084025415, , ,27.084192276000977,-1.833902359008789,29.00029563903809,,,,,,25.46,0.394,1998,9,27,270,1,30.72919447088176,2.0,30.72919447088176,2.0,30.72919447088176,2.0,1998-09-27 09:00:00,0,puerto_rico
28.2,-87.8,2429.5347734775387,95,962,26.98128890991211,-1.8992595672607424,28.812898635864254,,,,,,25.46,0.394,1998,9,27,270,1,30.72919447088176,2.0,30.72919447088176,2.0,30.72919447088176,2.0,1998-09-27 12:00:00,0,puerto_rico
28.5,-88.1,2469.499246582341, , ,26.86741828918457,-1.9682292938232424,28.812898635864254,,,,,,25.46,0.394,1998,9,27,270,1,30.72919447088176,2.0,30.72919447088176,2.0,30.72919447088176,2.0,1998-09-27 15:00:00,0,puerto_rico
28.8,-88.3,2500.526971160226,95,962,26.624515533447266,-2.108266830444336,28.812898635864254,,,,,,25.46,0.394,1998,9,27,270,1,30.72919447088176,2.0,30.72919447088176,2.0,30.72919447088176,2.0,1998-09-27 18:00:00,0,puerto_rico
29.1,-88.4,2522.77024443354, , ,26.48290252685547,-2.1993408203125,28.65060043334961,,,,,,25.46,0.394,1998,9,27,270,1,30.72919447088176,2.0,30.72919447088176,2.0,30.72919447088176,2.0,1998-09-27 21:00:00,0,puerto_rico
29.3,-88.5,2540.6700824507893,95,961,26.21354866027832,-2.3920364379882812,28.53283309936523,,,,,,25.46,0.394,1998,9,28,271,1,30.72919447088176,2.0,30.72919447088176,2.0,30.72919447088176,2.0,1998-09-28 00:00:00,0,puerto_rico
29.5,-88.6,2558.6380771547256, , ,26.21354866027832,-2.3920364379882812,28.53283309936523,,,,,,25.46,0.394,1998,9,28,271,1,30.72919447088176,2.0,30.72919447088176,2.0,30.72919447088176,2.0,1998-09-28 03:00:00,0,puerto_rico
29.8,-88.7,2581.3367360019306,90,964,25.748708724975582,-2.749814987182617,28.53283309936523,,,,,,25.46,0.394,1998,9,28,271,1,30.72919447088176,2.0,30.72919447088176,2.0,30.72919447088176,2.0,1998-09-28 06:00:00,0,puerto_rico
30.2,-88.8,2609.0256799902754, , ,25.259031295776367,-3.164459228515625,28.339710235595703,,,,,,25.46,0.394,1998,9,28,271,1,30.72919447088176,2.0,30.72919447088176,2.0,30.72919447088176,2.0,1998-09-28 09:00:00,0,puerto_rico
30.4,-88.9,2627.334226567957,90,964,24.98870849609375,-3.3851547241210938,28.339710235595703,,,,,,25.46,0.394,1998,9,28,271,1,30.72919447088176,2.0,30.72919447088176,2.0,30.72919447088176,2.0,1998-09-28 11:30:00,0,puerto_rico
30.4,-88.9,2627.334226567957,90,965,24.98870849609375,-3.3851547241210938,28.339710235595703,,,,,,25.46,0.394,1998,9,28,271,1,30.72919447088176,2.0,30.72919447088176,2.0,30.72919447088176,2.0,1998-09-28 12:00:00,0,puerto_rico
30.5,-88.9,2632.206931081928, , ,24.98870849609375,-3.3851547241210938,28.339710235595703,,,,,,25.46,0.394,1998,9,28,271,1,30.72919447088176,2.0,30.72919447088176,2.0,30.72919447088176,2.0,1998-09-28 15:00:00,0,puerto_rico
30.6,-88.9,2637.115341509171,65,984,,,28.339710235595703,,,,,,25.46,0.394,1998,9,28,271,1,30.72919447088176,2.0,30.72919447088176,2.0,30.72919447088176,2.0,1998-09-28 18:00:00,0,puerto_rico
30.6,-89.0,2645.7009298971548, , ,,,28.339710235595703,,,,,,25.46,0.394,1998,9,28,271,1,30.72919447088176,2.0,30.72919447088176,2.0,30.72919447088176,2.0,1998-09-28 21:00:00,0,puerto_rico
30.6,-89.0,2645.7009298971548,50,986,,,28.339710235595703,,,,,,25.46,0.394,1998,9,29,272,1,35.39094222339947,1.0,30.72919447088176,2.0,30.72919447088176,2.0,1998-09-29 00:00:00,0,puerto_rico
30.6,-88.7,2619.9748430090012, , ,,,28.339710235595703,,,,,,25.46,0.394,1998,9,29,272,1,89.046752158317,0.0,30.72919447088176,2.0,30.72919447088176,2.0,1998-09-29 03:00:00,0,puerto_rico
30.6,-88.4,2594.342383236588,40,992,,,28.414445877075195,,,,,,25.46,0.394,1998,9,29,272,1,128.53677423641307,0.0,30.72919447088176,2.0,30.72919447088176,2.0,1998-09-29 06:00:00,0,puerto_rico
30.8,-88.3,2596.034340326194, , ,,,28.414445877075195,,,,,,25.46,0.394,1998,9,29,272,1,201.74699625919283,0.0,30.72919447088176,2.0,30.72919447088176,2.0,1998-09-29 09:00:00,0,puerto_rico
31.0,-88.1,2589.575447372967,30,994,,,28.414445877075195,,,,,,25.46,0.394,1998,9,29,272,1,222.8705751607023,0.0,30.72919447088176,2.0,30.72919447088176,2.0,1998-09-29 12:00:00,0,puerto_rico
31.0,-87.8,2564.4392094056934, , ,,,28.414445877075195,,,,,,25.46,0.394,1998,9,29,272,1,330.7998068637911,0.0,30.72919447088176,2.0,30.72919447088176,2.0,1998-09-29 15:00:00,0,puerto_rico
30.9,-87.5,2534.012953146956,30,996,,,28.414445877075195,,,,,,25.46,0.394,1998,9,29,272,1,384.45020587283955,0.0,30.72919447088176,2.0,30.72919447088176,2.0,1998-09-29 18:00:00,0,puerto_rico
30.8,-87.2,2503.5779187421854, , ,,,28.562103271484375,,,,,,25.46,0.394,1998,9,29,272,1,448.53712882643623,0.0,30.72919447088176,2.0,30.72919447088176,2.0,1998-09-29 21:00:00,0,puerto_rico
30.8,-86.9,2478.6153359226937,30,998,,,28.562103271484375,,,,,,25.46,0.394,1998,9,30,273,1,512.5940350889392,0.0,30.72919447088176,2.0,30.72919447088176,2.0,1998-09-30 00:00:00,0,puerto_rico
30.7,-86.6,2448.208614439284, , ,,,28.562103271484375,,,,,,25.46,0.394,1998,9,30,273,1,587.0369640064498,0.0,30.72919447088176,2.0,30.72919447088176,2.0,1998-09-30 03:00:00,0,puerto_rico
30.7,-86.3,2423.399607321038,30,1000,,,28.573787689208984,,,,,,25.46,0.394,1998,9,30,273,1,651.0180398234241,0.0,30.72919447088176,2.0,30.72919447088176,2.0,1998-09-30 06:00:00,0,puerto_rico
30.7,-85.9,2390.51027979247, , ,,,28.573787689208984,,,,,,25.46,0.394,1998,9,30,273,1,716.5317626635906,0.0,30.72919447088176,2.0,30.72919447088176,2.0,1998-09-30 09:00:00,0,puerto_rico
30.7,-85.4,2349.71611930064,25,1002,,,,,,,,,25.46,0.394,1998,9,30,273,1,782.1488911332783,0.0,30.72919447088176,2.0,30.72919447088176,2.0,1998-09-30 12:00:00,0,puerto_rico
30.7,-84.8,2301.2543026495946, , ,,,,,,,,,25.46,0.394,1998,9,30,273,1,829.2496170087966,0.0,30.72919447088176,2.0,30.72919447088176,2.0,1998-09-30 15:00:00,0,puerto_rico
30.6,-84.2,2247.1724698673725,25,1004,,,28.41501808166504,,,,,,25.46,0.394,1998,9,30,273,1,854.1791229641536,0.0,30.72919447088176,2.0,30.72919447088176,2.0,1998-09-30 18:00:00,0,puerto_rico
30.5,-83.6,2193.380308235953, , ,,,28.41501808166504,,,,,,25.46,0.394,1998,9,30,273,1,856.5733326157286,0.0,30.72919447088176,2.0,30.72919447088176,2.0,1998-09-30 21:00:00,0,puerto_rico
30.5,-83.0,2146.3808854558215,25,1006,,,,,,,,,25.25,0.363,1998,10,1,274,1,963.7222679948588,0.0,30.72919447088176,2.0,30.72919447088176,2.0,1998-10-01 00:00:00,0,puerto_rico
30.5,-82.4,2100.065172267092, , ,,,,,,,,,25.25,0.363,1998,10,1,274,1,1026.876950358566,0.0,30.72919447088176,2.0,30.72919447088176,2.0,1998-10-01 03:00:00,0,puerto_rico
30.5,-81.8,2054.4803461984447,20,1008,,,,,,,,,25.25,0.363,1998,10,1,274,1,1092.8026505745734,0.0,30.72919447088176,2.0,30.72919447088176,2.0,1998-10-01 06:00:00,0,puerto_rico
15.9,-60.0,746.4713198883996,25,1010,28.964332580566406,0.1351394653320312,28.844579696655273,,,,,,27.53,0.221,2004,9,13,257,1,746.4713198883996,0.0,746.4713198883996,0.0,746.4713198883996,0.0,2004-09-13 18:00:00,0,puerto_rico
15.9,-60.3,716.6385264474357, , ,28.94499969482422,0.0923976898193359,28.844579696655273,,,,,,27.53,0.221,2004,9,13,257,1,716.6385264474357,0.0,716.6385264474357,0.0,716.6385264474357,0.0,2004-09-13 21:00:00,0,puerto_rico
16.0,-60.7,672.8405313110887,25,1010,28.970664978027344,0.0946540832519531,28.93948745727539,,,,,,27.53,0.221,2004,9,14,258,1,672.8405313110887,0.0,672.8405313110887,0.0,672.8405313110887,0.0,2004-09-14 00:00:00,0,puerto_rico
16.1,-61.2,619.2688916395084, , ,28.97833251953125,0.0710525512695312,28.863849639892575,,,,,,27.53,0.221,2004,9,14,258,1,619.2688916395084,0.0,619.2688916395084,0.0,619.2688916395084,0.0,2004-09-14 03:00:00,0,puerto_rico
16.2,-61.3,605.1068923093526,30,1009,29.04199981689453,0.1045894622802734,28.863849639892575,,,,,,27.53,0.221,2004,9,14,258,1,605.1068923093526,0.0,605.1068923093526,0.0,605.1068923093526,0.0,2004-09-14 04:00:00,0,puerto_rico
16.3,-61.5,581.1287191259216,30,1009,28.946998596191406,0.0025959014892578,28.97422218322754,,,,,,27.53,0.221,2004,9,14,258,1,581.1287191259216,0.0,581.1287191259216,0.0,581.1287191259216,0.0,2004-09-14 06:00:00,0,puerto_rico
16.4,-62.0,527.6312296038197, , ,29.016332626342773,0.0226573944091796,28.97422218322754,,,,,,27.53,0.221,2004,9,14,258,1,527.6312296038197,0.0,527.6312296038197,0.0,527.6312296038197,0.0,2004-09-14 09:00:00,0,puerto_rico
16.4,-62.6,469.4554264689089,35,1006,28.92599868774414,-0.0941333770751953,29.03211784362793,,,,,,27.53,0.221,2004,9,14,258,1,469.4554264689089,0.0,469.4554264689089,0.0,469.4554264689089,0.0,2004-09-14 12:00:00,0,puerto_rico
16.5,-63.1,416.88598228715944, , ,28.93833351135254,-0.1035671234130859,29.03211784362793,,,,,,27.53,0.221,2004,9,14,258,1,416.88598228715944,0.0,416.88598228715944,0.0,416.88598228715944,0.0,2004-09-14 15:00:00,0,puerto_rico
16.7,-63.5,368.809416905025,50,996,28.861000061035156,-0.1701087951660156,29.048648834228516,,,,,,27.53,0.221,2004,9,14,258,1,368.809416905025,0.0,368.809416905025,0.0,368.809416905025,0.0,2004-09-14 18:00:00,0,puerto_rico
16.9,-63.8,330.23212092247394, , ,28.94066619873047,-0.077981948852539,29.048648834228516,,,,,,27.53,0.221,2004,9,14,258,1,330.23212092247394,0.0,330.23212092247394,0.0,330.23212092247394,0.0,2004-09-14 21:00:00,0,puerto_rico
17.1,-64.0,301.3982877128057,55,996,28.93633270263672,-0.0714492797851562,28.982276916503903,,,,,,27.53,0.221,2004,9,15,259,1,301.3982877128057,0.0,301.3982877128057,0.0,301.3982877128057,0.0,2004-09-15 00:00:00,0,puerto_rico
17.2,-64.4,258.261880524583, , ,28.900665283203125,-0.1083488464355468,28.982276916503903,,,,,,27.53,0.221,2004,9,15,259,1,258.261880524583,0.0,258.261880524583,0.0,258.261880524583,0.0,2004-09-15 03:00:00,0,puerto_rico
17.2,-64.8,220.99061299277145,55,994,28.85099983215332,-0.1604766845703125,28.995363235473633,,,,,,27.53,0.221,2004,9,15,259,1,220.99061299277145,0.0,220.99061299277145,0.0,220.99061299277145,0.0,2004-09-15 06:00:00,0,puerto_rico
17.4,-65.1,182.2486181772528, , ,28.73066520690918,-0.2763881683349609,28.995363235473633,,,,,,27.53,0.221,2004,9,15,259,1,182.2486181772528,0.0,182.2486181772528,0.0,182.2486181772528,0.0,2004-09-15 09:00:00,0,puerto_rico
17.6,-65.4,143.59913804546989,60,991,28.628000259399418,-0.3732147216796875,28.995363235473633,,,,,,27.53,0.221,2004,9,15,259,1,143.59913804546989,0.0,143.59913804546989,0.0,143.59913804546989,0.0,2004-09-15 12:00:00,0,puerto_rico
17.9,-65.9,81.20857624261069, , ,28.493000030517575,-0.5003509521484375,29.049501419067383,,,,,,27.53,0.221,2004,9,15,259,1,81.20857624261069,0.0,81.20857624261069,0.0,81.20857624261069,0.0,2004-09-15 15:00:00,1,puerto_rico
18.0,-66.0,67.02412720367569,60,991,28.54599952697754,-0.4614486694335937,29.049501419067383,,,,,,27.53,0.221,2004,9,15,259,1,67.02412720367569,1.0,67.02412720367569,1.0,67.02412720367569,1.0,2004-09-15 16:00:00,1,puerto_rico
18.1,-66.2,43.34997360771927,60,991,,,28.91379165649414,,,,,,27.53,0.221,2004,9,15,259,1,43.34997360771927,2.0,43.34997360771927,2.0,43.34997360771927,2.0,2004-09-15 18:00:00,1,puerto_rico
18.3,-66.6,8.86846805290682, , ,,,29.02466583251953,,,,,,27.53,0.221,2004,9,15,259,1,8.86846805290682,3.0,8.86846805290682,3.0,8.86846805290682,3.0,2004-09-15 21:00:00,1,puerto_rico
18.5,-67.1,62.12530311644019,60,993,,,29.02466583251953,,,,,,27.53,0.221,2004,9,16,260,1,8.86846805290682,4.0,8.86846805290682,4.0,8.86846805290682,4.0,2004-09-16 00:00:00,1,puerto_rico
18.6,-67.5,104.8495859481294, , ,28.899999618530273,-0.0737552642822265,28.969486236572266,,,,,,27.53,0.221,2004,9,16,260,1,8.86846805290682,4.0,8.86846805290682,4.0,8.86846805290682,4.0,2004-09-16 03:00:00,1,puerto_rico
18.6,-67.8,134.43230539228108,60,992,28.79451560974121,-0.1680526733398437,28.969486236572266,,,,,,27.53,0.221,2004,9,16,260,1,8.86846805290682,4.0,8.86846805290682,4.0,8.86846805290682,4.0,2004-09-16 06:00:00,1,puerto_rico
18.6,-68.0,154.609812637622, , ,28.69483757019043,-0.2659645080566406,28.969486236572266,,,,,,27.53,0.221,2004,9,16,260,1,8.86846805290682,4.0,8.86846805290682,4.0,8.86846805290682,4.0,2004-09-16 09:00:00,0,puerto_rico
18.6,-68.3,185.26201896725428,70,985,28.68967628479004,-0.278778076171875,28.969486236572266,,,,,,27.53,0.221,2004,9,16,260,1,8.86846805290682,4.0,8.86846805290682,4.0,8.86846805290682,4.0,2004-09-16 11:00:00,0,puerto_rico
18.6,-68.5,205.86471918348437,70,984,,,29.00446128845215,,,,,,27.53,0.221,2004,9,16,260,1,8.86846805290682,4.0,8.86846805290682,4.0,8.86846805290682,4.0,2004-09-16 12:00:00,0,puerto_rico
18.7,-68.9,249.38871388794087, , ,,,29.00446128845215,,,,,,27.53,0.221,2004,9,16,260,1,8.86846805290682,4.0,8.86846805290682,4.0,8.86846805290682,4.0,2004-09-16 15:00:00,0,puerto_rico
18.8,-69.0,262.13705816465017,65,988,,,29.00446128845215,,,,,,27.53,0.221,2004,9,16,260,1,8.86846805290682,4.0,8.86846805290682,4.0,8.86846805290682,4.0,2004-09-16 18:00:00,0,puerto_rico
19.0,-69.2,288.3525363623885, , ,,,29.00446128845215,,,,,,27.53,0.221,2004,9,16,260,1,8.86846805290682,4.0,8.86846805290682,4.0,8.86846805290682,4.0,2004-09-16 21:00:00,0,puerto_rico
19.2,-69.4,315.3218067624815,60,990,28.7670955657959,-0.1641063690185547,28.869468688964844,,,,,,27.53,0.221,2004,9,17,261,1,8.86846805290682,4.0,8.86846805290682,4.0,8.86846805290682,4.0,2004-09-17 00:00:00,0,puerto_rico
19.3,-69.6,338.85448093217605, , ,28.7670955657959,-0.1356964111328125,28.894134521484375,,,,,,27.53,0.221,2004,9,17,261,1,8.86846805290682,4.0,8.86846805290682,4.0,8.86846805290682,4.0,2004-09-17 03:00:00,0,puerto_rico
19.4,-69.9,372.23250360524605,55,990,28.778709411621097,-0.1306629180908203,28.894134521484375,,,,,,27.53,0.221,2004,9,17,261,1,8.86846805290682,4.0,8.86846805290682,4.0,8.86846805290682,4.0,2004-09-17 06:00:00,0,puerto_rico
19.5,-70.3,415.4631221113292, , ,,,28.894134521484375,,,,,,27.53,0.221,2004,9,17,261,1,8.86846805290682,4.0,8.86846805290682,4.0,8.86846805290682,4.0,2004-09-17 09:00:00,0,puerto_rico
19.7,-70.7,462.41966789088013,50,990,,,29.02836799621582,,,,,,27.53,0.221,2004,9,17,261,1,8.86846805290682,4.0,8.86846805290682,4.0,8.86846805290682,4.0,2004-09-17 12:00:00,0,puerto_rico
19.9,-71.2,519.1937538009684, , ,28.70612907409668,-0.320138931274414,29.02836799621582,,,,,,27.53,0.221,2004,9,17,261,1,8.86846805290682,4.0,8.86846805290682,4.0,8.86846805290682,4.0,2004-09-17 15:00:00,0,puerto_rico
20.0,-71.6,562.2819943868432,30,1002,28.759353637695312,-0.3533859252929687,29.233877182006836,,,,,,27.53,0.221,2004,9,17,261,1,8.86846805290682,4.0,8.86846805290682,4.0,8.86846805290682,4.0,2004-09-17 18:00:00,0,puerto_rico
20.1,-71.8,585.7105093891304, , ,28.715805053710938,-0.4053592681884765,29.083784103393555,,,,,,27.53,0.221,2004,9,17,261,1,8.86846805290682,4.0,8.86846805290682,4.0,8.86846805290682,4.0,2004-09-17 21:00:00,0,puerto_rico
20.2,-72.0,609.141034915037,40,1000,28.78257942199707,-0.3971061706542969,29.083784103393555,,,,,,27.53,0.221,2004,9,18,262,1,8.86846805290682,4.0,8.86846805290682,4.0,8.86846805290682,4.0,2004-09-18 00:00:00,0,puerto_rico
20.3,-72.3,642.35222547601, , ,28.66806411743164,-0.5007724761962891,29.083784103393555,,,,,,27.53,0.221,2004,9,18,262,1,8.86846805290682,4.0,8.86846805290682,4.0,8.86846805290682,4.0,2004-09-18 03:00:00,0,puerto_rico
20.4,-72.5,665.7625238689059,45,1000,28.716129302978516,-0.4968986511230469,29.19046974182129,,,,,,27.53,0.221,2004,9,18,262,1,8.86846805290682,4.0,8.86846805290682,4.0,8.86846805290682,4.0,2004-09-18 06:00:00,0,puerto_rico
20.8,-72.7,701.5685707706938, , ,28.51935386657715,-0.5933208465576172,29.19046974182129,,,,,,27.53,0.221,2004,9,18,262,1,8.86846805290682,4.0,8.86846805290682,4.0,8.86846805290682,4.0,2004-09-18 09:00:00,0,puerto_rico
21.2,-72.8,729.472171231539,45,1000,28.46709632873535,-0.6214065551757812,29.028139114379883,,,,,,27.53,0.221,2004,9,18,262,1,8.86846805290682,4.0,8.86846805290682,4.0,8.86846805290682,4.0,2004-09-18 12:00:00,0,puerto_rico
21.5,-72.6,726.5022572099682, , ,28.471290588378903,-0.5910015106201172,29.028139114379883,,,,,,27.53,0.221,2004,9,18,262,1,8.86846805290682,4.0,8.86846805290682,4.0,8.86846805290682,4.0,2004-09-18 15:00:00,0,puerto_rico
21.7,-72.3,711.0678967417937,40,1005,28.438709259033203,-0.6082668304443359,29.085622787475582,,,,,,27.53,0.221,2004,9,18,262,1,8.86846805290682,4.0,8.86846805290682,4.0,8.86846805290682,4.0,2004-09-18 18:00:00,0,puerto_rico
21.9,-72.2,714.4977770059106, , ,28.35709571838379,-0.6588630676269531,29.085622787475582,,,,,,27.53,0.221,2004,9,18,262,1,8.86846805290682,4.0,8.86846805290682,4.0,8.86846805290682,4.0,2004-09-18 21:00:00,0,puerto_rico
22.2,-72.2,733.6394581445684,40,1002,28.266128540039062,-0.7081756591796875,28.904062271118164,,,,,,27.53,0.221,2004,9,19,263,1,8.86846805290682,4.0,8.86846805290682,4.0,8.86846805290682,4.0,2004-09-19 00:00:00,0,puerto_rico
22.5,-72.2,753.767723971743, , ,28.15322494506836,-0.7794265747070312,28.904062271118164,,,,,,27.53,0.221,2004,9,19,263,1,8.86846805290682,4.0,8.86846805290682,4.0,8.86846805290682,4.0,2004-09-19 03:00:00,0,puerto_rico
22.8,-72.3,782.6813133208591,40,1002,28.087419509887695,-0.8250389099121094,28.904062271118164,,,,,,27.53,0.221,2004,9,19,263,1,8.86846805290682,4.0,8.86846805290682,4.0,8.86846805290682,4.0,2004-09-19 06:00:00,0,puerto_rico
23.1,-72.4,812.0337084419344, , ,28.03129005432129,-0.8712406158447266,28.8734073638916,,,,,,27.53,0.221,2004,9,19,263,1,8.86846805290682,4.0,8.86846805290682,4.0,8.86846805290682,4.0,2004-09-19 09:00:00,0,puerto_rico
23.5,-72.5,849.2676128528665,40,1000,28.086772918701172,-0.816070556640625,28.91135597229004,,,,,,27.53,0.221,2004,9,19,263,1,8.86846805290682,4.0,8.86846805290682,4.0,8.86846805290682,4.0,2004-09-19 12:00:00,0,puerto_rico
23.9,-72.4,872.8008270012929, , ,27.959999084472656,-0.9126243591308594,28.8734073638916,,,,,,27.53,0.221,2004,9,19,263,1,8.86846805290682,4.0,8.86846805290682,4.0,8.86846805290682,4.0,2004-09-19 15:00:00,0,puerto_rico
24.2,-72.3,889.8776889037813,45,996,27.920000076293945,-0.9426155090332032,28.828052520751953,,,,,,27.53,0.221,2004,9,19,263,1,8.86846805290682,4.0,8.86846805290682,4.0,8.86846805290682,4.0,2004-09-19 18:00:00,0,puerto_rico
24.5,-72.2,908.0032940923012, , ,27.843870162963867,-0.996145248413086,28.828052520751953,,,,,,27.53,0.221,2004,9,19,263,1,8.86846805290682,4.0,8.86846805290682,4.0,8.86846805290682,4.0,2004-09-19 21:00:00,0,puerto_rico
24.8,-72.1,927.1157506965887,50,994,27.64741897583008,-1.1653213500976562,28.828052520751953,,,,,,27.53,0.221,2004,9,20,264,1,8.86846805290682,4.0,8.86846805290682,4.0,8.86846805290682,4.0,2004-09-20 00:00:00,0,puerto_rico
25.1,-72.1,953.279366455624, , ,27.541290283203125,-1.2568988800048828,28.76629066467285,,,,,,27.53,0.221,2004,9,20,264,1,8.86846805290682,4.0,8.86846805290682,4.0,8.86846805290682,4.0,2004-09-20 03:00:00,0,puerto_rico
25.5,-72.0,982.9481596823438,55,992,27.420644760131836,-1.362993240356445,28.76629066467285,,,,,,27.53,0.221,2004,9,20,264,1,8.86846805290682,4.0,8.86846805290682,4.0,8.86846805290682,4.0,2004-09-20 06:00:00,0,puerto_rico
26.1,-71.9,1032.4114160256647, , ,26.9603214263916,-1.7516632080078125,28.68714141845703,,,,,,27.53,0.221,2004,9,20,264,1,8.86846805290682,4.0,8.86846805290682,4.0,8.86846805290682,4.0,2004-09-20 09:00:00,0,puerto_rico
26.6,-71.7,1069.2347265591077,60,989,26.58386993408203,-2.076129913330078,28.68714141845703,,,,,,27.53,0.221,2004,9,20,264,1,8.86846805290682,4.0,8.86846805290682,4.0,8.86846805290682,4.0,2004-09-20 12:00:00,0,puerto_rico
27.0,-71.6,1103.0054773213535, , ,26.40774154663086,-2.2309741973876953,28.68714141845703,,,,,,27.53,0.221,2004,9,20,264,1,8.86846805290682,4.0,8.86846805290682,4.0,8.86846805290682,4.0,2004-09-20 15:00:00,0,puerto_rico
27.2,-71.4,1113.3358704783848,75,984,26.311935424804688,-2.296384811401367,28.56555938720703,,,,,,27.53,0.221,2004,9,20,264,1,8.86846805290682,4.0,8.86846805290682,4.0,8.86846805290682,4.0,2004-09-20 18:00:00,0,puerto_rico
27.3,-71.1,1110.1136130035163, , ,26.29387092590332,-2.285564422607422,28.56555938720703,,,,,,27.53,0.221,2004,9,20,264,1,8.86846805290682,4.0,8.86846805290682,4.0,8.86846805290682,4.0,2004-09-20 21:00:00,0,puerto_rico
27.4,-70.8,1107.8654855283996,75,982,26.31096649169922,-2.256603240966797,28.56555938720703,,,,,,27.53,0.221,2004,9,21,265,1,8.86846805290682,4.0,8.86846805290682,4.0,8.86846805290682,4.0,2004-09-21 00:00:00,0,puerto_rico
27.5,-70.5,1106.595483613348, , ,26.36193466186523,-2.190258026123047,28.56555938720703,,,,,,27.53,0.221,2004,9,21,265,1,8.86846805290682,4.0,8.86846805290682,4.0,8.86846805290682,4.0,2004-09-21 03:00:00,0,puerto_rico
27.6,-70.2,1106.3050198123424,75,972,26.564838409423828,-1.923627853393555,28.501232147216797,,,,,,27.53,0.221,2004,9,21,265,1,8.86846805290682,4.0,8.86846805290682,4.0,8.86846805290682,4.0,2004-09-21 06:00:00,0,puerto_rico
27.6,-69.8,1093.340893246915, , ,26.580322265625,-1.895364761352539,28.501232147216797,,,,,,27.53,0.221,2004,9,21,265,1,8.86846805290682,4.0,8.86846805290682,4.0,8.86846805290682,4.0,2004-09-21 09:00:00,0,puerto_rico
27.6,-69.5,1084.5284002936164,75,972,26.608064651489254,-1.85748291015625,28.501232147216797,,,,,,27.53,0.221,2004,9,21,265,1,8.86846805290682,4.0,8.86846805290682,4.0,8.86846805290682,4.0,2004-09-21 12:00:00,0,puerto_rico
27.5,-69.3,1068.3842667178496, , ,26.548385620117188,-1.9404754638671875,28.46114158630371,,,,,,27.53,0.221,2004,9,21,265,1,8.86846805290682,4.0,8.86846805290682,4.0,8.86846805290682,4.0,2004-09-21 15:00:00,0,puerto_rico
27.4,-69.2,1055.0424306077846,75,972,26.64741897583008,-1.8314895629882812,28.46114158630371,,,,,,27.53,0.221,2004,9,21,265,1,8.86846805290682,4.0,8.86846805290682,4.0,8.86846805290682,4.0,2004-09-21 18:00:00,0,puerto_rico
27.3,-69.0,1039.2670726366466, , ,26.64741897583008,-1.8314895629882812,28.46114158630371,,,,,,27.53,0.221,2004,9,21,265,1,8.86846805290682,4.0,8.86846805290682,4.0,8.86846805290682,4.0,2004-09-21 21:00:00,0,puerto_rico
27.2,-68.9,1026.083367039725,80,972,26.77838706970215,-1.7188758850097656,28.46114158630371,,,,,,27.53,0.221,2004,9,22,266,1,8.86846805290682,4.0,8.86846805290682,4.0,8.86846805290682,4.0,2004-09-22 00:00:00,0,puerto_rico
27.0,-68.8,1002.1351756210277, , ,26.793548583984375,-1.7306900024414062,28.563457489013672,,,,,,27.53,0.221,2004,9,22,266,1,8.86846805290682,4.0,8.86846805290682,4.0,8.86846805290682,4.0,2004-09-22 03:00:00,0,puerto_rico
26.8,-68.7,978.2058396043316,85,968,26.899999618530273,-1.622537612915039,28.563457489013672,,,,,,27.53,0.221,2004,9,22,266,1,8.86846805290682,4.0,8.86846805290682,4.0,8.86846805290682,4.0,2004-09-22 06:00:00,0,puerto_rico
26.6,-68.6,954.2973679012338, , ,27.006772994995117,-1.5455322265625,28.563457489013672,,,,,,27.53,0.221,2004,9,22,266,1,8.86846805290682,4.0,8.86846805290682,4.0,8.86846805290682,4.0,2004-09-22 09:00:00,0,puerto_rico
26.5,-68.5,941.2682455146436,85,968,27.18903160095215,-1.3933258056640625,28.563457489013672,,,,,,27.53,0.221,2004,9,22,266,1,8.86846805290682,4.0,8.86846805290682,4.0,8.86846805290682,4.0,2004-09-22 12:00:00,0,puerto_rico
26.4,-68.6,932.632728321942, , ,27.18903160095215,-1.3933258056640625,28.563457489013672,,,,,,27.53,0.221,2004,9,22,266,1,8.86846805290682,4.0,8.86846805290682,4.0,8.86846805290682,4.0,2004-09-22 15:00:00,0,puerto_rico
26.2,-68.8,915.8792780949196,85,967,27.247419357299805,-1.3624324798583984,28.563457489013672,,,,,,27.53,0.221,2004,9,22,266,1,8.86846805290682,2.0,8.86846805290682,4.0,8.86846805290682,4.0,2004-09-22 18:00:00,0,puerto_rico
25.9,-68.9,886.3759948149965, , ,27.5216121673584,-1.1183414459228516,28.683387756347656,,,,,,27.53,0.221,2004,9,22,266,1,62.12530311644019,1.0,8.86846805290682,4.0,8.86846805290682,4.0,2004-09-22 21:00:00,0,puerto_rico
25.7,-69.0,867.9131911832798,85,966,27.506128311157227,-1.1672401428222656,28.683387756347656,,,,,,27.53,0.221,2004,9,23,267,1,104.8495859481294,0.0,8.86846805290682,4.0,8.86846805290682,4.0,2004-09-23 00:00:00,0,puerto_rico
25.6,-69.1,860.3336123190502, , ,27.506128311157227,-1.1672401428222656,28.683387756347656,,,,,,27.53,0.221,2004,9,23,267,1,134.43230539228108,0.0,8.86846805290682,4.0,8.86846805290682,4.0,2004-09-23 03:00:00,0,puerto_rico
25.5,-69.3,856.2687889608388,85,966,27.37870979309082,-1.3309268951416016,28.683387756347656,,,,,,27.53,0.221,2004,9,23,267,1,154.609812637622,0.0,8.86846805290682,4.0,8.86846805290682,4.0,2004-09-23 06:00:00,0,puerto_rico
25.5,-69.4,859.6876365417621, , ,27.37870979309082,-1.3309268951416016,28.683387756347656,,,,,,27.53,0.221,2004,9,23,267,1,185.26201896725428,0.0,8.86846805290682,4.0,8.86846805290682,4.0,2004-09-23 09:00:00,0,puerto_rico
25.5,-69.6,866.8527213402505,80,966,27.294837951660156,-1.4244651794433594,28.72344207763672,,,,,,27.53,0.221,2004,9,23,267,1,249.38871388794087,0.0,8.86846805290682,4.0,8.86846805290682,4.0,2004-09-23 12:00:00,0,puerto_rico
25.6,-69.8,884.7007956185828, , ,27.224838256835938,-1.4783706665039062,28.72344207763672,,,,,,27.53,0.221,2004,9,23,267,1,262.13705816465017,0.0,8.86846805290682,4.0,8.86846805290682,4.0,2004-09-23 15:00:00,0,puerto_rico
25.8,-70.0,912.9936290316252,75,966,27.1912899017334,-1.4893436431884766,28.72344207763672,,,,,,27.53,0.221,2004,9,23,267,1,288.3525363623885,0.0,8.86846805290682,4.0,8.86846805290682,4.0,2004-09-23 18:00:00,0,puerto_rico
25.9,-70.2,931.2380271563565, , ,27.1912899017334,-1.4893436431884766,28.72344207763672,,,,,,27.53,0.221,2004,9,23,267,1,315.3218067624815,0.0,8.86846805290682,4.0,8.86846805290682,4.0,2004-09-23 21:00:00,0,puerto_rico
26.0,-70.4,949.695775356924,70,966,27.26483726501465,-1.421743392944336,28.72344207763672,,,,,,27.53,0.221,2004,9,24,268,1,338.85448093217605,0.0,8.86846805290682,4.0,8.86846805290682,4.0,2004-09-24 00:00:00,0,puerto_rico
26.1,-70.8,977.2920471689982, , ,27.228063583374023,-1.446187973022461,28.643146514892575,,,,,,27.53,0.221,2004,9,24,268,1,372.23250360524605,0.0,8.86846805290682,4.0,8.86846805290682,4.0,2004-09-24 03:00:00,0,puerto_rico
26.1,-71.2,996.2028260825496,75,969,27.20903205871582,-1.4739303588867188,28.643146514892575,,,,,,27.53,0.221,2004,9,24,268,1,415.4631221113292,0.0,8.86846805290682,4.0,8.86846805290682,4.0,2004-09-24 06:00:00,0,puerto_rico
26.1,-71.7,1021.6796269817409, , ,27.078386306762695,-1.6239242553710938,28.68714141845703,,,,,,27.53,0.221,2004,9,24,268,1,462.41966789088013,0.0,8.86846805290682,4.0,8.86846805290682,4.0,2004-09-24 09:00:00,0,puerto_rico
26.2,-72.2,1058.241351329351,80,969,26.794193267822266,-1.9318923950195312,28.68714141845703,,,,,,27.53,0.221,2004,9,24,268,1,519.1937538009684,0.0,8.86846805290682,4.0,8.86846805290682,4.0,2004-09-24 12:00:00,0,puerto_rico
26.3,-72.6,1090.209750144534, , ,26.335161209106445,-2.406583786010742,28.75738525390625,,,,,,27.53,0.221,2004,9,24,268,1,562.2819943868432,0.0,8.86846805290682,4.0,8.86846805290682,4.0,2004-09-24 15:00:00,0,puerto_rico
26.4,-73.1,1128.901105787185,85,968,26.494516372680664,-2.277334213256836,28.75738525390625,,,,,,27.53,0.221,2004,9,24,268,1,585.7105093891304,0.0,8.86846805290682,4.0,8.86846805290682,4.0,2004-09-24 18:00:00,0,puerto_rico
26.4,-73.7,1166.467014701185, , ,26.891935348510746,-1.893037796020508,28.78236198425293,,,,,,27.53,0.221,2004,9,24,268,1,609.141034915037,0.0,8.86846805290682,4.0,8.86846805290682,4.0,2004-09-24 21:00:00,0,puerto_rico
26.4,-74.3,1206.0116994850532,85,964,27.16806411743164,-1.6440505981445312,28.78236198425293,,,,,,27.53,0.221,2004,9,25,269,1,642.35222547601,0.0,8.86846805290682,4.0,8.86846805290682,4.0,2004-09-25 00:00:00,0,puerto_rico
26.4,-74.9,1247.3463718416083, , ,27.22032165527344,-1.6148605346679688,28.82928466796875,,,,,,27.53,0.221,2004,9,25,269,1,665.7625238689059,0.0,8.86846805290682,4.0,8.86846805290682,4.0,2004-09-25 03:00:00,0,puerto_rico
26.5,-75.6,1305.1629798812758,90,960,27.366451263427734,-1.50726318359375,28.879749298095703,,,,,,27.53,0.221,2004,9,25,269,1,701.5685707706938,0.0,8.86846805290682,4.0,8.86846805290682,4.0,2004-09-25 06:00:00,0,puerto_rico
26.5,-76.3,1357.043813336559, , ,27.295482635498047,-1.6395130157470703,28.879749298095703,,,,,,27.53,0.221,2004,9,25,269,1,711.0678967417937,0.0,8.86846805290682,4.0,8.86846805290682,4.0,2004-09-25 09:00:00,0,puerto_rico
26.6,-76.9,1409.9208568961965,100,957,27.20967674255371,-1.738962173461914,28.984819412231445,,,,,,27.53,0.221,2004,9,25,269,1,711.0678967417937,0.0,8.86846805290682,4.0,8.86846805290682,4.0,2004-09-25 12:00:00,0,puerto_rico
26.7,-77.3,1447.8606855281137,100,956,26.937742233276367,-2.078697204589844,28.984819412231445,,,,,,27.53,0.221,2004,9,25,269,1,711.0678967417937,0.0,8.86846805290682,4.0,8.86846805290682,4.0,2004-09-25 14:00:00,0,puerto_rico
26.8,-77.5,1470.3366779902783, , ,26.805482864379883,-2.180692672729492,29.14954376220703,,,,,,27.53,0.221,2004,9,25,269,1,711.0678967417937,0.0,8.86846805290682,4.0,8.86846805290682,4.0,2004-09-25 15:00:00,0,puerto_rico
26.9,-78.2,1532.256018778403,105,952,26.69774055480957,-2.345966339111328,29.14954376220703,,,,,,27.53,0.221,2004,9,25,269,1,714.4977770059106,0.0,8.86846805290682,4.0,8.86846805290682,4.0,2004-09-25 18:00:00,0,puerto_rico
27.0,-78.8,1586.8963096681723, , ,26.770967483520508,-2.3475799560546875,29.18570899963379,,,,,,27.53,0.221,2004,9,25,269,1,733.6394581445684,0.0,8.86846805290682,4.0,8.86846805290682,4.0,2004-09-25 21:00:00,0,puerto_rico
27.1,-79.4,1642.012681321111,105,951,27.68903160095215,-1.3709087371826172,29.039875030517575,,,,,,27.53,0.221,2004,9,26,270,1,753.767723971743,0.0,8.86846805290682,4.0,8.86846805290682,4.0,2004-09-26 00:00:00,0,puerto_rico
27.2,-80.0,1697.5522438327216, , ,27.307741165161133,,28.866127014160156,,,,,,27.53,0.221,2004,9,26,270,1,782.6813133208591,0.0,8.86846805290682,4.0,8.86846805290682,4.0,2004-09-26 03:00:00,0,puerto_rico
27.2,-80.2,1714.1422196324725,105,950,27.307741165161133,,28.866127014160156,,,,,,27.53,0.221,2004,9,26,270,1,782.6813133208591,0.0,8.86846805290682,4.0,8.86846805290682,4.0,2004-09-26 04:00:00,0,puerto_rico
27.3,-80.6,1753.4683980259208,95,953,,,,,,,,,27.53,0.221,2004,9,26,270,1,812.0337084419344,0.0,8.86846805290682,4.0,8.86846805290682,4.0,2004-09-26 06:00:00,0,puerto_rico
27.5,-81.1,1807.1161319799864, , ,,,,,,,,,27.53,0.221,2004,9,26,270,1,849.2676128528665,0.0,8.86846805290682,4.0,8.86846805290682,4.0,2004-09-26 09:00:00,0,puerto_rico
27.7,-81.6,1860.7427459531557,75,965,,,,,,,,,27.53,0.221,2004,9,26,270,1,856.2687889608388,0.0,8.86846805290682,4.0,8.86846805290682,4.0,2004-09-26 12:00:00,0,puerto_rico
28.0,-82.0,1911.6806711939616, , ,,,,,,,,,27.53,0.221,2004,9,26,270,1,856.2687889608388,0.0,8.86846805290682,4.0,8.86846805290682,4.0,2004-09-26 15:00:00,0,puerto_rico
28.3,-82.3,1954.18378791314,55,970,,,,,,,,,27.53,0.221,2004,9,26,270,1,856.2687889608388,0.0,8.86846805290682,4.0,8.86846805290682,4.0,2004-09-26 18:00:00,0,puerto_rico
28.8,-82.5,2000.2538385363907, , ,,,28.948266983032227,,,,,,27.53,0.221,2004,9,26,270,1,856.2687889608388,0.0,8.86846805290682,4.0,8.86846805290682,4.0,2004-09-26 21:00:00,0,puerto_rico
29.3,-82.7,2046.8244770586075,45,978,,,28.647289276123047,,,,,,27.53,0.221,2004,9,27,271,1,856.2687889608388,0.0,8.86846805290682,4.0,8.86846805290682,4.0,2004-09-27 00:00:00,0,puerto_rico
29.7,-83.0,2095.630454897921, , ,,,28.647289276123047,,,,,,27.53,0.221,2004,9,27,271,1,856.2687889608388,0.0,8.86846805290682,4.0,8.86846805290682,4.0,2004-09-27 03:00:00,0,puerto_rico
30.1,-83.3,2144.485907670023,40,981,,,,,,,,,27.53,0.221,2004,9,27,271,1,856.2687889608388,0.0,8.86846805290682,4.0,8.86846805290682,4.0,2004-09-27 06:00:00,0,puerto_rico
30.6,-83.7,2207.5771921830237, , ,,,28.41501808166504,,,,,,27.53,0.221,2004,9,27,271,1,856.2687889608388,0.0,8.86846805290682,4.0,8.86846805290682,4.0,2004-09-27 09:00:00,0,puerto_rico
31.1,-83.9,2255.1089633794263,35,987,,,,,,,,,27.53,0.221,2004,9,27,271,1,856.2687889608388,0.0,8.86846805290682,4.0,8.86846805290682,4.0,2004-09-27 12:00:00,0,puerto_rico
31.8,-83.8,2293.461835264002, , ,,,,,,,,,27.53,0.221,2004,9,27,271,1,856.2687889608388,0.0,8.86846805290682,4.0,8.86846805290682,4.0,2004-09-27 15:00:00,0,puerto_rico
32.5,-83.6,2326.5442273269955,30,993,,,,,,,,,27.53,0.221,2004,9,27,271,1,856.2687889608388,0.0,8.86846805290682,4.0,8.86846805290682,4.0,2004-09-27 18:00:00,0,puerto_rico
32.9,-83.4,2340.4035705041715, , ,,,,,,,,,27.53,0.221,2004,9,27,271,1,856.2687889608388,0.0,8.86846805290682,4.0,8.86846805290682,4.0,2004-09-27 21:00:00,0,puerto_rico
33.2,-83.2,2347.9573199616375,25,998,,,,,,,,,27.53,0.221,2004,9,28,272,1,856.2687889608388,0.0,8.86846805290682,4.0,8.86846805290682,4.0,2004-09-28 00:00:00,0,puerto_rico
33.6,-82.9,2356.8175325469792, , ,,,,,,,,,27.53,0.221,2004,9,28,272,1,856.2687889608388,0.0,8.86846805290682,4.0,8.86846805290682,4.0,2004-09-28 03:00:00,0,puerto_rico
34.1,-82.4,2361.507551508803,20,999,,,,,,,,,27.53,0.221,2004,9,28,272,1,856.2687889608388,0.0,8.86846805290682,4.0,8.86846805290682,4.0,2004-09-28 06:00:00,0,puerto_rico
34.7,-81.8,2370.611419774161, , ,,,,,,,,,27.53,0.221,2004,9,28,272,1,856.2687889608388,0.0,8.86846805290682,4.0,8.86846805290682,4.0,2004-09-28 09:00:00,0,puerto_rico
35.4,-81.0,2380.0625215582263,20,1000,,,,,,,,,27.53,0.221,2004,9,28,272,1,856.2687889608388,0.0,8.86846805290682,4.0,8.86846805290682,4.0,2004-09-28 12:00:00,0,puerto_rico
36.4,-79.8,2400.44539337949, , ,,,,,,,,,27.53,0.221,2004,9,28,272,1,856.2687889608388,0.0,8.86846805290682,4.0,8.86846805290682,4.0,2004-09-28 15:00:00,0,puerto_rico
37.3,-78.4,2413.9493264472585,25,999,,,,,,,,,27.53,0.221,2004,9,28,272,1,856.2687889608388,0.0,8.86846805290682,4.0,8.86846805290682,4.0,2004-09-28 18:00:00,0,puerto_rico
37.9,-77.3,2423.175219769055, , ,,,,,,,,,27.53,0.221,2004,9,28,272,1,856.2687889608388,0.0,8.86846805290682,4.0,8.86846805290682,4.0,2004-09-28 21:00:00,0,puerto_rico
38.3,-76.4,2426.8982435454823,25,999,18.469676971435547,,23.631683349609375,,,,,,27.53,0.221,2004,9,29,273,1,856.2687889608388,0.0,8.86846805290682,4.0,8.86846805290682,4.0,2004-09-29 00:00:00,0,puerto_rico
38.6,-75.6,2428.1085288384793, , ,,,23.631683349609375,,,,,,27.53,0.221,2004,9,29,273,1,856.2687889608388,0.0,8.86846805290682,4.0,8.86846805290682,4.0,2004-09-29 03:00:00,0,puerto_rico
38.8,-74.7,2418.9276848103323,35,999,18.353225708007812,-4.201789855957031,22.620262145996097,,,,,,27.53,0.221,2004,9,29,273,1,856.2687889608388,0.0,8.86846805290682,4.0,8.86846805290682,4.0,2004-09-29 06:00:00,0,puerto_rico
38.7,-73.7,2378.8156005990386, , ,17.73580551147461,-5.122138977050781,22.736894607543945,,,,,,27.53,0.221,2004,9,29,273,1,856.2687889608388,0.0,8.86846805290682,4.0,8.86846805290682,4.0,2004-09-29 09:00:00,0,puerto_rico
38.5,-72.5,2326.484003891552,35,999,21.339031219482425,-2.469736099243164,23.419178009033203,,,,,,27.53,0.221,2004,9,29,273,1,856.2687889608388,0.0,8.86846805290682,4.0,8.86846805290682,4.0,2004-09-29 12:00:00,0,puerto_rico
18.3,-61.8,505.8746731872342,35,1009,27.232580184936523,0.0765533447265625,27.14019203186035,,,,,,25.01,0.091,2007,12,10,344,0,505.8746731872342,0.0,505.8746731872342,0.0,505.8746731872342,0.0,2007-12-10 12:00:00,0,puerto_rico
18.3,-62.5,431.9764804642601, , ,27.222257614135746,0.0395870208740234,27.169816970825195,,,,,,25.01,0.091,2007,12,10,344,0,431.9764804642601,0.0,431.9764804642601,0.0,431.9764804642601,0.0,2007-12-10 15:00:00,0,puerto_rico
18.3,-63.2,358.08211798893666,35,1008,27.1958065032959,-0.0082073211669921,27.169816970825195,,,,,,25.01,0.091,2007,12,10,344,0,358.08211798893666,0.0,358.08211798893666,0.0,358.08211798893666,0.0,2007-12-10 18:00:00,0,puerto_rico
18.3,-63.9,284.19608169818963, , ,27.26483917236328,0.0194435119628906,27.222999572753903,,,,,,25.01,0.091,2007,12,10,344,0,284.19608169818963,0.0,284.19608169818963,0.0,284.19608169818963,0.0,2007-12-10 21:00:00,0,puerto_rico
18.4,-64.7,200.5198341238428,35,1007,27.03161239624023,-0.2399215698242187,27.250843048095703,,,,,,25.01,0.091,2007,12,11,345,0,200.5198341238428,0.0,200.5198341238428,0.0,200.5198341238428,0.0,2007-12-11 00:00:00,0,puerto_rico
18.5,-65.5,119.1581615214682, , ,27.112579345703125,-0.1934165954589843,27.287097930908203,,,,,,25.01,0.091,2007,12,11,345,0,119.1581615214682,0.0,119.1581615214682,0.0,119.1581615214682,0.0,2007-12-11 03:00:00,1,puerto_rico
18.5,-66.3,43.60205590675038,40,1005,,,27.287097930908203,,,,,,25.01,0.091,2007,12,11,345,0,43.60205590675038,1.0,43.60205590675038,1.0,43.60205590675038,1.0,2007-12-11 06:00:00,1,puerto_rico
18.4,-66.5,22.07979554219164,40,1005,,,27.439924240112305,,,,,,25.01,0.091,2007,12,11,345,0,22.07979554219164,2.0,22.07979554219164,2.0,22.07979554219164,2.0,2007-12-11 07:00:00,1,puerto_rico
18.3,-66.9,33.888310089942244, , ,,,27.439924240112305,,,,,,25.01,0.091,2007,12,11,345,0,22.07979554219164,3.0,22.07979554219164,3.0,22.07979554219164,3.0,2007-12-11 09:00:00,1,puerto_rico
18.3,-67.4,85.97387582101632,45,1004,27.524192810058594,0.0792064666748046,27.439924240112305,,,,,,25.01,0.091,2007,12,11,345,0,22.07979554219164,3.0,22.07979554219164,3.0,22.07979554219164,3.0,2007-12-11 12:00:00,1,puerto_rico
18.4,-67.9,139.70747378592702, , ,27.475160598754883,0.056833267211914,27.384428024291992,,,,,,25.01,0.091,2007,12,11,345,0,22.07979554219164,3.0,22.07979554219164,3.0,22.07979554219164,3.0,2007-12-11 15:00:00,1,puerto_rico
18.5,-68.4,193.5123227218474,50,1003,27.370643615722656,-0.0504169464111328,27.384428024291992,,,,,,25.01,0.091,2007,12,11,345,0,22.07979554219164,3.0,22.07979554219164,3.0,22.07979554219164,3.0,2007-12-11 18:00:00,0,puerto_rico
18.8,-69.1,272.37012584599773, , ,,,27.41727638244629,,,,,,25.01,0.091,2007,12,11,345,0,22.07979554219164,3.0,22.07979554219164,3.0,22.07979554219164,3.0,2007-12-11 21:00:00,0,puerto_rico
19.0,-70.0,369.62653294798065,50,1003,,,27.51438331604004,,,,,,25.01,0.091,2007,12,12,346,0,22.07979554219164,3.0,22.07979554219164,3.0,22.07979554219164,3.0,2007-12-12 00:00:00,0,puerto_rico
19.1,-70.9,464.4352413032827, , ,,,27.278635025024418,,,,,,25.01,0.091,2007,12,12,346,0,22.07979554219164,3.0,22.07979554219164,3.0,22.07979554219164,3.0,2007-12-12 03:00:00,0,puerto_rico
19.1,-71.9,567.8468048942466,40,1005,,,27.427284240722656,,,,,,25.01,0.091,2007,12,12,346,0,22.07979554219164,3.0,22.07979554219164,3.0,22.07979554219164,3.0,2007-12-12 06:00:00,0,puerto_rico
19.1,-72.9,671.8530697098837, , ,28.223224639892575,0.0702896118164062,28.156877517700195,,,,,,25.01,0.091,2007,12,12,346,0,22.07979554219164,3.0,22.07979554219164,3.0,22.07979554219164,3.0,2007-12-12 09:00:00,0,puerto_rico
19.1,-73.8,765.7647869625793,35,1008,27.86838722229004,-0.118011474609375,27.8747501373291,,,,,,25.01,0.091,2007,12,12,346,0,22.07979554219164,3.0,22.07979554219164,3.0,22.07979554219164,3.0,2007-12-12 12:00:00,0,puerto_rico
19.1,-74.8,870.3305067967589, , ,27.641935348510746,-0.1792316436767578,27.740928649902344,,,,,,25.01,0.091,2007,12,12,346,0,22.07979554219164,3.0,22.07979554219164,3.0,22.07979554219164,3.0,2007-12-12 15:00:00,0,puerto_rico
19.0,-75.7,963.7959921984424,30,1008,27.639677047729492,-0.1870174407958984,27.807722091674805,,,,,,25.01,0.091,2007,12,12,346,0,22.07979554219164,3.0,22.07979554219164,3.0,22.07979554219164,3.0,2007-12-12 18:00:00,0,puerto_rico
18.9,-76.5,1047.2041233170332, , ,27.802902221679688,-0.0177249908447265,27.803953170776367,,,,,,25.01,0.091,2007,12,12,346,0,22.07979554219164,3.0,22.07979554219164,3.0,22.07979554219164,3.0,2007-12-12 21:00:00,0,puerto_rico
18.9,-77.2,1120.7820522984784,30,1008,27.81386947631836,-0.0180702209472656,27.803953170776367,,,,,,25.01,0.091,2007,12,13,347,0,22.07979554219164,3.0,22.07979554219164,3.0,22.07979554219164,3.0,2007-12-13 00:00:00,0,puerto_rico
18.9,-78.0,1204.8927448065815, , ,27.94645118713379,0.0587749481201171,27.968074798583984,,,,,,25.01,0.091,2007,12,13,347,0,22.07979554219164,3.0,22.07979554219164,3.0,22.07979554219164,3.0,2007-12-13 03:00:00,0,puerto_rico
19.0,-78.7,1278.830936951017,30,1007,27.91870880126953,0.0628814697265625,27.91402816772461,,,,,,25.01,0.091,2007,12,13,347,0,22.07979554219164,3.0,22.07979554219164,3.0,22.07979554219164,3.0,2007-12-13 06:00:00,0,puerto_rico
19.2,-79.4,1353.1945879886352, , ,27.758708953857425,0.0195255279541015,27.695127487182617,,,,,,25.01,0.091,2007,12,13,347,0,22.07979554219164,3.0,22.07979554219164,3.0,22.07979554219164,3.0,2007-12-13 09:00:00,0,puerto_rico
19.4,-80.1,1427.6552499350123,30,1007,27.678386688232425,0.0529556274414062,27.601402282714844,,,,,,25.01,0.091,2007,12,13,347,0,22.07979554219164,3.0,22.07979554219164,3.0,22.07979554219164,3.0,2007-12-13 12:00:00,0,puerto_rico
19.5,-80.7,1491.0749879552395, , ,27.515159606933594,-0.1071949005126953,27.59642219543457,,,,,,25.01,0.091,2007,12,13,347,0,22.07979554219164,3.0,22.07979554219164,3.0,22.07979554219164,3.0,2007-12-13 15:00:00,0,puerto_rico
19.6,-81.3,1554.4676865373349,30,1007,27.431934356689453,-0.137176513671875,27.59642219543457,,,,,,25.01,0.091,2007,12,13,347,0,22.07979554219164,3.0,22.07979554219164,3.0,22.07979554219164,3.0,2007-12-13 18:00:00,0,puerto_rico
19.7,-81.8,1607.3798187798775, , ,27.53354835510254,-0.0336284637451171,27.590158462524418,,,,,,25.01,0.091,2007,12,13,347,0,22.07979554219164,3.0,22.07979554219164,3.0,22.07979554219164,3.0,2007-12-13 21:00:00,0,puerto_rico
19.7,-82.3,1659.640666353685,30,1007,27.570322036743164,2.6702880859375e-05,27.590158462524418,,,,,,25.01,0.091,2007,12,14,348,0,22.07979554219164,3.0,22.07979554219164,3.0,22.07979554219164,3.0,2007-12-14 00:00:00,0,puerto_rico
19.7,-82.8,1711.9144792497375, , ,27.559354782104492,-0.0157432556152343,27.59864616394043,,,,,,25.01,0.091,2007,12,14,348,0,22.07979554219164,3.0,22.07979554219164,3.0,22.07979554219164,3.0,2007-12-14 03:00:00,0,puerto_rico
19.7,-83.3,1764.199689069964,30,1007,27.57741928100586,0.0088405609130859,27.59864616394043,,,,,,25.01,0.091,2007,12,14,348,0,22.07979554219164,3.0,22.07979554219164,3.0,22.07979554219164,3.0,2007-12-14 06:00:00,0,puerto_rico
19.7,-83.8,1816.494894215864, , ,27.6019344329834,0.0436477661132812,27.5764217376709,,,,,,25.01,0.091,2007,12,14,348,0,22.07979554219164,3.0,22.07979554219164,3.0,22.07979554219164,3.0,2007-12-14 09:00:00,0,puerto_rico
19.6,-84.2,1857.951718366676,30,1007,27.589677810668945,0.0371837615966796,27.5764217376709,,,,,,25.01,0.091,2007,12,14,348,0,22.07979554219164,3.0,22.07979554219164,3.0,22.07979554219164,3.0,2007-12-14 12:00:00,0,puerto_rico
19.5,-84.7,1910.0237412395231, , ,27.528064727783203,-0.0412654876708984,27.546165466308594,,,,,,25.01,0.091,2007,12,14,348,0,22.07979554219164,3.0,22.07979554219164,3.0,22.07979554219164,3.0,2007-12-14 15:00:00,0,puerto_rico
19.5,-85.1,1951.9412491181808,30,1007,27.492258071899418,-0.0586357116699218,27.546165466308594,,,,,,25.01,0.091,2007,12,14,348,0,22.07979554219164,3.0,22.07979554219164,3.0,22.07979554219164,3.0,2007-12-14 18:00:00,0,puerto_rico
19.7,-85.5,1994.357381458066, , ,27.429031372070312,-0.0838699340820312,27.5109806060791,,,,,,25.01,0.091,2007,12,14,348,0,22.07979554219164,3.0,22.07979554219164,3.0,22.07979554219164,3.0,2007-12-14 21:00:00,0,puerto_rico
20.0,-85.8,2026.8693774693304,30,1006,27.4061279296875,-0.0813446044921875,27.5109806060791,,,,,,25.01,0.091,2007,12,15,349,0,22.07979554219164,3.0,22.07979554219164,3.0,22.07979554219164,3.0,2007-12-15 00:00:00,0,puerto_rico
20.3,-86.1,2059.7534272645635, , ,27.355806350708008,-0.0826416015625,27.444446563720703,,,,,,25.01,0.091,2007,12,15,349,0,22.07979554219164,3.0,22.07979554219164,3.0,22.07979554219164,3.0,2007-12-15 03:00:00,0,puerto_rico
20.6,-86.5,2103.3726091989165,30,1006,27.149999618530273,-0.105630874633789,27.33208274841309,,,,,,25.01,0.091,2007,12,15,349,0,22.07979554219164,3.0,22.07979554219164,3.0,22.07979554219164,3.0,2007-12-15 06:00:00,0,puerto_rico
21.1,-86.9,2149.098616656453, , ,,,25.90024757385254,,,,,,25.01,0.091,2007,12,15,349,0,22.07979554219164,3.0,22.07979554219164,3.0,22.07979554219164,3.0,2007-12-15 09:00:00,0,puerto_rico
21.7,-87.4,2207.244056779711,30,1007,25.169677734375,-0.3791885375976562,25.90024757385254,,,,,,25.01,0.091,2007,12,15,349,0,22.07979554219164,3.0,22.07979554219164,3.0,22.07979554219164,3.0,2007-12-15 12:00:00,0,puerto_rico
22.5,-87.9,2269.6463327893557, , ,25.569677352905273,0.2347965240478515,25.294044494628903,,,,,,25.01,0.091,2007,12,15,349,0,22.07979554219164,3.0,22.07979554219164,3.0,22.07979554219164,3.0,2007-12-15 15:00:00,0,puerto_rico
23.3,-88.2,2314.1188891661996,30,1007,25.55870819091797,0.1212234497070312,25.497758865356445,,,,,,25.01,0.091,2007,12,15,349,0,22.07979554219164,3.0,22.07979554219164,3.0,22.07979554219164,3.0,2007-12-15 18:00:00,0,puerto_rico
24.2,-87.9,2303.9031910406643, , ,25.891613006591797,0.1786613464355468,25.67339515686035,,,,,,25.01,0.091,2007,12,15,349,0,22.07979554219164,3.0,22.07979554219164,3.0,22.07979554219164,3.0,2007-12-15 21:00:00,0,puerto_rico
25.0,-87.2,2256.833046504149,30,1005,27.249353408813477,1.0470943450927734,26.456396102905273,,,,,,25.01,0.091,2007,12,16,350,0,22.07979554219164,3.0,22.07979554219164,3.0,22.07979554219164,3.0,2007-12-16 00:00:00,0,puerto_rico
25.7,-86.3,2192.8699735431437, , ,27.102256774902344,1.1637725830078125,26.106884002685547,,,,,,25.01,0.091,2007,12,16,350,0,22.07979554219164,3.0,22.07979554219164,3.0,22.07979554219164,3.0,2007-12-16 03:00:00,0,puerto_rico
26.3,-85.2,2112.0737732036946,25,1006,24.57935333251953,-0.099771499633789,24.49539566040039,,,,,,25.01,0.091,2007,12,16,350,0,22.07979554219164,3.0,22.07979554219164,3.0,22.07979554219164,3.0,2007-12-16 06:00:00,0,puerto_rico
15.0,-59.0,884.3421401633034,45,1006,29.05466651916504,0.6044387817382812,28.46562767028809,,,,,,26.21,0.126,2011,8,21,233,1,884.3421401633034,0.0,884.3421401633034,0.0,884.3421401633034,0.0,2011-08-21 00:00:00,0,puerto_rico
15.5,-59.8,783.2367448015974, , ,29.12266540527344,0.6656112670898438,28.45655632019043,,,,,,26.21,0.126,2011,8,21,233,1,783.2367448015974,0.0,783.2367448015974,0.0,783.2367448015974,0.0,2011-08-21 03:00:00,0,puerto_rico
16.0,-60.6,682.7354376886477,45,1006,29.226333618164062,0.735382080078125,28.53728485107422,,,,,,26.21,0.126,2011,8,21,233,1,682.7354376886477,0.0,682.7354376886477,0.0,682.7354376886477,0.0,2011-08-21 06:00:00,0,puerto_rico
16.4,-61.4,586.951423312175, , ,29.194000244140625,0.6469154357910156,28.49787139892578,,,,,,26.21,0.126,2011,8,21,233,1,586.951423312175,0.0,586.951423312175,0.0,586.951423312175,0.0,2011-08-21 09:00:00,0,puerto_rico
16.8,-62.2,491.58924835850024,45,1005,28.84833335876465,0.2768459320068359,28.61476707458496,,,,,,26.21,0.126,2011,8,21,233,1,491.58924835850024,0.0,491.58924835850024,0.0,491.58924835850024,0.0,2011-08-21 12:00:00,0,puerto_rico
17.2,-63.0,396.84820733386414, , ,28.951000213623047,0.3223991394042969,28.597084045410156,,,,,,26.21,0.126,2011,8,21,233,1,396.84820733386414,0.0,396.84820733386414,0.0,396.84820733386414,0.0,2011-08-21 15:00:00,0,puerto_rico
17.5,-63.7,316.1978037154597,50,999,28.946666717529297,0.3040752410888672,28.66161346435547,,,,,,26.21,0.126,2011,8,21,233,1,316.1978037154597,0.0,316.1978037154597,0.0,316.1978037154597,0.0,2011-08-21 18:00:00,0,puerto_rico
17.7,-64.1,269.6816955467337, , ,28.91266632080078,0.2619476318359375,28.66161346435547,,,,,,26.21,0.126,2011,8,21,233,1,269.6816955467337,0.0,269.6816955467337,0.0,269.6816955467337,0.0,2011-08-21 21:00:00,0,puerto_rico
17.8,-64.6,215.58337629338283,60,993,28.972665786743164,0.336282730102539,28.674211502075195,,,,,,26.21,0.126,2011,8,21,233,1,215.58337629338283,0.0,215.58337629338283,0.0,215.58337629338283,0.0,2011-08-21 23:00:00,0,puerto_rico
17.9,-65.0,171.8419391801074,60,993,28.928665161132812,0.28265380859375,28.674211502075195,,,,,,26.21,0.126,2011,8,22,234,1,171.8419391801074,0.0,171.8419391801074,0.0,171.8419391801074,0.0,2011-08-22 00:00:00,1,puerto_rico
17.9,-65.6,110.58093906754968, , ,28.970666885375977,0.3179607391357422,28.69144630432129,,,,,,26.21,0.126,2011,8,22,234,1,110.58093906754968,0.0,110.58093906754968,0.0,110.58093906754968,0.0,2011-08-22 03:00:00,1,puerto_rico
18.1,-65.8,84.55253707079925,60,990,,,28.601526260375977,,,,,,26.21,0.126,2011,8,22,234,1,84.55253707079925,0.0,84.55253707079925,0.0,84.55253707079925,0.0,2011-08-22 05:25:00,1,puerto_rico
18.2,-65.9,72.9289820554731,65,990,,,28.601526260375977,,,,,,26.21,0.126,2011,8,22,234,1,72.9289820554731,1.0,72.9289820554731,1.0,72.9289820554731,1.0,2011-08-22 06:00:00,1,puerto_rico
18.6,-66.4,46.69206879955611, , ,28.946666717529297,0.3137359619140625,28.601526260375977,,,,,,26.21,0.126,2011,8,22,234,1,46.69206879955611,2.0,46.69206879955611,2.0,46.69206879955611,2.0,2011-08-22 09:00:00,1,puerto_rico
18.9,-67.0,87.00994447670637,70,989,28.87733268737793,0.209604263305664,28.71658706665039,,,,,,26.21,0.126,2011,8,22,234,1,46.69206879955611,2.0,46.69206879955611,2.0,46.69206879955611,2.0,2011-08-22 12:00:00,1,puerto_rico
19.1,-67.5,136.91580800119306, , ,28.856666564941406,0.2193679809570312,28.615942001342773,,,,,,26.21,0.126,2011,8,22,234,1,46.69206879955611,2.0,46.69206879955611,2.0,46.69206879955611,2.0,2011-08-22 15:00:00,0,puerto_rico
19.3,-68.0,190.88003462055832,75,988,28.86599922180176,0.2525749206542969,28.615942001342773,,,,,,26.21,0.126,2011,8,22,234,1,46.69206879955611,2.0,46.69206879955611,2.0,46.69206879955611,2.0,2011-08-22 18:00:00,0,puerto_rico
19.5,-68.4,237.69689926854463, , ,28.880998611450195,0.2859477996826172,28.615942001342773,,,,,,26.21,0.126,2011,8,22,234,1,46.69206879955611,2.0,46.69206879955611,2.0,46.69206879955611,2.0,2011-08-22 21:00:00,0,puerto_rico
19.7,-68.8,284.7054773014539,80,981,28.83366584777832,0.2827301025390625,28.529483795166016,,,,,,26.21,0.126,2011,8,23,235,1,46.69206879955611,2.0,46.69206879955611,2.0,46.69206879955611,2.0,2011-08-23 00:00:00,0,puerto_rico
19.9,-69.2,331.8040473816073, , ,28.794666290283203,0.240732192993164,28.529483795166016,,,,,,26.21,0.126,2011,8,23,235,1,46.69206879955611,2.0,46.69206879955611,2.0,46.69206879955611,2.0,2011-08-23 03:00:00,0,puerto_rico
20.1,-69.7,387.7457319330384,80,978,28.80533218383789,0.2561664581298828,28.600446701049805,,,,,,26.21,0.126,2011,8,23,235,1,46.69206879955611,2.0,46.69206879955611,2.0,46.69206879955611,2.0,2011-08-23 06:00:00,0,puerto_rico
20.3,-70.2,443.8664219101959, , ,28.794666290283203,0.2216625213623047,28.600446701049805,,,,,,26.21,0.126,2011,8,23,235,1,46.69206879955611,2.0,46.69206879955611,2.0,46.69206879955611,2.0,2011-08-23 09:00:00,0,puerto_rico
20.4,-70.6,485.5398571795122,80,978,28.864999771118164,0.3015289306640625,28.56709098815918,,,,,,26.21,0.126,2011,8,23,235,1,46.69206879955611,2.0,46.69206879955611,2.0,46.69206879955611,2.0,2011-08-23 12:00:00,0,puerto_rico
20.5,-70.9,518.2776057662167, , ,28.94066619873047,0.3819618225097656,28.56709098815918,,,,,,26.21,0.126,2011,8,23,235,1,46.69206879955611,2.0,46.69206879955611,2.0,46.69206879955611,2.0,2011-08-23 15:00:00,0,puerto_rico
20.7,-71.2,556.349302947253,80,977,28.83799934387207,0.2397327423095703,28.56709098815918,,,,,,26.21,0.126,2011,8,23,235,1,46.69206879955611,2.0,46.69206879955611,2.0,46.69206879955611,2.0,2011-08-23 18:00:00,0,puerto_rico
20.9,-71.6,603.498901395014, , ,28.834999084472656,0.1376914978027343,28.712181091308594,,,,,,26.21,0.126,2011,8,23,235,1,46.69206879955611,2.0,46.69206879955611,2.0,46.69206879955611,2.0,2011-08-23 21:00:00,0,puerto_rico
21.0,-71.9,636.1888945385994,80,969,28.89299964904785,0.159210205078125,28.712181091308594,,,,,,26.21,0.126,2011,8,24,236,1,46.69206879955611,2.0,46.69206879955611,2.0,46.69206879955611,2.0,2011-08-24 00:00:00,0,puerto_rico
21.1,-72.2,668.9071891786555, , ,28.955331802368164,0.1729640960693359,28.818449020385746,,,,,,26.21,0.126,2011,8,24,236,1,46.69206879955611,2.0,46.69206879955611,2.0,46.69206879955611,2.0,2011-08-24 03:00:00,0,puerto_rico
21.3,-72.5,706.7893038341113,95,965,28.91933250427246,0.1296234130859375,28.766279220581055,,,,,,26.21,0.126,2011,8,24,236,1,46.69206879955611,2.0,46.69206879955611,2.0,46.69206879955611,2.0,2011-08-24 06:00:00,0,puerto_rico
21.6,-72.9,759.046682427713, , ,28.867332458496097,0.091501235961914,28.766279220581055,,,,,,26.21,0.126,2011,8,24,236,1,46.69206879955611,2.0,46.69206879955611,2.0,46.69206879955611,2.0,2011-08-24 09:00:00,0,puerto_rico
21.9,-73.3,811.3237400728867,105,957,28.80500030517578,-0.0287361145019531,28.766279220581055,,,,,,26.21,0.126,2011,8,24,236,1,46.69206879955611,2.0,46.69206879955611,2.0,46.69206879955611,2.0,2011-08-24 12:00:00,0,puerto_rico
22.3,-73.8,878.0495776109361, , ,28.83300018310547,-0.0976638793945312,28.956144332885746,,,,,,26.21,0.126,2011,8,24,236,1,46.69206879955611,2.0,46.69206879955611,2.0,46.69206879955611,2.0,2011-08-24 15:00:00,0,puerto_rico
22.4,-74.0,901.4246814391856,100,955,28.931665420532227,-0.0249652862548828,28.956144332885746,,,,,,26.21,0.126,2011,8,24,236,1,46.69206879955611,2.0,46.69206879955611,2.0,46.69206879955611,2.0,2011-08-24 16:00:00,0,puerto_rico
22.7,-74.3,944.7973628886384,100,954,29.04166603088379,0.064279556274414,28.956144332885746,,,,,,26.21,0.126,2011,8,24,236,1,46.69206879955611,2.0,46.69206879955611,2.0,46.69206879955611,2.0,2011-08-24 18:00:00,0,puerto_rico
23.1,-74.7,1002.7771904485384, , ,28.965999603271484,-0.0223331451416015,29.01900291442871,,,,,,26.21,0.126,2011,8,24,236,1,46.69206879955611,2.0,46.69206879955611,2.0,46.69206879955611,2.0,2011-08-24 21:00:00,0,puerto_rico
23.5,-75.1,1060.8866090042293,95,952,29.02966690063477,-0.0387039184570312,29.01900291442871,,,,,,26.21,0.126,2011,8,25,237,1,46.69206879955611,2.0,46.69206879955611,2.0,46.69206879955611,2.0,2011-08-25 00:00:00,0,puerto_rico
23.8,-75.5,1113.126593654758, , ,29.185998916625977,-0.0466651916503906,29.427160263061523,,,,,,26.21,0.126,2011,8,25,237,1,46.69206879955611,2.0,46.69206879955611,2.0,46.69206879955611,2.0,2011-08-25 03:00:00,0,puerto_rico
24.1,-75.9,1165.3068150030858,95,950,29.142332077026367,-0.1288642883300781,29.23054313659668,,,,,,26.21,0.126,2011,8,25,237,1,46.69206879955611,2.0,46.69206879955611,2.0,46.69206879955611,2.0,2011-08-25 06:00:00,0,puerto_rico
24.7,-76.2,1227.27613846308,90,950,28.93699836730957,-0.3476619720458984,29.23054313659668,,,,,,26.21,0.126,2011,8,25,237,1,46.69206879955611,2.0,46.69206879955611,2.0,46.69206879955611,2.0,2011-08-25 09:00:00,0,puerto_rico
25.4,-76.6,1304.870646499981,90,950,29.057666778564453,-0.342905044555664,29.473636627197266,,,,,,26.21,0.126,2011,8,25,237,1,46.69206879955611,2.0,46.69206879955611,2.0,46.69206879955611,2.0,2011-08-25 12:00:00,0,puerto_rico
26.0,-77.0,1376.660244779987, , ,29.046998977661133,-0.4118518829345703,29.473636627197266,,,,,,26.21,0.126,2011,8,25,237,1,46.69206879955611,2.0,46.69206879955611,2.0,46.69206879955611,2.0,2011-08-25 15:00:00,0,puerto_rico
26.5,-77.2,1426.2899100452128,90,950,29.12333297729492,-0.2945213317871094,29.376934051513672,,,,,,26.21,0.126,2011,8,25,237,1,46.69206879955611,2.0,46.69206879955611,2.0,46.69206879955611,2.0,2011-08-25 18:00:00,0,puerto_rico
27.1,-77.3,1475.9056455237594, , ,28.73933219909668,-0.5705680847167969,29.1632137298584,,,,,,26.21,0.126,2011,8,25,237,1,46.69206879955611,2.0,46.69206879955611,2.0,46.69206879955611,2.0,2011-08-25 21:00:00,0,puerto_rico
27.7,-77.3,1519.4185362422013,90,946,28.6299991607666,-0.5655231475830078,29.1632137298584,,,,,,26.21,0.126,2011,8,26,238,1,46.69206879955611,2.0,46.69206879955611,2.0,46.69206879955611,2.0,2011-08-26 00:00:00,0,puerto_rico
28.2,-77.3,1556.911520799182, , ,28.618000030517575,-0.5017166137695312,29.048585891723633,,,,,,26.21,0.126,2011,8,26,238,1,46.69206879955611,2.0,46.69206879955611,2.0,46.69206879955611,2.0,2011-08-26 03:00:00,0,puerto_rico
28.8,-77.3,1603.2641910527757,90,942,28.53066635131836,-0.4773902893066406,29.048585891723633,,,,,,26.21,0.126,2011,8,26,238,1,46.69206879955611,2.0,46.69206879955611,2.0,46.69206879955611,2.0,2011-08-26 06:00:00,0,puerto_rico
29.4,-77.3,1650.9833776923213, , ,28.59266662597656,-0.3423137664794922,28.909360885620117,,,,,,26.21,0.126,2011,8,26,238,1,46.69206879955611,2.0,46.69206879955611,2.0,46.69206879955611,2.0,2011-08-26 09:00:00,0,puerto_rico
30.0,-77.4,1706.4184682898203,85,947,28.288999557495117,-0.5600185394287109,28.909360885620117,,,,,,26.21,0.126,2011,8,26,238,1,46.69206879955611,2.0,46.69206879955611,2.0,46.69206879955611,2.0,2011-08-26 12:00:00,0,puerto_rico
30.6,-77.5,1762.5988490844102, , ,27.621665954589844,-1.1596546173095703,28.793458938598633,,,,,,26.21,0.126,2011,8,26,238,1,46.69206879955611,2.0,46.69206879955611,2.0,46.69206879955611,2.0,2011-08-26 15:00:00,0,puerto_rico
31.1,-77.5,1804.8179525883115,80,950,27.60933303833008,-1.2608661651611328,29.05372428894043,,,,,,26.21,0.126,2011,8,26,238,1,46.69206879955611,2.0,46.69206879955611,2.0,46.69206879955611,2.0,2011-08-26 18:00:00,0,puerto_rico
31.6,-77.3,1835.8903159196227, , ,28.28533363342285,-0.5784854888916016,28.74207878112793,,,,,,26.21,0.126,2011,8,26,238,1,46.69206879955611,2.0,46.69206879955611,2.0,46.69206879955611,2.0,2011-08-26 21:00:00,0,puerto_rico
32.1,-77.1,1868.4073880789376,75,952,29.00666618347168,0.116525650024414,28.984437942504883,,,,,,26.21,0.126,2011,8,27,239,1,46.69206879955611,2.0,46.69206879955611,2.0,46.69206879955611,2.0,2011-08-27 00:00:00,0,puerto_rico
32.7,-76.9,1911.3792276293243, , ,29.09000015258789,0.2034435272216797,28.984437942504883,,,,,,26.21,0.126,2011,8,27,239,1,46.69206879955611,2.0,46.69206879955611,2.0,46.69206879955611,2.0,2011-08-27 03:00:00,0,puerto_rico
33.4,-76.8,1970.3875445083188,75,952,28.88399887084961,0.306467056274414,28.48443031311035,,,,,,26.21,0.126,2011,8,27,239,1,46.69206879955611,2.0,46.69206879955611,2.0,46.69206879955611,2.0,2011-08-27 06:00:00,0,puerto_rico
34.1,-76.7,2030.75422730802, , ,27.70299911499023,-0.476205825805664,27.75231552124023,,,,,,26.21,0.126,2011,8,27,239,1,46.69206879955611,2.0,46.69206879955611,2.0,46.69206879955611,2.0,2011-08-27 09:00:00,0,puerto_rico
34.7,-76.6,2082.8174532750963,75,952,26.678333282470703,,27.75231552124023,,,,,,26.21,0.126,2011,8,27,239,1,46.69206879955611,2.0,46.69206879955611,2.0,46.69206879955611,2.0,2011-08-27 12:00:00,0,puerto_rico
35.1,-76.5,2116.5075696816157, , ,,,,,,,,,26.21,0.126,2011,8,27,239,1,46.69206879955611,2.0,46.69206879955611,2.0,46.69206879955611,2.0,2011-08-27 15:00:00,0,puerto_rico
35.5,-76.3,2146.2589648981725,65,950,26.255332946777344,,27.586732864379883,,,,,,26.21,0.126,2011,8,27,239,1,46.69206879955611,2.0,46.69206879955611,2.0,46.69206879955611,2.0,2011-08-27 18:00:00,0,puerto_rico
36.1,-76.0,2192.2751447227565, , ,,,25.583763122558594,,,,,,26.21,0.126,2011,8,27,239,1,46.69206879955611,2.0,46.69206879955611,2.0,46.69206879955611,2.0,2011-08-27 21:00:00,0,puerto_rico
36.7,-75.7,2239.862773017302,65,951,23.446998596191406,-2.2436046600341797,25.583763122558594,,,,,,26.21,0.126,2011,8,28,240,1,46.69206879955611,2.0,46.69206879955611,2.0,46.69206879955611,2.0,2011-08-28 00:00:00,0,puerto_rico
37.3,-75.4,2288.9194147956546, , ,23.096332550048828,-2.3919410705566406,25.171995162963867,,,,,,26.21,0.126,2011,8,28,240,1,46.69206879955611,2.0,46.69206879955611,2.0,46.69206879955611,2.0,2011-08-28 03:00:00,0,puerto_rico
38.1,-75.0,2356.4466685328116,65,958,22.536333084106445,-2.1810970306396484,24.178617477416992,,,,,,26.21,0.126,2011,8,28,240,1,46.69206879955611,2.0,46.69206879955611,2.0,46.69206879955611,2.0,2011-08-28 06:00:00,0,puerto_rico
39.2,-74.5,2454.383847805372, , ,21.97366714477539,-2.1852474212646484,24.120704650878903,,,,,,26.21,0.126,2011,8,28,240,1,46.69206879955611,2.0,46.69206879955611,2.0,46.69206879955611,2.0,2011-08-28 09:00:00,0,puerto_rico
39.4,-74.4,2472.297564682932,60,959,21.641666412353516,-2.388202667236328,23.86333465576172,,,,,,26.21,0.126,2011,8,28,240,1,46.69206879955611,2.0,46.69206879955611,2.0,46.69206879955611,2.0,2011-08-28 09:35:00,0,puerto_rico
40.3,-74.1,2558.3575693165726,55,963,,,23.16713523864746,,,,,,26.21,0.126,2011,8,28,240,1,46.69206879955611,2.0,46.69206879955611,2.0,46.69206879955611,2.0,2011-08-28 12:00:00,0,puerto_rico
40.6,-74.0,2587.3748612671648,55,965,,,23.16713523864746,,,,,,26.21,0.126,2011,8,28,240,1,46.69206879955611,2.0,46.69206879955611,2.0,46.69206879955611,2.0,2011-08-28 13:00:00,0,puerto_rico
41.3,-73.7,2654.0534012170415, , ,,,,,,,,,26.21,0.126,2011,8,28,240,1,46.69206879955611,2.0,46.69206879955611,2.0,46.69206879955611,2.0,2011-08-28 15:00:00,0,puerto_rico
42.5,-73.1,2768.856620942329,50,970,,,,,,,,,26.21,0.126,2011,8,28,240,1,46.69206879955611,2.0,46.69206879955611,2.0,46.69206879955611,2.0,2011-08-28 18:00:00,0,puerto_rico
43.4,-72.7,2857.9412854321304, , ,,,,,,,,,26.21,0.126,2011,8,28,240,1,46.69206879955611,2.0,46.69206879955611,2.0,46.69206879955611,2.0,2011-08-28 21:00:00,0,puerto_rico
44.2,-72.1,2934.1837120364785,45,979,,,,,,,,,26.21,0.126,2011,8,29,241,1,46.69206879955611,2.0,46.69206879955611,2.0,46.69206879955611,2.0,2011-08-29 00:00:00,0,puerto_rico
45.3,-70.9,3037.405434253096, , ,,,,,,,,,26.21,0.126,2011,8,29,241,1,46.69206879955611,2.0,46.69206879955611,2.0,46.69206879955611,2.0,2011-08-29 03:00:00,0,puerto_rico
46.5,-69.5,3155.821937497963,40,983,,,,,,,,,26.21,0.126,2011,8,29,241,1,46.69206879955611,1.0,46.69206879955611,2.0,46.69206879955611,2.0,2011-08-29 06:00:00,0,puerto_rico
47.8,-68.1,3291.915100632202, , ,,,,,,,,,26.21,0.126,2011,8,29,241,1,87.00994447670637,0.0,46.69206879955611,2.0,46.69206879955611,2.0,2011-08-29 09:00:00,0,puerto_rico
49.1,-66.7,3433.62458064182,40,985,10.546666145324709,-3.658463478088379,13.879860877990724,,,,,,26.21,0.126,2011,8,29,241,1,136.91580800119306,0.0,46.69206879955611,2.0,46.69206879955611,2.0,2011-08-29 12:00:00,0,puerto_rico
50.3,-65.3,3568.88885382051, , ,,,13.949090957641602,,,,,,26.21,0.126,2011,8,29,241,1,190.88003462055832,0.0,46.69206879955611,2.0,46.69206879955611,2.0,2011-08-29 15:00:00,0,puerto_rico
51.3,-63.8,3686.449017494074,40,987,,,,,,,,,26.21,0.126,2011,8,29,241,1,237.69689926854463,0.0,46.69206879955611,2.0,46.69206879955611,2.0,2011-08-29 18:00:00,0,puerto_rico
52.2,-62.0,3799.5470229866783, , ,,,,,,,,,26.21,0.126,2011,8,29,241,1,284.7054773014539,0.0,46.69206879955611,2.0,46.69206879955611,2.0,2011-08-29 21:00:00,0,puerto_rico
53.0,-60.0,3909.257665990144,40,991,,,,,,,,,26.21,0.126,2011,8,30,242,1,331.8040473816073,0.0,46.69206879955611,2.0,46.69206879955611,2.0,2011-08-30 00:00:00,0,puerto_rico
12.2,-49.7,1930.6199670487504,30,1006,28.238386154174805,-0.4124355316162109,28.57719993591309,,,,,,26.29,0.328,2017,9,16,259,1,1930.6199670487504,0.0,1930.6199670487504,0.0,1930.6199670487504,0.0,2017-09-16 12:00:00,0,puerto_rico
12.2,-50.8,1820.514196763509, , ,28.590322494506836,-0.1068534851074218,28.61591911315918,,,,,,26.29,0.328,2017,9,16,259,1,1820.514196763509,0.0,1820.514196763509,0.0,1820.514196763509,0.0,2017-09-16 15:00:00,0,puerto_rico
12.2,-51.7,1731.181637954951,40,1004,28.802579879760746,0.0583324432373046,28.68658447265625,,,,,,26.29,0.328,2017,9,16,259,1,1731.181637954951,0.0,1731.181637954951,0.0,1731.181637954951,0.0,2017-09-16 18:00:00,0,puerto_rico
12.3,-52.5,1647.662375804652, , ,28.569677352905273,-0.1891155242919922,28.761079788208008,,,,,,26.29,0.328,2017,9,16,259,1,1647.662375804652,0.0,1647.662375804652,0.0,1647.662375804652,0.0,2017-09-16 21:00:00,0,puerto_rico
12.4,-53.1,1584.0614082658442,45,1002,28.566452026367188,-0.2250881195068359,28.761079788208008,,,,,,26.29,0.328,2017,9,17,260,1,1584.0614082658442,0.0,1584.0614082658442,0.0,1584.0614082658442,0.0,2017-09-17 00:00:00,0,puerto_rico
12.6,-53.8,1505.9997033776087, , ,28.654516220092773,-0.125894546508789,28.80811309814453,,,,,,26.29,0.328,2017,9,17,260,1,1505.9997033776087,0.0,1505.9997033776087,0.0,1505.9997033776087,0.0,2017-09-17 03:00:00,0,puerto_rico
12.8,-54.4,1437.785775255392,55,994,28.638710021972656,-0.1265773773193359,28.80811309814453,,,,,,26.29,0.328,2017,9,17,260,1,1437.785775255392,0.0,1437.785775255392,0.0,1437.785775255392,0.0,2017-09-17 06:00:00,0,puerto_rico
13.1,-55.0,1364.7174715281285, , ,28.72935485839844,-0.0343990325927734,28.687742233276367,,,,,,26.29,0.328,2017,9,17,260,1,1364.7174715281285,0.0,1364.7174715281285,0.0,1364.7174715281285,0.0,2017-09-17 09:00:00,0,puerto_rico
13.3,-55.7,1286.9393174081897,60,990,28.765483856201172,0.0112552642822265,28.761594772338867,,,,,,26.29,0.328,2017,9,17,260,1,1286.9393174081897,0.0,1286.9393174081897,0.0,1286.9393174081897,0.0,2017-09-17 12:00:00,0,puerto_rico
13.5,-56.4,1209.3279630758973, , ,28.840322494506836,0.0359554290771484,28.761594772338867,,,,,,26.29,0.328,2017,9,17,260,1,1209.3279630758973,0.0,1209.3279630758973,0.0,1209.3279630758973,0.0,2017-09-17 15:00:00,0,puerto_rico
13.6,-57.0,1146.6455027147333,65,986,28.846128463745117,0.0211143493652343,28.830516815185547,,,,,,26.29,0.328,2017,9,17,260,1,1146.6455027147333,0.0,1146.6455027147333,0.0,1146.6455027147333,0.0,2017-09-17 18:00:00,0,puerto_rico
13.8,-57.5,1088.507352532605, , ,28.818708419799805,-0.0162544250488281,28.87708282470703,,,,,,26.29,0.328,2017,9,17,260,1,1088.507352532605,0.0,1088.507352532605,0.0,1088.507352532605,0.0,2017-09-17 21:00:00,0,puerto_rico
14.0,-58.0,1030.428242122344,75,979,28.849998474121097,-0.0142822265625,28.87708282470703,,,,,,26.29,0.328,2017,9,18,261,1,1030.428242122344,0.0,1030.428242122344,0.0,1030.428242122344,0.0,2017-09-18 00:00:00,0,puerto_rico
14.2,-58.5,972.4118342356412, , ,28.778709411621097,-0.0932521820068359,28.86884307861328,,,,,,26.29,0.328,2017,9,18,261,1,972.4118342356412,0.0,972.4118342356412,0.0,972.4118342356412,0.0,2017-09-18 03:00:00,0,puerto_rico
14.3,-59.0,919.8547760747967,80,977,28.69354820251465,-0.188608169555664,28.86884307861328,,,,,,26.29,0.328,2017,9,18,261,1,919.8547760747967,0.0,919.8547760747967,0.0,919.8547760747967,0.0,2017-09-18 06:00:00,0,puerto_rico
14.4,-59.4,876.9005304645643, , ,28.737096786499023,-0.1598720550537109,28.86884307861328,,,,,,26.29,0.328,2017,9,18,261,1,876.9005304645643,0.0,876.9005304645643,0.0,876.9005304645643,0.0,2017-09-18 09:00:00,0,puerto_rico
14.5,-59.7,843.3798553290442,100,967,28.805482864379883,-0.106302261352539,28.924219131469727,,,,,,26.29,0.328,2017,9,18,261,1,843.3798553290442,0.0,843.3798553290442,0.0,843.3798553290442,0.0,2017-09-18 12:00:00,0,puerto_rico
14.7,-60.0,804.2949204221367, , ,28.829355239868164,-0.097360610961914,28.924219131469727,,,,,,26.29,0.328,2017,9,18,261,1,804.2949204221367,0.0,804.2949204221367,0.0,804.2949204221367,0.0,2017-09-18 15:00:00,0,puerto_rico
14.9,-60.4,755.9366064476831,110,956,28.78935432434082,-0.1418476104736328,28.924219131469727,,,,,,26.29,0.328,2017,9,18,261,1,755.9366064476831,0.0,755.9366064476831,0.0,755.9366064476831,0.0,2017-09-18 18:00:00,0,puerto_rico
15.1,-60.7,716.9160787191518, , ,28.713871002197266,-0.2211494445800781,28.93948745727539,,,,,,26.29,0.328,2017,9,18,261,1,716.9160787191518,0.0,716.9160787191518,0.0,716.9160787191518,0.0,2017-09-18 21:00:00,0,puerto_rico
15.3,-61.1,668.6175551474321,145,924,28.766773223876953,-0.1994781494140625,28.93948745727539,,,,,,26.29,0.328,2017,9,19,262,1,668.6175551474321,0.0,668.6175551474321,0.0,668.6175551474321,0.0,2017-09-19 00:00:00,0,puerto_rico
15.4,-61.3,644.4824889036024,145,922,28.86741828918457,-0.1311092376708984,28.93948745727539,,,,,,26.29,0.328,2017,9,19,262,1,644.4824889036024,0.0,644.4824889036024,0.0,644.4824889036024,0.0,2017-09-19 01:15:00,0,puerto_rico
15.5,-61.5,620.3570559941934, , ,28.97612762451172,-0.0546741485595703,29.076927185058594,,,,,,26.29,0.328,2017,9,19,262,1,620.3570559941934,0.0,620.3570559941934,0.0,620.3570559941934,0.0,2017-09-19 03:00:00,0,puerto_rico
15.7,-61.9,572.1356654785766,135,940,28.998064041137695,-0.0492687225341796,29.076927185058594,,,,,,26.29,0.328,2017,9,19,262,1,572.1356654785766,0.0,572.1356654785766,0.0,572.1356654785766,0.0,2017-09-19 06:00:00,0,puerto_rico
15.9,-62.3,523.9546848565601, , ,29.02322578430176,-0.027557373046875,29.076927185058594,,,,,,26.29,0.328,2017,9,19,262,1,523.9546848565601,0.0,523.9546848565601,0.0,523.9546848565601,0.0,2017-09-19 09:00:00,0,puerto_rico
16.1,-62.7,475.81574065067025,140,931,29.04806327819824,0.0084819793701171,29.03211784362793,,,,,,26.29,0.328,2017,9,19,262,1,475.81574065067025,0.0,475.81574065067025,0.0,475.81574065067025,0.0,2017-09-19 12:00:00,0,puerto_rico
16.3,-63.1,427.72096552687503, , ,29.052257537841797,0.0103569030761718,29.03211784362793,,,,,,26.29,0.328,2017,9,19,262,1,427.72096552687503,0.0,427.72096552687503,0.0,427.72096552687503,0.0,2017-09-19 15:00:00,0,puerto_rico
16.6,-63.5,374.1157193660873,145,920,29.017417907714844,-0.0136909484863281,29.048648834228516,,,,,,26.29,0.328,2017,9,19,262,1,374.1157193660873,0.0,374.1157193660873,0.0,374.1157193660873,0.0,2017-09-19 18:00:00,0,puerto_rico
16.8,-63.9,326.0807853261423, , ,29.03870964050293,0.0200614929199218,29.048648834228516,,,,,,26.29,0.328,2017,9,19,262,1,326.0807853261423,0.0,326.0807853261423,0.0,326.0807853261423,0.0,2017-09-19 21:00:00,0,puerto_rico
17.0,-64.3,278.088971501007,150,909,29.160322189331055,0.1367549896240234,29.048648834228516,,,,,,26.29,0.328,2017,9,20,263,1,278.088971501007,0.0,278.088971501007,0.0,278.088971501007,0.0,2017-09-20 00:00:00,0,puerto_rico
17.3,-64.7,224.81792017716745,150,908,29.110321044921875,0.1132678985595703,28.995363235473633,,,,,,26.29,0.328,2017,9,20,263,1,224.81792017716745,0.0,224.81792017716745,0.0,224.81792017716745,0.0,2017-09-20 03:00:00,0,puerto_rico
17.6,-65.1,172.11026194414467,140,913,29.03483772277832,0.046152114868164,28.995363235473633,,,,,,26.29,0.328,2017,9,20,263,1,172.11026194414467,0.0,172.11026194414467,0.0,172.11026194414467,0.0,2017-09-20 06:00:00,1,puerto_rico
17.9,-65.7,100.6322900878588, , ,28.98516082763672,0.0023269653320312,29.049501419067383,,,,,,26.29,0.328,2017,9,20,263,1,100.6322900878588,0.0,100.6322900878588,0.0,100.6322900878588,0.0,2017-09-20 09:00:00,1,puerto_rico
18.0,-65.9,76.95556249878923,135,920,29.052902221679688,0.0595512390136718,29.049501419067383,,,,,,26.29,0.328,2017,9,20,263,1,76.95556249878923,0.0,76.95556249878923,0.0,76.95556249878923,0.0,2017-09-20 10:15:00,1,puerto_rico
18.2,-66.2,41.2694639103992,115,935,,,28.91379165649414,,,,,,26.29,0.328,2017,9,20,263,1,41.2694639103992,1.0,41.2694639103992,1.0,41.2694639103992,1.0,2017-09-20 12:00:00,1,puerto_rico
18.4,-66.6,19.95351871707547, , ,,,29.02466583251953,,,,,,26.29,0.328,2017,9,20,263,1,19.95351871707547,2.0,19.95351871707547,2.0,19.95351871707547,2.0,2017-09-20 15:00:00,1,puerto_rico
18.6,-67.0,60.39954655594013,95,959,28.79161262512207,-0.2045154571533203,29.02466583251953,,,,,,26.29,0.328,2017,9,20,263,1,19.95351871707547,3.0,19.95351871707547,3.0,19.95351871707547,3.0,2017-09-20 18:00:00,1,puerto_rico
18.8,-67.3,98.74649295211748, , ,28.70129013061523,-0.2455883026123047,29.02466583251953,,,,,,26.29,0.328,2017,9,20,263,1,19.95351871707547,3.0,19.95351871707547,3.0,19.95351871707547,3.0,2017-09-20 21:00:00,1,puerto_rico
19.0,-67.6,137.232649981499,95,958,28.66225814819336,-0.2786502838134765,28.969486236572266,,,,,,26.29,0.328,2017,9,21,264,1,19.95351871707547,3.0,19.95351871707547,3.0,19.95351871707547,3.0,2017-09-21 00:00:00,0,puerto_rico
19.2,-67.9,175.7459850446237, , ,28.535160064697266,-0.3721485137939453,28.869401931762695,,,,,,26.29,0.328,2017,9,21,264,1,19.95351871707547,3.0,19.95351871707547,3.0,19.95351871707547,3.0,2017-09-21 03:00:00,0,puerto_rico
19.4,-68.2,214.25469377233512,100,959,28.483869552612305,-0.3985958099365234,28.869401931762695,,,,,,26.29,0.328,2017,9,21,264,1,19.95351871707547,3.0,19.95351871707547,3.0,19.95351871707547,3.0,2017-09-21 06:00:00,0,puerto_rico
19.6,-68.5,252.74614582973143, , ,28.495805740356445,-0.3702774047851562,28.869468688964844,,,,,,26.29,0.328,2017,9,21,264,1,19.95351871707547,3.0,19.95351871707547,3.0,19.95351871707547,3.0,2017-09-21 09:00:00,0,puerto_rico
19.9,-68.8,297.99562943509454,100,959,28.454837799072266,-0.4095649719238281,28.869468688964844,,,,,,26.29,0.328,2017,9,21,264,1,19.95351871707547,3.0,19.95351871707547,3.0,19.95351871707547,3.0,2017-09-21 12:00:00,0,puerto_rico
20.2,-69.2,351.4605901617819, , ,28.473546981811523,-0.3968257904052734,28.862680435180664,,,,,,26.29,0.328,2017,9,21,264,1,19.95351871707547,3.0,19.95351871707547,3.0,19.95351871707547,3.0,2017-09-21 15:00:00,0,puerto_rico
20.5,-69.5,396.7363376125805,105,960,28.557741165161133,-0.3356456756591797,28.913755416870117,,,,,,26.29,0.328,2017,9,21,264,1,19.95351871707547,3.0,19.95351871707547,3.0,19.95351871707547,3.0,2017-09-21 18:00:00,0,puerto_rico
20.7,-69.8,434.99895923213865, , ,28.50516128540039,-0.394815444946289,28.913755416870117,,,,,,26.29,0.328,2017,9,21,264,1,19.95351871707547,3.0,19.95351871707547,3.0,19.95351871707547,3.0,2017-09-21 21:00:00,0,puerto_rico
20.8,-70.0,458.1988167803643,110,953,28.372257232666016,-0.5247936248779297,28.913755416870117,,,,,,26.29,0.328,2017,9,22,265,1,19.95351871707547,3.0,19.95351871707547,3.0,19.95351871707547,3.0,2017-09-22 00:00:00,0,puerto_rico
21.0,-70.3,496.4474751487191, , ,28.357742309570312,-0.5528926849365234,28.913755416870117,,,,,,26.29,0.328,2017,9,22,265,1,19.95351871707547,3.0,19.95351871707547,3.0,19.95351871707547,3.0,2017-09-22 03:00:00,0,puerto_rico
21.2,-70.5,526.4961169544194,110,959,28.26161193847656,-0.6481857299804688,28.910396575927734,,,,,,26.29,0.328,2017,9,22,265,1,19.95351871707547,3.0,19.95351871707547,3.0,19.95351871707547,3.0,2017-09-22 06:00:00,0,puerto_rico
21.5,-70.7,563.578270622773, , ,28.263870239257812,-0.6315021514892578,28.910396575927734,,,,,,26.29,0.328,2017,9,22,265,1,19.95351871707547,3.0,19.95351871707547,3.0,19.95351871707547,3.0,2017-09-22 09:00:00,0,puerto_rico
21.9,-70.9,608.201296465659,110,958,28.302579879760746,-0.5845928192138672,28.910396575927734,,,,,,26.29,0.328,2017,9,22,265,1,19.95351871707547,3.0,19.95351871707547,3.0,19.95351871707547,3.0,2017-09-22 12:00:00,0,puerto_rico
22.3,-71.1,653.3904466698797, , ,28.146127700805664,-0.7317714691162109,28.865278244018555,,,,,,26.29,0.328,2017,9,22,265,1,19.95351871707547,3.0,19.95351871707547,3.0,19.95351871707547,3.0,2017-09-22 15:00:00,0,puerto_rico
22.8,-71.2,699.6983008650184,110,959,28.131290435791016,-0.7390060424804688,28.865278244018555,,,,,,26.29,0.328,2017,9,22,265,1,19.95351871707547,3.0,19.95351871707547,3.0,19.95351871707547,3.0,2017-09-22 18:00:00,0,puerto_rico
23.3,-71.4,754.2114713374716, , ,28.102256774902344,-0.7701835632324219,28.870174407958984,,,,,,26.29,0.328,2017,9,22,265,1,19.95351871707547,3.0,19.95351871707547,3.0,19.95351871707547,3.0,2017-09-22 21:00:00,0,puerto_rico
23.7,-71.6,800.9361513658571,105,953,28.09258079528809,-0.7735595703125,28.8734073638916,,,,,,26.29,0.328,2017,9,23,266,1,19.95351871707547,3.0,19.95351871707547,3.0,19.95351871707547,3.0,2017-09-23 00:00:00,0,puerto_rico
24.1,-71.8,847.8492421394927, , ,28.235483169555664,-0.6085300445556641,28.828052520751953,,,,,,26.29,0.328,2017,9,23,266,1,19.95351871707547,3.0,19.95351871707547,3.0,19.95351871707547,3.0,2017-09-23 03:00:00,0,puerto_rico
24.4,-71.9,879.8942880681316,100,952,28.21193504333496,-0.6204814910888672,28.828052520751953,,,,,,26.29,0.328,2017,9,23,266,1,19.95351871707547,3.0,19.95351871707547,3.0,19.95351871707547,3.0,2017-09-23 06:00:00,0,puerto_rico
24.7,-72.0,912.1204716218684, , ,28.249353408813477,-0.5779380798339844,28.828052520751953,,,,,,26.29,0.328,2017,9,23,266,1,19.95351871707547,3.0,19.95351871707547,3.0,19.95351871707547,3.0,2017-09-23 09:00:00,0,puerto_rico
25.1,-72.1,953.279366455624,100,952,28.11515998840332,-0.6830291748046875,28.76629066467285,,,,,,26.29,0.328,2017,9,23,266,1,19.95351871707547,3.0,19.95351871707547,3.0,19.95351871707547,3.0,2017-09-23 12:00:00,0,puerto_rico
25.5,-72.2,994.7902254682596, , ,28.077741622924805,-0.7058963775634766,28.76629066467285,,,,,,26.29,0.328,2017,9,23,266,1,19.95351871707547,3.0,19.95351871707547,3.0,19.95351871707547,3.0,2017-09-23 15:00:00,0,puerto_rico
25.9,-72.3,1036.609242467089,100,952,27.78709602355957,-0.9782772064208984,28.76629066467285,,,,,,26.29,0.328,2017,9,23,266,1,19.95351871707547,3.0,19.95351871707547,3.0,19.95351871707547,3.0,2017-09-23 18:00:00,0,puerto_rico
26.2,-72.4,1069.5862236231617, , ,27.732257843017575,-1.0123577117919922,28.68714141845703,,,,,,26.29,0.328,2017,9,23,266,1,19.95351871707547,3.0,19.95351871707547,3.0,19.95351871707547,3.0,2017-09-23 21:00:00,0,puerto_rico
26.6,-72.4,1106.2558243216167,100,945,27.659677505493164,-1.0415992736816406,28.68714141845703,,,,,,26.29,0.328,2017,9,24,267,1,19.95351871707547,3.0,19.95351871707547,3.0,19.95351871707547,3.0,2017-09-24 00:00:00,0,puerto_rico
27.0,-72.5,1148.8438987513548, , ,27.463224411010746,-1.229206085205078,28.75738525390625,,,,,,26.29,0.328,2017,9,24,267,1,19.95351871707547,3.0,19.95351871707547,3.0,19.95351871707547,3.0,2017-09-24 03:00:00,0,puerto_rico
27.5,-72.6,1201.029521555279,95,942,27.263870239257812,-1.3770751953125,28.64643669128418,,,,,,26.29,0.328,2017,9,24,267,1,19.95351871707547,3.0,19.95351871707547,3.0,19.95351871707547,3.0,2017-09-24 06:00:00,0,puerto_rico
28.0,-72.7,1253.542804994097, , ,26.888063430786133,-1.670877456665039,28.64643669128418,,,,,,26.29,0.328,2017,9,24,267,1,19.95351871707547,3.0,19.95351871707547,3.0,19.95351871707547,3.0,2017-09-24 09:00:00,0,puerto_rico
28.4,-72.8,1296.7545171329425,95,947,27.061613082885746,-1.414663314819336,28.4574031829834,,,,,,26.29,0.328,2017,9,24,267,1,19.95351871707547,3.0,19.95351871707547,3.0,19.95351871707547,3.0,2017-09-24 12:00:00,0,puerto_rico
28.8,-72.9,1340.0888504461884, , ,27.29387092590332,-1.0566768646240234,28.4574031829834,,,,,,26.29,0.328,2017,9,24,267,1,19.95351871707547,3.0,19.95351871707547,3.0,19.95351871707547,3.0,2017-09-24 15:00:00,0,puerto_rico
29.1,-72.9,1369.0784186850572,90,943,27.27903175354004,-1.0033187866210938,28.181726455688477,,,,,,26.29,0.328,2017,9,24,267,1,19.95351871707547,3.0,19.95351871707547,3.0,19.95351871707547,3.0,2017-09-24 18:00:00,0,puerto_rico
29.4,-72.9,1398.2598635370312, , ,27.154193878173828,-1.0599613189697266,28.181726455688477,,,,,,26.29,0.328,2017,9,24,267,1,19.95351871707547,3.0,19.95351871707547,3.0,19.95351871707547,3.0,2017-09-24 21:00:00,0,puerto_rico
29.7,-72.9,1427.621416523904,85,947,26.972579956054688,-1.1732139587402344,28.181726455688477,,,,,,26.29,0.328,2017,9,25,268,1,19.95351871707547,3.0,19.95351871707547,3.0,19.95351871707547,3.0,2017-09-25 00:00:00,0,puerto_rico
30.0,-72.9,1457.1521878508747, , ,26.73516082763672,-1.3421058654785156,28.181726455688477,,,,,,26.29,0.328,2017,9,25,268,1,19.95351871707547,3.0,19.95351871707547,3.0,19.95351871707547,3.0,2017-09-25 03:00:00,0,puerto_rico
30.3,-72.9,1486.8420924716654,75,954,26.3564510345459,-1.583761215209961,27.905109405517575,,,,,,26.29,0.328,2017,9,25,268,1,19.95351871707547,3.0,19.95351871707547,3.0,19.95351871707547,3.0,2017-09-25 06:00:00,0,puerto_rico
30.6,-72.9,1516.6817826869626, , ,26.24419212341309,-1.6344070434570312,27.905109405517575,,,,,,26.29,0.328,2017,9,25,268,1,19.95351871707547,3.0,19.95351871707547,3.0,19.95351871707547,3.0,2017-09-25 09:00:00,0,puerto_rico
30.8,-73.0,1540.8554767634907,70,961,26.145160675048828,-1.6879119873046875,27.905109405517575,,,,,,26.29,0.328,2017,9,25,268,1,19.95351871707547,3.0,19.95351871707547,3.0,19.95351871707547,3.0,2017-09-25 12:00:00,0,puerto_rico
31.1,-73.1,1574.997595970574, , ,25.950645446777344,-1.8279571533203125,27.69001579284668,,,,,,26.29,0.328,2017,9,25,268,1,19.95351871707547,3.0,19.95351871707547,3.0,19.95351871707547,3.0,2017-09-25 15:00:00,0,puerto_rico
31.4,-73.1,1605.0178179411648,70,966,25.83096694946289,-1.8931636810302737,27.69001579284668,,,,,,26.29,0.328,2017,9,25,268,1,19.95351871707547,3.0,19.95351871707547,3.0,19.95351871707547,3.0,2017-09-25 18:00:00,0,puerto_rico
31.7,-73.1,1635.1647364679775, , ,25.78354835510254,-1.8739986419677737,27.69001579284668,,,,,,26.29,0.328,2017,9,25,268,1,19.95351871707547,3.0,19.95351871707547,3.0,19.95351871707547,3.0,2017-09-25 21:00:00,0,puerto_rico
32.0,-73.1,1665.431468782405,70,966,25.810321807861328,-1.768533706665039,27.69001579284668,,,,,,26.29,0.328,2017,9,26,269,1,19.95351871707547,3.0,19.95351871707547,3.0,19.95351871707547,3.0,2017-09-26 00:00:00,0,puerto_rico
32.3,-73.1,1695.8115970324932, , ,26.34064483642578,-1.0808219909667969,27.37677574157715,,,,,,26.29,0.328,2017,9,26,269,1,19.95351871707547,3.0,19.95351871707547,3.0,19.95351871707547,3.0,2017-09-26 03:00:00,0,puerto_rico
32.6,-73.1,1726.2991318701038,65,970,26.554515838623047,-0.7912502288818359,27.37677574157715,,,,,,26.29,0.328,2017,9,26,269,1,19.95351871707547,3.0,19.95351871707547,3.0,19.95351871707547,3.0,2017-09-26 06:00:00,0,puerto_rico
33.0,-73.1,1767.106639472303, , ,26.267742156982425,-1.0053234100341797,27.37677574157715,,,,,,26.29,0.328,2017,9,26,269,1,19.95351871707547,3.0,19.95351871707547,3.0,19.95351871707547,3.0,2017-09-26 09:00:00,0,puerto_rico
33.3,-73.1,1797.8236612299504,65,970,25.071935653686523,-2.05572509765625,27.073972702026367,,,,,,26.29,0.328,2017,9,26,269,1,19.95351871707547,3.0,19.95351871707547,3.0,19.95351871707547,3.0,2017-09-26 12:00:00,0,puerto_rico
33.6,-73.1,1828.630813426569, , ,24.77322578430176,-2.2953433990478516,27.073972702026367,,,,,,26.29,0.328,2017,9,26,269,1,19.95351871707547,3.0,19.95351871707547,3.0,19.95351871707547,3.0,2017-09-26 15:00:00,0,puerto_rico
33.9,-73.1,1859.5236137854072,65,975,24.70741844177246,-2.315671920776367,27.073972702026367,,,,,,26.29,0.328,2017,9,26,269,1,19.95351871707547,3.0,19.95351871707547,3.0,19.95351871707547,3.0,2017-09-26 18:00:00,0,puerto_rico
34.2,-73.1,1890.4978608982055, , ,24.83161163330078,-2.145998001098633,26.86473846435547,,,,,,26.29,0.328,2017,9,26,269,1,19.95351871707547,3.0,19.95351871707547,3.0,19.95351871707547,3.0,2017-09-26 21:00:00,0,puerto_rico
34.4,-73.0,1907.869846744376,65,975,25.15999984741211,-1.7721309661865234,26.86473846435547,,,,,,26.29,0.328,2017,9,27,270,1,19.95351871707547,3.0,19.95351871707547,3.0,19.95351871707547,3.0,2017-09-27 00:00:00,0,puerto_rico
34.7,-72.9,1935.8222643430704, , ,25.58322525024414,-1.2944011688232422,26.86473846435547,,,,,,26.29,0.328,2017,9,27,270,1,19.95351871707547,3.0,19.95351871707547,3.0,19.95351871707547,3.0,2017-09-27 03:00:00,0,puerto_rico
34.9,-72.9,1956.678493910825,65,976,25.63612937927246,-1.2672386169433594,26.86473846435547,,,,,,26.29,0.328,2017,9,27,270,1,19.95351871707547,3.0,19.95351871707547,3.0,19.95351871707547,3.0,2017-09-27 06:00:00,0,puerto_rico
35.1,-72.9,1977.5639132138265, , ,25.743547439575195,-1.1855621337890625,26.995525360107425,,,,,,26.29,0.328,2017,9,27,270,1,19.95351871707547,3.0,19.95351871707547,3.0,19.95351871707547,3.0,2017-09-27 09:00:00,0,puerto_rico
35.4,-72.8,2005.9155842022024,65,977,26.02257919311523,-0.9322719573974608,26.995525360107425,,,,,,26.29,0.328,2017,9,27,270,1,19.95351871707547,2.0,19.95351871707547,3.0,19.95351871707547,3.0,2017-09-27 12:00:00,0,puerto_rico
35.7,-72.7,2034.4838097973277, , ,26.03483772277832,-0.8653659820556641,26.995525360107425,,,,,,26.29,0.328,2017,9,27,270,1,60.39954655594013,1.0,19.95351871707547,3.0,19.95351871707547,3.0,2017-09-27 15:00:00,0,puerto_rico
36.0,-72.6,2063.2593291272483,65,979,26.408063888549805,-0.4683189392089844,26.995525360107425,,,,,,26.29,0.328,2017,9,27,270,1,98.74649295211748,0.0,19.95351871707547,3.0,19.95351871707547,3.0,2017-09-27 18:00:00,0,puerto_rico
36.3,-72.5,2092.2333215402537, , ,27.380643844604492,0.5519027709960938,26.73327255249023,,,,,,26.29,0.328,2017,9,27,270,1,137.232649981499,0.0,19.95351871707547,3.0,19.95351871707547,3.0,2017-09-27 21:00:00,0,puerto_rico
36.6,-72.2,2116.2293232559887,65,979,27.033870697021484,0.2934684753417969,26.95609474182129,,,,,,26.29,0.328,2017,9,28,271,1,175.7459850446237,0.0,19.95351871707547,3.0,19.95351871707547,3.0,2017-09-28 00:00:00,0,puerto_rico
36.7,-71.8,2117.1229496422375, , ,26.884193420410156,0.0994338989257812,26.95609474182129,,,,,,26.29,0.328,2017,9,28,271,1,214.25469377233512,0.0,19.95351871707547,3.0,19.95351871707547,3.0,2017-09-28 03:00:00,0,puerto_rico
36.7,-71.3,2105.8724943582283,60,982,26.2761287689209,-0.5419063568115234,26.93253517150879,,,,,,26.29,0.328,2017,9,28,271,1,252.74614582973143,0.0,19.95351871707547,3.0,19.95351871707547,3.0,2017-09-28 06:00:00,0,puerto_rico
36.8,-70.7,2104.67227230884, , ,26.294837951660156,-0.4044303894042969,26.93253517150879,,,,,,26.29,0.328,2017,9,28,271,1,297.99562943509454,0.0,19.95351871707547,3.0,19.95351871707547,3.0,2017-09-28 09:00:00,0,puerto_rico
36.8,-70.0,2092.671365456624,60,982,25.904191970825195,-0.8422298431396484,26.793548583984375,,,,,,26.29,0.328,2017,9,28,271,1,351.4605901617819,0.0,19.95351871707547,3.0,19.95351871707547,3.0,2017-09-28 12:00:00,0,puerto_rico
36.8,-69.3,2082.853169061269, , ,25.353225708007812,-1.3822593688964844,26.679786682128903,,,,,,26.29,0.328,2017,9,28,271,1,396.7363376125805,0.0,19.95351871707547,3.0,19.95351871707547,3.0,2017-09-28 15:00:00,0,puerto_rico
36.8,-68.6,2075.2489885560963,55,985,25.53419303894043,-1.1938190460205078,26.679786682128903,,,,,,26.29,0.328,2017,9,28,271,1,434.99895923213865,0.0,19.95351871707547,3.0,19.95351871707547,3.0,2017-09-28 18:00:00,0,puerto_rico
36.8,-67.8,2069.3008408035316, , ,25.519031524658203,-1.2212409973144531,26.703760147094727,,,,,,26.29,0.328,2017,9,28,271,1,458.1988167803643,0.0,19.95351871707547,3.0,19.95351871707547,3.0,2017-09-28 21:00:00,0,puerto_rico
36.9,-66.8,2077.1336670637147,55,985,25.080644607543945,-1.6677494049072266,26.73419189453125,,,,,,26.29,0.328,2017,9,29,272,1,496.4474751487191,0.0,19.95351871707547,3.0,19.95351871707547,3.0,2017-09-29 00:00:00,0,puerto_rico
37.0,-65.8,2089.578699108569, , ,25.129676818847656,-1.5774497985839844,26.726863861083984,,,,,,26.29,0.328,2017,9,29,272,1,526.4961169544194,0.0,19.95351871707547,3.0,19.95351871707547,3.0,2017-09-29 03:00:00,0,puerto_rico
37.0,-64.6,2097.1880672062466,50,987,25.9151611328125,-0.7724723815917969,26.73347282409668,,,,,,26.29,0.328,2017,9,29,272,1,563.578270622773,0.0,19.95351871707547,3.0,19.95351871707547,3.0,2017-09-29 06:00:00,0,puerto_rico
37.0,-63.4,2111.2922897188437, , ,25.61451530456543,-0.9938030242919922,26.594879150390625,,,,,,26.29,0.328,2017,9,29,272,1,608.201296465659,0.0,19.95351871707547,3.0,19.95351871707547,3.0,2017-09-29 09:00:00,0,puerto_rico
37.0,-62.0,2135.7791997726717,50,988,25.36677360534668,-1.1318855285644531,26.508453369140625,,,,,,26.29,0.328,2017,9,29,272,1,653.3904466698797,0.0,19.95351871707547,3.0,19.95351871707547,3.0,2017-09-29 12:00:00,0,puerto_rico
37.1,-60.6,2179.2507887347474, , ,24.77387046813965,-1.5202274322509766,26.277507781982425,,,,,,26.29,0.328,2017,9,29,272,1,699.6983008650184,0.0,19.95351871707547,3.0,19.95351871707547,3.0,2017-09-29 15:00:00,0,puerto_rico
37.4,-59.0,2257.341431897745,50,988,23.957096099853516,-2.1765670776367188,26.099437713623047,,,,,,26.29,0.328,2017,9,29,272,1,754.2114713374716,0.0,19.95351871707547,3.0,19.95351871707547,3.0,2017-09-29 18:00:00,0,puerto_rico
37.7,-57.3,2347.071877400866, , ,24.52064514160156,-1.4976158142089844,26.011159896850582,,,,,,26.29,0.328,2017,9,29,272,1,800.9361513658571,0.0,19.95351871707547,3.0,19.95351871707547,3.0,2017-09-29 21:00:00,0,puerto_rico
38.1,-55.6,2454.4532866052855,50,988,25.015483856201172,-0.8940563201904297,25.9378662109375,,,,,,26.29,0.328,2017,9,30,273,1,847.8492421394927,0.0,19.95351871707547,3.0,19.95351871707547,3.0,2017-09-30 00:00:00,0,puerto_rico
38.6,-53.9,2577.4607854005376, , ,24.77677345275879,-0.8863620758056641,25.727699279785156,,,,,,26.29,0.328,2017,9,30,273,1,879.8942880681316,0.0,19.95351871707547,3.0,19.95351871707547,3.0,2017-09-30 03:00:00,0,puerto_rico
39.1,-52.2,2705.071488336503,50,988,23.850000381469727,-1.464864730834961,25.1157283782959,,,,,,26.29,0.328,2017,9,30,273,1,912.1204716218684,0.0,19.95351871707547,3.0,19.95351871707547,3.0,2017-09-30 06:00:00,0,puerto_rico
39.5,-50.5,2827.668207427399, , ,23.287418365478516,-1.813682556152344,25.06316566467285,,,,,,26.29,0.328,2017,9,30,273,1,953.279366455624,0.0,19.95351871707547,3.0,19.95351871707547,3.0,2017-09-30 09:00:00,0,puerto_rico
40.0,-48.8,2962.4416329806027,50,988,23.969999313354492,-0.4458274841308594,24.83651351928711,,,,,,26.29,0.328,2017,9,30,273,1,994.7902254682596,0.0,19.95351871707547,3.0,19.95351871707547,3.0,2017-09-30 12:00:00,0,puerto_rico
40.6,-47.2,3102.1720281703297, , ,16.807418823242188,-6.553802490234375,23.482398986816406,,,,,,26.29,0.328,2017,9,30,273,1,1036.609242467089,0.0,19.95351871707547,3.0,19.95351871707547,3.0,2017-09-30 15:00:00,0,puerto_rico
41.2,-45.6,3242.977864232888,45,991,22.41419219970703,-1.1816978454589844,23.424684524536133,,,,,,26.29,0.328,2017,9,30,273,1,1069.5862236231617,0.0,19.95351871707547,3.0,19.95351871707547,3.0,2017-09-30 18:00:00,0,puerto_rico
41.7,-44.1,3370.829632284229, , ,21.722902297973633,-1.5317859649658203,23.25303840637207,,,,,,26.29,0.328,2017,9,30,273,1,1106.2558243216167,0.0,19.95351871707547,3.0,19.95351871707547,3.0,2017-09-30 21:00:00,0,puerto_rico
42.2,-42.6,3499.373902429324,45,994,21.44225692749023,0.3702354431152344,21.090951919555664,,,,,,26.15,0.411,2017,10,1,274,1,1148.8438987513548,0.0,19.95351871707547,3.0,19.95351871707547,3.0,2017-10-01 00:00:00,0,puerto_rico
42.8,-41.1,3635.6489740914703, , ,20.901935577392575,0.7752342224121094,20.391590118408203,,,,,,26.15,0.411,2017,10,1,274,1,1201.029521555279,0.0,19.95351871707547,3.0,19.95351871707547,3.0,2017-10-01 03:00:00,0,puerto_rico
43.4,-39.4,3784.272343994788,45,996,19.77903175354004,0.3862762451171875,19.21255874633789,,,,,,26.15,0.411,2017,10,1,274,1,1253.542804994097,0.0,19.95351871707547,3.0,19.95351871707547,3.0,2017-10-01 06:00:00,0,puerto_rico
44.1,-37.5,3952.2907999165286, , ,17.75516128540039,-0.6900978088378906,18.13796615600586,,,,,,26.15,0.411,2017,10,1,274,1,1296.7545171329425,0.0,19.95351871707547,3.0,19.95351871707547,3.0,2017-10-01 09:00:00,0,puerto_rico
44.9,-35.5,4132.679442973918,45,999,17.53354835510254,-0.2694644927978515,18.137723922729492,,,,,,26.15,0.411,2017,10,1,274,1,1340.0888504461884,0.0,19.95351871707547,3.0,19.95351871707547,3.0,2017-10-01 12:00:00,0,puerto_rico
45.7,-33.3,4324.737131573952, , ,17.40709686279297,0.2074012756347656,17.297578811645508,,,,,,26.15,0.411,2017,10,1,274,1,1369.0784186850572,0.0,19.95351871707547,3.0,19.95351871707547,3.0,2017-10-01 15:00:00,0,puerto_rico
46.5,-31.0,4521.932203603827,45,1003,15.660967826843262,-1.0751428604125977,16.65754508972168,,,,,,26.15,0.411,2017,10,1,274,1,1398.2598635370312,0.0,19.95351871707547,3.0,19.95351871707547,3.0,2017-10-01 18:00:00,0,puerto_rico
47.1,-28.7,4706.369283827376, , ,16.411611557006836,0.2957172393798828,15.85576057434082,,,,,,26.15,0.411,2017,10,1,274,1,1427.621416523904,0.0,19.95351871707547,3.0,19.95351871707547,3.0,2017-10-01 21:00:00,0,puerto_rico
47.5,-26.5,4873.056661492869,40,1005,15.94935417175293,-0.1272811889648437,15.98193359375,,,,,,26.15,0.411,2017,10,2,275,1,1457.1521878508747,0.0,19.95351871707547,3.0,19.95351871707547,3.0,2017-10-02 00:00:00,0,puerto_rico
47.8,-24.3,5035.0861928314125, , ,15.80322551727295,0.0282964706420898,16.00408172607422,,,,,,26.15,0.411,2017,10,2,275,1,1486.8420924716654,0.0,19.95351871707547,3.0,19.95351871707547,3.0,2017-10-02 03:00:00,0,puerto_rico
48.0,-22.0,5200.028077002044,40,1012,16.41128921508789,0.528498649597168,16.104473114013672,,,,,,26.15,0.411,2017,10,2,275,1,1516.6817826869626,0.0,19.95351871707547,3.0,19.95351871707547,3.0,2017-10-02 06:00:00,0,puerto_rico
48.1,-19.5,5375.884126493486, , ,15.960322380065918,0.115696907043457,15.647124290466309,,,,,,26.15,0.411,2017,10,2,275,1,1540.8554767634907,0.0,19.95351871707547,3.0,19.95351871707547,3.0,2017-10-02 09:00:00,0,puerto_rico
48.0,-17.0,5546.477294978883,30,1016,16.5587100982666,0.5870742797851562,16.164339065551758,,,,,,26.15,0.411,2017,10,2,275,1,1574.997595970574,0.0,19.95351871707547,3.0,19.95351871707547,3.0,2017-10-02 12:00:00,0,puerto_rico
14.4,-47.3,2100.788769630074,30,1008,28.299999237060547,0.8919658660888672,27.35955810546875,,,,,,26.26,0.425,2020,8,20,233,1,2100.788769630074,0.0,2100.788769630074,0.0,2100.788769630074,0.0,2020-08-20 00:00:00,0,puerto_rico
14.9,-48.5,1962.14815700112, , ,28.301666259765625,0.8326282501220703,27.532861709594727,,,,,,26.26,0.425,2020,8,20,233,1,1962.14815700112,0.0,1962.14815700112,0.0,1962.14815700112,0.0,2020-08-20 03:00:00,0,puerto_rico
15.4,-49.6,1834.6996049014929,30,1008,28.34833335876465,0.8139381408691406,27.56073570251465,,,,,,26.26,0.425,2020,8,20,233,1,1834.6996049014929,0.0,1834.6996049014929,0.0,1834.6996049014929,0.0,2020-08-20 06:00:00,0,puerto_rico
15.8,-50.6,1720.7791130162266, , ,28.398332595825195,0.7961139678955078,27.650928497314453,,,,,,26.26,0.425,2020,8,20,233,1,1720.7791130162266,0.0,1720.7791130162266,0.0,1720.7791130162266,0.0,2020-08-20 09:00:00,0,puerto_rico
16.1,-51.6,1609.4754921710237,30,1008,28.705665588378903,1.0037155151367188,27.72699737548828,,,,,,26.26,0.425,2020,8,20,233,1,1609.4754921710237,0.0,1609.4754921710237,0.0,1609.4754921710237,0.0,2020-08-20 12:00:00,0,puerto_rico
16.4,-52.5,1509.0116291478585, , ,28.893999099731445,1.0791358947753906,27.855640411376953,,,,,,26.26,0.425,2020,8,20,233,1,1509.0116291478585,0.0,1509.0116291478585,0.0,1509.0116291478585,0.0,2020-08-20 15:00:00,0,puerto_rico
16.6,-53.4,1410.6993396444732,30,1008,28.955665588378903,1.0553817749023438,27.855640411376953,,,,,,26.26,0.425,2020,8,20,233,1,1410.6993396444732,0.0,1410.6993396444732,0.0,1410.6993396444732,0.0,2020-08-20 18:00:00,0,puerto_rico
16.7,-54.4,1303.7667521517417, , ,29.152332305908203,1.1229000091552734,27.996055603027344,,,,,,26.26,0.425,2020,8,20,233,1,1303.7667521517417,0.0,1303.7667521517417,0.0,1303.7667521517417,0.0,2020-08-20 21:00:00,0,puerto_rico
16.8,-55.5,1186.3812928272257,30,1008,29.336332321166992,1.196319580078125,28.188751220703125,,,,,,26.26,0.425,2020,8,21,234,1,1186.3812928272257,0.0,1186.3812928272257,0.0,1186.3812928272257,0.0,2020-08-21 00:00:00,0,puerto_rico
16.9,-56.5,1079.5632395492848, , ,29.386333465576172,1.1675071716308594,28.273292541503903,,,,,,26.26,0.425,2020,8,21,234,1,1079.5632395492848,0.0,1079.5632395492848,0.0,1079.5632395492848,0.0,2020-08-21 03:00:00,0,puerto_rico
16.9,-57.5,974.6789796247098,30,1008,29.306665420532227,1.019977569580078,28.334890365600582,,,,,,26.26,0.425,2020,8,21,234,1,974.6789796247098,0.0,974.6789796247098,0.0,974.6789796247098,0.0,2020-08-21 06:00:00,0,puerto_rico
16.9,-58.5,870.0527457176624, , ,29.577665328979492,1.2438278198242188,28.35809326171875,,,,,,26.26,0.425,2020,8,21,234,1,870.0527457176624,0.0,870.0527457176624,0.0,870.0527457176624,0.0,2020-08-21 09:00:00,0,puerto_rico
17.0,-59.4,773.9673069490478,40,1008,29.5766658782959,1.2115821838378906,28.35809326171875,,,,,,26.26,0.425,2020,8,21,234,1,773.9673069490478,0.0,773.9673069490478,0.0,773.9673069490478,0.0,2020-08-21 12:00:00,0,puerto_rico
17.1,-60.3,677.9726203090798, , ,29.529333114624023,1.1263160705566406,28.369544982910156,,,,,,26.26,0.425,2020,8,21,234,1,677.9726203090798,0.0,677.9726203090798,0.0,677.9726203090798,0.0,2020-08-21 15:00:00,0,puerto_rico
17.1,-61.1,594.869419461743,40,1007,29.52033233642578,1.0741233825683594,28.396869659423828,,,,,,26.26,0.425,2020,8,21,234,1,594.869419461743,0.0,594.869419461743,0.0,594.869419461743,0.0,2020-08-21 18:00:00,0,puerto_rico
17.1,-61.8,522.5864927481543,40,1007,29.518665313720703,1.003683090209961,28.473453521728516,,,,,,26.26,0.425,2020,8,21,234,1,522.5864927481543,0.0,522.5864927481543,0.0,522.5864927481543,0.0,2020-08-21 20:30:00,0,puerto_rico
17.1,-61.9,512.304012071772, , ,29.518665313720703,1.003683090209961,28.473453521728516,,,,,,26.26,0.425,2020,8,21,234,1,512.304012071772,0.0,512.304012071772,0.0,512.304012071772,0.0,2020-08-21 21:00:00,0,puerto_rico
17.1,-62.6,440.73962947186055,40,1007,29.5679988861084,0.9815082550048828,28.597084045410156,,,,,,26.26,0.425,2020,8,21,234,1,440.73962947186055,0.0,440.73962947186055,0.0,440.73962947186055,0.0,2020-08-21 23:30:00,0,puerto_rico
17.1,-62.8,420.4577709666744,40,1007,29.625999450683594,1.0154914855957031,28.597084045410156,,,,,,26.26,0.425,2020,8,22,235,1,420.4577709666744,0.0,420.4577709666744,0.0,420.4577709666744,0.0,2020-08-22 00:00:00,0,puerto_rico
17.2,-63.7,326.49171967938213, , ,29.709333419799805,1.0563907623291016,28.66161346435547,,,,,,26.26,0.425,2020,8,22,235,1,326.49171967938213,0.0,326.49171967938213,0.0,326.49171967938213,0.0,2020-08-22 03:00:00,0,puerto_rico
17.4,-64.4,249.16999546709675,40,1007,29.68400001525879,1.0151081085205078,28.66161346435547,,,,,,26.26,0.425,2020,8,22,235,1,249.16999546709675,0.0,249.16999546709675,0.0,249.16999546709675,0.0,2020-08-22 06:00:00,0,puerto_rico
17.6,-65.2,162.47351119845578, , ,29.72166633605957,1.0554180145263672,28.674211502075195,,,,,,26.26,0.425,2020,8,22,235,1,162.47351119845578,0.0,162.47351119845578,0.0,162.47351119845578,0.0,2020-08-22 09:00:00,0,puerto_rico
17.7,-65.9,93.17729177500352,45,1006,29.82499885559082,1.1467876434326172,28.69144630432129,,,,,,26.26,0.425,2020,8,22,235,1,93.17729177500352,0.0,93.17729177500352,0.0,93.17729177500352,0.0,2020-08-22 12:00:00,1,puerto_rico
17.8,-66.7,48.21245182257244, , ,29.94533348083496,1.246538162231445,28.727550506591797,,,,,,26.26,0.425,2020,8,22,235,1,48.21245182257244,1.0,48.21245182257244,1.0,48.21245182257244,1.0,2020-08-22 15:00:00,1,puerto_rico
17.9,-67.4,92.75310812688976,45,1004,29.832332611083984,1.1226787567138672,28.727550506591797,,,,,,26.26,0.425,2020,8,22,235,1,48.21245182257244,1.0,48.21245182257244,1.0,48.21245182257244,1.0,2020-08-22 18:00:00,1,puerto_rico
18.0,-68.1,161.4527956012466, , ,29.67566680908203,0.9906158447265624,28.697114944458008,,,,,,26.26,0.425,2020,8,22,235,1,48.21245182257244,1.0,48.21245182257244,1.0,48.21245182257244,1.0,2020-08-22 21:00:00,1,puerto_rico
18.2,-68.8,233.43242542289192,45,1004,29.738998413085938,1.0600738525390625,28.68655014038086,,,,,,26.26,0.425,2020,8,23,236,1,48.21245182257244,1.0,48.21245182257244,1.0,48.21245182257244,1.0,2020-08-23 00:00:00,0,puerto_rico
18.3,-69.6,317.94996589268015, , ,29.661333084106445,0.9759082794189452,28.69422149658203,,,,,,26.26,0.425,2020,8,23,236,1,48.21245182257244,1.0,48.21245182257244,1.0,48.21245182257244,1.0,2020-08-23 03:00:00,0,puerto_rico
18.4,-70.0,360.5116054371357,45,1004,,,28.69422149658203,,,,,,26.26,0.425,2020,8,23,236,1,48.21245182257244,1.0,48.21245182257244,1.0,48.21245182257244,1.0,2020-08-23 04:30:00,0,puerto_rico
18.5,-70.3,392.7438543479216,45,1004,,,28.69422149658203,,,,,,26.26,0.425,2020,8,23,236,1,48.21245182257244,1.0,48.21245182257244,1.0,48.21245182257244,1.0,2020-08-23 06:00:00,0,puerto_rico
18.6,-71.2,488.1721939360217, , ,,,28.892066955566406,,,,,,26.26,0.425,2020,8,23,236,1,48.21245182257244,1.0,48.21245182257244,1.0,48.21245182257244,1.0,2020-08-23 09:00:00,0,puerto_rico
18.8,-72.3,605.4719262572931,45,1004,,,29.33190536499023,,,,,,26.26,0.425,2020,8,23,236,1,48.21245182257244,1.0,48.21245182257244,1.0,48.21245182257244,1.0,2020-08-23 12:00:00,0,puerto_rico
19.1,-73.3,713.5632768545275, , ,30.408666610717773,0.7505168914794922,29.802295684814453,,,,,,26.26,0.425,2020,8,23,236,1,48.21245182257244,1.0,48.21245182257244,1.0,48.21245182257244,1.0,2020-08-23 15:00:00,0,puerto_rico
19.4,-74.3,821.9566590330692,55,1002,30.08300018310547,0.5576820373535156,29.582813262939453,,,,,,26.26,0.425,2020,8,23,236,1,48.21245182257244,1.0,48.21245182257244,1.0,48.21245182257244,1.0,2020-08-23 18:00:00,0,puerto_rico
19.6,-75.2,918.4788801037956, , ,30.165332794189453,,29.469470977783203,,,,,,26.26,0.425,2020,8,23,236,1,48.21245182257244,1.0,48.21245182257244,1.0,48.21245182257244,1.0,2020-08-23 21:00:00,0,puerto_rico
19.8,-76.0,1004.5712382635786,55,1000,30.268665313720703,,29.64947509765625,,,,,,26.26,0.425,2020,8,24,237,1,48.21245182257244,1.0,48.21245182257244,1.0,48.21245182257244,1.0,2020-08-24 00:00:00,0,puerto_rico
20.0,-76.6,1069.957533742506,55,1000,30.23433303833008,,29.66514778137207,,,,,,26.26,0.425,2020,8,24,237,1,48.21245182257244,1.0,48.21245182257244,1.0,48.21245182257244,1.0,2020-08-24 02:00:00,0,puerto_rico
20.1,-76.9,1102.6575868151838, , ,,,30.493581771850582,,,,,,26.26,0.425,2020,8,24,237,1,48.21245182257244,1.0,48.21245182257244,1.0,48.21245182257244,1.0,2020-08-24 03:00:00,0,puerto_rico
20.2,-77.8,1197.1936796492828,50,1000,30.55466651916504,0.4984817504882812,30.233503341674805,,,,,,26.26,0.425,2020,8,24,237,1,48.21245182257244,1.0,48.21245182257244,1.0,48.21245182257244,1.0,2020-08-24 06:00:00,0,puerto_rico
20.5,-78.7,1295.0779974346528, , ,30.314666748046875,0.2950859069824219,29.959632873535156,,,,,,26.26,0.425,2020,8,24,237,1,48.21245182257244,1.0,48.21245182257244,1.0,48.21245182257244,1.0,2020-08-24 09:00:00,0,puerto_rico
20.8,-79.7,1403.1770022836895,50,1002,30.3093318939209,0.3663444519042969,29.82927894592285,,,,,,26.26,0.425,2020,8,24,237,1,48.21245182257244,1.0,48.21245182257244,1.0,48.21245182257244,1.0,2020-08-24 12:00:00,0,puerto_rico
21.1,-80.6,1500.9260351184407, , ,30.378000259399418,0.4932460784912109,29.93000030517578,,,,,,26.26,0.425,2020,8,24,237,1,48.21245182257244,1.0,48.21245182257244,1.0,48.21245182257244,1.0,2020-08-24 15:00:00,0,puerto_rico
21.5,-81.5,1600.5776240837329,50,1001,30.28233337402344,0.2688922882080078,30.1167049407959,,,,,,26.26,0.425,2020,8,24,237,1,48.21245182257244,1.0,48.21245182257244,1.0,48.21245182257244,1.0,2020-08-24 18:00:00,0,puerto_rico
21.9,-82.4,1700.2607112779883, , ,30.405332565307617,0.2285785675048828,30.1167049407959,,,,,,26.26,0.425,2020,8,24,237,1,48.21245182257244,1.0,48.21245182257244,1.0,48.21245182257244,1.0,2020-08-24 21:00:00,0,puerto_rico
22.3,-83.3,1799.9192523175548,55,998,,,30.39694023132324,,,,,,26.26,0.425,2020,8,25,238,1,48.21245182257244,1.0,48.21245182257244,1.0,48.21245182257244,1.0,2020-08-25 00:00:00,0,puerto_rico
22.6,-84.1,1887.1796139527144, , ,29.922666549682617,0.0348339080810546,29.916563034057617,,,,,,26.26,0.425,2020,8,25,238,1,48.21245182257244,1.0,48.21245182257244,1.0,48.21245182257244,1.0,2020-08-25 03:00:00,0,puerto_rico
22.8,-84.8,1962.0069345836664,60,995,29.932666778564453,0.0964984893798828,29.847047805786133,,,,,,26.26,0.425,2020,8,25,238,1,48.21245182257244,1.0,48.21245182257244,1.0,48.21245182257244,1.0,2020-08-25 06:00:00,0,puerto_rico
23.1,-85.5,2038.9900129336747, , ,30.05533218383789,0.3200206756591797,29.758466720581055,,,,,,26.26,0.425,2020,8,25,238,1,48.21245182257244,1.0,48.21245182257244,1.0,48.21245182257244,1.0,2020-08-25 09:00:00,0,puerto_rico
23.4,-86.2,2115.882218237311,65,990,30.018333435058594,0.3015079498291015,29.758466720581055,,,,,,26.26,0.425,2020,8,25,238,1,48.21245182257244,1.0,48.21245182257244,1.0,48.21245182257244,1.0,2020-08-25 12:00:00,0,puerto_rico
23.7,-86.9,2192.67219681611, , ,29.948331832885746,0.2758216857910156,29.640323638916016,,,,,,26.26,0.425,2020,8,25,238,1,48.21245182257244,1.0,48.21245182257244,1.0,48.21245182257244,1.0,2020-08-25 15:00:00,0,puerto_rico
24.1,-87.5,2261.86574670559,70,990,30.018665313720703,0.2432937622070312,29.795480728149418,,,,,,26.26,0.425,2020,8,25,238,1,48.21245182257244,1.0,48.21245182257244,1.0,48.21245182257244,1.0,2020-08-25 18:00:00,0,puerto_rico
24.5,-88.2,2340.9761535649795, , ,29.91666603088379,0.101114273071289,29.795480728149418,,,,,,26.26,0.425,2020,8,25,238,1,48.21245182257244,1.0,48.21245182257244,1.0,48.21245182257244,1.0,2020-08-25 21:00:00,0,puerto_rico
24.9,-88.9,2420.031328853013,75,983,29.722665786743164,-0.1916217803955078,29.950183868408203,,,,,,26.26,0.425,2020,8,26,239,1,48.21245182257244,1.0,48.21245182257244,1.0,48.21245182257244,1.0,2020-08-26 00:00:00,0,puerto_rico
25.2,-89.6,2496.385562822024, , ,29.716665267944336,-0.2352275848388672,29.962055206298828,,,,,,26.26,0.425,2020,8,26,239,1,48.21245182257244,1.0,48.21245182257244,1.0,48.21245182257244,1.0,2020-08-26 03:00:00,0,puerto_rico
25.6,-90.2,2565.4786095030586,90,978,29.685998916625977,-0.2757225036621094,29.962055206298828,,,,,,26.26,0.425,2020,8,26,239,1,48.21245182257244,1.0,48.21245182257244,1.0,48.21245182257244,1.0,2020-08-26 06:00:00,0,puerto_rico
26.0,-90.8,2634.5506375044292, , ,29.743331909179688,-0.2363777160644531,30.00134658813477,,,,,,26.26,0.425,2020,8,26,239,1,48.21245182257244,1.0,48.21245182257244,1.0,48.21245182257244,1.0,2020-08-26 09:00:00,0,puerto_rico
26.4,-91.4,2703.5826876402384,100,963,29.518333435058594,-0.4569911956787109,29.9563045501709,,,,,,26.26,0.425,2020,8,26,239,1,48.21245182257244,1.0,48.21245182257244,1.0,48.21245182257244,1.0,2020-08-26 12:00:00,0,puerto_rico
26.8,-92.0,2772.557316140432, , ,29.34599876403809,-0.6292934417724609,29.99197006225586,,,,,,26.26,0.425,2020,8,26,239,1,48.21245182257244,1.0,48.21245182257244,1.0,48.21245182257244,1.0,2020-08-26 15:00:00,0,puerto_rico
27.3,-92.5,2834.836829956235,120,952,29.20433235168457,-0.7288112640380859,29.907670974731445,,,,,,26.26,0.425,2020,8,26,239,1,48.21245182257244,1.0,48.21245182257244,1.0,48.21245182257244,1.0,2020-08-26 18:00:00,0,puerto_rico
27.9,-92.8,2881.464623264635, , ,29.152332305908203,-0.7598304748535156,29.907670974731445,,,,,,26.26,0.425,2020,8,26,239,1,48.21245182257244,1.0,48.21245182257244,1.0,48.21245182257244,1.0,2020-08-26 21:00:00,0,puerto_rico
28.5,-93.0,2919.4691289120956,130,937,29.08866500854492,-0.8100547790527344,29.90683364868164,,,,,,26.26,0.425,2020,8,27,240,1,48.21245182257244,1.0,48.21245182257244,1.0,48.21245182257244,1.0,2020-08-27 00:00:00,0,puerto_rico
29.1,-93.2,2958.3387907577385, , ,28.94499969482422,-1.061239242553711,30.06842041015625,,,,,,26.26,0.425,2020,8,27,240,1,48.21245182257244,1.0,48.21245182257244,1.0,48.21245182257244,1.0,2020-08-27 03:00:00,0,puerto_rico
29.8,-93.3,2992.5860316777907,130,939,,,30.06842041015625,,,,,,26.26,0.425,2020,8,27,240,1,48.21245182257244,1.0,48.21245182257244,1.0,48.21245182257244,1.0,2020-08-27 06:00:00,0,puerto_rico
30.5,-93.4,3028.2330619604218, , ,,,,,,,,,26.26,0.425,2020,8,27,240,1,48.21245182257244,1.0,48.21245182257244,1.0,48.21245182257244,1.0,2020-08-27 09:00:00,0,puerto_rico
31.2,-93.3,3047.5701642115855,85,970,,,,,,,,,26.26,0.425,2020,8,27,240,1,48.21245182257244,1.0,48.21245182257244,1.0,48.21245182257244,1.0,2020-08-27 12:00:00,0,puerto_rico
32.0,-93.1,3064.548558099384, , ,,,,,,,,,26.26,0.425,2020,8,27,240,1,48.21245182257244,1.0,48.21245182257244,1.0,48.21245182257244,1.0,2020-08-27 15:00:00,0,puerto_rico
32.8,-92.9,3084.227694729088,55,988,,,,,,,,,26.26,0.425,2020,8,27,240,1,48.21245182257244,1.0,48.21245182257244,1.0,48.21245182257244,1.0,2020-08-27 18:00:00,0,puerto_rico
33.6,-92.7,3106.5602932277643, , ,,,,,,,,,26.26,0.425,2020,8,27,240,1,48.21245182257244,1.0,48.21245182257244,1.0,48.21245182257244,1.0,2020-08-27 21:00:00,0,puerto_rico
34.4,-92.5,3131.4934793089337,35,993,,,,,,,,,26.26,0.425,2020,8,28,241,1,48.21245182257244,1.0,48.21245182257244,1.0,48.21245182257244,1.0,2020-08-28 00:00:00,0,puerto_rico
35.0,-92.3,3147.906903156944, , ,,,,,,,,,26.26,0.425,2020,8,28,241,1,48.21245182257244,1.0,48.21245182257244,1.0,48.21245182257244,1.0,2020-08-28 03:00:00,0,puerto_rico
35.4,-92.0,3146.713510366156,25,998,,,,,,,,,26.26,0.425,2020,8,28,241,1,48.21245182257244,1.0,48.21245182257244,1.0,48.21245182257244,1.0,2020-08-28 06:00:00,0,puerto_rico
35.8,-91.7,3146.586238750638, , ,,,,,,,,,26.26,0.425,2020,8,28,241,1,48.21245182257244,1.0,48.21245182257244,1.0,48.21245182257244,1.0,2020-08-28 09:00:00,0,puerto_rico
36.1,-91.2,3126.4067716772847,25,1000,,,,,,,,,26.26,0.425,2020,8,28,241,1,48.21245182257244,1.0,48.21245182257244,1.0,48.21245182257244,1.0,2020-08-28 12:00:00,0,puerto_rico
36.6,-90.7,3119.9697108295663, , ,,,,,,,,,26.26,0.425,2020,8,28,241,1,48.21245182257244,1.0,48.21245182257244,1.0,48.21245182257244,1.0,2020-08-28 15:00:00,0,puerto_rico
37.0,-90.0,3094.7338059001727,25,1003,,,,,,,,,26.26,0.425,2020,8,28,241,1,48.21245182257244,1.0,48.21245182257244,1.0,48.21245182257244,1.0,2020-08-28 18:00:00,0,puerto_rico
37.3,-89.1,3051.0765539784484, , ,,,,,,,,,26.26,0.425,2020,8,28,241,1,48.21245182257244,1.0,48.21245182257244,1.0,48.21245182257244,1.0,2020-08-28 21:00:00,0,puerto_rico
37.5,-88.0,2989.43475692332,25,1004,,,,,,,,,26.26,0.425,2020,8,29,242,1,48.21245182257244,1.0,48.21245182257244,1.0,48.21245182257244,1.0,2020-08-29 00:00:00,0,puerto_rico
37.9,-86.5,2920.0062779380014, , ,,,,,,,,,26.26,0.425,2020,8,29,242,1,48.21245182257244,1.0,48.21245182257244,1.0,48.21245182257244,1.0,2020-08-29 03:00:00,0,puerto_rico
38.3,-84.8,2845.793510062353,20,1004,,,,,,,,,26.26,0.425,2020,8,29,242,1,48.21245182257244,1.0,48.21245182257244,1.0,48.21245182257244,1.0,2020-08-29 06:00:00,0,puerto_rico
