SID,NAME,ISO_TIME,LAT,LON,WMO_WIND,WMO_PRES,BASIN,SEASON,NUMBER,dist_to_miami_km,impact_next30,distance_km_poly,sst_current,sst_anom,sst_climo,merra_slp,merra_t2m,merra_rh2m,merra_u10,merra_v10,year,month,nino34,amo
1981183N24281,UNNAMED,1981-07-02 06:00:00,24.0,-79.0,20, ,,1981,43,229.8370878049577,0,15.560768856166517,29.483333587646484,0.12163925170898438,29.28543472290039,,,,,,1981,7,26.65,-0.102
1981183N24281,UNNAMED,1981-07-02 09:00:00,24.4,-79.6, , ,,1981,43,162.72113275761367,1,0.0,29.27400016784668,-0.025482177734375,29.161012649536133,,,,,,1981,7,26.65,-0.102
1981183N24281,UNNAMED,1981-07-02 12:00:00,25.0,-80.0,25, ,,1981,43,86.86128873894148,1,0.0,29.264331817626953,0.041835784912109375,29.161012649536133,,,,,,1981,7,26.65,-0.102
1981183N24281,UNNAMED,1981-07-02 15:00:00,25.9,-80.2, , ,,1981,43,15.400141897022278,1,0.0,29.206998825073242,,29.201753616333008,,,,,,1981,7,26.65,-0.102
1981183N24281,UNNAMED,1981-07-02 18:00:00,26.8,-80.3,25, ,,1981,43,115.95655816767268,1,0.0,,,29.13840675354004,,,,,,1981,7,26.65,-0.102
1981183N24281,UNNAMED,1981-07-02 21:00:00,27.4,-80.4, , ,,1981,43,183.34323726434295,1,0.0,,,28.574907302856445,,,,,,1981,7,26.65,-0.102
1981183N24281,UNNAMED,1981-07-03 00:00:00,28.0,-80.5,25, ,,1981,43,250.7572336656916,1,0.0,,,,,,,,,1981,7,26.65,-0.102
1981183N24281,UNNAMED,1981-07-03 03:00:00,28.6,-80.7, , ,,1981,43,319.5813996051289,1,0.0,27.944665908813477,0.06986808776855469,27.46038055419922,,,,,,1981,7,26.65,-0.102
1981183N24281,UNNAMED,1981-07-03 06:00:00,29.2,-80.8,30, ,,1981,43,386.9980901922669,1,0.0,27.56999969482422,-0.23706436157226562,27.823360443115234,,,,,,1981,7,26.65,-0.102
1981183N24281,UNNAMED,1981-07-03 09:00:00,30.1,-81.0, , ,,1981,43,488.8818884162219,1,0.0,27.139331817626953,,27.99333953857422,,,,,,1981,7,26.65,-0.102
1981183N24281,UNNAMED,1981-07-03 12:00:00,31.0,-81.0,30, ,,1981,43,587.8072521017518,1,0.0,27.10999870300293,,27.99333953857422,,,,,,1981,7,26.65,-0.102
1981183N24281,UNNAMED,1981-07-03 15:00:00,31.8,-80.8, , ,,1981,43,674.035048031373,0,7.229634834691177,26.721332550048828,-1.6972808837890625,28.33231544494629,,,,,,1981,7,26.65,-0.102
1981183N24281,UNNAMED,1981-07-03 18:00:00,32.5,-80.5,25, ,,1981,43,749.8612106065766,0,104.70804780121908,,,28.613300323486328,,,,,,1981,7,26.65,-0.102
1981183N24281,UNNAMED,1981-07-03 21:00:00,33.2,-80.2, , ,,1981,43,827.1016026726611,0,203.1716794752106,,,,,,,,,1981,7,26.65,-0.102
1981183N24281,UNNAMED,1981-07-04 00:00:00,34.0,-80.0, , ,,1981,43,916.2431494756062,0,311.15975215672137,,,,,,,,,1981,7,26.65,-0.102
1981219N11334,DENNIS,1981-08-07 06:00:00,10.5,-25.7,30,1009,,1981,59,5959.111609874693,0,6129.245393115257,27.36199951171875,-0.018236160278320312,27.42215347290039,,,,,,1981,8,26.33,-0.123
1981219N11334,DENNIS,1981-08-07 09:00:00,10.7,-27.0, , ,,1981,59,5820.5121333340885,0,5983.8195324633425,27.48033332824707,-0.045085906982421875,27.51361846923828,,,,,,1981,8,26.33,-0.123
1981219N11334,DENNIS,1981-08-07 12:00:00,10.8,-28.1,30,1008,,1981,59,5706.499674998208,0,5862.971498492943,27.174665451049805,-0.4224205017089844,27.580181121826172,,,,,,1981,8,26.33,-0.123
1981219N11334,DENNIS,1981-08-07 15:00:00,10.9,-28.9, , ,,1981,59,5622.380282924105,0,5774.274211565122,27.373998641967773,-0.24943923950195312,27.60703468322754,,,,,,1981,8,26.33,-0.123
1981219N11334,DENNIS,1981-08-07 18:00:00,11.0,-29.6,30,1007,,1981,59,5548.236140942696,0,5696.292540522486,27.33566665649414,-0.3163642883300781,27.656429290771484,,,,,,1981,8,26.33,-0.123
1981219N11334,DENNIS,1981-08-07 21:00:00,11.1,-30.4, , ,,1981,59,5464.203361019126,0,5607.654331393984,27.336999893188477,-0.3457622528076172,27.68342399597168,,,,,,1981,8,26.33,-0.123
1981219N11334,DENNIS,1981-08-08 00:00:00,11.3,-31.3,35,1006,,1981,59,5365.675992079336,0,5505.145604286014,27.43633270263672,-0.24965286254882812,27.686969757080078,,,,,,1981,8,26.33,-0.123
1981219N11334,DENNIS,1981-08-08 03:00:00,11.5,-32.2, , ,,1981,59,5267.206838820833,0,5402.640612255509,27.474998474121094,-0.19977951049804688,27.670940399169922,,,,,,1981,8,26.33,-0.123
1981219N11334,DENNIS,1981-08-08 06:00:00,11.7,-33.1,35,1005,,1981,59,5168.797627662401,0,5300.139689742118,27.43633270263672,-0.182220458984375,27.641857147216797,,,,,,1981,8,26.33,-0.123
1981219N11334,DENNIS,1981-08-08 09:00:00,11.8,-34.1, , ,,1981,59,5065.182544778248,0,5190.2805204584565,27.532665252685547,-0.018718719482421875,27.6258602142334,,,,,,1981,8,26.33,-0.123
1981219N11334,DENNIS,1981-08-08 12:00:00,12.0,-35.0,35,1004,,1981,59,4966.905226161396,0,5087.811328872649,27.55266571044922,0.022771835327148438,27.616113662719727,,,,,,1981,8,26.33,-0.123
1981219N11334,DENNIS,1981-08-08 15:00:00,12.2,-35.8, , ,,1981,59,4878.5729713454275,0,4995.990681076233,27.430999755859375,-0.024721145629882812,27.35344123840332,,,,,,1981,8,26.33,-0.123
1981219N11334,DENNIS,1981-08-08 18:00:00,12.5,-36.7,40,1003,,1981,59,4775.796504800808,0,4890.184554415556,27.422332763671875,0.010629653930664062,27.395851135253906,,,,,,1981,8,26.33,-0.123
1981219N11334,DENNIS,1981-08-08 21:00:00,12.7,-37.7, , ,,1981,59,4667.847722763645,0,4777.070730275408,27.41266632080078,0.022672653198242188,27.444568634033203,,,,,,1981,8,26.33,-0.123
1981219N11334,DENNIS,1981-08-09 00:00:00,12.8,-38.7,40,1002,,1981,59,4564.625352840073,0,4667.3774313492,27.163331985473633,-0.1785888671875,27.456003189086914,,,,,,1981,8,26.33,-0.123
1981219N11334,DENNIS,1981-08-09 03:00:00,13.0,-39.7, , ,,1981,59,4456.867072527296,0,4554.335012079149,27.238332748413086,-0.12774085998535156,27.480506896972656,,,,,,1981,8,26.33,-0.123
1981219N11334,DENNIS,1981-08-09 06:00:00,13.1,-40.8,40,1001,,1981,59,4344.055332636252,0,4434.208628473753,27.357666015625,0.010066986083984375,27.255373001098633,,,,,,1981,8,26.33,-0.123
1981219N11334,DENNIS,1981-08-09 09:00:00,13.2,-41.9, , ,,1981,59,4231.424199868802,0,4314.241793856108,27.75033187866211,0.3641777038574219,27.282896041870117,,,,,,1981,8,26.33,-0.123
1981219N11334,DENNIS,1981-08-09 12:00:00,13.3,-43.0,40,1001,,1981,59,4118.988622508983,0,4194.448223825172,27.680999755859375,0.3451557159423828,27.28641128540039,,,,,,1981,8,26.33,-0.123
1981219N11334,DENNIS,1981-08-09 15:00:00,13.4,-44.0, , ,,1981,59,4016.521690502643,0,4085.3702261447384,27.65566635131836,0.2576789855957031,27.351491928100586,,,,,,1981,8,26.33,-0.123
1981219N11334,DENNIS,1981-08-09 18:00:00,13.5,-45.0,40,1001,,1981,59,3914.235981301057,0,3976.447812649613,27.58366584777832,0.1244049072265625,27.418270111083984,,,,,,1981,8,26.33,-0.123
1981219N11334,DENNIS,1981-08-09 21:00:00,13.5,-46.0, , ,,1981,59,3817.038139741182,0,3871.551670817496,27.490665435791016,-0.026826858520507812,27.47793197631836,,,,,,1981,8,26.33,-0.123
1981219N11334,DENNIS,1981-08-10 00:00:00,13.5,-47.0,40,1001,,1981,59,3720.168942823462,0,3766.896980205503,27.619998931884766,0.03668022155761719,27.543792724609375,,,,,,1981,8,26.33,-0.123
1981219N11334,DENNIS,1981-08-10 03:00:00,13.5,-48.0, , ,,1981,59,3623.6588566211785,0,3662.634039547296,27.529998779296875,-0.12383270263671875,27.613630294799805,,,,,,1981,8,26.33,-0.123
1981219N11334,DENNIS,1981-08-10 06:00:00,13.5,-49.0,40,1002,,1981,59,3527.541417133569,0,3558.798591362077,27.619998931884766,-0.10047149658203125,27.681522369384766,,,,,,1981,8,26.33,-0.123
1981219N11334,DENNIS,1981-08-10 09:00:00,13.5,-50.0, , ,,1981,59,3431.853628636756,0,3455.429174237523,27.64699935913086,-0.14280319213867188,27.752559661865234,,,,,,1981,8,26.33,-0.123
1981219N11334,DENNIS,1981-08-10 12:00:00,13.5,-51.0,40,1004,,1981,59,3336.63642095171,0,3352.568895716218,27.80099868774414,-0.07341575622558594,27.836210250854492,,,,,,1981,8,26.33,-0.123
1981219N11334,DENNIS,1981-08-10 15:00:00,13.5,-52.0, , ,,1981,59,3241.9351751434256,0,3250.2660938662943,27.836332321166992,-0.1403369903564453,27.94483757019043,,,,,,1981,8,26.33,-0.123
1981219N11334,DENNIS,1981-08-10 18:00:00,13.6,-52.9,35,1006,,1981,59,3151.686876293212,0,3154.014497893501,27.67966651916504,-0.32932472229003906,28.029308319091797,,,,,,1981,8,26.33,-0.123
1981219N11334,DENNIS,1981-08-10 21:00:00,13.7,-53.9, , ,,1981,59,3052.408452447373,0,3047.9477659143445,27.763999938964844,-0.3330707550048828,28.116910934448242,,,,,,1981,8,26.33,-0.123
1981219N11334,DENNIS,1981-08-11 00:00:00,13.8,-54.9,30,1007,,1981,59,2953.585049736022,0,2942.2946199859975,28.040666580200195,-0.1474781036376953,28.226131439208984,,,,,,1981,8,26.33,-0.123
1981219N11334,DENNIS,1981-08-11 03:00:00,13.9,-55.7, , ,,1981,59,2873.735299042393,0,2856.9798832725555,28.16466522216797,-0.11132049560546875,28.35024070739746,,,,,,1981,8,26.33,-0.123
1981219N11334,DENNIS,1981-08-11 06:00:00,14.0,-56.5,30,1008,,1981,59,2794.1982228068982,0,2771.941705864259,28.251333236694336,-0.12010955810546875,28.426259994506836,,,,,,1981,8,26.33,-0.123
1981219N11334,DENNIS,1981-08-11 09:00:00,14.1,-57.4, , ,,1981,59,2705.863651208824,0,2677.295284842556,28.432666778564453,0.0246124267578125,28.361881256103516,,,,,,1981,8,26.33,-0.123
1981219N11334,DENNIS,1981-08-11 12:00:00,14.3,-58.3,30,1009,,1981,59,2612.0162740229994,0,2577.765004253005,28.407333374023438,-0.038715362548828125,28.42102813720703,,,,,,1981,8,26.33,-0.123
1981219N11334,DENNIS,1981-08-11 15:00:00,14.4,-59.2, , ,,1981,59,2524.604876229904,0,2483.953742353381,28.371000289916992,-0.10895538330078125,28.465627670288086,,,,,,1981,8,26.33,-0.123
1981219N11334,DENNIS,1981-08-11 18:00:00,14.6,-60.1,30,1010,,1981,59,2431.5741109905757,0,2385.0890590357276,28.470998764038086,-0.0413970947265625,28.5059757232666,,,,,,1981,8,26.33,-0.123
1981219N11334,DENNIS,1981-08-11 21:00:00,14.7,-61.0, , ,,1981,59,2345.272090656465,0,2292.315529582779,28.65199851989746,0.04536247253417969,28.609619140625,,,,,,1981,8,26.33,-0.123
1981219N11334,DENNIS,1981-08-12 00:00:00,14.9,-61.9,25,1010,,1981,59,2253.2380641663012,0,2194.3108555331128,28.954999923706055,0.3105907440185547,28.646934509277344,,,,,,1981,8,26.33,-0.123
1981219N11334,DENNIS,1981-08-12 03:00:00,15.1,-62.8, , ,,1981,59,2161.731024604481,0,2096.5892876270177,28.939332962036133,0.25833702087402344,28.684417724609375,,,,,,1981,8,26.33,-0.123
1981219N11334,DENNIS,1981-08-12 06:00:00,15.2,-63.8,25,1011,,1981,59,2068.935685696574,0,1996.1255133925963,29.060333251953125,0.35211181640625,28.70699691772461,,,,,,1981,8,26.33,-0.123
1981219N11334,DENNIS,1981-08-12 09:00:00,15.3,-64.8, , ,,1981,59,1977.3895796557003,0,1896.9411869044857,29.04166603088379,0.3307647705078125,28.710283279418945,,,,,,1981,8,26.33,-0.123
1981219N11334,DENNIS,1981-08-12 12:00:00,15.4,-65.7,25,1011,,1981,59,1895.499356386109,0,1808.26809914494,29.069000244140625,0.3736858367919922,28.6850643157959,,,,,,1981,8,26.33,-0.123
1981219N11334,DENNIS,1981-08-12 15:00:00,15.5,-66.7, , ,,1981,59,1806.8133546659376,0,1711.8917296570517,29.099666595458984,0.42663002014160156,28.664411544799805,,,,,,1981,8,26.33,-0.123
1981219N11334,DENNIS,1981-08-12 18:00:00,15.6,-67.6,25,1011,,1981,59,1727.8126801394385,0,1625.8622262401516,29.161666870117188,0.4925880432128906,28.67350959777832,,,,,,1981,8,26.33,-0.123
1981219N11334,DENNIS,1981-08-12 21:00:00,15.7,-68.6, , ,,1981,59,1642.857011778556,0,1533.2375958515809,29.12066650390625,0.4513721466064453,28.670818328857422,,,,,,1981,8,26.33,-0.123
1981219N11334,DENNIS,1981-08-13 00:00:00,15.8,-69.5,15, ,,1981,59,1567.6611105618713,0,1451.1395039708484,29.147998809814453,0.49810028076171875,28.65213394165039,,,,,,1981,8,26.33,-0.123
1981219N11334,DENNIS,1981-08-13 03:00:00,15.8,-70.4, , ,,1981,59,1503.0535548127857,0,1379.4528254850734,29.108665466308594,0.479156494140625,28.65213394165039,,,,,,1981,8,26.33,-0.123
1981219N11334,DENNIS,1981-08-13 06:00:00,15.9,-71.2,15, ,,1981,59,1439.586724130607,0,1310.1780155296976,28.963666915893555,0.3620586395263672,28.613685607910156,,,,,,1981,8,26.33,-0.123
1981219N11334,DENNIS,1981-08-13 09:00:00,16.0,-72.0, , ,,1981,59,1378.3451128261331,0,1242.8832081227729,28.769332885742188,0.19997024536132812,28.57237434387207,,,,,,1981,8,26.33,-0.123
1981219N11334,DENNIS,1981-08-13 12:00:00,16.1,-72.8,15, ,,1981,59,1319.630839201599,0,1178.5718980605704,28.856998443603516,0.30525779724121094,28.55936622619629,,,,,,1981,8,26.33,-0.123
1981219N11334,DENNIS,1981-08-13 15:00:00,16.2,-73.6, , ,,1981,59,1263.787958577028,0,1117.0918436313136,28.864665985107422,0.3232593536376953,28.56412696838379,,,,,,1981,8,26.33,-0.123
1981219N11334,DENNIS,1981-08-13 18:00:00,16.4,-74.4,15, ,,1981,59,1201.4676426707365,0,1049.518449365623,28.886333465576172,0.3250007629394531,28.56412696838379,,,,,,1981,8,26.33,-0.123
1981219N11334,DENNIS,1981-08-13 21:00:00,16.6,-75.1, , ,,1981,59,1147.0168955898014,0,990.3339126139028,28.77199935913086,0.15339279174804688,28.583986282348633,,,,,,1981,8,26.33,-0.123
1981219N11334,DENNIS,1981-08-14 00:00:00,16.8,-75.7,15, ,,1981,59,1099.522748854077,0,939.116976249368,28.80066680908203,0.09926033020019531,28.59950828552246,,,,,,1981,8,26.33,-0.123
1981219N11334,DENNIS,1981-08-14 03:00:00,17.1,-76.4, , ,,1981,59,1039.8242708493312,0,874.8611435568544,28.865665435791016,0.05854988098144531,28.90611457824707,,,,,,1981,8,26.33,-0.123
1981219N11334,DENNIS,1981-08-14 06:00:00,17.4,-77.0,15, ,,1981,59,986.4692496650856,0,817.8785401359344,28.956998825073242,0.03550148010253906,28.940895080566406,,,,,,1981,8,26.33,-0.123
1981219N11334,DENNIS,1981-08-14 09:00:00,17.7,-77.5, , ,,1981,59,938.4490804177284,0,766.5497547392997,29.198999404907227,0.12080001831054688,29.0800724029541,,,,,,1981,8,26.33,-0.123
1981219N11334,DENNIS,1981-08-14 12:00:00,18.0,-78.0,15, ,,1981,59,892.1360331272076,0,717.3506152987865,29.415332794189453,0.18201255798339844,29.0800724029541,,,,,,1981,8,26.33,-0.123
1981219N11334,DENNIS,1981-08-14 15:00:00,18.4,-78.4, , ,,1981,59,839.103951748534,0,660.0594781077406,29.59666633605957,0.15336036682128906,29.47150230407715,,,,,,1981,8,26.33,-0.123
1981219N11334,DENNIS,1981-08-14 18:00:00,18.8,-78.8,15, ,,1981,59,787.2163275855331,0,600.4947864267497,29.761999130249023,0.1652812957763672,29.527687072753906,,,,,,1981,8,26.33,-0.123
1981219N11334,DENNIS,1981-08-14 21:00:00,19.1,-79.2, , ,,1981,59,747.7167492793997,0,552.7280279145251,29.816665649414062,0.17148971557617188,29.72505760192871,,,,,,1981,8,26.33,-0.123
1981219N11334,DENNIS,1981-08-15 00:00:00,19.5,-79.5,15, ,,1981,59,699.8746271408515,0,498.0832251293185,29.696998596191406,0.009866714477539062,29.716716766357422,,,,,,1981,8,26.33,-0.123
1981219N11334,DENNIS,1981-08-15 03:00:00,19.9,-79.8, , ,,1981,59,653.0252710065387,0,443.87549547764235,29.77666664123535,0.010976791381835938,29.716716766357422,,,,,,1981,8,26.33,-0.123
1981219N11334,DENNIS,1981-08-15 06:00:00,20.3,-80.0,15, ,,1981,59,607.630037309758,0,392.49225862713945,30.10333251953125,0.29062652587890625,29.82927894592285,,,,,,1981,8,26.33,-0.123
1981219N11334,DENNIS,1981-08-15 09:00:00,20.7,-80.3, , ,,1981,59,562.9438254476411,0,338.5711156069149,30.115999221801758,0.281341552734375,29.82927894592285,,,,,,1981,8,26.33,-0.123
1981219N11334,DENNIS,1981-08-15 12:00:00,21.0,-80.5,15, ,,1981,59,530.4096294930274,0,298.71246979460625,30.062332153320312,0.20448684692382812,29.810401916503906,,,,,,1981,8,26.33,-0.123
1981219N11334,DENNIS,1981-08-15 15:00:00,21.3,-80.7, , ,,1981,59,498.814235303902,0,258.8921699958544,30.14499855041504,0.2333354949951172,29.93000030517578,,,,,,1981,8,26.33,-0.123
1981219N11334,DENNIS,1981-08-15 18:00:00,21.7,-80.8,30,1007,,1981,59,455.8612135523594,0,209.8237110248048,30.272998809814453,0.3191032409667969,29.93000030517578,,,,,,1981,8,26.33,-0.123
1981219N11334,DENNIS,1981-08-15 21:00:00,22.1,-80.9, , ,,1981,59,413.4723557300275,0,160.6325566011099,,,30.25359535217285,,,,,,1981,8,26.33,-0.123
1981219N11334,DENNIS,1981-08-16 00:00:00,22.4,-81.0,35,1005,,1981,59,382.6982585543331,0,122.90921175549,,,30.25359535217285,,,,,,1981,8,26.33,-0.123
1981219N11334,DENNIS,1981-08-16 03:00:00,22.7,-81.1, , ,,1981,59,352.67615511043596,0,85.07554440537214,,,30.25359535217285,,,,,,1981,8,26.33,-0.123
1981219N11334,DENNIS,1981-08-16 06:00:00,23.0,-81.2,35,1003,,1981,59,323.6130878844363,0,47.16683276175591,,,30.25359535217285,,,,,,1981,8,26.33,-0.123
1981219N11334,DENNIS,1981-08-16 09:00:00,23.4,-81.3, , ,,1981,59,285.5131254819688,1,0.0,29.703998565673828,0.12688064575195312,29.427425384521484,,,,,,1981,8,26.33,-0.123
1981219N11334,DENNIS,1981-08-16 12:00:00,23.8,-81.4,35,1001,,1981,59,249.91309046288464,1,0.0,29.501333236694336,-0.09892654418945312,29.427425384521484,,,,,,1981,8,26.33,-0.123
1981219N11334,DENNIS,1981-08-16 15:00:00,24.2,-81.4, , ,,1981,59,212.09327795164896,1,0.0,29.472332000732422,-0.21131515502929688,29.764822006225586,,,,,,1981,8,26.33,-0.123
1981219N11334,DENNIS,1981-08-16 18:00:00,24.5,-81.3,35,1000,,1981,59,179.24197043503193,1,0.0,29.508333206176758,-0.25870323181152344,29.764822006225586,,,,,,1981,8,26.33,-0.123
1981219N11334,DENNIS,1981-08-16 21:00:00,24.7,-81.3, , ,,1981,59,162.36400061104484,1,0.0,29.527999877929688,-0.32361793518066406,29.764822006225586,,,,,,1981,8,26.33,-0.123
1981219N11334,DENNIS,1981-08-17 00:00:00,24.9,-81.3,35,998,,1981,59,146.92004049835236,1,0.0,29.501665115356445,-0.43572235107421875,29.764822006225586,,,,,,1981,8,26.33,-0.123
1981219N11334,DENNIS,1981-08-17 03:00:00,25.0,-81.3, , ,,1981,59,139.88604266719543,1,0.0,29.501665115356445,-0.43572235107421875,29.764822006225586,,,,,,1981,8,26.33,-0.123
1981219N11334,DENNIS,1981-08-17 06:00:00,25.2,-81.2,35,999,,1981,59,118.92301988575302,1,0.0,29.292665481567383,-0.7374191284179688,30.19478416442871,,,,,,1981,8,26.33,-0.123
1981219N11334,DENNIS,1981-08-17 09:00:00,25.5,-81.2, , ,,1981,59,105.18055590882958,1,0.0,29.39099884033203,-0.7393360137939453,30.19478416442871,,,,,,1981,8,26.33,-0.123
1981219N11334,DENNIS,1981-08-17 12:00:00,25.8,-81.2,35,999,,1981,59,101.03763565037016,1,0.0,,,30.19478416442871,,,,,,1981,8,26.33,-0.123
1981219N11334,DENNIS,1981-08-17 15:00:00,26.0,-81.2, , ,,1981,59,104.28503152307216,1,0.0,,,30.19478416442871,,,,,,1981,8,26.33,-0.123
1981219N11334,DENNIS,1981-08-17 18:00:00,26.2,-81.2,35,1001,,1981,59,111.94281536845382,1,0.0,,,,,,,,,1981,8,26.33,-0.123
1981219N11334,DENNIS,1981-08-17 21:00:00,26.4,-81.2, , ,,1981,59,123.1912422009311,1,0.0,,,,,,,,,1981,8,26.33,-0.123
1981219N11334,DENNIS,1981-08-18 00:00:00,26.5,-81.2,35,1003,,1981,59,129.88234897067926,1,0.0,,,,,,,,,1981,8,26.33,-0.123
1981219N11334,DENNIS,1981-08-18 03:00:00,26.6,-81.2, , ,,1981,59,137.1496719820648,1,0.0,,,,,,,,,1981,8,26.33,-0.123
1981219N11334,DENNIS,1981-08-18 06:00:00,26.8,-81.1,35,1004,,1981,59,146.72487142419527,1,0.0,,,,,,,,,1981,8,26.33,-0.123
1981219N11334,DENNIS,1981-08-18 09:00:00,27.0,-81.0, , ,,1981,59,159.50079472999315,1,0.0,,,,,,,,,1981,8,26.33,-0.123
1981219N11334,DENNIS,1981-08-18 12:00:00,27.2,-81.0,35,1005,,1981,59,179.0194841666611,1,0.0,,,,,,,,,1981,8,26.33,-0.123
1981219N11334,DENNIS,1981-08-18 15:00:00,27.3,-81.0, , ,,1981,59,189.00428883898823,1,0.0,,,,,,,,,1981,8,26.33,-0.123
1981219N11334,DENNIS,1981-08-18 18:00:00,27.6,-81.0,35,1005,,1981,59,219.61374098105767,1,0.0,,,,,,,,,1981,8,26.33,-0.123
1981219N11334,DENNIS,1981-08-18 21:00:00,28.1,-80.9, , ,,1981,59,269.31704151564423,1,0.0,,,27.733264923095703,,,,,,1981,8,26.33,-0.123
1981219N11334,DENNIS,1981-08-19 00:00:00,28.7,-80.8,35,1004,,1981,59,332.2095895234494,1,0.0,,,27.733264923095703,,,,,,1981,8,26.33,-0.123
1981219N11334,DENNIS,1981-08-19 03:00:00,29.2,-80.8, , ,,1981,59,386.9980901922669,1,0.0,27.56999969482422,-0.4761199951171875,28.01563835144043,,,,,,1981,8,26.33,-0.123
1981219N11334,DENNIS,1981-08-19 06:00:00,29.7,-80.8,40,1003,,1981,59,441.98846082069406,1,0.0,27.293333053588867,-0.8767566680908203,28.01563835144043,,,,,,1981,8,26.33,-0.123
1981219N11334,DENNIS,1981-08-19 09:00:00,30.3,-80.9, , ,,1981,59,509.3961817075848,1,0.0,27.296998977661133,-0.9862155914306641,28.197458267211914,,,,,,1981,8,26.33,-0.123
1981219N11334,DENNIS,1981-08-19 12:00:00,31.0,-80.8,40,1002,,1981,59,585.4995538410507,1,0.0,27.17099952697754,-1.2248458862304688,28.197458267211914,,,,,,1981,8,26.33,-0.123
1981219N11334,DENNIS,1981-08-19 15:00:00,31.6,-80.4, , ,,1981,59,649.5064521541434,0,10.971673583039232,26.823331832885742,-1.7281417846679688,28.55267333984375,,,,,,1981,8,26.33,-0.123
1981219N11334,DENNIS,1981-08-19 18:00:00,32.2,-79.9,45,1001,,1981,59,716.4676081684154,0,106.53809358029147,26.700332641601562,-1.7870121002197266,28.399707794189453,,,,,,1981,8,26.33,-0.123
1981219N11334,DENNIS,1981-08-19 21:00:00,32.8,-79.4, , ,,1981,59,786.3727999550636,0,202.99789158165223,26.208332061767578,,28.412363052368164,,,,,,1981,8,26.33,-0.123
1981219N11334,DENNIS,1981-08-20 00:00:00,33.4,-78.8,50,999,,1981,59,859.907033653696,0,306.9882648628186,26.060998916625977,-1.9567642211914062,27.941190719604492,,,,,,1981,8,26.33,-0.123
1981219N11334,DENNIS,1981-08-20 03:00:00,34.1,-78.0, , ,,1981,59,950.846219627677,0,435.9908053420216,,,27.671539306640625,,,,,,1981,8,26.33,-0.123
1981219N11334,DENNIS,1981-08-20 06:00:00,34.7,-77.0,55,998,,1981,59,1039.934717957914,0,570.6255143726996,25.21933364868164,,27.752315521240234,,,,,,1981,8,26.33,-0.123
1981219N11334,DENNIS,1981-08-20 09:00:00,35.1,-76.1, , ,,1981,59,1109.6894187485957,0,679.1884897342464,24.69133186340332,,27.586732864379883,,,,,,1981,8,26.33,-0.123
1981219N11334,DENNIS,1981-08-20 12:00:00,35.5,-75.2,60,997,,1981,59,1183.009706165353,0,789.4255814214021,23.806665420532227,-3.702909469604492,27.324628829956055,,,,,,1981,8,26.33,-0.123
1981219N11334,DENNIS,1981-08-20 15:00:00,35.9,-74.2, , ,,1981,59,1263.4568467004126,0,909.0510810432786,27.0939998626709,-0.5135211944580078,28.26512336730957,,,,,,1981,8,26.33,-0.123
1981219N11334,DENNIS,1981-08-20 18:00:00,36.3,-73.0,65,995,,1981,59,1356.3782655473383,0,1046.9349659833958,27.803665161132812,0.23929786682128906,27.6295223236084,,,,,,1981,8,26.33,-0.123
1981219N11334,DENNIS,1981-08-20 21:00:00,36.7,-71.7, , ,,1981,59,1458.3421933396037,0,1195.512306993014,27.0679988861084,-0.45496177673339844,27.686664581298828,,,,,,1981,8,26.33,-0.123
1981219N11334,DENNIS,1981-08-21 00:00:00,37.1,-70.4,70,995,,1981,59,1563.9927998055707,0,1345.4614259689372,26.326000213623047,-1.0024375915527344,27.38573455810547,,,,,,1981,8,26.33,-0.123
1981219N11334,DENNIS,1981-08-21 03:00:00,37.5,-69.2, , ,,1981,59,1666.6111712772235,0,1487.1922438477989,26.635665893554688,-0.7890415191650391,27.447099685668945,,,,,,1981,8,26.33,-0.123
1981219N11334,DENNIS,1981-08-21 06:00:00,37.8,-68.0,55,998,,1981,59,1762.939357577077,0,1621.9887927202917,26.61433219909668,-0.3155231475830078,27.4190616607666,,,,,,1981,8,26.33,-0.123
1981219N11334,DENNIS,1981-08-21 09:00:00,38.0,-66.7, , ,,1981,59,1859.905437056475,0,1759.9158382373762,25.192333221435547,-1.7826042175292969,27.345258712768555,,,,,,1981,8,26.33,-0.123
1981219N11334,DENNIS,1981-08-21 12:00:00,38.1,-65.4,45,1000,,1981,59,1952.2796438047908,0,1892.1758145240208,24.87566566467285,-1.8821887969970703,26.486133575439453,,,,,,1981,8,26.33,-0.123
1981219N11334,DENNIS,1981-08-21 15:00:00,38.3,-64.1, , ,,1981,59,2054.391765964841,0,2032.6654268183004,25.51333236694336,-1.1922721862792969,26.67927360534668,,,,,,1981,8,26.33,-0.123
1981219N11334,DENNIS,1981-08-21 18:00:00,38.4,-62.8,40,1003,,1981,59,2151.785224152539,0,2167.70114433401,25.140666961669922,-1.7258892059326172,26.8502140045166,,,,,,1981,8,26.33,-0.123
1981219N11334,DENNIS,1981-08-21 21:00:00,38.2,-61.3, , ,,1981,59,2247.793792203702,0,2306.3720068548664,25.093332290649414,-1.7542438507080078,26.793664932250977,,,,,,1981,8,26.33,-0.123
1981219N11334,DENNIS,1981-08-22 00:00:00,37.8,-59.7,35,1005,,1981,59,2345.7683664129827,0,2448.1625056288076,25.56633186340332,-1.2610893249511719,26.83502960205078,,,,,,1981,8,26.33,-0.123
1984270N23287,ISIDORE,1984-09-25 12:00:00,23.4,-73.0,30,1003,,1984,86,773.0264459274609,0,653.494736874664,27.33548355102539,-1.5935134887695312,28.91135597229004,,,,,,1984,9,26.38,-0.217
1984270N23287,ISIDORE,1984-09-25 15:00:00,23.7,-73.4, , ,,1984,86,723.1186455205909,0,601.6921308026466,27.417741775512695,-1.5200481414794922,28.91135597229004,,,,,,1984,9,26.38,-0.217
1984270N23287,ISIDORE,1984-09-25 18:00:00,23.9,-73.9,30,1003,,1984,86,667.7349698805771,0,542.226166093197,27.53032112121582,-1.4363937377929688,28.994367599487305,,,,,,1984,9,26.38,-0.217
1984270N23287,ISIDORE,1984-09-25 21:00:00,24.1,-74.4, , ,,1984,86,612.4658175204601,0,483.0726053446044,27.532901763916016,-1.4508018493652344,28.946168899536133,,,,,,1984,9,26.38,-0.217
1984270N23287,ISIDORE,1984-09-26 00:00:00,24.3,-74.9,30,1002,,1984,86,557.3254839994771,0,424.3279644799157,27.57870864868164,-1.408395767211914,28.980070114135742,,,,,,1984,9,26.38,-0.217
1984270N23287,ISIDORE,1984-09-26 03:00:00,24.4,-75.5, , ,,1984,86,496.1401503256457,0,356.466304604788,27.55645179748535,-1.5457305908203125,29.141069412231445,,,,,,1984,9,26.38,-0.217
1984270N23287,ISIDORE,1984-09-26 06:00:00,24.5,-76.0,30,1002,,1984,86,444.6660910129297,0,299.61468724941386,27.553871154785156,-1.642587661743164,29.141069412231445,,,,,,1984,9,26.38,-0.217
1984270N23287,ISIDORE,1984-09-26 09:00:00,24.6,-76.5, , ,,1984,86,393.2947946325975,0,242.7651373149729,27.04612922668457,-2.223480224609375,29.389150619506836,,,,,,1984,9,26.38,-0.217
1984270N23287,ISIDORE,1984-09-26 12:00:00,24.7,-77.0,40,1001,,1984,86,342.05571174939314,0,185.9813112249214,26.8212890625,-2.535207748413086,29.389150619506836,,,,,,1984,9,26.38,-0.217
1984270N23287,ISIDORE,1984-09-26 15:00:00,24.8,-77.4, , ,,1984,86,300.37174181225623,0,140.48177245127482,27.0758056640625,-2.22576904296875,29.389150619506836,,,,,,1984,9,26.38,-0.217
1984270N23287,ISIDORE,1984-09-26 18:00:00,25.0,-77.7,45,1000,,1984,86,264.2655140341471,0,106.01957805428468,27.263225555419922,-2.0419464111328125,29.362010955810547,,,,,,1984,9,26.38,-0.217
1984270N23287,ISIDORE,1984-09-26 21:00:00,25.2,-78.1, , ,,1984,86,219.06165767207565,0,62.988329601691646,26.849998474121094,-2.4376888275146484,29.22484016418457,,,,,,1984,9,26.38,-0.217
1984270N23287,ISIDORE,1984-09-27 00:00:00,25.4,-78.4,45,999,,1984,86,184.15279148318535,0,29.45587646018335,26.651288986206055,-2.6274166107177734,29.22484016418457,,,,,,1984,9,26.38,-0.217
1984270N23287,ISIDORE,1984-09-27 03:00:00,25.6,-78.8, , ,,1984,86,140.62755623843688,1,0.0,26.693225860595703,-2.6036720275878906,29.326082229614258,,,,,,1984,9,26.38,-0.217
1984270N23287,ISIDORE,1984-09-27 06:00:00,25.8,-79.1,50,1000,,1984,86,109.40132006846228,1,0.0,27.27451515197754,-1.9964866638183594,29.326082229614258,,,,,,1984,9,26.38,-0.217
1984270N23287,ISIDORE,1984-09-27 09:00:00,26.1,-79.5, , ,,1984,86,78.74581655073277,1,0.0,27.974193572998047,-1.267679214477539,29.229082107543945,,,,,,1984,9,26.38,-0.217
1984270N23287,ISIDORE,1984-09-27 12:00:00,26.4,-79.8,50,1000,,1984,86,81.04741685376628,1,0.0,27.84290313720703,-1.387298583984375,29.229082107543945,,,,,,1984,9,26.38,-0.217
1984270N23287,ISIDORE,1984-09-27 15:00:00,26.9,-80.1, , ,,1984,86,126.90336355680932,1,0.0,,,29.229082107543945,,,,,,1984,9,26.38,-0.217
1984270N23287,ISIDORE,1984-09-27 18:00:00,27.3,-80.5,45,1001,,1984,86,173.77721589686774,1,0.0,,,,,,,,,1984,9,26.38,-0.217
1984270N23287,ISIDORE,1984-09-27 21:00:00,27.6,-81.0, , ,,1984,86,219.61374098105767,1,0.0,,,,,,,,,1984,9,26.38,-0.217
1984270N23287,ISIDORE,1984-09-28 00:00:00,27.8,-81.5,45,1002,,1984,86,261.20963316162823,1,0.0,,,,,,,,,1984,9,26.38,-0.217
1984270N23287,ISIDORE,1984-09-28 03:00:00,28.1,-82.0, , ,,1984,86,315.7985526464828,1,0.0,,,,,,,,,1984,9,26.38,-0.217
1984270N23287,ISIDORE,1984-09-28 06:00:00,28.5,-82.3,45,1002,,1984,86,369.08077835993646,1,0.0,,,,,,,,,1984,9,26.38,-0.217
1984270N23287,ISIDORE,1984-09-28 09:00:00,29.0,-82.3, , ,,1984,86,415.89378128113,1,0.0,,,,,,,,,1984,9,26.38,-0.217
1984270N23287,ISIDORE,1984-09-28 12:00:00,29.5,-82.1,45,1002,,1984,86,456.1843423185903,1,0.0,,,,,,,,,1984,9,26.38,-0.217
1984270N23287,ISIDORE,1984-09-28 15:00:00,29.8,-82.0, , ,,1984,86,482.96474386228,1,0.0,,,,,,,,,1984,9,26.38,-0.217
1984270N23287,ISIDORE,1984-09-28 18:00:00,30.1,-81.9,45,1001,,1984,86,510.72910747484406,1,0.0,,,,,,,,,1984,9,26.38,-0.217
1984270N23287,ISIDORE,1984-09-28 21:00:00,30.4,-81.7, , ,,1984,86,536.539082976157,1,0.0,,,,,,,,,1984,9,26.38,-0.217
1984270N23287,ISIDORE,1984-09-29 00:00:00,30.7,-81.4,45,1004,,1984,86,561.7117524454889,1,0.0,24.72612762451172,,27.88642692565918,,,,,,1984,9,26.38,-0.217
1984270N23287,ISIDORE,1984-09-29 03:00:00,31.0,-81.0, , ,,1984,86,587.8072521017518,1,0.0,24.703548431396484,,27.88642692565918,,,,,,1984,9,26.38,-0.217
1984270N23287,ISIDORE,1984-09-29 06:00:00,31.3,-80.5,45,1005,,1984,86,616.5653571592112,1,0.0,24.48870849609375,-3.3481674194335938,27.673736572265625,,,,,,1984,9,26.38,-0.217
1984270N23287,ISIDORE,1984-09-29 09:00:00,31.7,-79.9, , ,,1984,86,660.9204921833776,0,61.20425241634825,25.44257926940918,-2.5358028411865234,27.979015350341797,,,,,,1984,9,26.38,-0.217
1984270N23287,ISIDORE,1984-09-29 12:00:00,32.2,-79.3,45,1004,,1984,86,721.1321208035378,0,154.33479170039166,25.75128936767578,-2.111684799194336,27.65789222717285,,,,,,1984,9,26.38,-0.217
1984270N23287,ISIDORE,1984-09-29 15:00:00,32.5,-78.6, , ,,1984,86,765.0155275543275,0,240.0736654842764,26.866451263427734,-1.1009674072265625,27.65789222717285,,,,,,1984,9,26.38,-0.217
1984270N23287,ISIDORE,1984-09-29 18:00:00,32.8,-77.8,45,1002,,1984,86,816.1974926801965,0,335.53934351161234,26.63225746154785,-1.2316417694091797,28.208782196044922,,,,,,1984,9,26.38,-0.217
1984270N23287,ISIDORE,1984-09-29 21:00:00,33.2,-77.0, , ,,1984,86,882.7698942032104,0,439.0149266796631,26.778709411621094,-1.2510261535644531,27.86456871032715,,,,,,1984,9,26.38,-0.217
1984270N23287,ISIDORE,1984-09-30 00:00:00,33.6,-76.2,50,1000,,1984,86,952.8318272822572,0,542.7027832867923,27.139354705810547,-0.9740486145019531,28.276233673095703,,,,,,1984,9,26.38,-0.217
1984270N23287,ISIDORE,1984-09-30 03:00:00,34.0,-75.3, , ,,1984,86,1029.952178002091,0,655.9275888411344,26.77677345275879,-1.0562286376953125,27.675004959106445,,,,,,1984,9,26.38,-0.217
1984270N23287,ISIDORE,1984-09-30 06:00:00,34.3,-74.4,40,1005,,1984,86,1100.4757390464488,0,762.3728353147457,26.299354553222656,-1.1676597595214844,27.221960067749023,,,,,,1984,9,26.38,-0.217
1984270N23287,ISIDORE,1984-09-30 09:00:00,34.6,-73.5, , ,,1984,86,1173.8022259282875,0,869.2685917106932,25.53645133972168,-1.5732917785644531,27.221960067749023,,,,,,1984,9,26.38,-0.217
1984270N23287,ISIDORE,1984-09-30 12:00:00,34.8,-72.5,40,1007,,1984,86,1246.2248761606634,0,979.3780948514158,24.27838706970215,-2.6041488647460938,26.86473846435547,,,,,,1984,9,26.38,-0.217
1984270N23287,ISIDORE,1984-09-30 15:00:00,35.0,-71.5, , ,,1984,86,1321.745891279469,0,1090.377386828184,23.684837341308594,-3.14068603515625,26.86487579345703,,,,,,1984,9,26.38,-0.217
1984270N23287,ISIDORE,1984-09-30 18:00:00,35.3,-70.4,40,1007,,1984,86,1414.1187116778997,0,1218.084189804933,24.180322647094727,-2.5788135528564453,26.732515335083008,,,,,,1984,9,26.38,-0.217
1984270N23287,ISIDORE,1984-09-30 21:00:00,35.5,-69.1, , ,,1984,86,1514.049220645614,0,1360.4567948332462,24.618709564208984,-2.1958885192871094,26.801084518432617,,,,,,1984,9,26.38,-0.217
1984270N23287,ISIDORE,1984-10-01 00:00:00,35.8,-67.7,30,1007,,1984,86,1631.2556407309787,0,1519.35110469106,24.03935432434082,-1.263946533203125,25.3298397064209,,,,,,1984,10,26.04,-0.352
1984270N23287,ISIDORE,1984-10-01 03:00:00,36.1,-66.4, , ,,1984,86,1743.5628340595108,0,1668.3982371930545,24.300643920898438,-0.9090385437011719,25.131818771362305,,,,,,1984,10,26.04,-0.352
1984270N23287,ISIDORE,1984-10-01 06:00:00,36.4,-65.0,30,1008,,1984,86,1864.533834436424,0,1828.0068627267524,24.311613082885742,-0.8097324371337891,25.113759994506836,,,,,,1984,10,26.04,-0.352
1984270N23287,ISIDORE,1984-10-01 09:00:00,36.6,-63.6, , ,,1984,86,1980.7673253231444,0,1982.7678306361995,24.651935577392578,-0.3343925476074219,25.030147552490234,,,,,,1984,10,26.04,-0.352
1984270N23287,ISIDORE,1984-10-01 12:00:00,36.8,-62.1,25,1012,,1984,86,2106.285387309253,0,2148.4774252823495,24.47612953186035,-0.3788738250732422,24.863834381103516,,,,,,1984,10,26.04,-0.352
1984299N26289,UNNAMED,1984-10-25 06:00:00,26.2,-71.4,20, ,,1984,99,879.9886478345791,0,776.4813296266874,25.23699951171875,-2.5916004180908203,27.697046279907227,,,,,,1984,10,26.04,-0.352
1984299N26289,UNNAMED,1984-10-25 09:00:00,26.5,-72.2, , ,,1984,99,801.8976595221684,0,688.2270344384746,25.391332626342773,-2.388446807861328,27.726680755615234,,,,,,1984,10,26.04,-0.352
1984299N26289,UNNAMED,1984-10-25 12:00:00,26.8,-73.0,25, ,,1984,99,726.1586030199273,0,601.6998656609368,24.990333557128906,-2.753213882446289,27.849517822265625,,,,,,1984,10,26.04,-0.352
1984299N26289,UNNAMED,1984-10-25 15:00:00,27.0,-73.8, , ,,1984,99,651.3532335493477,0,516.3952751401275,25.032333374023438,-2.773591995239258,27.949382781982422,,,,,,1984,10,26.04,-0.352
1984299N26289,UNNAMED,1984-10-25 18:00:00,27.0,-74.6,25, ,,1984,99,573.7330716771884,0,428.3191430701823,24.864999771118164,-2.9630966186523438,27.944732666015625,,,,,,1984,10,26.04,-0.352
1984299N26289,UNNAMED,1984-10-25 21:00:00,27.0,-75.4, , ,,1984,99,496.7565156774327,0,340.6224385480992,25.291000366210938,-2.5490474700927734,27.944732666015625,,,,,,1984,10,26.04,-0.352
1984299N26289,UNNAMED,1984-10-26 00:00:00,26.9,-76.2,30, ,,1984,99,417.44029405838137,0,250.89418641218177,25.80966567993164,-2.0373878479003906,27.92605972290039,,,,,,1984,10,26.04,-0.352
1984299N26289,UNNAMED,1984-10-26 03:00:00,26.9,-77.1, , ,,1984,99,333.0926939716893,0,153.62566913964977,25.98933219909668,-1.8515739440917969,27.873926162719727,,,,,,1984,10,26.04,-0.352
1984299N26289,UNNAMED,1984-10-26 06:00:00,26.9,-77.9,30, ,,1984,99,261.11580346474506,0,69.30686889703314,25.358665466308594,-2.493244171142578,27.937650680541992,,,,,,1984,10,26.04,-0.352
1984299N26289,UNNAMED,1984-10-26 09:00:00,26.9,-78.5, , ,,1984,99,210.82051866507635,0,9.71106517363132,25.45366668701172,-2.545238494873047,28.15252685546875,,,,,,1984,10,26.04,-0.352
1984299N26289,UNNAMED,1984-10-26 12:00:00,27.0,-79.2,30, ,,1984,99,169.46877250184244,1,0.0,26.363998413085938,-1.7467231750488281,28.15252685546875,,,,,,1984,10,26.04,-0.352
1984299N26289,UNNAMED,1984-10-26 15:00:00,27.1,-80.1, , ,,1984,99,149.09261530418385,1,0.0,26.819332122802734,,28.016244888305664,,,,,,1984,10,26.04,-0.352
1984299N26289,UNNAMED,1984-10-26 18:00:00,27.2,-81.1,25, ,,1984,99,183.70647211267575,1,0.0,,,,,,,,,1984,10,26.04,-0.352
1984299N26289,UNNAMED,1984-10-26 21:00:00,27.5,-82.1, , ,,1984,99,270.7973157578238,1,0.0,,,,,,,,,1984,10,26.04,-0.352
1984299N26289,UNNAMED,1984-10-27 00:00:00,27.8,-83.0,25, ,,1984,99,359.2508873054503,1,0.0,23.348665237426758,-3.566375732421875,27.21317481994629,,,,,,1984,10,26.04,-0.352
1984299N26289,UNNAMED,1984-10-27 03:00:00,27.9,-83.9, , ,,1984,99,438.038718520152,1,0.0,24.408666610717773,-2.8051681518554688,27.432565689086914,,,,,,1984,10,26.04,-0.352
1984299N26289,UNNAMED,1984-10-27 06:00:00,28.0,-84.8,25, ,,1984,99,520.3483447778934,0,53.599223099188826,25.088333129882812,-2.1778125762939453,27.42382049560547,,,,,,1984,10,26.04,-0.352
1984299N26289,UNNAMED,1984-10-27 09:00:00,28.2,-85.7, , ,,1984,99,609.3455113969092,0,40.21136790680881,25.154998779296875,-2.061513900756836,27.11432647705078,,,,,,1984,10,26.04,-0.352
1984299N26289,UNNAMED,1984-10-27 12:00:00,28.5,-86.5,30, ,,1984,99,694.4028749110543,0,45.79132491513442,25.06633186340332,-2.102161407470703,27.132009506225586,,,,,,1984,10,26.04,-0.352
1984299N26289,UNNAMED,1984-10-27 15:00:00,28.9,-87.2, , ,,1984,99,775.0437401218942,0,30.142154525430858,24.696998596191406,-2.251850128173828,27.132009506225586,,,,,,1984,10,26.04,-0.352
1984299N26289,UNNAMED,1984-10-27 18:00:00,29.5,-87.8,30, ,,1984,99,856.7471400158947,1,0.0,23.85999870300293,-2.721364974975586,26.485403060913086,,,,,,1984,10,26.04,-0.352
1984299N26289,UNNAMED,1984-10-27 21:00:00,30.1,-88.4, , ,,1984,99,939.2322520236876,1,0.0,20.411998748779297,-5.0321197509765625,25.263662338256836,,,,,,1984,10,26.04,-0.352
1984299N26289,UNNAMED,1984-10-28 00:00:00,30.8,-89.0, , ,,1984,99,1027.8978217661488,0,1.9734965853211597,,,24.63311195373535,,,,,,1984,10,26.04,-0.352
1984329N27281,UNNAMED,1984-11-23 12:00:00,26.5,-79.5,20, ,,1984,108,107.28042836562813,1,0.0,26.451290130615234,-0.462188720703125,27.17803382873535,,,,,,1984,11,25.52,-0.432
1984329N27281,UNNAMED,1984-11-23 15:00:00,26.7,-79.2, , ,,1984,108,143.77620875465342,1,0.0,25.28774070739746,-1.3266716003417969,26.569917678833008,,,,,,1984,11,25.52,-0.432
1984329N27281,UNNAMED,1984-11-23 18:00:00,26.8,-78.8,20, ,,1984,108,180.5102276730125,1,0.0,24.238386154174805,-2.2046871185302734,26.569917678833008,,,,,,1984,11,25.52,-0.432
1984329N27281,UNNAMED,1984-11-23 21:00:00,26.8,-78.3, , ,,1984,108,221.13967251214345,0,23.595389661315902,23.557418823242188,-2.649578094482422,26.066375732421875,,,,,,1984,11,25.52,-0.432
1984329N27281,UNNAMED,1984-11-24 00:00:00,26.7,-77.7,25, ,,1984,108,269.5453090182667,0,82.75556387497905,23.910322189331055,-2.1590957641601562,26.066375732421875,,,,,,1984,11,25.52,-0.432
1984329N27281,UNNAMED,1984-11-24 03:00:00,26.6,-77.2, , ,,1984,108,312.7459576377748,0,134.68568713074526,24.506772994995117,-1.5828971862792969,26.089351654052734,,,,,,1984,11,25.52,-0.432
1984329N27281,UNNAMED,1984-11-24 06:00:00,26.4,-76.7,25, ,,1984,108,355.8707093671512,0,187.2825424252273,24.756450653076172,-1.4656982421875,26.089351654052734,,,,,,1984,11,25.52,-0.432
1984329N27281,UNNAMED,1984-11-24 09:00:00,26.2,-76.3, , ,,1984,108,392.04026625835456,0,231.0374789962919,24.71354866027832,-1.626504898071289,26.34303092956543,,,,,,1984,11,25.52,-0.432
1984329N27281,UNNAMED,1984-11-24 12:00:00,26.0,-75.8,25, ,,1984,108,440.14389967692114,0,287.76749225883594,24.620967864990234,-1.8307437896728516,26.505382537841797,,,,,,1984,11,25.52,-0.432
1984329N27281,UNNAMED,1984-11-24 15:00:00,25.9,-75.0, , ,,1984,108,519.8138430304068,0,377.3895953434262,24.32806396484375,-2.1669235229492188,26.623106002807617,,,,,,1984,11,25.52,-0.432
1984329N27281,UNNAMED,1984-11-24 18:00:00,25.8,-74.0,30, ,,1984,108,619.9241540393604,0,489.3121400921763,24.6019344329834,-1.9367656707763672,26.707202911376953,,,,,,1984,11,25.52,-0.432
1984329N27281,UNNAMED,1984-11-24 21:00:00,25.8,-73.2, , ,,1984,108,699.9989729552342,0,578.144204286522,24.58548355102539,-1.8651065826416016,26.584016799926758,,,,,,1984,11,25.52,-0.432
1984329N27281,UNNAMED,1984-11-25 00:00:00,25.8,-72.3,30, ,,1984,108,790.0757671593175,0,678.1503665772027,24.605484008789062,-1.7927360534667969,26.522151947021484,,,,,,1984,11,25.52,-0.432
1984329N27281,UNNAMED,1984-11-25 03:00:00,25.8,-71.4, , ,,1984,108,880.1435971430468,0,778.1973677030285,24.541290283203125,-1.858755111694336,26.580284118652344,,,,,,1984,11,25.52,-0.432
1984329N27281,UNNAMED,1984-11-25 06:00:00,25.9,-70.4,30, ,,1984,108,979.9037534865034,0,888.7353932850016,24.087419509887695,-2.3532180786132812,26.600034713745117,,,,,,1984,11,25.52,-0.432
1984329N27281,UNNAMED,1984-11-25 09:00:00,26.0,-69.5, , ,,1984,108,1069.6647111040702,0,988.392076425946,24.07935333251953,-2.3816566467285156,26.600034713745117,,,,,,1984,11,25.52,-0.432
1984329N27281,UNNAMED,1984-11-25 12:00:00,26.0,-68.6,30, ,,1984,108,1159.5958367063415,0,1088.5416174930074,24.75,-1.7116317749023438,26.60958480834961,,,,,,1984,11,25.52,-0.432
1984329N27281,UNNAMED,1984-11-25 15:00:00,26.0,-67.7, , ,,1984,108,1249.5168541372043,0,1188.6975630143927,24.635805130004883,-1.80291748046875,26.601863861083984,,,,,,1984,11,25.52,-0.432
1984329N27281,UNNAMED,1984-11-25 18:00:00,26.0,-66.8,30, ,,1984,108,1339.4259285747455,0,1288.8584199390525,24.1822566986084,-2.2340087890625,26.588842391967773,,,,,,1984,11,25.52,-0.432
1984329N27281,UNNAMED,1984-11-25 21:00:00,26.0,-65.8, , ,,1984,108,1439.3088850954186,0,1400.1527392699186,23.656774520874023,-2.716524124145508,26.567983627319336,,,,,,1984,11,25.52,-0.432
1984329N27281,UNNAMED,1984-11-26 00:00:00,26.0,-64.8,30, ,,1984,108,1539.1729655777183,0,1511.450765980577,23.975160598754883,-2.4120941162109375,26.55927276611328,,,,,,1984,11,25.52,-0.432
1984329N27281,UNNAMED,1984-11-26 03:00:00,26.0,-63.8, , ,,1984,108,1639.0162073010329,0,1622.7517372483192,24.249677658081055,-2.221515655517578,26.63857078552246,,,,,,1984,11,25.52,-0.432
1984329N27281,UNNAMED,1984-11-26 06:00:00,26.0,-62.8,30, ,,1984,108,1738.8367359296994,0,1734.055086080759,23.761289596557617,-2.721477508544922,26.668861389160156,,,,,,1984,11,25.52,-0.432
1984329N27281,UNNAMED,1984-11-26 09:00:00,26.0,-61.9, , ,,1984,108,1828.654292005771,0,1834.229775121633,24.050321578979492,-2.3965511322021484,26.6296443939209,,,,,,1984,11,25.52,-0.432
1984329N27281,UNNAMED,1984-11-26 12:00:00,26.1,-61.0,30, ,,1984,108,1917.8151463827344,0,1934.2624965080652,24.075483322143555,-2.2688732147216797,26.17353057861328,,,,,,1984,11,25.52,-0.432
1984329N27281,UNNAMED,1984-11-26 15:00:00,26.1,-60.0, , ,,1984,108,2017.5099374552487,0,2045.5783066869813,24.175161361694336,-2.1950645446777344,26.21908187866211,,,,,,1984,11,25.52,-0.432
1984329N27281,UNNAMED,1984-11-26 18:00:00,26.1,-59.0,30, ,,1984,108,2117.176072184014,0,2156.8944967800553,23.767742156982422,-2.587970733642578,26.21845817565918,,,,,,1984,11,25.52,-0.432
1984329N27281,UNNAMED,1984-11-26 21:00:00,26.3,-58.3, , ,,1984,108,2185.534755476041,0,2234.7737830973338,23.848709106445312,-2.456195831298828,26.29172706604004,,,,,,1984,11,25.52,-0.432
1984329N27281,UNNAMED,1984-11-27 00:00:00,26.5,-57.5,30, ,,1984,108,2263.8713835341855,0,2324.0529572427836,23.969032287597656,-2.3720626831054688,26.29172706604004,,,,,,1984,11,25.52,-0.432
1984329N27281,UNNAMED,1984-11-27 03:00:00,26.8,-56.4, , ,,1984,108,2371.4402060830876,0,2447.2875789234504,24.018064498901367,-2.1209964752197266,26.256961822509766,,,,,,1984,11,25.52,-0.432
1984329N27281,UNNAMED,1984-11-27 06:00:00,27.1,-55.4,30, ,,1984,108,2469.0868588204617,0,2559.8725768317986,24.049999237060547,-1.9167060852050781,25.804691314697266,,,,,,1984,11,25.52,-0.432
1984329N27281,UNNAMED,1984-11-27 09:00:00,27.5,-54.6, , ,,1984,108,2546.6475641276556,0,2651.255120077361,24.273225784301758,-1.5519828796386719,25.804691314697266,,,,,,1984,11,25.52,-0.432
1984329N27281,UNNAMED,1984-11-27 12:00:00,28.0,-54.0,30, ,,1984,108,2604.6321519056924,0,2721.9993459203174,24.094837188720703,-1.5181427001953125,25.738563537597656,,,,,,1984,11,25.52,-0.432
1984329N27281,UNNAMED,1984-11-27 15:00:00,28.4,-53.5, , ,,1984,108,2653.408915578976,0,2781.715004475133,23.586450576782227,-1.85528564453125,25.389394760131836,,,,,,1984,11,25.52,-0.432
1984329N27281,UNNAMED,1984-11-27 18:00:00,28.9,-52.9,30, ,,1984,108,2712.4088338886413,0,2854.6505677294595,23.04161262512207,-2.190946578979492,25.409358978271484,,,,,,1984,11,25.52,-0.432
1984329N27281,UNNAMED,1984-11-27 21:00:00,29.4,-52.0, , ,,1984,108,2800.938162381918,0,2961.81744044009,22.857418060302734,-2.1395835876464844,24.93646812438965,,,,,,1984,11,25.52,-0.432
1984329N27281,UNNAMED,1984-11-28 00:00:00,30.0,-51.0,30, ,,1984,108,2899.6137958823056,0,3082.7777732434897,22.99322509765625,-1.7450942993164062,24.89911651611328,,,,,,1984,11,25.52,-0.432
1984329N27281,UNNAMED,1984-11-28 03:00:00,30.6,-50.2, , ,,1984,108,2979.3138853899077,0,3182.7416060239157,22.683547973632812,-1.7008705139160156,24.431982040405273,,,,,,1984,11,25.52,-0.432
1984329N27281,UNNAMED,1984-11-28 06:00:00,31.1,-49.5,25, ,,1984,108,3049.1345328662715,0,3270.67375220527,22.115806579589844,-2.0403060913085938,24.02606773376465,,,,,,1984,11,25.52,-0.432
1985202N26275,BOB,1985-07-21 06:00:00,26.0,-85.0,25,1012,,1985,55,481.7261146484109,0,135.97975331950502,29.1651611328125,-0.1985301971435547,29.35832977294922,,,,,,1985,7,26.56,-0.161
1985202N26275,BOB,1985-07-21 09:00:00,25.9,-85.0, , ,,1985,55,481.44641644722503,0,128.92051548128163,29.1651611328125,-0.1985301971435547,29.35832977294922,,,,,,1985,7,26.56,-0.161
1985202N26275,BOB,1985-07-21 12:00:00,25.8,-84.9,25,1011,,1985,55,471.4122932037188,0,112.92068146200734,29.23290252685547,-0.10894012451171875,29.35832977294922,,,,,,1985,7,26.56,-0.161
1985202N26275,BOB,1985-07-21 15:00:00,25.7,-84.8, , ,,1985,55,461.627262437325,0,96.9323837739828,29.286773681640625,-0.06012535095214844,29.35832977294922,,,,,,1985,7,26.56,-0.161
1985202N26275,BOB,1985-07-21 18:00:00,25.6,-84.7,25,1011,,1985,55,452.10812828057846,0,80.94958214161127,29.41645050048828,0.08876228332519531,29.35832977294922,,,,,,1985,7,26.56,-0.161
1985202N26275,BOB,1985-07-21 21:00:00,25.6,-84.5, , ,,1985,55,432.0852550905909,0,62.06478167597697,29.41645050048828,0.08876228332519531,29.35832977294922,,,,,,1985,7,26.56,-0.161
1985202N26275,BOB,1985-07-22 00:00:00,25.6,-84.4,25,1010,,1985,55,422.07431556906647,0,52.87572844634815,29.539031982421875,0.23055458068847656,29.28711700439453,,,,,,1985,7,26.56,-0.161
1985202N26275,BOB,1985-07-22 03:00:00,25.7,-84.3, , ,,1985,55,411.55570291052106,0,51.93735129707176,29.539031982421875,0.23055458068847656,29.28711700439453,,,,,,1985,7,26.56,-0.161
1985202N26275,BOB,1985-07-22 06:00:00,25.8,-84.2,30,1009,,1985,55,401.33633685025393,0,52.07005617830068,29.415483474731445,0.13972091674804688,29.28711700439453,,,,,,1985,7,26.56,-0.161
1985202N26275,BOB,1985-07-22 09:00:00,25.9,-84.1, , ,,1985,55,391.439076620716,0,53.86776926598664,29.415483474731445,0.13972091674804688,29.28711700439453,,,,,,1985,7,26.56,-0.161
1985202N26275,BOB,1985-07-22 12:00:00,26.0,-84.0,30,1008,,1985,55,381.8883700573416,0,56.75975855444692,29.415483474731445,0.13972091674804688,29.28711700439453,,,,,,1985,7,26.56,-0.161
1985202N26275,BOB,1985-07-22 15:00:00,26.1,-83.9, , ,,1985,55,372.7102446983403,0,46.339161625928554,29.227096557617188,-0.027734756469726562,29.227468490600586,,,,,,1985,7,26.56,-0.161
1985202N26275,BOB,1985-07-22 18:00:00,26.2,-83.8,35,1007,,1985,55,363.93225734549543,0,31.439247780075384,29.227096557617188,-0.027734756469726562,29.227468490600586,,,,,,1985,7,26.56,-0.161
1985202N26275,BOB,1985-07-22 21:00:00,26.4,-83.6, , ,,1985,55,347.69389078512245,0,2.151053336325666,29.209354400634766,-0.050617218017578125,29.227468490600586,,,,,,1985,7,26.56,-0.161
1985202N26275,BOB,1985-07-23 00:00:00,26.5,-83.4,35,1004,,1985,55,330.6165493725819,1,0.0,29.21129035949707,-0.06537818908691406,29.30767250061035,,,,,,1985,7,26.56,-0.161
1985202N26275,BOB,1985-07-23 03:00:00,26.6,-83.2, , ,,1985,55,314.3083341942118,1,0.0,29.225482940673828,-0.09003829956054688,29.30767250061035,,,,,,1985,7,26.56,-0.161
1985202N26275,BOB,1985-07-23 06:00:00,26.6,-82.9,40,1004,,1985,55,285.8590938039354,1,0.0,29.266773223876953,,29.30767250061035,,,,,,1985,7,26.56,-0.161
1985202N26275,BOB,1985-07-23 09:00:00,26.5,-82.7, , ,,1985,55,263.5011189355341,1,0.0,29.241289138793945,-0.1963329315185547,29.30767250061035,,,,,,1985,7,26.56,-0.161
1985202N26275,BOB,1985-07-23 12:00:00,26.4,-82.3,40,1005,,1985,55,222.18813645204492,1,0.0,29.331289291381836,-0.19693565368652344,29.669843673706055,,,,,,1985,7,26.56,-0.161
1985202N26275,BOB,1985-07-23 15:00:00,26.3,-81.7, , ,,1985,55,162.1427885789687,1,0.0,,,29.669843673706055,,,,,,1985,7,26.56,-0.161
1985202N26275,BOB,1985-07-23 18:00:00,26.4,-81.1,40,1006,,1985,55,115.17212696540876,1,0.0,,,,,,,,,1985,7,26.56,-0.161
1985202N26275,BOB,1985-07-23 21:00:00,26.7,-80.6, , ,,1985,55,111.9969471265446,1,0.0,,,,,,,,,1985,7,26.56,-0.161
1985202N26275,BOB,1985-07-24 00:00:00,27.2,-80.3,40,1006,,1985,55,160.29378578345458,1,0.0,,,28.574907302856445,,,,,,1985,7,26.56,-0.161
1985202N26275,BOB,1985-07-24 03:00:00,27.7,-80.3, , ,,1985,55,215.79678088011875,1,0.0,,,28.574907302856445,,,,,,1985,7,26.56,-0.161
1985202N26275,BOB,1985-07-24 06:00:00,28.3,-80.4,50,1005,,1985,55,282.99821054508163,1,0.0,28.46193504333496,,28.450885772705078,,,,,,1985,7,26.56,-0.161
1985202N26275,BOB,1985-07-24 09:00:00,28.8,-80.4, , ,,1985,55,338.46926541073617,1,0.0,28.560321807861328,0.3567314147949219,28.450885772705078,,,,,,1985,7,26.56,-0.161
1985202N26275,BOB,1985-07-24 12:00:00,29.4,-80.4,60,1004,,1985,55,405.0802487630817,1,0.0,28.539676666259766,0.1705608367919922,28.76277732849121,,,,,,1985,7,26.56,-0.161
1985202N26275,BOB,1985-07-24 15:00:00,30.0,-80.4, , ,,1985,55,471.721151579791,1,0.0,28.438386917114258,0.013734817504882812,28.76277732849121,,,,,,1985,7,26.56,-0.161
1985202N26275,BOB,1985-07-24 18:00:00,30.5,-80.5,65,1003,,1985,55,527.740074278419,1,0.0,28.010000228881836,-0.2449512481689453,27.99333953857422,,,,,,1985,7,26.56,-0.161
1985202N26275,BOB,1985-07-24 21:00:00,31.0,-80.5, , ,,1985,55,583.2512214559463,1,0.0,27.731611251831055,-0.5549297332763672,27.99333953857422,,,,,,1985,7,26.56,-0.161
1985202N26275,BOB,1985-07-25 00:00:00,31.6,-80.5,65,1002,,1985,55,649.8840285774767,0,3.4113917430773677,27.799354553222656,-0.5410079956054688,28.33231544494629,,,,,,1985,7,26.56,-0.161
1985202N26275,BOB,1985-07-25 03:00:00,32.2,-80.5,65,1003,,1985,55,716.5324475344395,0,69.02006247585466,28.091289520263672,-0.32928466796875,28.613300323486328,,,,,,1985,7,26.56,-0.161
1985202N26275,BOB,1985-07-25 06:00:00,32.9,-80.7,55,1004,,1985,55,795.2662907497987,0,146.85781981860072,,,28.613300323486328,,,,,,1985,7,26.56,-0.161
1985202N26275,BOB,1985-07-25 09:00:00,33.8,-80.7, , ,,1985,55,895.1584384931872,0,262.4274201331588,,,,,,,,,1985,7,26.56,-0.161
1985202N26275,BOB,1985-07-25 12:00:00,34.8,-80.5,45,1006,,1985,55,1005.446916734452,0,398.7382078814325,,,,,,,,,1985,7,26.56,-0.161
1985202N26275,BOB,1985-07-25 15:00:00,35.7,-80.3, , ,,1985,55,1105.136679361045,0,522.869088019232,,,,,,,,,1985,7,26.56,-0.161
1985202N26275,BOB,1985-07-25 18:00:00,36.6,-80.1,30,1009,,1985,55,1205.1954161626386,0,648.5652959001384,,,,,,,,,1985,7,26.56,-0.161
1985202N26275,BOB,1985-07-25 21:00:00,37.5,-79.8, , ,,1985,55,1305.762449562675,0,778.4541951711018,,,,,,,,,1985,7,26.56,-0.161
1985202N26275,BOB,1985-07-26 00:00:00,38.3,-79.5,25,1011,,1985,55,1395.7064547270318,0,896.072754528238,,,,,,,,,1985,7,26.56,-0.161
1987145N21292,UNNAMED,1987-05-24 12:00:00,21.2,-68.5,25, ,,1987,29,1295.0594426481728,0,1210.4709895958974,27.336999893188477,0.5830173492431641,26.665536880493164,,,,,,1987,5,28.56,0.059
1987145N21292,UNNAMED,1987-05-24 15:00:00,21.3,-68.7, , ,,1987,29,1271.5698265613075,0,1185.4847183217028,27.26566505432129,0.5704917907714844,26.665536880493164,,,,,,1987,5,28.56,0.059
1987145N21292,UNNAMED,1987-05-24 18:00:00,21.5,-69.0,25, ,,1987,29,1234.0267369790774,0,1145.999970018731,27.44766616821289,0.7450065612792969,26.665536880493164,,,,,,1987,5,28.56,0.059
1987145N21292,UNNAMED,1987-05-24 21:00:00,21.7,-69.3, , ,,1987,29,1196.577777408927,0,1106.606968781872,27.444000244140625,0.7909317016601562,26.665536880493164,,,,,,1987,5,28.56,0.059
1987145N21292,UNNAMED,1987-05-25 00:00:00,22.0,-69.5,25, ,,1987,29,1164.2568412120756,0,1074.2715204531862,27.218332290649414,0.6205539703369141,26.726280212402344,,,,,,1987,5,28.56,0.059
1987145N21292,UNNAMED,1987-05-25 03:00:00,22.3,-69.6, , ,,1987,29,1141.9853766091264,0,1053.343343533577,26.918333053588867,0.4615211486816406,26.444408416748047,,,,,,1987,5,28.56,0.059
1987145N21292,UNNAMED,1987-05-25 06:00:00,22.6,-69.5,25, ,,1987,29,1139.6542004810112,0,1054.9443187142135,26.78499984741211,0.4033050537109375,26.444408416748047,,,,,,1987,5,28.56,0.059
1987145N21292,UNNAMED,1987-05-25 09:00:00,22.9,-69.4, , ,,1987,29,1138.33298628616,0,1057.4044734432366,26.804332733154297,0.5193538665771484,26.383508682250977,,,,,,1987,5,28.56,0.059
1987145N21292,UNNAMED,1987-05-25 12:00:00,23.3,-69.3,30, ,,1987,29,1134.876423527631,0,1059.0723399850694,26.93466567993164,0.8115081787109375,26.052898406982422,,,,,,1987,5,28.56,0.059
1987145N21292,UNNAMED,1987-05-25 15:00:00,23.7,-69.2, , ,,1987,29,1133.1680565204924,0,1062.0961749897192,27.04366683959961,1.0186634063720703,26.052898406982422,,,,,,1987,5,28.56,0.059
1987145N21292,UNNAMED,1987-05-25 18:00:00,24.0,-69.0,30, ,,1987,29,1145.4482632756778,0,1074.760905472328,27.031999588012695,1.0826568603515625,26.052898406982422,,,,,,1987,5,28.56,0.059
1987145N21292,UNNAMED,1987-05-25 21:00:00,24.3,-68.9, , ,,1987,29,1148.839639855144,0,1078.0019773759986,26.856998443603516,1.061960220336914,25.75809097290039,,,,,,1987,5,28.56,0.059
1987145N21292,UNNAMED,1987-05-26 00:00:00,24.6,-68.8,30, ,,1987,29,1153.2159007420748,0,1082.5723669927288,26.719331741333008,1.0102691650390625,25.75809097290039,,,,,,1987,5,28.56,0.059
1987145N21292,UNNAMED,1987-05-26 03:00:00,24.9,-68.9, , ,,1987,29,1138.5525444943682,0,1065.987803623544,26.670665740966797,1.0593070983886719,25.75809097290039,,,,,,1987,5,28.56,0.059
1987145N21292,UNNAMED,1987-05-26 06:00:00,25.3,-69.0,30, ,,1987,29,1123.7884449170183,0,1049.172973680645,26.711332321166992,1.2945137023925781,25.36780548095703,,,,,,1987,5,28.56,0.059
1987145N21292,UNNAMED,1987-05-26 09:00:00,25.7,-69.2, , ,,1987,29,1100.7421057783222,0,1023.4114862416696,26.62066650390625,1.3127613067626953,25.36780548095703,,,,,,1987,5,28.56,0.059
1987145N21292,UNNAMED,1987-05-26 12:00:00,26.0,-69.4,30, ,,1987,29,1079.6574951006314,0,999.5194270828962,26.569000244140625,1.3760242462158203,25.36780548095703,,,,,,1987,5,28.56,0.059
1987145N21292,UNNAMED,1987-05-26 15:00:00,25.8,-69.5, , ,,1987,29,1070.2521953135133,0,989.4154101543618,26.523666381835938,1.3259029388427734,25.36747169494629,,,,,,1987,5,28.56,0.059
1987145N21292,UNNAMED,1987-05-26 18:00:00,25.7,-69.4,30, ,,1987,29,1080.7257989024663,0,1001.1780080888976,26.63833236694336,1.3288860321044922,25.36780548095703,,,,,,1987,5,28.56,0.059
1987145N21292,UNNAMED,1987-05-26 21:00:00,26.1,-69.0, , ,,1987,29,1119.4692269141265,0,1043.7642782092173,26.566999435424805,1.4985294342041016,24.882442474365234,,,,,,1987,5,28.56,0.059
1987145N21292,UNNAMED,1987-05-27 00:00:00,26.5,-68.8,30, ,,1987,29,1139.8228616411222,0,1066.4256975468868,26.534000396728516,1.5960273742675781,24.882442474365234,,,,,,1987,5,28.56,0.059
1987145N21292,UNNAMED,1987-05-27 03:00:00,26.8,-69.1, , ,,1987,29,1111.5124479300662,0,1034.748622690217,26.4603328704834,1.7473487854003906,24.882442474365234,,,,,,1987,5,28.56,0.059
1987145N21292,UNNAMED,1987-05-27 06:00:00,26.8,-69.6,30, ,,1987,29,1061.9889931657306,0,979.1752459684516,26.402332305908203,1.6588802337646484,24.93406867980957,,,,,,1987,5,28.56,0.059
1987145N21292,UNNAMED,1987-05-27 09:00:00,26.5,-69.8, , ,,1987,29,1040.3660883903297,0,955.1671455478024,26.595333099365234,1.61273193359375,24.93406867980957,,,,,,1987,5,28.56,0.059
1987145N21292,UNNAMED,1987-05-27 12:00:00,26.1,-69.9,30, ,,1987,29,1029.6005892886708,0,943.5900450380184,26.559999465942383,1.4674205780029297,24.93406867980957,,,,,,1987,5,28.56,0.059
1987145N21292,UNNAMED,1987-05-27 15:00:00,25.9,-69.8, , ,,1987,29,1039.9032450642676,0,955.4611174092072,26.50899887084961,1.306447982788086,25.36747169494629,,,,,,1987,5,28.56,0.059
1987145N21292,UNNAMED,1987-05-27 18:00:00,25.8,-69.6,30, ,,1987,29,1060.2477752308928,0,978.2986710779768,26.523666381835938,1.3259029388427734,25.36747169494629,,,,,,1987,5,28.56,0.059
1987145N21292,UNNAMED,1987-05-27 21:00:00,25.6,-69.6, , ,,1987,29,1061.2852188096176,0,979.653790667682,26.611000061035156,1.3000144958496094,25.36747169494629,,,,,,1987,5,28.56,0.059
1987145N21292,UNNAMED,1987-05-28 00:00:00,25.4,-69.7,30, ,,1987,29,1052.7685045164362,0,970.4453139679904,26.75233268737793,1.3346099853515625,25.36747169494629,,,,,,1987,5,28.56,0.059
1987145N21292,UNNAMED,1987-05-28 03:00:00,25.3,-69.9, , ,,1987,29,1033.6619635165328,0,949.4830580490489,26.70433235168457,1.2861576080322266,25.36747169494629,,,,,,1987,5,28.56,0.059
1987145N21292,UNNAMED,1987-05-28 06:00:00,25.3,-70.1,30, ,,1987,29,1013.6346754198174,0,927.344309353956,26.67966651916504,1.2600212097167969,25.36747169494629,,,,,,1987,5,28.56,0.059
1987145N21292,UNNAMED,1987-05-28 09:00:00,25.3,-70.4, , ,,1987,29,983.5945934136952,0,894.1478391738245,26.680999755859375,1.2588653564453125,25.36747169494629,,,,,,1987,5,28.56,0.059
1987145N21292,UNNAMED,1987-05-28 12:00:00,25.3,-70.8,30, ,,1987,29,943.5431429045856,0,849.9101795906611,26.624332427978516,1.1972198486328125,25.371469497680664,,,,,,1987,5,28.56,0.059
1987145N21292,UNNAMED,1987-05-28 15:00:00,25.3,-71.2, , ,,1987,29,903.4946043284305,0,805.7044853630819,26.68199920654297,1.2492752075195312,25.371469497680664,,,,,,1987,5,28.56,0.059
1987145N21292,UNNAMED,1987-05-28 18:00:00,25.3,-71.7,30, ,,1987,29,853.4392529042744,0,750.5009235509646,26.777666091918945,1.327474594116211,25.411563873291016,,,,,,1987,5,28.56,0.059
1987145N21292,UNNAMED,1987-05-28 21:00:00,25.3,-72.1, , ,,1987,29,813.4003921542828,0,706.3896244390579,26.767332077026367,1.3000564575195312,25.411563873291016,,,,,,1987,5,28.56,0.059
1987145N21292,UNNAMED,1987-05-29 00:00:00,25.4,-72.5,30, ,,1987,29,772.3885584308327,0,660.5985726566582,26.736331939697266,1.2531261444091797,25.44259262084961,,,,,,1987,5,28.56,0.059
1987145N21292,UNNAMED,1987-05-29 03:00:00,25.4,-72.9, , ,,1987,29,732.3439744840148,0,616.4868514735889,26.792999267578125,1.301828384399414,25.44259262084961,,,,,,1987,5,28.56,0.059
1987145N21292,UNNAMED,1987-05-29 06:00:00,25.5,-73.3,30, ,,1987,29,691.4593649393289,0,570.6952363677271,26.924331665039062,1.3776397705078125,25.44259262084961,,,,,,1987,5,28.56,0.059
1987145N21292,UNNAMED,1987-05-29 09:00:00,25.5,-73.7, , ,,1987,29,651.4086191555056,0,526.582866447553,26.997665405273438,1.416616439819336,25.569995880126953,,,,,,1987,5,28.56,0.059
1987145N21292,UNNAMED,1987-05-29 12:00:00,25.6,-74.1,30, ,,1987,29,610.6775876184146,0,480.79114044377866,27.083999633789062,1.5617389678955078,25.569995880126953,,,,,,1987,5,28.56,0.059
1987145N21292,UNNAMED,1987-05-29 15:00:00,25.7,-74.6, , ,,1987,29,560.1262594036688,0,424.0295555492512,27.045000076293945,1.4877300262451172,25.62981414794922,,,,,,1987,5,28.56,0.059
1987145N21292,UNNAMED,1987-05-29 18:00:00,25.7,-75.0,30, ,,1987,29,520.0701865752184,0,379.848965503783,26.900333404541016,1.3012104034423828,25.62981414794922,,,,,,1987,5,28.56,0.059
1987145N21292,UNNAMED,1987-05-29 21:00:00,25.8,-75.4, , ,,1987,29,479.78121708735296,0,334.1424942529052,26.85566520690918,1.3188514709472656,25.62981414794922,,,,,,1987,5,28.56,0.059
1987145N21292,UNNAMED,1987-05-30 00:00:00,25.8,-75.7,30, ,,1987,29,449.7490328491551,0,300.98297126335245,26.856666564941406,1.2892818450927734,25.75580596923828,,,,,,1987,5,28.56,0.059
1987145N21292,UNNAMED,1987-05-30 03:00:00,25.8,-76.1, , ,,1987,29,409.70550667739946,0,256.8655429448118,26.803665161132812,1.1351051330566406,25.75580596923828,,,,,,1987,5,28.56,0.059
1987145N21292,UNNAMED,1987-05-30 06:00:00,25.8,-76.5,30, ,,1987,29,369.6614619766428,0,212.87222958258408,26.739665985107422,0.8498363494873047,26.172786712646484,,,,,,1987,5,28.56,0.059
1987145N21292,UNNAMED,1987-05-30 09:00:00,25.9,-76.9, , ,,1987,29,329.80915020580557,0,166.96075424450711,26.696998596191406,0.696533203125,26.172786712646484,,,,,,1987,5,28.56,0.059
1987145N21292,UNNAMED,1987-05-30 12:00:00,25.9,-77.3,30, ,,1987,29,289.8275662393237,0,122.9776117712692,27.00233268737793,0.7782249450683594,26.172786712646484,,,,,,1987,5,28.56,0.059
1987145N21292,UNNAMED,1987-05-30 15:00:00,25.9,-77.9, , ,,1987,29,229.8863050017453,0,57.013065999706534,27.39099884033203,0.9424571990966797,26.554536819458008,,,,,,1987,5,28.56,0.059
1987145N21292,UNNAMED,1987-05-30 18:00:00,25.8,-78.5,30, ,,1987,29,169.44729948258387,1,0.0,27.98466682434082,1.1964969635009766,27.081323623657227,,,,,,1987,5,28.56,0.059
1987145N21292,UNNAMED,1987-05-30 21:00:00,25.6,-79.0, , ,,1987,29,120.7772260912353,1,0.0,28.31999969482422,1.2709083557128906,27.081323623657227,,,,,,1987,5,28.56,0.059
1987145N21292,UNNAMED,1987-05-31 00:00:00,25.3,-79.4,30, ,,1987,29,94.59069703911192,1,0.0,28.079999923706055,0.9693279266357422,27.081323623657227,,,,,,1987,5,28.56,0.059
1987145N21292,UNNAMED,1987-05-31 03:00:00,25.0,-79.8, , ,,1987,29,93.3962995868843,1,0.0,28.060998916625977,0.9042987823486328,27.173381805419922,,,,,,1987,5,28.56,0.059
1987145N21292,UNNAMED,1987-05-31 06:00:00,24.7,-80.2,30, ,,1987,29,118.05853476797483,1,0.0,27.91033172607422,0.7507877349853516,27.173381805419922,,,,,,1987,5,28.56,0.059
1987145N21292,UNNAMED,1987-05-31 09:00:00,24.6,-80.4, , ,,1987,29,130.86300927062814,1,0.0,27.80066680908203,0.6543846130371094,27.173381805419922,,,,,,1987,5,28.56,0.059
1987145N21292,UNNAMED,1987-05-31 12:00:00,24.6,-80.6,25, ,,1987,29,135.54846865675128,1,0.0,27.765666961669922,0.6326465606689453,27.092321395874023,,,,,,1987,5,28.56,0.059
1987145N21292,UNNAMED,1987-05-31 15:00:00,24.5,-80.8, , ,,1987,29,153.07213205879495,1,0.0,27.67766571044922,0.5708408355712891,27.092321395874023,,,,,,1987,5,28.56,0.059
1987145N21292,UNNAMED,1987-05-31 18:00:00,24.5,-81.0,20, ,,1987,29,162.1780353475537,1,0.0,27.78533363342285,0.7214183807373047,27.092321395874023,,,,,,1987,5,28.56,0.059
1987145N21292,UNNAMED,1987-05-31 21:00:00,24.5,-81.3, , ,,1987,29,179.24197043503193,1,0.0,27.89466667175293,0.8991298675537109,27.092321395874023,,,,,,1987,5,28.56,0.059
1987145N21292,UNNAMED,1987-06-01 00:00:00,24.4,-81.7,15, ,,1987,29,214.46494483758545,1,0.0,27.970998764038086,-0.46063995361328125,28.411245346069336,,,,,,1987,6,28.65,0.194
1987282N15277,FLOYD,1987-10-09 06:00:00,15.0,-82.6,25,1004,,1987,87,1222.5826861033056,0,980.0794502266416,28.364837646484375,-0.6396102905273438,29.012128829956055,,,,,,1987,10,27.96,0.037
1987282N15277,FLOYD,1987-10-09 09:00:00,14.8,-82.6, , ,,1987,87,1244.3872408139346,0,1003.0811502086922,28.364837646484375,-0.6396102905273438,29.012128829956055,,,,,,1987,10,27.96,0.037
1987282N15277,FLOYD,1987-10-09 12:00:00,14.5,-82.5,25,1003,,1987,87,1275.1167742251398,0,1036.9880539595972,28.174514770507812,-0.7886943817138672,29.012128829956055,,,,,,1987,10,27.96,0.037
1987282N15277,FLOYD,1987-10-09 15:00:00,14.2,-82.3, , ,,1987,87,1304.2542902664334,0,1070.4329536632035,28.141935348510742,-0.7846698760986328,28.90202522277832,,,,,,1987,10,27.96,0.037
1987282N15277,FLOYD,1987-10-09 18:00:00,14.1,-82.1,25,1001,,1987,87,1311.9013003086675,0,1081.3662366207118,28.158063888549805,-0.7472000122070312,28.90202522277832,,,,,,1987,10,27.96,0.037
1987282N15277,FLOYD,1987-10-09 21:00:00,14.2,-81.9, , ,,1987,87,1297.8781771499832,0,1069.80378205601,28.188064575195312,-0.7075405120849609,28.90202522277832,,,,,,1987,10,27.96,0.037
1987282N15277,FLOYD,1987-10-10 00:00:00,14.4,-81.8,25,999,,1987,87,1274.427451441836,0,1046.9628085066663,28.2625789642334,-0.6376457214355469,28.90202522277832,,,,,,1987,10,27.96,0.037
1987282N15277,FLOYD,1987-10-10 03:00:00,14.8,-82.0, , ,,1987,87,1233.3277338562389,0,1000.798820286202,28.408063888549805,-0.5450038909912109,28.90202522277832,,,,,,1987,10,27.96,0.037
1987282N15277,FLOYD,1987-10-10 06:00:00,15.3,-82.2,30,999,,1987,87,1181.8612331527445,0,943.518899945038,28.696773529052734,-0.3060016632080078,29.003887176513672,,,,,,1987,10,27.96,0.037
1987282N15277,FLOYD,1987-10-10 09:00:00,15.7,-82.1, , ,,1987,87,1136.2088507174176,0,897.0727241790756,28.78580665588379,-0.23767662048339844,29.003887176513672,,,,,,1987,10,27.96,0.037
1987282N15277,FLOYD,1987-10-10 12:00:00,16.0,-82.2,35,999,,1987,87,1105.251999970552,0,862.628863782031,28.79677391052246,-0.24326515197753906,29.003887176513672,,,,,,1987,10,27.96,0.037
1987282N15277,FLOYD,1987-10-10 15:00:00,16.4,-82.8, , ,,1987,87,1075.4615749081304,0,820.3309611729717,28.53709602355957,-0.5447559356689453,29.081714630126953,,,,,,1987,10,27.96,0.037
1987282N15277,FLOYD,1987-10-10 18:00:00,16.8,-83.5,35,999,,1987,87,1053.633169612832,0,783.0199554467195,28.48741912841797,-0.5661563873291016,29.01983070373535,,,,,,1987,10,27.96,0.037
1987282N15277,FLOYD,1987-10-10 21:00:00,17.2,-83.8, , ,,1987,87,1022.4176215660052,0,739.8131695624,28.538387298583984,-0.5159549713134766,29.070039749145508,,,,,,1987,10,27.96,0.037
1987282N15277,FLOYD,1987-10-11 00:00:00,17.6,-83.9,40,999,,1987,87,984.9206920775412,0,695.008341957652,28.855161666870117,-0.22161483764648438,29.070039749145508,,,,,,1987,10,27.96,0.037
1987282N15277,FLOYD,1987-10-11 03:00:00,18.0,-84.1, , ,,1987,87,952.4288232069464,0,652.1105344309086,29.02387046813965,-0.06502723693847656,29.070039749145508,,,,,,1987,10,27.96,0.037
1987282N15277,FLOYD,1987-10-11 06:00:00,18.4,-84.2,40,998,,1987,87,916.6729387844484,0,607.9871076634331,29.181934356689453,0.07056808471679688,29.118236541748047,,,,,,1987,10,27.96,0.037
1987282N15277,FLOYD,1987-10-11 09:00:00,18.9,-84.4, , ,,1987,87,877.0103857530117,0,555.6573565770954,29.059999465942383,-0.06853866577148438,29.118236541748047,,,,,,1987,10,27.96,0.037
1987282N15277,FLOYD,1987-10-11 12:00:00,19.4,-84.5,45,997,,1987,87,834.1052092525756,0,501.4618658580256,28.85999870300293,-0.28444671630859375,29.144756317138672,,,,,,1987,10,27.96,0.037
1987282N15277,FLOYD,1987-10-11 15:00:00,19.9,-84.5, , ,,1987,87,787.0807376886037,0,444.91193963014354,28.80870819091797,-0.33025169372558594,29.144756317138672,,,,,,1987,10,27.96,0.037
1987282N15277,FLOYD,1987-10-11 18:00:00,20.5,-84.5,50,996,,1987,87,732.2305046628611,0,377.70316929864794,29.085805892944336,-0.03965568542480469,29.11429214477539,,,,,,1987,10,27.96,0.037
1987282N15277,FLOYD,1987-10-11 21:00:00,21.1,-84.4, , ,,1987,87,672.9484156805178,0,306.82858794644824,29.25290298461914,0.1479625701904297,29.116554260253906,,,,,,1987,10,27.96,0.037
1987282N15277,FLOYD,1987-10-12 00:00:00,21.7,-84.3,55,995,,1987,87,615.4109087704215,0,236.3453218620721,29.018386840820312,-0.04037666320800781,29.116554260253906,,,,,,1987,10,27.96,0.037
1987282N15277,FLOYD,1987-10-12 03:00:00,22.4,-84.2, , ,,1987,87,552.460354877659,0,155.51668452869492,,,28.81043243408203,,,,,,1987,10,27.96,0.037
1987282N15277,FLOYD,1987-10-12 06:00:00,23.0,-84.0,60,994,,1987,87,492.95347035377534,0,81.49841182707142,28.06838607788086,-0.6898975372314453,28.81043243408203,,,,,,1987,10,27.96,0.037
1987282N15277,FLOYD,1987-10-12 09:00:00,23.5,-83.5, , ,,1987,87,418.3670487231611,0,1.843366626886056,28.20161247253418,-0.43625450134277344,28.656246185302734,,,,,,1987,10,27.96,0.037
1987282N15277,FLOYD,1987-10-12 12:00:00,24.0,-82.9,65,993,,1987,87,336.1446044392526,1,0.0,27.92096710205078,-0.5044021606445312,28.566869735717773,,,,,,1987,10,27.96,0.037
1987282N15277,FLOYD,1987-10-12 15:00:00,24.4,-82.3, , ,,1987,87,260.76927363544416,1,0.0,26.978708267211914,-1.2591533660888672,28.19185447692871,,,,,,1987,10,27.96,0.037
1987282N15277,FLOYD,1987-10-12 18:00:00,24.7,-81.5,65,993,,1987,87,176.78077074451386,1,0.0,26.94483757019043,-1.2251644134521484,28.19185447692871,,,,,,1987,10,27.96,0.037
1987282N15277,FLOYD,1987-10-12 21:00:00,25.1,-80.5,65,993,,1987,87,79.82190667448383,1,0.0,26.506128311157227,-1.5976276397705078,27.675251007080078,,,,,,1987,10,27.96,0.037
1987282N15277,FLOYD,1987-10-13 00:00:00,25.3,-79.9,60,993,,1987,87,59.100564056146105,1,0.0,27.730966567993164,-0.6389579772949219,28.407522201538086,,,,,,1987,10,27.96,0.037
1987282N15277,FLOYD,1987-10-13 03:00:00,25.6,-79.1, , ,,1987,87,110.8778994467072,1,0.0,27.175806045532227,-0.8808727264404297,27.984954833984375,,,,,,1987,10,27.96,0.037
1987282N15277,FLOYD,1987-10-13 06:00:00,26.0,-78.3,50,994,,1987,87,191.10445973210304,0,11.090739145962564,27.427419662475586,-0.6375179290771484,28.157764434814453,,,,,,1987,10,27.96,0.037
1987282N15277,FLOYD,1987-10-13 09:00:00,26.5,-77.6, , ,,1987,87,271.443477610789,0,88.81388395962249,27.44999885559082,-0.49632835388183594,27.937650680541992,,,,,,1987,10,27.96,0.037
1987282N15277,FLOYD,1987-10-13 12:00:00,27.0,-76.9,45,996,,1987,87,355.6306130459152,0,178.47174989259338,27.812580108642578,-0.027631759643554688,27.873926162719727,,,,,,1987,10,27.96,0.037
1987282N15277,FLOYD,1987-10-13 15:00:00,27.5,-76.1, , ,,1987,87,450.2723181049436,0,283.277839505783,27.75354766845703,0.003147125244140625,27.71841812133789,,,,,,1987,10,27.96,0.037
1987282N15277,FLOYD,1987-10-13 18:00:00,28.1,-75.4,40,997,,1987,87,541.4657730855085,0,385.15314794705466,27.62193489074707,0.1477336883544922,27.304706573486328,,,,,,1987,10,27.96,0.037
1987282N15277,FLOYD,1987-10-13 21:00:00,28.8,-74.7, , ,,1987,87,639.163512235012,0,490.8132317001142,26.70741844177246,-0.38559532165527344,27.304706573486328,,,,,,1987,10,27.96,0.037
1987282N15277,FLOYD,1987-10-14 00:00:00,29.5,-74.0,40,998,,1987,87,737.9312788528032,0,588.4449037139935,26.354515075683594,-0.47162818908691406,26.762174606323242,,,,,,1987,10,27.96,0.037
1988153N20275,UNNAMED,1988-05-31 12:00:00,20.3,-84.7,25, ,,1988,22,762.4909927868737,0,407.66579780525143,28.487998962402344,0.44801902770996094,28.029340744018555,,,,,,1988,5,26.68,0.126
1988153N20275,UNNAMED,1988-05-31 15:00:00,20.7,-84.3, , ,,1988,22,702.0001614157628,0,347.81591249060983,28.559999465942383,0.5338001251220703,28.035717010498047,,,,,,1988,5,26.68,0.126
1988153N20275,UNNAMED,1988-05-31 18:00:00,21.0,-84.0,25, ,,1988,22,656.7150857815127,0,303.68692860476125,28.624332427978516,0.6076488494873047,28.035717010498047,,,,,,1988,5,26.68,0.126
1988153N20275,UNNAMED,1988-05-31 21:00:00,21.0,-84.0, , ,,1988,22,656.7150857815127,0,303.68692860476125,28.624332427978516,0.6076488494873047,28.035717010498047,,,,,,1988,5,26.68,0.126
1988153N20275,UNNAMED,1988-06-01 00:00:00,21.0,-84.0,25, ,,1988,22,656.7150857815127,0,303.68692860476125,28.624332427978516,-0.09984207153320312,28.69159698486328,,,,,,1988,6,25.99,0.154
1988153N20275,UNNAMED,1988-06-01 03:00:00,21.2,-83.8, , ,,1988,22,626.5684457851261,0,275.0206472094822,28.7549991607666,-0.0049724578857421875,28.786373138427734,,,,,,1988,6,25.99,0.154
1988153N20275,UNNAMED,1988-06-01 06:00:00,21.4,-83.6,25, ,,1988,22,596.4595437983696,0,246.58704697949273,28.84433364868164,0.029323577880859375,28.786373138427734,,,,,,1988,6,25.99,0.154
1988153N20275,UNNAMED,1988-06-01 09:00:00,21.4,-83.5, , ,,1988,22,590.588299250266,0,244.51071242738607,28.84433364868164,0.029323577880859375,28.786373138427734,,,,,,1988,6,25.99,0.154
1988153N20275,UNNAMED,1988-06-01 12:00:00,21.5,-83.4,25, ,,1988,22,575.5800889386711,0,231.0066306183103,28.916332244873047,0.07433128356933594,28.911746978759766,,,,,,1988,6,25.99,0.154
1988153N20275,UNNAMED,1988-06-01 15:00:00,22.0,-83.0, , ,,1988,22,506.3942469255634,0,166.88760370766923,29.139331817626953,0.09221649169921875,28.911746978759766,,,,,,1988,6,25.99,0.154
1988153N20275,UNNAMED,1988-06-01 18:00:00,22.5,-82.5,25, ,,1988,22,431.7169645514327,0,101.63967026077424,29.14099884033203,-0.21009063720703125,29.376041412353516,,,,,,1988,6,25.99,0.154
1988153N20275,UNNAMED,1988-06-01 21:00:00,22.7,-82.3, , ,,1988,22,401.9723237102392,0,74.44379668585017,28.96966552734375,-0.31865692138671875,29.451936721801758,,,,,,1988,6,25.99,0.154
1988153N20275,UNNAMED,1988-06-02 00:00:00,23.0,-82.0,25, ,,1988,22,357.5316618399556,0,35.086784824483864,,,29.451936721801758,,,,,,1988,6,25.99,0.154
1988153N20275,UNNAMED,1988-06-02 03:00:00,23.5,-81.5, , ,,1988,22,284.1264367667273,1,0.0,27.804332733154297,-0.6294612884521484,28.313720703125,,,,,,1988,6,25.99,0.154
1988153N20275,UNNAMED,1988-06-02 06:00:00,24.0,-81.0,20, ,,1988,22,212.1778198490097,1,0.0,27.788999557495117,-0.5731887817382812,28.27234649658203,,,,,,1988,6,25.99,0.154
1988153N20275,UNNAMED,1988-06-02 09:00:00,24.5,-80.5, , ,,1988,22,143.6842009260671,1,0.0,27.900665283203125,-0.5579090118408203,28.516456604003906,,,,,,1988,6,25.99,0.154
1988153N20275,UNNAMED,1988-06-02 12:00:00,25.0,-80.0,20, ,,1988,22,86.86128873894148,1,0.0,27.957666397094727,-0.4917469024658203,28.415992736816406,,,,,,1988,6,25.99,0.154
1988235N15317,CHRIS,1988-08-21 12:00:00,14.9,-43.3,25,1009,,1988,60,4015.976370498061,0,4107.458695641548,26.991666793823242,-0.04099845886230469,27.060327529907227,,,,,,1988,8,25.66,-0.02
1988235N15317,CHRIS,1988-08-21 15:00:00,14.7,-44.5, , ,,1988,60,3906.8803334456097,0,3986.179502319267,27.101999282836914,-0.061428070068359375,27.209903717041016,,,,,,1988,8,25.66,-0.02
1988235N15317,CHRIS,1988-08-21 18:00:00,14.6,-45.7,25,1009,,1988,60,3793.836120012634,0,3862.286113227027,27.392332077026367,0.14256858825683594,27.299930572509766,,,,,,1988,8,25.66,-0.02
1988235N15317,CHRIS,1988-08-21 21:00:00,14.6,-46.8, , ,,1988,60,3686.3812846845817,0,3745.971598459603,27.571332931518555,0.23125076293945312,27.35955810546875,,,,,,1988,8,25.66,-0.02
1988235N15317,CHRIS,1988-08-22 00:00:00,14.6,-47.8,25,1009,,1988,60,3589.0058502911197,0,3640.5804134171985,27.41866683959961,0.008411407470703125,27.427133560180664,,,,,,1988,8,25.66,-0.02
1988235N15317,CHRIS,1988-08-22 03:00:00,14.6,-48.9, , ,,1988,60,3482.2706498455022,0,3525.070729191647,27.612998962402344,0.10142898559570312,27.532861709594727,,,,,,1988,8,25.66,-0.02
1988235N15317,CHRIS,1988-08-22 06:00:00,14.7,-49.9,25,1009,,1988,60,3380.70275014252,0,3416.409014481724,27.892000198364258,0.2835197448730469,27.628965377807617,,,,,,1988,8,25.66,-0.02
1988235N15317,CHRIS,1988-08-22 09:00:00,14.7,-50.9, , ,,1988,60,3284.3611954121984,0,3311.963099247626,28.06633186340332,0.35945892333984375,27.72897720336914,,,,,,1988,8,25.66,-0.02
1988235N15317,CHRIS,1988-08-22 12:00:00,14.8,-51.9,30,1009,,1988,60,3183.386063010159,0,3203.821834870186,27.876333236694336,0.06867218017578125,27.847728729248047,,,,,,1988,8,25.66,-0.02
1988235N15317,CHRIS,1988-08-22 15:00:00,14.9,-53.0, , ,,1988,60,3073.181491079671,0,3085.6005785220823,27.804332733154297,-0.1493396759033203,27.95395851135254,,,,,,1988,8,25.66,-0.02
1988235N15317,CHRIS,1988-08-22 18:00:00,15.1,-54.0,30,1009,,1988,60,2967.69957284672,0,2973.711415239699,27.91933250427246,-0.13913536071777344,28.044300079345703,,,,,,1988,8,25.66,-0.02
1988235N15317,CHRIS,1988-08-22 21:00:00,15.2,-54.9, , ,,1988,60,2877.1568802216693,0,2876.6606672758057,27.967998504638672,-0.17073822021484375,28.14615821838379,,,,,,1988,8,25.66,-0.02
1988235N15317,CHRIS,1988-08-23 00:00:00,15.3,-55.7,30,1009,,1988,60,2796.341363727867,0,2790.1143987028636,28.06399917602539,-0.13481521606445312,28.223325729370117,,,,,,1988,8,25.66,-0.02
1988235N15317,CHRIS,1988-08-23 03:00:00,15.4,-56.6, , ,,1988,60,2706.3937044258128,0,2693.581879611957,28.2103328704834,-0.0814056396484375,28.3245906829834,,,,,,1988,8,25.66,-0.02
1988235N15317,CHRIS,1988-08-23 06:00:00,15.6,-57.5,30,1009,,1988,60,2611.3460020035395,0,2592.630121301776,28.336999893188477,-0.020948410034179688,28.388513565063477,,,,,,1988,8,25.66,-0.02
1988235N15317,CHRIS,1988-08-23 09:00:00,15.8,-58.4, , ,,1988,60,2516.5424783610247,0,2491.8215287402786,28.253332138061523,-0.12346076965332031,28.388513565063477,,,,,,1988,8,25.66,-0.02
1988235N15317,CHRIS,1988-08-23 12:00:00,16.0,-59.2,30,1009,,1988,60,2431.258655332563,0,2401.2617036313345,28.20599937438965,-0.19072341918945312,28.410383224487305,,,,,,1988,8,25.66,-0.02
1988235N15317,CHRIS,1988-08-23 15:00:00,16.2,-60.1, , ,,1988,60,2336.9579309428946,0,2300.7422045695403,28.297332763671875,-0.13970184326171875,28.408039093017578,,,,,,1988,8,25.66,-0.02
1988235N15317,CHRIS,1988-08-23 18:00:00,16.3,-61.0,30,1009,,1988,60,2248.6868764044493,0,2205.358823338748,28.39299964904785,-0.12456130981445312,28.49787139892578,,,,,,1988,8,25.66,-0.02
1988235N15317,CHRIS,1988-08-23 21:00:00,16.5,-61.7, , ,,1988,60,2173.3042877767143,0,2125.180742615692,28.36433219909668,-0.21227645874023438,28.61476707458496,,,,,,1988,8,25.66,-0.02
1988235N15317,CHRIS,1988-08-24 00:00:00,16.7,-62.4,30,1009,,1988,60,2098.0932012222024,0,2045.080959243574,28.307666778564453,-0.31168174743652344,28.61476707458496,,,,,,1988,8,25.66,-0.02
1988235N15317,CHRIS,1988-08-24 03:00:00,16.8,-63.1, , ,,1988,60,2028.9848266419408,0,1970.3993962584473,28.362998962402344,-0.2812366485595703,28.66490364074707,,,,,,1988,8,25.66,-0.02
1988235N15317,CHRIS,1988-08-24 06:00:00,16.9,-63.8,30,1009,,1988,60,1960.242804668848,0,1896.047186102834,28.350666046142578,-0.3221588134765625,28.68717384338379,,,,,,1988,8,25.66,-0.02
1988235N15317,CHRIS,1988-08-24 09:00:00,17.0,-64.5, , ,,1988,60,1891.903494382424,0,1822.0647454993132,28.262666702270508,-0.4174537658691406,28.686094284057617,,,,,,1988,8,25.66,-0.02
1988235N15317,CHRIS,1988-08-24 12:00:00,17.2,-65.2,30,1009,,1988,60,1817.746181488244,0,1742.7147088148838,28.31599998474121,-0.3629646301269531,28.674211502075195,,,,,,1988,8,25.66,-0.02
1988235N15317,CHRIS,1988-08-24 15:00:00,17.4,-66.0, , ,,1988,60,1735.1440676411153,0,1653.9348097141194,28.288000106811523,-0.40375518798828125,28.69144630432129,,,,,,1988,8,25.66,-0.02
1988235N15317,CHRIS,1988-08-24 18:00:00,17.5,-66.7,30,1009,,1988,60,1668.1031562585065,0,1581.0324706128704,28.156665802001953,-0.5501976013183594,28.727550506591797,,,,,,1988,8,25.66,-0.02
1988235N15317,CHRIS,1988-08-24 21:00:00,17.6,-67.3, , ,,1988,60,1610.1669224719087,0,1517.9446952671103,28.489999771118164,-0.22397613525390625,28.727550506591797,,,,,,1988,8,25.66,-0.02
1988235N15317,CHRIS,1988-08-25 00:00:00,17.8,-67.8,30,1009,,1988,60,1554.408459106955,0,1458.3687469151234,28.49366569519043,-0.19760894775390625,28.697114944458008,,,,,,1988,8,25.66,-0.02
1988235N15317,CHRIS,1988-08-25 03:00:00,18.0,-68.3, , ,,1988,60,1498.783279581114,0,1398.846485889729,28.351999282836914,-0.32979393005371094,28.697114944458008,,,,,,1988,8,25.66,-0.02
1988235N15317,CHRIS,1988-08-25 06:00:00,18.2,-68.8,30,1009,,1988,60,1443.3010819274866,0,1339.38625496633,28.5,-0.178924560546875,28.68655014038086,,,,,,1988,8,25.66,-0.02
1988235N15317,CHRIS,1988-08-25 09:00:00,18.3,-69.3, , ,,1988,60,1394.8553972130885,0,1286.5220399726832,28.70800018310547,0.023157119750976562,28.68655014038086,,,,,,1988,8,25.66,-0.02
1988235N15317,CHRIS,1988-08-25 12:00:00,18.5,-69.8,30,1008,,1988,60,1339.7669693094658,0,1227.3161992066568,28.635665893554688,-0.05034065246582031,28.69422149658203,,,,,,1988,8,25.66,-0.02
1988235N15317,CHRIS,1988-08-25 15:00:00,18.8,-70.3, , ,,1988,60,1277.8322820770109,0,1161.4870595248278,,,28.69422149658203,,,,,,1988,8,25.66,-0.02
1988235N15317,CHRIS,1988-08-25 18:00:00,19.1,-70.9,30,1008,,1988,60,1207.8668117315965,0,1086.508627765735,,,28.48093032836914,,,,,,1988,8,25.66,-0.02
1988235N15317,CHRIS,1988-08-25 21:00:00,19.4,-71.5, , ,,1988,60,1138.1093920933383,0,1011.5779484234882,,,28.80434226989746,,,,,,1988,8,25.66,-0.02
1988235N15317,CHRIS,1988-08-26 00:00:00,19.8,-72.1,30,1008,,1988,60,1061.3808909334484,0,929.755663669415,28.367666244506836,-0.48792457580566406,28.80434226989746,,,,,,1988,8,25.66,-0.02
1988235N15317,CHRIS,1988-08-26 03:00:00,20.1,-72.7, , ,,1988,60,992.0165962539428,0,854.8503257372146,28.33366584777832,-0.7123432159423828,28.879533767700195,,,,,,1988,8,25.66,-0.02
1988235N15317,CHRIS,1988-08-26 06:00:00,20.5,-73.2,30,1008,,1988,60,923.4803908291522,0,781.8918701044247,28.416332244873047,-0.5875644683837891,28.879533767700195,,,,,,1988,8,25.66,-0.02
1988235N15317,CHRIS,1988-08-26 09:00:00,21.0,-73.7, , ,,1988,60,847.8748225296697,0,702.0342996590716,28.207332611083984,-0.7066993713378906,28.993343353271484,,,,,,1988,8,25.66,-0.02
1988235N15317,CHRIS,1988-08-26 12:00:00,21.5,-74.2,30,1008,,1988,60,772.5364688188689,0,622.4907309738893,28.14533233642578,-0.7677745819091797,28.905000686645508,,,,,,1988,8,25.66,-0.02
1988235N15317,CHRIS,1988-08-26 15:00:00,22.0,-74.8, , ,,1988,60,689.4129294057129,0,533.962792337071,28.256999969482422,-0.6874427795410156,28.904253005981445,,,,,,1988,8,25.66,-0.02
1988235N15317,CHRIS,1988-08-26 18:00:00,22.5,-75.4,30,1008,,1988,60,606.5195672040838,0,445.70479223155706,28.430999755859375,-0.6724700927734375,29.01914405822754,,,,,,1988,8,25.66,-0.02
1988235N15317,CHRIS,1988-08-26 21:00:00,22.9,-75.8, , ,,1988,60,546.9665216394683,0,382.93923220476165,28.643333435058594,-0.6744651794433594,29.320459365844727,,,,,,1988,8,25.66,-0.02
1988235N15317,CHRIS,1988-08-27 00:00:00,23.3,-76.2,30,1008,,1988,60,487.7831478845302,0,321.2370668820463,28.67300033569336,-0.7577877044677734,29.427160263061523,,,,,,1988,8,25.66,-0.02
1988235N15317,CHRIS,1988-08-27 03:00:00,23.7,-76.7, , ,,1988,60,420.5898526727627,0,250.23598276788945,28.51333236694336,-0.9947090148925781,29.554933547973633,,,,,,1988,8,25.66,-0.02
1988235N15317,CHRIS,1988-08-27 06:00:00,24.1,-77.2,30,1008,,1988,60,353.7423832660634,0,180.7419302554001,28.54599952697754,-1.110177993774414,29.685998916625977,,,,,,1988,8,25.66,-0.02
1988235N15317,CHRIS,1988-08-27 09:00:00,24.5,-77.7, , ,,1988,60,287.4040796548252,0,113.41575430364074,28.51966667175293,-1.196573257446289,29.720579147338867,,,,,,1988,8,25.66,-0.02
1988235N15317,CHRIS,1988-08-27 12:00:00,24.9,-78.1,30,1008,,1988,60,231.0342096769064,0,62.01931546790858,,,29.720579147338867,,,,,,1988,8,25.66,-0.02
1988235N15317,CHRIS,1988-08-27 15:00:00,25.3,-78.6, , ,,1988,60,167.76329461527328,0,10.302859825830714,28.810665130615234,-0.9672012329101562,29.868953704833984,,,,,,1988,8,25.66,-0.02
1988235N15317,CHRIS,1988-08-27 18:00:00,25.8,-79.0,30,1008,,1988,60,119.40697740651066,1,0.0,28.7276668548584,-1.007772445678711,29.868953704833984,,,,,,1988,8,25.66,-0.02
1988235N15317,CHRIS,1988-08-27 21:00:00,26.3,-79.4, , ,,1988,60,99.20432730187456,1,0.0,28.685665130615234,-0.8965988159179688,29.565547943115234,,,,,,1988,8,25.66,-0.02
1988235N15317,CHRIS,1988-08-28 00:00:00,26.8,-79.7,30,1008,,1988,60,125.43396049761154,1,0.0,28.602998733520508,-0.8093833923339844,29.534326553344727,,,,,,1988,8,25.66,-0.02
1988235N15317,CHRIS,1988-08-28 03:00:00,27.4,-79.8, , ,,1988,60,186.28997056671167,1,0.0,28.220998764038086,-0.9083995819091797,29.01167869567871,,,,,,1988,8,25.66,-0.02
1988235N15317,CHRIS,1988-08-28 06:00:00,28.2,-80.0,40,1008,,1988,60,271.7917489094566,1,0.0,27.531665802001953,,28.834585189819336,,,,,,1988,8,25.66,-0.02
1988235N15317,CHRIS,1988-08-28 09:00:00,29.4,-80.4, , ,,1988,60,405.0802487630817,1,0.0,27.749666213989258,-0.9099521636962891,29.100412368774414,,,,,,1988,8,25.66,-0.02
1988235N15317,CHRIS,1988-08-28 12:00:00,30.8,-80.8,45,1005,,1988,60,563.38631033776,1,0.0,27.5310001373291,-0.8648452758789062,28.197458267211914,,,,,,1988,8,25.66,-0.02
1988235N15317,CHRIS,1988-08-28 15:00:00,32.0,-80.9,40,1005,,1988,60,697.0796155622127,0,27.41551715046634,27.09000015258789,-1.5318355560302734,28.55206298828125,,,,,,1988,8,25.66,-0.02
1988235N15317,CHRIS,1988-08-28 18:00:00,32.8,-81.1,35,1006,,1988,60,787.5525373197958,0,123.11006380886276,,,28.786319732666016,,,,,,1988,8,25.66,-0.02
1988235N15317,CHRIS,1988-08-28 21:00:00,33.5,-81.2, , ,,1988,60,865.9435131421078,0,209.84306274211676,,,,,,,,,1988,8,25.66,-0.02
1988235N15317,CHRIS,1988-08-29 00:00:00,34.1,-81.1,25,1008,,1988,60,931.2835177774984,0,290.7190787641411,,,,,,,,,1988,8,25.66,-0.02
1988235N15317,CHRIS,1988-08-29 03:00:00,34.9,-80.9, , ,,1988,60,1018.3935470286372,0,401.0505736283523,,,,,,,,,1988,8,25.66,-0.02
1988235N15317,CHRIS,1988-08-29 06:00:00,35.8,-80.6,20,1009,,1988,60,1116.8853994171627,0,528.1737739989553,,,,,,,,,1988,8,25.66,-0.02
1988235N15317,CHRIS,1988-08-29 09:00:00,36.6,-80.2, , ,,1988,60,1205.1642243328354,0,645.873465542314,,,,,,,,,1988,8,25.66,-0.02
1988235N15317,CHRIS,1988-08-29 12:00:00,37.5,-79.5,20,1009,,1988,60,1306.869393321727,0,786.7173628180706,,,,,,,,,1988,8,25.66,-0.02
1988235N15317,CHRIS,1988-08-29 15:00:00,38.3,-78.8, , ,,1988,60,1400.3015087198798,0,916.2658753515811,,,,,,,,,1988,8,25.66,-0.02
1988235N15317,CHRIS,1988-08-29 18:00:00,39.2,-77.6,20,1010,,1988,60,1513.7186118898014,0,1080.5763931825877,,,,,,,,,1988,8,25.66,-0.02
1988235N15317,CHRIS,1988-08-29 21:00:00,40.2,-75.7, , ,,1988,60,1658.5915658271415,0,1296.83912802428,,,,,,,,,1988,8,25.66,-0.02
1988235N15317,CHRIS,1988-08-30 00:00:00,41.2,-73.6,20,1008,,1988,60,1820.7963465608784,0,1537.643205642565,,,,,,,,,1988,8,25.66,-0.02
1988235N15317,CHRIS,1988-08-30 03:00:00,42.4,-71.8, , ,,1988,60,2002.4521247413936,0,1795.9101123353294,,,,,,,,,1988,8,25.66,-0.02
1988235N15317,CHRIS,1988-08-30 06:00:00,43.5,-69.9,20,1008,,1988,60,2181.513977336628,0,2053.54701127569,14.383999824523926,-3.397702217102051,17.757143020629883,,,,,,1988,8,25.66,-0.02
1988235N15317,CHRIS,1988-08-30 09:00:00,44.3,-67.5, , ,,1988,60,2356.6564728410453,0,2313.667328229985,11.048333168029785,-2.8784637451171875,13.657235145568848,,,,,,1988,8,25.66,-0.02
1988235N15317,CHRIS,1988-08-30 12:00:00,45.0,-65.0,25,1008,,1988,60,2534.60933194126,0,2577.7935106963105,,,13.600582122802734,,,,,,1988,8,25.66,-0.02
1988235N15317,CHRIS,1988-08-30 15:00:00,45.7,-62.5, , ,,1988,60,2718.8847309264183,0,2849.307319881052,,,18.574024200439453,,,,,,1988,8,25.66,-0.02
1988235N15317,CHRIS,1988-08-30 18:00:00,46.5,-60.0,25,1008,,1988,60,2915.481752921461,0,3137.8421480081183,14.558333396911621,-3.8276491165161133,18.412050247192383,,,,,,1988,8,25.66,-0.02
1991181N26282,ANA,1991-06-29 12:00:00,25.9,-78.0,20,1012,,1991,32,219.90162928511543,0,46.08678519238891,29.174837112426758,0.9919033050537109,28.170257568359375,,,,,,1991,6,28.25,-0.144
1991181N26282,ANA,1991-06-29 15:00:00,25.9,-78.5, , ,,1991,32,170.019150612536,1,0.0,29.482257843017578,1.1181697845458984,28.67344093322754,,,,,,1991,6,28.25,-0.144
1991181N26282,ANA,1991-06-29 18:00:00,25.9,-79.0,20,1012,,1991,32,120.2678517680423,1,0.0,29.331933975219727,0.8491744995117188,28.67344093322754,,,,,,1991,6,28.25,-0.144
1991181N26282,ANA,1991-06-29 21:00:00,25.9,-79.5, , ,,1991,32,70.92580069231019,1,0.0,28.98580551147461,0.5718135833740234,28.398557662963867,,,,,,1991,6,28.25,-0.144
1991181N26282,ANA,1991-06-30 00:00:00,25.9,-80.0,20,1012,,1991,32,24.596485338424262,1,0.0,29.044193267822266,,28.398557662963867,,,,,,1991,6,28.25,-0.144
1991181N26282,ANA,1991-06-30 03:00:00,25.9,-80.5, , ,,1991,32,34.466996040376,1,0.0,,,29.083555221557617,,,,,,1991,6,28.25,-0.144
1991181N26282,ANA,1991-06-30 06:00:00,26.0,-80.9,20,1012,,1991,32,75.64285602819785,1,0.0,,,29.083555221557617,,,,,,1991,6,28.25,-0.144
1991181N26282,ANA,1991-06-30 09:00:00,26.1,-81.4, , ,,1991,32,126.54003796989998,1,0.0,,,,,,,,,1991,6,28.25,-0.144
1991181N26282,ANA,1991-06-30 12:00:00,26.2,-81.8,20,1012,,1991,32,167.9758490412882,1,0.0,29.5170955657959,,28.52607536315918,,,,,,1991,6,28.25,-0.144
1991181N26282,ANA,1991-06-30 15:00:00,26.4,-82.1, , ,,1991,32,203.36102409106837,1,0.0,29.570966720581055,1.102090835571289,28.52607536315918,,,,,,1991,6,28.25,-0.144
1991181N26282,ANA,1991-06-30 18:00:00,26.7,-82.4,20,1012,,1991,32,243.71056278214365,1,0.0,29.600645065307617,,28.52607536315918,,,,,,1991,6,28.25,-0.144
1991181N26282,ANA,1991-06-30 21:00:00,27.0,-82.6, , ,,1991,32,276.5907173795631,1,0.0,29.448387145996094,,27.987096786499023,,,,,,1991,6,28.25,-0.144
1991181N26282,ANA,1991-07-01 00:00:00,27.3,-82.7,20,1012,,1991,32,302.5142604038082,1,0.0,29.419677734375,,29.475244522094727,,,,,,1991,7,28.05,-0.122
1991181N26282,ANA,1991-07-01 03:00:00,27.6,-82.7, , ,,1991,32,322.29450878521357,1,0.0,29.481611251831055,,29.475244522094727,,,,,,1991,7,28.05,-0.122
1991181N26282,ANA,1991-07-01 06:00:00,28.0,-82.7,20,1012,,1991,32,351.8699476707639,1,0.0,,,29.475244522094727,,,,,,1991,7,28.05,-0.122
1991181N26282,ANA,1991-07-01 09:00:00,28.4,-82.6, , ,,1991,32,378.0060375180571,1,0.0,,,29.639263153076172,,,,,,1991,7,28.05,-0.122
1991181N26282,ANA,1991-07-01 12:00:00,28.7,-82.5,20,1012,,1991,32,398.50785826562463,1,0.0,29.388385772705078,,29.639263153076172,,,,,,1991,7,28.05,-0.122
1991181N26282,ANA,1991-07-01 15:00:00,29.0,-82.4, , ,,1991,32,420.9198468877307,1,0.0,,,,,,,,,1991,7,28.05,-0.122
1991181N26282,ANA,1991-07-01 18:00:00,29.3,-82.2,20,1012,,1991,32,440.4343996822016,1,0.0,,,,,,,,,1991,7,28.05,-0.122
1991181N26282,ANA,1991-07-01 21:00:00,29.6,-81.9, , ,,1991,32,458.727159425248,1,0.0,,,,,,,,,1991,7,28.05,-0.122
1991181N26282,ANA,1991-07-02 00:00:00,29.9,-81.6,20,1012,,1991,32,480.5251986644441,1,0.0,,,,,,,,,1991,7,28.05,-0.122
1991181N26282,ANA,1991-07-02 03:00:00,30.2,-81.3, , ,,1991,32,505.360865665686,1,0.0,,,27.99333953857422,,,,,,1991,7,28.05,-0.122
1991181N26282,ANA,1991-07-02 06:00:00,30.4,-81.0,20,1012,,1991,32,521.8083936665723,1,0.0,28.57967758178711,,27.99333953857422,,,,,,1991,7,28.05,-0.122
1991181N26282,ANA,1991-07-02 09:00:00,30.7,-80.7, , ,,1991,32,551.3637667861075,1,0.0,28.554515838623047,0.2814807891845703,27.99333953857422,,,,,,1991,7,28.05,-0.122
1991181N26282,ANA,1991-07-02 12:00:00,30.9,-80.3,20,1012,,1991,32,571.4509063926549,1,0.0,28.52903175354004,0.13176536560058594,28.7211856842041,,,,,,1991,7,28.05,-0.122
1991181N26282,ANA,1991-07-02 15:00:00,31.1,-80.0, , ,,1991,32,593.8876885135666,0,14.23855863520878,28.47612762451172,0.04961204528808594,28.3002986907959,,,,,,1991,7,28.05,-0.122
1991181N26282,ANA,1991-07-02 18:00:00,31.3,-79.7,25,1012,,1991,32,617.6993951770727,0,54.40179512895458,28.651611328125,0.1313762664794922,28.3002986907959,,,,,,1991,7,28.05,-0.122
1991181N26282,ANA,1991-07-02 21:00:00,31.4,-79.4, , ,,1991,32,631.6923811124109,0,90.2368947050677,28.832902908325195,0.20111656188964844,28.809436798095703,,,,,,1991,7,28.05,-0.122
1991181N26282,ANA,1991-07-03 00:00:00,31.5,-79.0,25,1011,,1991,32,648.5687790378425,0,136.45484508349082,28.933225631713867,0.18988800048828125,28.809436798095703,,,,,,1991,7,28.05,-0.122
1991181N26282,ANA,1991-07-03 03:00:00,31.9,-78.3, , ,,1991,32,706.9436772084616,0,228.71782798594052,28.917095184326172,0.33419227600097656,28.69011116027832,,,,,,1991,7,28.05,-0.122
1991181N26282,ANA,1991-07-03 06:00:00,32.5,-77.4,25,1010,,1991,32,796.7195916180149,0,353.23115792250456,28.52903175354004,-0.004558563232421875,28.611881256103516,,,,,,1991,7,28.05,-0.122
1991181N26282,ANA,1991-07-03 09:00:00,33.2,-76.4, , ,,1991,32,904.67085832802,0,495.80402144077175,28.497419357299805,0.17641639709472656,28.437673568725586,,,,,,1991,7,28.05,-0.122
1991181N26282,ANA,1991-07-03 12:00:00,33.9,-75.4,30,1008,,1991,32,1015.784213197494,0,639.3536578523549,27.983224868774414,-0.0320281982421875,27.78107452392578,,,,,,1991,7,28.05,-0.122
1991181N26282,ANA,1991-07-03 15:00:00,34.6,-74.5, , ,,1991,32,1124.237291546205,0,774.7368060572976,27.40386962890625,-0.3938407897949219,28.138437271118164,,,,,,1991,7,28.05,-0.122
1991181N26282,ANA,1991-07-03 18:00:00,35.2,-73.4,30,1006,,1991,32,1234.0756864837597,0,921.7944975194748,26.53580665588379,-0.7712173461914062,27.22248077392578,,,,,,1991,7,28.05,-0.122
1991181N26282,ANA,1991-07-03 21:00:00,35.7,-72.1, , ,,1991,32,1347.6062337495327,0,1080.2768900893138,26.212257385253906,-0.5588150024414062,26.67346954345703,,,,,,1991,7,28.05,-0.122
1991181N26282,ANA,1991-07-04 00:00:00,36.2,-70.7,40,1003,,1991,32,1469.9528208427562,0,1248.8676104105457,26.16064453125,-0.47484779357910156,26.801870346069336,,,,,,1991,7,28.05,-0.122
1991181N26282,ANA,1991-07-04 03:00:00,36.7,-69.3, , ,,1991,32,1595.0189641678942,0,1418.1004418633852,26.190322875976562,-0.40741729736328125,26.54397201538086,,,,,,1991,7,28.05,-0.122
1991181N26282,ANA,1991-07-04 06:00:00,37.1,-67.8,45,1002,,1991,32,1720.6941063683585,0,1590.4708517742097,26.73967742919922,0.18689346313476562,26.571264266967773,,,,,,1991,7,28.05,-0.122
1991181N26282,ANA,1991-07-04 09:00:00,37.4,-66.3, , ,,1991,32,1841.5598474588496,0,1756.8713379448443,26.402902603149414,-0.13037109375,26.518016815185547,,,,,,1991,7,28.05,-0.122
1991181N26282,ANA,1991-07-04 12:00:00,37.6,-64.7,45,1001,,1991,32,1965.109085196938,0,1927.9818025581908,25.52677345275879,-0.6697769165039062,26.349889755249023,,,,,,1991,7,28.05,-0.122
1991181N26282,ANA,1991-07-04 15:00:00,37.8,-62.9, , ,,1991,32,2106.296507953709,0,2120.8638124641943,24.781612396240234,-1.1278095245361328,25.984981536865234,,,,,,1991,7,28.05,-0.122
1991181N26282,ANA,1991-07-04 18:00:00,37.9,-61.1,45,1000,,1991,32,2245.0167977252913,0,2309.5193326721164,24.623870849609375,-1.08837890625,25.667865753173828,,,,,,1991,7,28.05,-0.122
1991181N26282,ANA,1991-07-04 21:00:00,38.0,-59.3, , ,,1991,32,2387.235400495019,0,2499.9686684275266,24.37935447692871,-1.183908462524414,25.48774528503418,,,,,,1991,7,28.05,-0.122
1991181N26282,ANA,1991-07-05 00:00:00,38.0,-57.5,45,1001,,1991,32,2527.3987120296633,0,2687.018699738736,23.988386154174805,-1.3305740356445312,25.32500457763672,,,,,,1991,7,28.05,-0.122
1991181N26282,ANA,1991-07-05 03:00:00,37.8,-55.8, , ,,1991,32,2653.8274939075195,0,2856.2627961496446,24.16870880126953,-0.9630794525146484,25.1569881439209,,,,,,1991,7,28.05,-0.122
1991181N26282,ANA,1991-07-05 06:00:00,37.5,-54.2,40,1003,,1991,32,2772.1407799185586,0,3013.030745955822,24.175806045532227,-0.8360538482666016,24.986175537109375,,,,,,1991,7,28.05,-0.122
1991181N26282,ANA,1991-07-05 09:00:00,37.2,-52.5, , ,,1991,32,2902.988812019319,0,3178.196402377141,23.655805587768555,-1.268819808959961,24.897666931152344,,,,,,1991,7,28.05,-0.122
1991181N26282,ANA,1991-07-05 12:00:00,37.0,-50.7,35,1005,,1991,32,3049.3343626428114,0,3357.9658617910936,23.430967330932617,-1.404815673828125,24.94048309326172,,,,,,1991,7,28.05,-0.122
1991288N19274,FABIAN,1991-10-15 00:00:00,18.9,-85.7,25,1010,,1991,76,950.0072952936828,0,603.3854542301223,29.191612243652344,0.09430694580078125,29.078256607055664,,,,,,1991,10,27.58,-0.277
1991288N19274,FABIAN,1991-10-15 03:00:00,19.2,-85.4, , ,,1991,76,904.5457581103892,0,557.5543559018516,29.185806274414062,0.07187652587890625,29.144756317138672,,,,,,1991,10,27.58,-0.277
1991288N19274,FABIAN,1991-10-15 06:00:00,19.5,-85.1,30,1008,,1991,76,859.1519337902353,0,512.0944750875864,29.194515228271484,0.06081962585449219,29.144756317138672,,,,,,1991,10,27.58,-0.277
1991288N19274,FABIAN,1991-10-15 09:00:00,19.9,-84.6, , ,,1991,76,792.8664459041585,0,448.4716417604619,29.020322799682617,-0.1186370849609375,29.144756317138672,,,,,,1991,10,27.58,-0.277
1991288N19274,FABIAN,1991-10-15 12:00:00,20.3,-84.1,35,1007,,1991,76,727.0353855092837,0,387.0627490510782,29.02838706970215,-0.10689163208007812,29.135082244873047,,,,,,1991,10,27.58,-0.277
1991288N19274,FABIAN,1991-10-15 15:00:00,20.8,-83.6, , ,,1991,76,652.2676112231218,0,316.95968263683096,28.987096786499023,-0.13663291931152344,29.135082244873047,,,,,,1991,10,27.58,-0.277
1991288N19274,FABIAN,1991-10-15 18:00:00,21.2,-83.1,40,1006,,1991,76,587.5250005457286,0,263.101191769993,28.864837646484375,-0.23734664916992188,29.07326316833496,,,,,,1991,10,27.58,-0.277
1991288N19274,FABIAN,1991-10-15 21:00:00,21.5,-82.8,40,1004,,1991,76,543.2355057688543,0,225.48332320337244,28.809032440185547,-0.2678966522216797,29.07326316833496,,,,,,1991,10,27.58,-0.277
1991288N19274,FABIAN,1991-10-16 00:00:00,22.4,-81.8,40,1004,,1991,76,407.8859824293396,0,108.14466264524052,,,28.618379592895508,,,,,,1991,10,27.58,-0.277
1991288N19274,FABIAN,1991-10-16 03:00:00,23.2,-81.2, , ,,1991,76,302.5645800646641,0,24.10914042240578,28.40709686279297,-0.33927154541015625,28.547204971313477,,,,,,1991,10,27.58,-0.277
1991288N19274,FABIAN,1991-10-16 06:00:00,23.9,-80.8,40,1002,,1991,76,215.9174242864559,1,0.0,28.458709716796875,0.0064563751220703125,28.547204971313477,,,,,,1991,10,27.58,-0.277
1991288N19274,FABIAN,1991-10-16 08:34:00,24.5,-80.5,40,1002,,1991,76,143.6842009260671,1,0.0,28.33161163330078,-0.05174064636230469,28.262737274169922,,,,,,1991,10,27.58,-0.277
1991288N19274,FABIAN,1991-10-16 09:00:00,24.6,-80.4, , ,,1991,76,130.86300927062814,1,0.0,28.23516082763672,-0.15357589721679688,28.522808074951172,,,,,,1991,10,27.58,-0.277
1991288N19274,FABIAN,1991-10-16 12:00:00,25.2,-79.8,40,1007,,1991,76,73.80874452564571,1,0.0,27.032665252685547,-1.367706298828125,28.407522201538086,,,,,,1991,10,27.58,-0.277
1991288N19274,FABIAN,1991-10-16 15:00:00,25.7,-79.3, , ,,1991,76,89.59379817733854,1,0.0,26.633333206176758,-1.5249004364013672,27.984954833984375,,,,,,1991,10,27.58,-0.277
1991288N19274,FABIAN,1991-10-16 18:00:00,26.5,-78.5,40,1009,,1991,76,187.7845680712689,1,0.0,26.46966552734375,-1.599508285522461,28.15252685546875,,,,,,1991,10,27.58,-0.277
1991288N19274,FABIAN,1991-10-16 21:00:00,28.0,-77.2, , ,,1991,76,387.2572370560426,0,194.8104652652232,26.18833351135254,-1.5096817016601562,27.78097915649414,,,,,,1991,10,27.58,-0.277
1991288N19274,FABIAN,1991-10-17 00:00:00,30.0,-75.5,40,1009,,1991,76,659.2067722267533,0,443.09590091937326,25.34233283996582,-1.517019271850586,27.041419982910156,,,,,,1991,10,27.58,-0.277
1992230N11325,ANDREW,1992-08-16 18:00:00,10.8,-35.5,25,1010,,1992,63,4974.534313086311,0,5076.51160298319,27.494998931884766,-0.23075294494628906,27.802753448486328,,,,,,1992,8,26.91,-0.396
1992230N11325,ANDREW,1992-08-16 21:00:00,11.0,-36.4, , ,,1992,63,4876.411349488937,0,4974.344188532199,27.510332107543945,-0.2293109893798828,27.802753448486328,,,,,,1992,8,26.91,-0.396
1992230N11325,ANDREW,1992-08-17 00:00:00,11.2,-37.4,30,1009,,1992,63,4768.557832443761,0,4861.664008895294,27.316999435424805,-0.4093036651611328,27.6430721282959,,,,,,1992,8,26.91,-0.396
1992230N11325,ANDREW,1992-08-17 03:00:00,11.4,-38.5, , ,,1992,63,4651.016387345711,0,4738.505769756924,27.463333129882812,-0.25408172607421875,27.686323165893555,,,,,,1992,8,26.91,-0.396
1992230N11325,ANDREW,1992-08-17 06:00:00,11.7,-39.6,30,1008,,1992,63,4528.715681612021,0,4611.656084736038,27.557998657226562,-0.11228370666503906,27.70613670349121,,,,,,1992,8,26.91,-0.396
1992230N11325,ANDREW,1992-08-17 09:00:00,12.0,-40.8, , ,,1992,63,4396.771396229194,0,4474.307538295678,27.53533172607422,-0.11724281311035156,27.741668701171875,,,,,,1992,8,26.91,-0.396
1992230N11325,ANDREW,1992-08-17 12:00:00,12.3,-42.0,35,1006,,1992,63,4264.981850142632,0,4336.979535718713,27.328332901000977,-0.28014183044433594,27.570852279663086,,,,,,1992,8,26.91,-0.396
1992230N11325,ANDREW,1992-08-17 15:00:00,12.7,-43.1, , ,,1992,63,4138.186065367336,0,4206.325287135347,27.222000122070312,-0.36164093017578125,27.619699478149414,,,,,,1992,8,26.91,-0.396
1992230N11325,ANDREW,1992-08-17 18:00:00,13.1,-44.2,35,1003,,1992,63,4011.538453067441,0,4075.648038727786,27.03299903869629,-0.4412879943847656,27.351491928100586,,,,,,1992,8,26.91,-0.396
1992230N11325,ANDREW,1992-08-17 21:00:00,13.4,-45.2, , ,,1992,63,3899.6334457888106,0,3959.264650495288,27.242666244506836,-0.21659469604492188,27.418270111083984,,,,,,1992,8,26.91,-0.396
1992230N11325,ANDREW,1992-08-18 00:00:00,13.6,-46.2,40,1002,,1992,63,3792.730544288032,0,3846.731614912252,27.371999740600586,-0.09181594848632812,27.47793197631836,,,,,,1992,8,26.91,-0.396
1992230N11325,ANDREW,1992-08-18 03:00:00,13.8,-47.1, , ,,1992,63,3695.659164824327,0,3744.685054245502,27.343332290649414,-0.13999557495117188,27.543792724609375,,,,,,1992,8,26.91,-0.396
1992230N11325,ANDREW,1992-08-18 06:00:00,14.1,-48.0,45,1001,,1992,63,3593.785169868444,0,3638.763980081549,27.53499984741211,0.026487350463867188,27.427133560180664,,,,,,1992,8,26.91,-0.396
1992230N11325,ANDREW,1992-08-18 09:00:00,14.3,-48.9, , ,,1992,63,3496.9295758961116,0,3536.7417842467617,27.517332077026367,-0.021488189697265625,27.532861709594727,,,,,,1992,8,26.91,-0.396
1992230N11325,ANDREW,1992-08-18 12:00:00,14.6,-49.9,45,1000,,1992,63,3385.6172292510005,0,3420.345228833392,27.59466552734375,-0.013814926147460938,27.628965377807617,,,,,,1992,8,26.91,-0.396
1992230N11325,ANDREW,1992-08-18 15:00:00,15.0,-50.9, , ,,1992,63,3269.5247590234467,0,3299.982375963647,27.79599952697754,0.10833168029785156,27.72897720336914,,,,,,1992,8,26.91,-0.396
1992230N11325,ANDREW,1992-08-18 18:00:00,15.4,-51.8,45,1000,,1992,63,3163.229709223752,0,3190.066902703079,27.978666305541992,0.20463943481445312,27.782001495361328,,,,,,1992,8,26.91,-0.396
1992230N11325,ANDREW,1992-08-18 21:00:00,15.8,-52.7, , ,,1992,63,3057.093494412945,0,3080.1490482596396,28.12533187866211,0.28061676025390625,27.918169021606445,,,,,,1992,8,26.91,-0.396
1992230N11325,ANDREW,1992-08-19 00:00:00,16.3,-53.5,45,1001,,1992,63,2955.9883662481957,0,2976.8069953085674,28.165332794189453,0.21523284912109375,27.996055603027344,,,,,,1992,8,26.91,-0.396
1992230N11325,ANDREW,1992-08-19 03:00:00,16.8,-54.4, , ,,1992,63,2845.534344173361,0,2863.0703370786205,28.270666122436523,0.2539081573486328,27.996055603027344,,,,,,1992,8,26.91,-0.396
1992230N11325,ANDREW,1992-08-19 06:00:00,17.2,-55.3,45,1002,,1992,63,2740.00187588584,0,2753.1946082627414,28.174665451049805,0.06569862365722656,28.064563751220703,,,,,,1992,8,26.91,-0.396
1992230N11325,ANDREW,1992-08-19 09:00:00,17.6,-56.1, , ,,1992,63,2644.321060718687,0,2653.892403076507,28.17599868774414,0.03134727478027344,28.142108917236328,,,,,,1992,8,26.91,-0.396
1992230N11325,ANDREW,1992-08-19 12:00:00,18.0,-56.9,45,1005,,1992,63,2548.847248529156,0,2554.654868505437,28.031665802001953,-0.15599441528320312,28.20415496826172,,,,,,1992,8,26.91,-0.396
1992230N11325,ANDREW,1992-08-19 15:00:00,18.4,-57.6, , ,,1992,63,2463.2705511406,0,2466.1004736552545,28.062999725341797,-0.1622791290283203,28.245622634887695,,,,,,1992,8,26.91,-0.396
1992230N11325,ANDREW,1992-08-19 18:00:00,18.8,-58.3,45,1007,,1992,63,2377.9459648092375,0,2377.693662597745,28.102333068847656,-0.14873504638671875,28.245622634887695,,,,,,1992,8,26.91,-0.396
1992230N11325,ANDREW,1992-08-19 21:00:00,19.3,-58.9, , ,,1992,63,2298.3934602043832,0,2296.8049932903596,28.030332565307617,-0.22555923461914062,28.256662368774414,,,,,,1992,8,26.91,-0.396
1992230N11325,ANDREW,1992-08-20 00:00:00,19.8,-59.3,40,1011,,1992,63,2238.951463232111,0,2237.9821854436987,28.031665802001953,-0.2362518310546875,28.256662368774414,,,,,,1992,8,26.91,-0.396
1992230N11325,ANDREW,1992-08-20 03:00:00,20.2,-59.7, , ,,1992,63,2184.132454774943,0,2182.917589268595,27.999332427978516,-0.2741546630859375,28.27894401550293,,,,,,1992,8,26.91,-0.396
1992230N11325,ANDREW,1992-08-20 06:00:00,20.7,-60.0,40,1013,,1992,63,2135.954575330598,0,2136.287404338404,28.095666885375977,-0.1922893524169922,28.27894401550293,,,,,,1992,8,26.91,-0.396
1992230N11325,ANDREW,1992-08-20 09:00:00,21.2,-60.3, , ,,1992,63,2088.758865593937,0,2090.709914964011,28.09033203125,-0.2211894989013672,28.300844192504883,,,,,,1992,8,26.91,-0.396
1992230N11325,ANDREW,1992-08-20 12:00:00,21.7,-60.7,40,1015,,1992,63,2032.7139064682915,0,2035.4153256354448,28.1473331451416,-0.18936729431152344,28.351343154907227,,,,,,1992,8,26.91,-0.396
1992230N11325,ANDREW,1992-08-20 15:00:00,22.1,-61.1, , ,,1992,63,1980.6998832999432,0,1983.272502766789,28.224666595458984,-0.15470504760742188,28.387022018432617,,,,,,1992,8,26.91,-0.396
1992230N11325,ANDREW,1992-08-20 18:00:00,22.5,-61.5,40,1014,,1992,63,1929.373395322241,0,1929.1643292154424,28.357332229614258,-0.05286407470703125,28.4304256439209,,,,,,1992,8,26.91,-0.396
1992230N11325,ANDREW,1992-08-20 21:00:00,22.9,-61.9, , ,,1992,63,1878.786883158643,0,1875.4707919865027,28.377666473388672,-0.07003402709960938,28.4304256439209,,,,,,1992,8,26.91,-0.396
1992230N11325,ANDREW,1992-08-21 00:00:00,23.2,-62.4,45,1014,,1992,63,1821.41858810831,0,1813.8210578866797,28.396331787109375,-0.09369277954101562,28.491363525390625,,,,,,1992,8,26.91,-0.396
1992230N11325,ANDREW,1992-08-21 03:00:00,23.6,-62.9, , ,,1992,63,1762.2478602060917,0,1750.4429081513465,28.350332260131836,-0.1925811767578125,28.544748306274414,,,,,,1992,8,26.91,-0.396
1992230N11325,ANDREW,1992-08-21 06:00:00,23.9,-63.3,45,1010,,1992,63,1715.950940046194,0,1700.6638670912744,28.290666580200195,-0.2845649719238281,28.544748306274414,,,,,,1992,8,26.91,-0.396
1992230N11325,ANDREW,1992-08-21 09:00:00,24.2,-63.8, , ,,1992,63,1660.1817433152578,0,1640.1258376645071,28.239999771118164,-0.36661720275878906,28.62598419189453,,,,,,1992,8,26.91,-0.396
1992230N11325,ANDREW,1992-08-21 12:00:00,24.4,-64.2,50,1007,,1992,63,1616.638978644714,0,1592.6659151037104,28.21733283996582,-0.41094398498535156,28.62598419189453,,,,,,1992,8,26.91,-0.396
1992230N11325,ANDREW,1992-08-21 15:00:00,24.6,-64.5, , ,,1992,63,1583.3685836490758,0,1556.4651810426556,28.189998626708984,-0.4768829345703125,28.682470321655273,,,,,,1992,8,26.91,-0.396
1992230N11325,ANDREW,1992-08-21 18:00:00,24.8,-64.9,50,1004,,1992,63,1540.367362417424,0,1509.456572240898,28.115333557128906,-0.5769309997558594,28.682470321655273,,,,,,1992,8,26.91,-0.396
1992230N11325,ANDREW,1992-08-21 21:00:00,25.1,-65.4, , ,,1992,63,1486.4450657542952,0,1450.5147201103105,28.073999404907227,-0.6597118377685547,28.72751235961914,,,,,,1992,8,26.91,-0.396
1992230N11325,ANDREW,1992-08-22 00:00:00,25.3,-65.9,55,1000,,1992,63,1434.2165803138787,0,1393.095960030866,28.062999725341797,-0.708160400390625,28.781200408935547,,,,,,1992,8,26.91,-0.396
1992230N11325,ANDREW,1992-08-22 03:00:00,25.5,-66.4, , ,,1992,63,1382.3504962660274,0,1335.9792581757115,28.067333221435547,-0.7308940887451172,28.781200408935547,,,,,,1992,8,26.91,-0.396
1992230N11325,ANDREW,1992-08-22 06:00:00,25.6,-67.0,65,994,,1992,63,1321.5384020290278,0,1268.6250625053583,28.088333129882812,-0.7481307983398438,28.835420608520508,,,,,,1992,8,26.91,-0.396
1992230N11325,ANDREW,1992-08-22 09:00:00,25.7,-67.6, , ,,1992,63,1260.8490382041266,0,1201.2793114638462,28.184999465942383,-0.6733627319335938,28.8771915435791,,,,,,1992,8,26.91,-0.396
1992230N11325,ANDREW,1992-08-22 12:00:00,25.8,-68.3,80,981,,1992,63,1190.2927770962829,0,1122.8291044092578,28.163000106811523,-0.7185535430908203,28.8771915435791,,,,,,1992,8,26.91,-0.396
1992230N11325,ANDREW,1992-08-22 15:00:00,25.8,-69.0, , ,,1992,63,1120.2719529748988,0,1044.9999074510338,28.117332458496094,-0.7865924835205078,28.899473190307617,,,,,,1992,8,26.91,-0.396
1992230N11325,ANDREW,1992-08-22 18:00:00,25.7,-69.7,95,969,,1992,63,1050.700195964945,0,967.8277908597404,28.180665969848633,-0.7364253997802734,28.928396224975586,,,,,,1992,8,26.91,-0.396
1992230N11325,ANDREW,1992-08-22 21:00:00,25.6,-70.4, , ,,1992,63,981.188484435455,0,890.7968970789681,28.262666702270508,-0.6761455535888672,28.928396224975586,,,,,,1992,8,26.91,-0.396
1992230N11325,ANDREW,1992-08-23 00:00:00,25.6,-71.1,110,961,,1992,63,911.0981868537416,0,813.0827813445467,28.381999969482422,-0.5802402496337891,28.959808349609375,,,,,,1992,8,26.91,-0.396
1992230N11325,ANDREW,1992-08-23 03:00:00,25.5,-71.8, , ,,1992,63,841.6668015271189,0,736.5620146751146,28.509666442871094,-0.474700927734375,28.99441146850586,,,,,,1992,8,26.91,-0.396
1992230N11325,ANDREW,1992-08-23 06:00:00,25.5,-72.5,130,947,,1992,63,771.5677709023892,0,659.0876086192595,28.4876651763916,-0.5292606353759766,29.043359756469727,,,,,,1992,8,26.91,-0.396
1992230N11325,ANDREW,1992-08-23 09:00:00,25.4,-73.3, , ,,1992,63,692.3043676777842,0,572.4395611532941,28.376667022705078,-0.6659984588623047,29.043359756469727,,,,,,1992,8,26.91,-0.396
1992230N11325,ANDREW,1992-08-23 12:00:00,25.4,-74.2,145,933,,1992,63,602.2407948327385,0,473.4767167460252,28.251665115356445,-0.81292724609375,29.065778732299805,,,,,,1992,8,26.91,-0.396
1992230N11325,ANDREW,1992-08-23 15:00:00,25.4,-75.0, , ,,1992,63,522.2292409722706,0,385.68495030424225,28.23699951171875,-0.8945960998535156,29.12615203857422,,,,,,1992,8,26.91,-0.396
1992230N11325,ANDREW,1992-08-23 18:00:00,25.4,-75.8,150,922,,1992,63,442.2878022234511,0,298.63258202063855,28.40133285522461,-0.8185157775878906,29.235132217407227,,,,,,1992,8,26.91,-0.396
1992230N11325,ANDREW,1992-08-23 21:00:00,25.4,-76.6,140,923,,1992,63,362.4667505843427,0,212.5513559226841,28.58966636657715,-0.8109054565429688,29.473636627197266,,,,,,1992,8,26.91,-0.396
1992230N11325,ANDREW,1992-08-24 00:00:00,25.4,-77.5,125,930,,1992,63,272.9488051901912,0,117.99152889569282,28.569332122802734,-1.0033760070800781,29.601316452026367,,,,,,1992,8,26.91,-0.396
1992230N11325,ANDREW,1992-08-24 01:00:00,25.4,-77.8,130,931,,1992,63,243.23052359483353,0,87.48951115636986,28.618999481201172,-0.9827194213867188,29.601316452026367,,,,,,1992,8,26.91,-0.396
1992230N11325,ANDREW,1992-08-24 03:00:00,25.4,-78.4, , ,,1992,63,184.15279148318535,0,29.45587646018335,28.68199920654297,-1.031209945678711,29.601316452026367,,,,,,1992,8,26.91,-0.396
1992230N11325,ANDREW,1992-08-24 06:00:00,25.4,-79.3,130,937,,1992,63,98.06943877032958,1,0.0,28.740333557128906,-1.040802001953125,29.868953704833984,,,,,,1992,8,26.91,-0.396
1992230N11325,ANDREW,1992-08-24 08:40:00,25.5,-80.2,145,926,,1992,63,29.111321939308777,1,0.0,28.701332092285156,-0.9881210327148438,29.635042190551758,,,,,,1992,8,26.91,-0.396
1992230N11325,ANDREW,1992-08-24 09:00:00,25.5,-80.3, , ,,1992,63,31.055743188951546,1,0.0,,,29.635042190551758,,,,,,1992,8,26.91,-0.396
1992230N11325,ANDREW,1992-08-24 09:05:00,25.5,-80.3,145,922,,1992,63,31.055743188951546,1,0.0,,,29.635042190551758,,,,,,1992,8,26.91,-0.396
1992230N11325,ANDREW,1992-08-24 12:00:00,25.6,-81.2,115,951,,1992,63,102.6201830406974,1,0.0,,,30.19478416442871,,,,,,1992,8,26.91,-0.396
1992230N11325,ANDREW,1992-08-24 15:00:00,25.7,-82.1, , ,,1992,63,191.2643035432924,1,0.0,29.235332489013672,-0.8141059875488281,30.0801944732666,,,,,,1992,8,26.91,-0.396
1992230N11325,ANDREW,1992-08-24 18:00:00,25.8,-83.1,115,947,,1992,63,291.2147037364666,1,0.0,28.79633331298828,-0.9922199249267578,29.784093856811523,,,,,,1992,8,26.91,-0.396
1992230N11325,ANDREW,1992-08-24 21:00:00,26.0,-84.1, , ,,1992,63,391.8680314302512,0,63.314739592800706,28.784000396728516,-0.9359226226806641,29.75044822692871,,,,,,1992,8,26.91,-0.396
1992230N11325,ANDREW,1992-08-25 00:00:00,26.2,-85.0,115,943,,1992,63,483.05205832766967,0,149.85594563366712,28.867666244506836,-0.8549518585205078,29.705820083618164,,,,,,1992,8,26.91,-0.396
1992230N11325,ANDREW,1992-08-25 03:00:00,26.4,-85.9, , ,,1992,63,574.4428667361767,0,228.83953037269387,29.014665603637695,-0.7471237182617188,29.767826080322266,,,,,,1992,8,26.91,-0.396
1992230N11325,ANDREW,1992-08-25 06:00:00,26.6,-86.7,115,948,,1992,63,656.0119514334501,0,264.93543181853437,28.833999633789062,-0.915985107421875,29.75018310546875,,,,,,1992,8,26.91,-0.396
1992230N11325,ANDREW,1992-08-25 09:00:00,26.9,-87.5, , ,,1992,63,739.1223598936773,0,273.4390677561941,28.40199851989746,-1.3554515838623047,29.803300857543945,,,,,,1992,8,26.91,-0.396
1992230N11325,ANDREW,1992-08-25 12:00:00,27.2,-88.2,120,946,,1992,63,812.7708038555191,0,246.76389633308997,28.529666900634766,-1.2304210662841797,29.722904205322266,,,,,,1992,8,26.91,-0.396
1992230N11325,ANDREW,1992-08-25 15:00:00,27.5,-88.9, , ,,1992,63,886.6812060832561,0,233.0039863520861,28.5853328704834,-1.2004890441894531,29.785398483276367,,,,,,1992,8,26.91,-0.396
1992230N11325,ANDREW,1992-08-25 18:00:00,27.8,-89.6,125,941,,1992,63,960.7474408179518,0,238.52558441835535,28.415332794189453,-1.399179458618164,29.83478546142578,,,,,,1992,8,26.91,-0.396
1992230N11325,ANDREW,1992-08-25 21:00:00,28.1,-90.1, , ,,1992,63,1015.7312813390892,0,246.3056301705412,28.098665237426758,-1.7526626586914062,29.84671401977539,,,,,,1992,8,26.91,-0.396
1992230N11325,ANDREW,1992-08-26 00:00:00,28.5,-90.5,125,937,,1992,63,1064.1295525186115,0,248.48179385551396,28.066333770751953,-1.8262367248535156,29.92399787902832,,,,,,1992,8,26.91,-0.396
1992230N11325,ANDREW,1992-08-26 03:00:00,28.8,-90.9, , ,,1992,63,1110.3544252867443,0,267.49125260901144,28.314332962036133,-1.6213436126708984,29.92399787902832,,,,,,1992,8,26.91,-0.396
1992230N11325,ANDREW,1992-08-26 06:00:00,29.2,-91.3,120,955,,1992,63,1159.957324472693,0,289.0618753295962,28.170000076293945,-1.7999553680419922,29.981916427612305,,,,,,1992,8,26.91,-0.396
1992230N11325,ANDREW,1992-08-26 08:30:00,29.6,-91.5,100,956,,1992,63,1191.7744501554594,0,297.6310382977793,27.79399871826172,,30.013954162597656,,,,,,1992,8,26.91,-0.396
1992230N11325,ANDREW,1992-08-26 09:00:00,29.7,-91.5, , ,,1992,63,1195.3066357231346,0,295.47014046745477,27.79399871826172,,30.013954162597656,,,,,,1992,8,26.91,-0.396
1992230N11325,ANDREW,1992-08-26 12:00:00,30.1,-91.7,80,973,,1992,63,1228.3610521794617,0,312.20213348882874,,,,,,,,,1992,8,26.91,-0.396
1992230N11325,ANDREW,1992-08-26 15:00:00,30.5,-91.7, , ,,1992,63,1244.5028254251408,0,304.93195307880916,,,,,,,,,1992,8,26.91,-0.396
1992230N11325,ANDREW,1992-08-26 18:00:00,30.9,-91.6,50,991,,1992,63,1253.2854333872613,0,291.2500487224038,,,,,,,,,1992,8,26.91,-0.396
1992230N11325,ANDREW,1992-08-26 21:00:00,31.2,-91.4, , ,,1992,63,1250.2585363731837,0,271.2375833248074,,,,,,,,,1992,8,26.91,-0.396
1992230N11325,ANDREW,1992-08-27 00:00:00,31.5,-91.1,35,995,,1992,63,1240.1510522278124,0,244.26137333343735,,,,,,,,,1992,8,26.91,-0.396
1992230N11325,ANDREW,1992-08-27 03:00:00,31.8,-90.8, , ,,1992,63,1231.7021052607574,0,221.20745913476904,,,,,,,,,1992,8,26.91,-0.396
1992230N11325,ANDREW,1992-08-27 06:00:00,32.1,-90.5,30,997,,1992,63,1224.9411860152104,0,203.22151404709103,,,,,,,,,1992,8,26.91,-0.396
1992230N11325,ANDREW,1992-08-27 09:00:00,32.4,-90.1, , ,,1992,63,1212.1841203626486,0,183.1704764191096,,,,,,,,,1992,8,26.91,-0.396
1992230N11325,ANDREW,1992-08-27 12:00:00,32.8,-89.6,30,998,,1992,63,1201.0976786814613,0,174.3522892354959,,,,,,,,,1992,8,26.91,-0.396
1992230N11325,ANDREW,1992-08-27 15:00:00,33.2,-89.1, , ,,1992,63,1193.8301892142258,0,183.95134604963343,,,,,,,,,1992,8,26.91,-0.396
1992230N11325,ANDREW,1992-08-27 18:00:00,33.6,-88.4,25,999,,1992,63,1177.3839223299656,0,203.865786166609,,,,,,,,,1992,8,26.91,-0.396
1992230N11325,ANDREW,1992-08-27 21:00:00,34.0,-87.7, , ,,1992,63,1166.7002492436889,0,246.3112377236609,,,,,,,,,1992,8,26.91,-0.396
1992230N11325,ANDREW,1992-08-28 00:00:00,34.4,-86.7,20,1000,,1992,63,1145.9371739299008,0,300.01122301692175,,,,,,,,,1992,8,26.91,-0.396
1992230N11325,ANDREW,1992-08-28 03:00:00,34.9,-85.4, , ,,1992,63,1131.9290537690404,0,367.5197882645229,,,,,,,,,1992,8,26.91,-0.396
1992230N11325,ANDREW,1992-08-28 06:00:00,35.4,-84.0,20,1000,,1992,63,1131.7466994970248,0,445.92031508289506,,,,,,,,,1992,8,26.91,-0.396
1995235N24281,JERRY,1995-08-22 18:00:00,23.7,-78.7,20,1010,,1995,50,274.3209775721545,0,65.04308542364778,29.93866539001465,0.1634674072265625,29.679073333740234,,,,,,1995,8,26.23,0.165
1995235N24281,JERRY,1995-08-22 21:00:00,23.9,-78.8, , ,,1995,50,250.1559741501409,0,39.55839546257749,29.887998580932617,0.11118125915527344,29.679073333740234,,,,,,1995,8,26.23,0.165
1995235N24281,JERRY,1995-08-23 00:00:00,24.2,-78.9,25,1009,,1995,50,217.04048098690748,0,6.8589240845485016,29.845998764038086,0.023235321044921875,29.916128158569336,,,,,,1995,8,26.23,0.165
1995235N24281,JERRY,1995-08-23 03:00:00,24.6,-79.0, , ,,1995,50,176.26155886594591,1,0.0,29.515666961669922,-0.35132598876953125,29.916128158569336,,,,,,1995,8,26.23,0.165
1995235N24281,JERRY,1995-08-23 06:00:00,25.2,-79.2,30,1008,,1995,50,117.52532463472907,1,0.0,29.637666702270508,-0.21373939514160156,29.868953704833984,,,,,,1995,8,26.23,0.165
1995235N24281,JERRY,1995-08-23 09:00:00,25.8,-79.4, , ,,1995,50,79.39477904079807,1,0.0,29.509666442871094,-0.1862964630126953,29.868953704833984,,,,,,1995,8,26.23,0.165
1995235N24281,JERRY,1995-08-23 12:00:00,26.4,-79.7,35,1008,,1995,50,86.31346282552819,1,0.0,29.453332901000977,-0.11479377746582031,29.534326553344727,,,,,,1995,8,26.23,0.165
1995235N24281,JERRY,1995-08-23 15:00:00,26.8,-80.0, , ,,1995,50,117.02655675559022,1,0.0,,,29.534326553344727,,,,,,1995,8,26.23,0.165
1995235N24281,JERRY,1995-08-23 18:00:00,27.0,-80.2,35,1006,,1995,50,137.69510038944597,1,0.0,,,29.534326553344727,,,,,,1995,8,26.23,0.165
1995235N24281,JERRY,1995-08-23 21:00:00,27.2,-80.3, , ,,1995,50,160.29378578345458,1,0.0,,,29.01167869567871,,,,,,1995,8,26.23,0.165
1995235N24281,JERRY,1995-08-24 00:00:00,27.3,-80.5,35,1005,,1995,50,173.77721589686774,1,0.0,,,,,,,,,1995,8,26.23,0.165
1995235N24281,JERRY,1995-08-24 03:00:00,27.5,-80.8, , ,,1995,50,202.52232737817891,1,0.0,,,,,,,,,1995,8,26.23,0.165
1995235N24281,JERRY,1995-08-24 06:00:00,27.7,-81.1,35,1005,,1995,50,233.63749721067745,1,0.0,,,,,,,,,1995,8,26.23,0.165
1995235N24281,JERRY,1995-08-24 09:00:00,28.0,-81.4, , ,,1995,50,276.22599673114047,1,0.0,,,,,,,,,1995,8,26.23,0.165
1995235N24281,JERRY,1995-08-24 12:00:00,28.4,-81.8,35,1004,,1995,50,333.77463203156674,1,0.0,,,,,,,,,1995,8,26.23,0.165
1995235N24281,JERRY,1995-08-24 15:00:00,28.6,-82.2, , ,,1995,50,372.8936632614426,1,0.0,,,,,,,,,1995,8,26.23,0.165
1995235N24281,JERRY,1995-08-24 18:00:00,28.8,-82.6,30,1002,,1995,50,413.2240101031609,1,0.0,,,29.89499855041504,,,,,,1995,8,26.23,0.165
1995235N24281,JERRY,1995-08-24 21:00:00,28.9,-82.8, , ,,1995,50,433.7317737831738,1,0.0,28.6560001373291,,29.89499855041504,,,,,,1995,8,26.23,0.165
1995235N24281,JERRY,1995-08-25 00:00:00,29.0,-82.9,30,1002,,1995,50,448.470436521156,1,0.0,28.6560001373291,,29.89499855041504,,,,,,1995,8,26.23,0.165
1995235N24281,JERRY,1995-08-25 03:00:00,29.1,-83.1, , ,,1995,50,469.1747389787867,1,0.0,28.513999938964844,-1.288290023803711,29.783857345581055,,,,,,1995,8,26.23,0.165
1995235N24281,JERRY,1995-08-25 06:00:00,29.2,-83.3,30,1002,,1995,50,490.02920766754994,1,0.0,28.597999572753906,-1.1578006744384766,29.783857345581055,,,,,,1995,8,26.23,0.165
1995235N24281,JERRY,1995-08-25 09:00:00,29.5,-83.3, , ,,1995,50,516.2196189768516,1,0.0,28.46733283996582,-1.2729339599609375,29.783857345581055,,,,,,1995,8,26.23,0.165
1995235N24281,JERRY,1995-08-25 12:00:00,29.8,-83.3,25,1004,,1995,50,543.1947791214459,1,0.0,,,29.783857345581055,,,,,,1995,8,26.23,0.165
1995235N24281,JERRY,1995-08-25 15:00:00,30.1,-83.2, , ,,1995,50,565.654306233989,1,0.0,,,,,,,,,1995,8,26.23,0.165
1995235N24281,JERRY,1995-08-25 18:00:00,30.4,-83.2,25,1005,,1995,50,594.1443032930521,1,0.0,,,,,,,,,1995,8,26.23,0.165
1995235N24281,JERRY,1995-08-25 21:00:00,30.5,-83.3, , ,,1995,50,608.597066541495,1,0.0,,,,,,,,,1995,8,26.23,0.165
1995235N24281,JERRY,1995-08-26 00:00:00,30.7,-83.4,25,1005,,1995,50,632.6070168635152,1,0.0,,,,,,,,,1995,8,26.23,0.165
1995235N24281,JERRY,1995-08-26 03:00:00,31.0,-83.5, , ,,1995,50,666.2390704494965,1,0.0,,,29.694589614868164,,,,,,1995,8,26.23,0.165
1995235N24281,JERRY,1995-08-26 06:00:00,31.3,-83.7,20,1005,,1995,50,704.6448453236243,1,0.0,,,,,,,,,1995,8,26.23,0.165
1995235N24281,JERRY,1995-08-26 09:00:00,31.5,-83.8, , ,,1995,50,728.6566744496239,1,0.0,,,,,,,,,1995,8,26.23,0.165
1995235N24281,JERRY,1995-08-26 12:00:00,31.8,-83.9,20,1005,,1995,50,762.3532257190286,1,0.0,,,,,,,,,1995,8,26.23,0.165
1995235N24281,JERRY,1995-08-26 15:00:00,32.1,-84.0, , ,,1995,50,796.1116931785579,0,31.9729868052868,,,,,,,,,1995,8,26.23,0.165
1995235N24281,JERRY,1995-08-26 18:00:00,32.4,-84.0,20,1006,,1995,50,825.5317511526459,0,64.51549976081037,,,,,,,,,1995,8,26.23,0.165
1995235N24281,JERRY,1995-08-26 21:00:00,32.7,-84.0, , ,,1995,50,855.2393935144779,0,99.15022151449776,,,,,,,,,1995,8,26.23,0.165
1995235N24281,JERRY,1995-08-27 00:00:00,33.0,-84.0,20,1006,,1995,50,885.2056658608965,0,135.08340052125422,,,,,,,,,1995,8,26.23,0.165
1995235N24281,JERRY,1995-08-27 03:00:00,33.3,-84.0, , ,,1995,50,915.4051686244704,0,172.34139091870983,,,,,,,,,1995,8,26.23,0.165
1995235N24281,JERRY,1995-08-27 06:00:00,33.5,-83.9,20,1006,,1995,50,931.9086656444832,0,201.20660872396095,,,,,,,,,1995,8,26.23,0.165
1995235N24281,JERRY,1995-08-27 09:00:00,33.7,-83.8, , ,,1995,50,948.759639630368,0,230.1298247435975,,,,,,,,,1995,8,26.23,0.165
1995235N24281,JERRY,1995-08-27 12:00:00,33.8,-83.6,20,1006,,1995,50,952.2299438871308,0,250.6734604311439,,,,,,,,,1995,8,26.23,0.165
1995235N24281,JERRY,1995-08-27 15:00:00,33.9,-83.3, , ,,1995,50,953.1520994432366,0,276.9625000229625,,,,,,,,,1995,8,26.23,0.165
1995235N24281,JERRY,1995-08-27 18:00:00,33.9,-83.0,20,1006,,1995,50,944.4790639341396,0,271.6603535103779,,,,,,,,,1995,8,26.23,0.165
1995235N24281,JERRY,1995-08-27 21:00:00,33.9,-82.7, , ,,1995,50,936.6169135114108,0,263.68749782467137,,,,,,,,,1995,8,26.23,0.165
1995235N24281,JERRY,1995-08-28 00:00:00,33.8,-82.4,20,1006,,1995,50,918.7919460297496,0,245.00003371860515,,,,,,,,,1995,8,26.23,0.165
1998295N12284,MITCH,1998-10-22 00:00:00,11.6,-76.1,30,1002,,1998,88,1632.2389791801022,0,1484.280755654721,28.529333114624023,-0.4083232879638672,28.95105743408203,,,,,,1998,10,25.25,0.363
1998295N12284,MITCH,1998-10-22 03:00:00,11.8,-76.6, , ,,1998,88,1597.5551988341683,0,1444.5989028464398,28.509666442871094,-0.40118980407714844,28.928834915161133,,,,,,1998,10,25.25,0.363
1998295N12284,MITCH,1998-10-22 06:00:00,11.9,-77.1,30,1002,,1998,88,1575.100224776154,0,1417.1864713727966,28.459333419799805,-0.44843482971191406,28.928834915161133,,,,,,1998,10,25.25,0.363
1998295N12284,MITCH,1998-10-22 09:00:00,12.0,-77.6, , ,,1998,88,1554.1818635959976,0,1391.5230841078298,28.37966537475586,-0.5323963165283203,28.928979873657227,,,,,,1998,10,25.25,0.363
1998295N12284,MITCH,1998-10-22 12:00:00,12.0,-77.9,30,1002,,1998,88,1548.9898473091662,0,1383.3513685506534,28.350332260131836,-0.5638771057128906,28.928979873657227,,,,,,1998,10,25.25,0.363
1998295N12284,MITCH,1998-10-22 15:00:00,11.8,-78.0, , ,,1998,88,1569.4103395296709,0,1402.962453414188,28.31166648864746,-0.6060066223144531,28.928979873657227,,,,,,1998,10,25.25,0.363
1998295N12284,MITCH,1998-10-22 18:00:00,11.6,-77.9,35,1001,,1998,88,1592.9809351881115,0,1427.6185105061363,28.333999633789062,-0.5900440216064453,28.928979873657227,,,,,,1998,10,25.25,0.363
1998295N12284,MITCH,1998-10-22 21:00:00,11.6,-77.8, , ,,1998,88,1594.6000631245663,0,1430.1825007055625,28.333999633789062,-0.5900440216064453,28.928979873657227,,,,,,1998,10,25.25,0.363
1998295N12284,MITCH,1998-10-23 00:00:00,11.8,-77.6,40,1000,,1998,88,1576.1068131589943,0,1413.5441196050856,28.37966537475586,-0.5323963165283203,28.928979873657227,,,,,,1998,10,25.25,0.363
1998295N12284,MITCH,1998-10-23 03:00:00,12.0,-77.6, , ,,1998,88,1554.1818635959976,0,1391.5230841078298,28.37966537475586,-0.5323963165283203,28.928979873657227,,,,,,1998,10,25.25,0.363
1998295N12284,MITCH,1998-10-23 06:00:00,12.2,-77.6,45,999,,1998,88,1532.2657826407255,0,1369.4857037159593,28.36199951171875,-0.5388202667236328,28.892454147338867,,,,,,1998,10,25.25,0.363
1998295N12284,MITCH,1998-10-23 09:00:00,12.4,-77.7, , ,,1998,88,1508.510920503535,0,1344.631024392975,28.356998443603516,-0.5325794219970703,28.892454147338867,,,,,,1998,10,25.25,0.363
1998295N12284,MITCH,1998-10-23 12:00:00,12.5,-77.8,45,999,,1998,88,1495.7589995514538,0,1330.7970300479822,28.37066650390625,-0.5238723754882812,28.892454147338867,,,,,,1998,10,25.25,0.363
1998295N12284,MITCH,1998-10-23 15:00:00,12.7,-77.9, , ,,1998,88,1472.0744227861562,0,1305.927069146678,28.40399932861328,-0.4844856262207031,28.892454147338867,,,,,,1998,10,25.25,0.363
1998295N12284,MITCH,1998-10-23 18:00:00,12.9,-78.0,50,998,,1998,88,1448.4231587215377,0,1281.0598780818057,28.415666580200195,-0.47509765625,28.892454147338867,,,,,,1998,10,25.25,0.363
1998295N12284,MITCH,1998-10-23 21:00:00,13.1,-78.0, , ,,1998,88,1426.4493560992582,0,1258.9125634893269,28.393333435058594,-0.4952545166015625,28.882783889770508,,,,,,1998,10,25.25,0.363
1998295N12284,MITCH,1998-10-24 00:00:00,13.4,-77.9,55,997,,1998,88,1395.2592371227838,0,1228.4997005881016,28.422332763671875,-0.45934295654296875,28.882783889770508,,,,,,1998,10,25.25,0.363
1998295N12284,MITCH,1998-10-24 03:00:00,13.6,-77.8, , ,,1998,88,1375.1909872916508,0,1209.24929723525,28.475332260131836,-0.4097766876220703,28.882783889770508,,,,,,1998,10,25.25,0.363
1998295N12284,MITCH,1998-10-24 06:00:00,13.9,-77.8,65,990,,1998,88,1342.362715523852,0,1176.128311382296,28.51966667175293,-0.37457847595214844,28.882783889770508,,,,,,1998,10,25.25,0.363
1998295N12284,MITCH,1998-10-24 09:00:00,14.2,-77.8, , ,,1998,88,1309.5608339680784,0,1143.038948238085,28.535999298095703,-0.3673839569091797,28.918819427490234,,,,,,1998,10,25.25,0.363
1998295N12284,MITCH,1998-10-24 12:00:00,14.5,-77.9,75,985,,1998,88,1274.7957702396757,0,1106.8300668851082,28.571332931518555,-0.3411884307861328,28.918819427490234,,,,,,1998,10,25.25,0.363
1998295N12284,MITCH,1998-10-24 15:00:00,14.8,-78.0, , ,,1998,88,1240.0473428604082,0,1070.577358218452,28.674999237060547,-0.2557258605957031,28.918819427490234,,,,,,1998,10,25.25,0.363
1998295N12284,MITCH,1998-10-24 18:00:00,15.0,-78.1,90,980,,1998,88,1216.266468226902,0,1045.3609244224149,28.674999237060547,-0.2557258605957031,28.918819427490234,,,,,,1998,10,25.25,0.363
1998295N12284,MITCH,1998-10-24 21:00:00,15.2,-78.2, , ,,1998,88,1192.5210429944666,0,1020.1421874123132,28.641666412353516,-0.2947807312011719,28.94190788269043,,,,,,1998,10,25.25,0.363
1998295N12284,MITCH,1998-10-25 00:00:00,15.5,-78.4,100,965,,1998,88,1156.1262165308872,0,980.8609096728184,28.63833236694336,-0.3101310729980469,28.94190788269043,,,,,,1998,10,25.25,0.363
1998295N12284,MITCH,1998-10-25 03:00:00,15.8,-78.6, , ,,1998,88,1119.9394991868603,0,941.6715017306032,28.65566635131836,-0.3165168762207031,28.966882705688477,,,,,,1998,10,25.25,0.363
1998295N12284,MITCH,1998-10-25 06:00:00,16.0,-78.9,105,951,,1998,88,1093.6882357891718,0,911.0325679551908,28.64900016784668,-0.32840919494628906,28.966882705688477,,,,,,1998,10,25.25,0.363
1998295N12284,MITCH,1998-10-25 09:00:00,16.1,-79.2, , ,,1998,88,1079.2419747244242,0,892.0720504375905,28.66233253479004,-0.3269481658935547,29.001920700073242,,,,,,1998,10,25.25,0.363
1998295N12284,MITCH,1998-10-25 12:00:00,16.2,-79.6,115,945,,1998,88,1064.980466672284,0,870.5542473353183,28.62533187866211,-0.36594581604003906,29.008386611938477,,,,,,1998,10,25.25,0.363
1998295N12284,MITCH,1998-10-25 15:00:00,16.3,-79.9, , ,,1998,88,1052.5274095917532,0,852.0474072640421,28.59666633605957,-0.4058113098144531,29.008386611938477,,,,,,1998,10,25.25,0.363
1998295N12284,MITCH,1998-10-25 18:00:00,16.4,-80.3,125,926,,1998,88,1041.033880362937,0,832.6980813585276,28.38666534423828,-0.6157627105712891,29.008386611938477,,,,,,1998,10,25.25,0.363
1998295N12284,MITCH,1998-10-25 21:00:00,16.4,-80.6, , ,,1998,88,1041.8319619658937,0,827.7678898433021,28.298999786376953,-0.7029266357421875,29.009624481201172,,,,,,1998,10,25.25,0.363
1998295N12284,MITCH,1998-10-26 00:00:00,16.4,-81.0,130,923,,1998,88,1044.3345399564105,0,821.7996177073845,28.255666732788086,-0.7543201446533203,29.009624481201172,,,,,,1998,10,25.25,0.363
1998295N12284,MITCH,1998-10-26 03:00:00,16.4,-81.4, , ,,1998,88,1048.4698337440343,0,818.042210483492,28.161998748779297,-0.8656234741210938,29.009624481201172,,,,,,1998,10,25.25,0.363
1998295N12284,MITCH,1998-10-26 06:00:00,16.4,-81.8,135,922,,1998,88,1054.2186038208606,0,816.0636174613393,27.853666305541992,-1.2092227935791016,29.08139419555664,,,,,,1998,10,25.25,0.363
1998295N12284,MITCH,1998-10-26 09:00:00,16.5,-82.2, , ,,1998,88,1050.6403887537604,0,804.6815142206642,27.827665328979492,-1.2454891204833984,29.08139419555664,,,,,,1998,10,25.25,0.363
1998295N12284,MITCH,1998-10-26 12:00:00,16.6,-82.6,145,914,,1998,88,1048.79500662757,0,795.3412493313291,27.94533348083496,-1.1362037658691406,29.081714630126953,,,,,,1998,10,25.25,0.363
1998295N12284,MITCH,1998-10-26 15:00:00,16.7,-82.9, , ,,1998,88,1045.8678659700608,0,786.8457266207471,28.00933265686035,-1.07159423828125,29.081714630126953,,,,,,1998,10,25.25,0.363
1998295N12284,MITCH,1998-10-26 18:00:00,16.9,-83.1,155,905,,1998,88,1030.259988742929,0,766.6713015253926,27.955333709716797,-1.1181316375732422,29.081714630126953,,,,,,1998,10,25.25,0.363
1998295N12284,MITCH,1998-10-26 21:00:00,17.1,-83.4, , ,,1998,88,1018.6229573057722,0,747.4642210202608,27.961666107177734,-1.1051959991455078,29.072975158691406,,,,,,1998,10,25.25,0.363
1998295N12284,MITCH,1998-10-27 00:00:00,17.2,-83.8,155,910,,1998,88,1022.4176215660052,0,739.8131695624,27.841333389282227,-1.2130088806152344,29.070039749145508,,,,,,1998,10,25.25,0.363
1998295N12284,MITCH,1998-10-27 03:00:00,17.3,-84.1, , ,,1998,88,1023.8460499361024,0,732.8979998044641,27.951332092285156,-1.114217758178711,29.070039749145508,,,,,,1998,10,25.25,0.363
1998295N12284,MITCH,1998-10-27 06:00:00,17.3,-84.4,150,917,,1998,88,1036.4551907269586,0,738.5143525368674,27.913999557495117,-1.1551246643066406,29.070039749145508,,,,,,1998,10,25.25,0.363
1998295N12284,MITCH,1998-10-27 09:00:00,17.2,-84.7, , ,,1998,88,1059.8691507290698,0,756.9254355883692,27.788665771484375,-1.2692832946777344,29.086091995239258,,,,,,1998,10,25.25,0.363
1998295N12284,MITCH,1998-10-27 12:00:00,17.1,-85.0,150,922,,1998,88,1083.7942965906348,0,776.2821553792859,27.79666519165039,-1.2695045471191406,29.086091995239258,,,,,,1998,10,25.25,0.363
1998295N12284,MITCH,1998-10-27 15:00:00,17.0,-85.2, , ,,1998,88,1103.309594344624,0,793.3136408954194,27.785999298095703,-1.267099380493164,29.021820068359375,,,,,,1998,10,25.25,0.363
1998295N12284,MITCH,1998-10-27 18:00:00,16.9,-85.4,145,928,,1998,88,1122.988117248697,0,810.7601152074808,27.823331832885742,-1.2441215515136719,29.021820068359375,,,,,,1998,10,25.25,0.363
1998295N12284,MITCH,1998-10-27 21:00:00,16.8,-85.5, , ,,1998,88,1137.7934495595896,0,825.1735130839796,27.869665145874023,-1.2121429443359375,29.115217208862305,,,,,,1998,10,25.25,0.363
1998295N12284,MITCH,1998-10-28 00:00:00,16.6,-85.6,140,933,,1998,88,1162.430631973766,0,850.6992169158327,27.9689998626709,-1.1117305755615234,29.115217208862305,,,,,,1998,10,25.25,0.363
1998295N12284,MITCH,1998-10-28 03:00:00,16.4,-85.6, , ,,1998,88,1182.1313034363325,0,872.8394504068227,28.10533332824707,-0.9864864349365234,29.115217208862305,,,,,,1998,10,25.25,0.363
1998295N12284,MITCH,1998-10-28 06:00:00,16.3,-85.6,130,938,,1998,88,1192.0147511477728,0,883.9217821941783,28.10533332824707,-0.9864864349365234,29.115217208862305,,,,,,1998,10,25.25,0.363
1998295N12284,MITCH,1998-10-28 09:00:00,16.3,-85.6, , ,,1998,88,1192.0147511477728,0,883.9217821941783,28.10533332824707,-0.9864864349365234,29.115217208862305,,,,,,1998,10,25.25,0.363
1998295N12284,MITCH,1998-10-28 12:00:00,16.3,-85.6,115,948,,1998,88,1192.0147511477728,0,883.9217821941783,28.10533332824707,-0.9864864349365234,29.115217208862305,,,,,,1998,10,25.25,0.363
1998295N12284,MITCH,1998-10-28 15:00:00,16.3,-85.6, , ,,1998,88,1192.0147511477728,0,883.9217821941783,28.10533332824707,-0.9864864349365234,29.115217208862305,,,,,,1998,10,25.25,0.363
1998295N12284,MITCH,1998-10-28 18:00:00,16.3,-85.7,95,959,,1998,88,1196.919930929025,0,887.2565259618575,28.10533332824707,-0.9864864349365234,29.115217208862305,,,,,,1998,10,25.25,0.363
1998295N12284,MITCH,1998-10-28 21:00:00,16.3,-85.8, , ,,1998,88,1201.8943701997089,0,890.7179178994244,28.172666549682617,-0.9475269317626953,29.115217208862305,,,,,,1998,10,25.25,0.363
1998295N12284,MITCH,1998-10-29 00:00:00,16.2,-85.8,85,970,,1998,88,1211.7243309878534,0,901.7241547578294,28.27699851989746,-0.8765010833740234,29.115217208862305,,,,,,1998,10,25.25,0.363
1998295N12284,MITCH,1998-10-29 03:00:00,16.2,-85.8, , ,,1998,88,1211.7243309878534,0,901.7241547578294,28.27699851989746,-0.8765010833740234,29.115217208862305,,,,,,1998,10,25.25,0.363
1998295N12284,MITCH,1998-10-29 06:00:00,16.1,-85.8,75,979,,1998,88,1221.5761416734158,0,912.7393846897888,28.27699851989746,-0.8765010833740234,29.115217208862305,,,,,,1998,10,25.25,0.363
1998295N12284,MITCH,1998-10-29 09:00:00,16.0,-85.8, , ,,1998,88,1231.4492777851283,0,923.7631040106352,,,29.268529891967773,,,,,,1998,10,25.25,0.363
1998295N12284,MITCH,1998-10-29 12:00:00,15.9,-85.7,70,987,,1998,88,1236.515849584383,0,931.4972444489086,,,29.268529891967773,,,,,,1998,10,25.25,0.363
1998295N12284,MITCH,1998-10-29 15:00:00,15.9,-85.6, , ,,1998,88,1231.7568747358575,0,928.3214371064248,,,29.268529891967773,,,,,,1998,10,25.25,0.363
1998295N12284,MITCH,1998-10-29 18:00:00,15.8,-85.6,60,994,,1998,88,1241.7419881379658,0,939.43679674836,,,29.268529891967773,,,,,,1998,10,25.25,0.363
1998295N12284,MITCH,1998-10-29 21:00:00,15.7,-85.6, , ,,1998,88,1251.745986598847,0,950.5575568504996,,,29.268529891967773,,,,,,1998,10,25.25,0.363
1998295N12284,MITCH,1998-10-30 00:00:00,15.6,-85.7,55,995,,1998,88,1266.4229071364514,0,964.7493544591975,,,29.268529891967773,,,,,,1998,10,25.25,0.363
1998295N12284,MITCH,1998-10-30 03:00:00,15.5,-85.8, , ,,1998,88,1281.1175439207614,0,978.9931240193176,,,29.268529891967773,,,,,,1998,10,25.25,0.363
1998295N12284,MITCH,1998-10-30 06:00:00,15.4,-85.9,50,996,,1998,88,1295.8294136219788,0,993.2864719771072,,,29.268529891967773,,,,,,1998,10,25.25,0.363
1998295N12284,MITCH,1998-10-30 09:00:00,15.3,-86.0, , ,,1998,88,1310.5580529604554,0,1007.6271348996116,,,29.268529891967773,,,,,,1998,10,25.25,0.363
1998295N12284,MITCH,1998-10-30 12:00:00,15.2,-86.1,45,997,,1998,88,1325.3030176533114,0,1022.0129714433216,,,29.268529891967773,,,,,,1998,10,25.25,0.363
1998295N12284,MITCH,1998-10-30 15:00:00,15.0,-86.3, , ,,1998,88,1354.8402350798883,0,1050.912165989206,,,,,,,,,1998,10,25.25,0.363
1998295N12284,MITCH,1998-10-30 18:00:00,14.9,-86.5,45,998,,1998,88,1374.5681375087352,0,1069.117736335531,,,,,,,,,1998,10,25.25,0.363
1998295N12284,MITCH,1998-10-30 21:00:00,14.8,-86.7, , ,,1998,88,1394.4269100099543,0,1087.4635693808375,,,,,,,,,1998,10,25.25,0.363
1998295N12284,MITCH,1998-10-31 00:00:00,14.7,-87.0,45,999,,1998,88,1419.5791690017943,0,1109.9467752267594,,,,,,,,,1998,10,25.25,0.363
1998295N12284,MITCH,1998-10-31 03:00:00,14.6,-87.3, , ,,1998,88,1445.0708471677176,0,1133.040302146091,,,,,,,,,1998,10,25.25,0.363
1998295N12284,MITCH,1998-10-31 06:00:00,14.5,-87.7,40,1000,,1998,88,1476.3749629624936,0,1161.2339273069724,,,,,,,,,1998,10,25.25,0.363
1998295N12284,MITCH,1998-10-31 09:00:00,14.5,-88.1, , ,,1998,88,1498.8557976862817,0,1179.7777923612966,,,,,,,,,1998,10,25.25,0.363
1998295N12284,MITCH,1998-10-31 12:00:00,14.5,-88.5,35,1000,,1998,88,1522.1440561420843,0,1199.641754832753,,,,,,,,,1998,10,25.25,0.363
1998295N12284,MITCH,1998-10-31 15:00:00,14.5,-88.8, , ,,1998,88,1540.1180551281757,0,1215.3975446233997,,,,,,,,,1998,10,25.25,0.363
1998295N12284,MITCH,1998-10-31 18:00:00,14.6,-89.2,30,1001,,1998,88,1555.6865520171675,0,1227.327260071691,,,,,,,,,1998,10,25.25,0.363
1998295N12284,MITCH,1998-10-31 21:00:00,14.6,-89.6, , ,,1998,88,1581.1401617344238,0,1250.366353455962,,,,,,,,,1998,10,25.25,0.363
1998295N12284,MITCH,1998-11-01 00:00:00,14.6,-90.0,30,1002,,1998,88,1607.2685746176223,0,1274.5451273627737,,,,,,,,,1998,11,25.24,0.298
1998295N12284,MITCH,1998-11-01 03:00:00,14.6,-90.4, , ,,1998,88,1634.039268694997,0,1299.7292366826382,,,,,,,,,1998,11,25.24,0.298
1998295N12284,MITCH,1998-11-01 06:00:00,14.7,-90.8,25,1003,,1998,88,1652.920415401888,0,1316.3621414134238,,,,,,,,,1998,11,25.24,0.298
1998295N12284,MITCH,1998-11-01 09:00:00,14.8,-91.2, , ,,1998,88,1672.6649163707757,0,1334.369330027335,,,,,,,,,1998,11,25.24,0.298
1998295N12284,MITCH,1998-11-01 12:00:00,14.9,-91.5,25,1005,,1998,88,1685.9688364191063,0,1346.5324783627264,,,29.535215377807617,,,,,,1998,11,25.24,0.298
1998295N12284,MITCH,1998-11-01 15:00:00,15.2,-91.9, , ,,1998,88,1691.162532399568,0,1349.2629409667989,,,,,,,,,1998,11,25.24,0.298
1998295N12284,MITCH,1998-11-01 18:00:00,15.5,-92.2,25,1005,,1998,88,1690.2283645746038,0,1346.4535260561383,,,,,,,,,1998,11,25.24,0.298
1998295N12284,MITCH,1998-11-01 21:00:00,15.9,-92.5, , ,,1998,88,1682.8803787472068,0,1337.1912100158172,,,29.43782615661621,,,,,,1998,11,25.24,0.298
1998295N12284,MITCH,1998-11-02 00:00:00,16.3,-92.7,20,1005,,1998,88,1669.0771224586158,0,1321.499252985009,,,,,,,,,1998,11,25.24,0.298
1998295N12284,MITCH,1998-11-02 03:00:00,16.7,-92.9, , ,,1998,88,1656.517247994021,0,1307.5794618305144,,,,,,,,,1998,11,25.24,0.298
1998295N12284,MITCH,1998-11-02 06:00:00,17.1,-93.1,20,1005,,1998,88,1645.225755018646,0,1295.3561738952897,,,,,,,,,1998,11,25.24,0.298
1998295N12284,MITCH,1998-11-02 09:00:00,17.5,-93.3, , ,,1998,88,1635.2253714106132,0,1284.5616392114234,,,,,,,,,1998,11,25.24,0.298
1998295N12284,MITCH,1998-11-02 12:00:00,17.9,-93.4,20,1005,,1998,88,1617.8595019881136,0,1266.517899857844,,,,,,,,,1998,11,25.24,0.298
1998295N12284,MITCH,1998-11-02 15:00:00,18.3,-93.6, , ,,1998,88,1610.3511695799402,0,1259.3057205277637,26.53066635131836,,26.805479049682617,,,,,,1998,11,25.24,0.298
1998295N12284,MITCH,1998-11-02 18:00:00,18.7,-93.7,20,1005,,1998,88,1595.2431359588456,0,1244.0347677963234,26.557666778564453,-0.32524871826171875,26.805479049682617,,,,,,1998,11,25.24,0.298
1998295N12284,MITCH,1998-11-02 21:00:00,19.0,-93.6, , ,,1998,88,1568.850895924053,0,1216.6810255344867,26.546998977661133,-0.3134593963623047,26.805479049682617,,,,,,1998,11,25.24,0.298
1998295N12284,MITCH,1998-11-03 00:00:00,19.2,-93.4,20,1003,,1998,88,1539.4029136407953,0,1185.7271890396637,26.527999877929688,-0.3649139404296875,26.9352970123291,,,,,,1998,11,25.24,0.298
1998295N12284,MITCH,1998-11-03 03:00:00,19.3,-93.1, , ,,1998,88,1506.6525976546454,0,1150.8293330339652,26.466999053955078,-0.45500946044921875,26.9352970123291,,,,,,1998,11,25.24,0.298
1998295N12284,MITCH,1998-11-03 06:00:00,19.3,-92.7,20,1003,,1998,88,1470.734117330637,0,1112.2555500897763,26.672666549682617,-0.3414878845214844,26.9352970123291,,,,,,1998,11,25.24,0.298
1998295N12284,MITCH,1998-11-03 09:00:00,19.3,-92.4, , ,,1998,88,1443.972040409932,0,1083.6249009701155,26.81999969482422,-0.2378406524658203,27.12990951538086,,,,,,1998,11,25.24,0.298
1998295N12284,MITCH,1998-11-03 12:00:00,19.4,-92.1,25,1002,,1998,88,1411.4073512321747,0,1049.003058722051,27.01799964904785,-0.08352851867675781,27.12990951538086,,,,,,1998,11,25.24,0.298
1998295N12284,MITCH,1998-11-03 15:00:00,19.5,-91.8, , ,,1998,88,1378.8841884599644,0,1014.4323645708462,27.234333038330078,0.13794898986816406,27.12990951538086,,,,,,1998,11,25.24,0.298
1998295N12284,MITCH,1998-11-03 18:00:00,19.6,-91.4,40,997,,1998,88,1337.5955444328529,0,970.566697641734,27.51099967956543,0.5602016448974609,26.890178680419922,,,,,,1998,11,25.24,0.298
1998295N12284,MITCH,1998-11-03 21:00:00,19.8,-90.9, , ,,1998,88,1281.5829744683942,0,910.9868881029288,27.424665451049805,,26.890178680419922,,,,,,1998,11,25.24,0.298
1998295N12284,MITCH,1998-11-04 00:00:00,20.0,-90.6,35,997,,1998,88,1243.1635706563316,0,870.0862192320172,27.355998992919922,,26.890178680419922,,,,,,1998,11,25.24,0.298
1998295N12284,MITCH,1998-11-04 02:00:00,20.1,-90.5,35,998,,1998,88,1228.3566937163685,0,854.3035896671169,27.29366683959961,,26.59050178527832,,,,,,1998,11,25.24,0.298
1998295N12284,MITCH,1998-11-04 03:00:00,20.2,-90.3, , ,,1998,88,1204.7825449970169,0,829.1692042245061,,,26.1381778717041,,,,,,1998,11,25.24,0.298
1998295N12284,MITCH,1998-11-04 06:00:00,20.8,-89.6,30,998,,1998,88,1107.5296396746544,0,725.0523288444059,,,26.1381778717041,,,,,,1998,11,25.24,0.298
1998295N12284,MITCH,1998-11-04 09:00:00,21.3,-88.9, , ,,1998,88,1016.57950823047,0,627.3797261155238,26.702999114990234,,26.07886505126953,,,,,,1998,11,25.24,0.298
1998295N12284,MITCH,1998-11-04 12:00:00,21.8,-88.2,40,998,,1998,88,925.9963344036544,0,529.7724327361566,26.56599998474121,0.38816261291503906,26.053234100341797,,,,,,1998,11,25.24,0.298
1998295N12284,MITCH,1998-11-04 15:00:00,22.5,-87.4, , ,,1998,88,816.2382402025189,0,411.31161361574766,26.643665313720703,-0.017122268676757812,26.85858726501465,,,,,,1998,11,25.24,0.298
1998295N12284,MITCH,1998-11-04 18:00:00,23.3,-86.5,40,993,,1998,88,694.2332457497689,0,279.61157561347073,26.950666427612305,-0.4134063720703125,27.198413848876953,,,,,,1998,11,25.24,0.298
1998295N12284,MITCH,1998-11-04 21:00:00,24.1,-85.7, , ,,1998,88,585.272855802591,0,165.46200351233696,27.170331954956055,-0.24571800231933594,27.23246192932129,,,,,,1998,11,25.24,0.298
1998295N12284,MITCH,1998-11-05 00:00:00,24.8,-84.8,45,993,,1998,88,475.4818769265888,0,59.6314829528927,26.482332229614258,-0.5355377197265625,27.283649444580078,,,,,,1998,11,25.24,0.298
1998295N12284,MITCH,1998-11-05 03:00:00,25.3,-83.9, , ,,1998,88,375.5816447654184,1,0.0,26.490999221801758,0.13026809692382812,26.347684860229492,,,,,,1998,11,25.24,0.298
1998295N12284,MITCH,1998-11-05 06:00:00,25.6,-83.1,50,990,,1998,88,291.9826101862498,1,0.0,25.40333366394043,-0.4109668731689453,25.84156036376953,,,,,,1998,11,25.24,0.298
1998295N12284,MITCH,1998-11-05 09:00:00,25.8,-82.6, , ,,1998,88,241.16020154864648,1,0.0,24.94933319091797,-0.2712211608886719,25.84156036376953,,,,,,1998,11,25.24,0.298
1998295N12284,MITCH,1998-11-05 11:00:00,26.2,-81.9,55,989,,1998,88,177.56508451216348,1,0.0,25.095666885375977,,24.203163146972656,,,,,,1998,11,25.24,0.298
1998295N12284,MITCH,1998-11-05 12:00:00,26.6,-81.3,55,987,,1998,88,144.62827264614705,1,0.0,,,,,,,,,1998,11,25.24,0.298
1998295N12284,MITCH,1998-11-05 15:00:00,27.2,-79.7, , ,,1998,88,167.2538308990526,1,0.0,27.257999420166016,0.6438312530517578,26.42684555053711,,,,,,1998,11,25.24,0.298
1998295N12284,MITCH,1998-11-05 18:00:00,27.5,-78.3,50,992,,1998,88,269.6582377059171,0,58.60826037407419,26.012666702270508,-0.13005447387695312,25.96921157836914,,,,,,1998,11,25.24,0.298
1998295N12284,MITCH,1998-11-05 21:00:00,28.6,-76.7, , ,,1998,88,467.8155862114818,0,273.4824682504008,25.40999984741211,-0.32446861267089844,25.823659896850586,,,,,,1998,11,25.24,0.298
1998295N12284,MITCH,1998-11-06 00:00:00,30.0,-75.0,50,993,,1998,88,694.4354349916719,0,495.7632703112972,24.742332458496094,-0.10169792175292969,24.988718032836914,,,,,,1998,11,25.24,0.298
1998295N12284,MITCH,1998-11-06 03:00:00,31.2,-73.5, , ,,1998,88,890.3539296107207,0,706.1816150196071,24.211666107177734,-0.051502227783203125,24.2175350189209,,,,,,1998,11,25.24,0.298
1998295N12284,MITCH,1998-11-06 06:00:00,32.5,-72.0,50,992,,1998,88,1092.162778273894,0,922.581888471754,23.72366714477539,0.007848739624023438,23.65413475036621,,,,,,1998,11,25.24,0.298
1998295N12284,MITCH,1998-11-06 09:00:00,33.8,-70.1, , ,,1998,88,1320.5319604938004,0,1172.383827904998,23.466665267944336,0.1752338409423828,23.34306526184082,,,,,,1998,11,25.24,0.298
1998295N12284,MITCH,1998-11-06 12:00:00,35.0,-68.0,50,990,,1998,88,1554.2347209227105,0,1446.6490114843891,23.431665420532227,0.28343772888183594,23.167741775512695,,,,,,1998,11,25.24,0.298
1998295N12284,MITCH,1998-11-06 15:00:00,36.0,-65.6, , ,,1998,88,1794.9014432591214,0,1745.272316955717,23.76333236694336,0.6193790435791016,23.125072479248047,,,,,,1998,11,25.24,0.298
1998295N12284,MITCH,1998-11-06 18:00:00,37.0,-63.0,50,989,,1998,88,2049.755844345959,0,2065.5667791511014,23.066665649414062,0.0408935546875,23.04090690612793,,,,,,1998,11,25.24,0.298
1998295N12284,MITCH,1998-11-06 21:00:00,38.0,-60.5, , ,,1998,88,2295.836700600678,0,2376.475797172102,22.644332885742188,-0.19519996643066406,22.923309326171875,,,,,,1998,11,25.24,0.298
1998295N12284,MITCH,1998-11-07 00:00:00,39.0,-58.0,50,990,,1998,88,2539.890039725641,0,2688.3290163435554,22.62566566467285,0.04639244079589844,22.69259262084961,,,,,,1998,11,25.24,0.298
1998295N12284,MITCH,1998-11-07 03:00:00,40.0,-55.5, , ,,1998,88,2781.4740047325963,0,3001.145847607649,20.905332565307617,-0.7327003479003906,22.11837387084961,,,,,,1998,11,25.24,0.298
1998295N12284,MITCH,1998-11-07 06:00:00,41.0,-53.0,50,992,,1998,88,3020.240323881434,0,3314.9605041270083,18.915666580200195,-0.7887325286865234,20.52961540222168,,,,,,1998,11,25.24,0.298
1998295N12284,MITCH,1998-11-07 09:00:00,41.7,-50.3, , ,,1998,88,3257.567229869164,0,3631.744929300418,16.017000198364258,-0.8086357116699219,17.478973388671875,,,,,,1998,11,25.24,0.298
1998295N12284,MITCH,1998-11-07 12:00:00,42.5,-47.5,50,986,,1998,88,3505.02104727162,0,3965.399679888618,17.56333351135254,1.363656997680664,14.946499824523926,,,,,,1998,11,25.24,0.298
1998295N12284,MITCH,1998-11-07 15:00:00,43.5,-44.7, , ,,1998,88,3757.318555772567,0,4311.983669803387,19.295000076293945,1.2104072570800781,17.70682144165039,,,,,,1998,11,25.24,0.298
1998295N12284,MITCH,1998-11-07 18:00:00,44.5,-42.0,60,972,,1998,88,3997.826837487916,0,4649.473715441115,17.75233268737793,0.3248462677001953,17.371898651123047,,,,,,1998,11,25.24,0.298
1998295N12284,MITCH,1998-11-07 21:00:00,45.5,-39.2, , ,,1998,88,4241.369368435033,0,4998.291762394136,16.2413330078125,-0.07096481323242188,16.197492599487305,,,,,,1998,11,25.24,0.298
1998295N12284,MITCH,1998-11-08 00:00:00,46.5,-36.5,60,974,,1998,88,4472.706133962279,0,5338.188024514404,15.53499984741211,0.2642955780029297,15.223698616027832,,,,,,1998,11,25.24,0.298
1998295N12284,MITCH,1998-11-08 03:00:00,47.5,-33.8, , ,,1998,88,4699.110031938009,0,5679.36009843649,14.598999977111816,0.22058963775634766,14.275866508483887,,,,,,1998,11,25.24,0.298
1998295N12284,MITCH,1998-11-08 06:00:00,48.5,-31.0,60,972,,1998,88,4927.518173615622,0,6032.044481807812,14.116666793823242,0.38162994384765625,13.632889747619629,,,,,,1998,11,25.24,0.298
1998295N12284,MITCH,1998-11-08 09:00:00,49.1,-27.9, , ,,1998,88,5163.31641085458,0,6388.079144466175,13.774999618530273,0.31967639923095703,13.193215370178223,,,,,,1998,11,25.24,0.298
1998295N12284,MITCH,1998-11-08 12:00:00,50.0,-25.0,60,962,,1998,88,5386.318449027756,0,6745.868497413274,13.48466682434082,0.49854564666748047,13.223552703857422,,,,,,1998,11,25.24,0.298
1998295N12284,MITCH,1998-11-08 15:00:00,51.7,-22.8, , ,,1998,88,5567.25373315847,0,7094.712182797064,12.482666015625,0.18157386779785156,12.371214866638184,,,,,,1998,11,25.24,0.298
1998295N12284,MITCH,1998-11-08 18:00:00,53.5,-20.5,60,956,,1998,88,5749.233991264358,0,7470.9895708049935,11.864665985107422,-0.011827468872070312,11.759352684020996,,,,,,1998,11,25.24,0.298
1998295N12284,MITCH,1998-11-08 21:00:00,54.6,-17.4, , ,,1998,88,5964.82261856641,0,7873.304321306856,11.131333351135254,-0.6154470443725586,11.825411796569824,,,,,,1998,11,25.24,0.298
1998295N12284,MITCH,1998-11-09 00:00:00,55.5,-14.5,60,956,,1998,88,6157.644331917457,0,8240.40358171218,10.876999855041504,-0.7033710479736328,11.456818580627441,,,,,,1998,11,25.24,0.298
1998295N12284,MITCH,1998-11-09 03:00:00,56.7,-12.1, , ,,1998,88,6314.391336981663,0,8588.340185398582,10.37833309173584,-0.817601203918457,11.243721961975098,,,,,,1998,11,25.24,0.298
1998295N12284,MITCH,1998-11-09 06:00:00,58.0,-10.5,60,956,,1998,88,6416.902155678994,0,8872.937065279744,9.873666763305664,-0.9388818740844727,10.937079429626465,,,,,,1998,11,25.24,0.298
1998295N12284,MITCH,1998-11-09 09:00:00,59.5,-10.3, , ,,1998,88,6436.405451826426,0,9052.45249447946,9.413000106811523,-0.6791877746582031,9.991533279418945,,,,,,1998,11,25.24,0.298
1998295N12284,MITCH,1998-11-09 12:00:00,61.0,-10.0,60,956,,1998,88,6462.999994271468,0,9256.700167171628,8.641666412353516,-0.7316875457763672,9.420520782470703,,,,,,1998,11,25.24,0.298
1998295N12284,MITCH,1998-11-09 15:00:00,62.3,-8.1, , ,,1998,88,6571.577145819574,0,9599.493524806378,7.7726664543151855,-0.833991527557373,8.551318168640137,,,,,,1998,11,25.24,0.298
1998295N12284,MITCH,1998-11-09 18:00:00,63.5,-5.0,55,960,,1998,88,6732.800008976636,0,10048.987714348485,5.269333362579346,-1.4991135597229004,6.539763927459717,,,,,,1998,11,25.24,0.298
1999262N25272,HARVEY,1999-09-19 06:00:00,25.0,-87.8,30,1005,,1999,81,768.9031142755142,0,394.4719020495896,27.655805587768555,-1.6728706359863281,29.357725143432617,,,,,,1999,9,25.63,0.166
1999262N25272,HARVEY,1999-09-19 09:00:00,25.2,-87.8, , ,,1999,81,766.1437287168105,0,397.13242512580973,27.62193489074707,-1.6870288848876953,29.287458419799805,,,,,,1999,9,25.63,0.166
1999262N25272,HARVEY,1999-09-19 12:00:00,25.5,-87.8,30,1004,,1999,81,763.1961346375214,0,402.9970517738493,27.637418746948242,-1.651834487915039,29.287458419799805,,,,,,1999,9,25.63,0.166
1999262N25272,HARVEY,1999-09-19 15:00:00,25.8,-87.8, , ,,1999,81,761.6924802126886,0,407.3215096722046,27.731613159179688,-1.4909934997558594,29.287458419799805,,,,,,1999,9,25.63,0.166
1999262N25272,HARVEY,1999-09-19 18:00:00,26.0,-87.8,30,1003,,1999,81,761.4967947589624,0,385.975899301962,27.731613159179688,-1.4909934997558594,29.287458419799805,,,,,,1999,9,25.63,0.166
1999262N25272,HARVEY,1999-09-19 21:00:00,26.2,-87.6, , ,,1999,81,742.006163727264,0,353.3086094426504,27.626129150390625,-1.5462265014648438,29.133028030395508,,,,,,1999,9,25.63,0.166
1999262N25272,HARVEY,1999-09-20 00:00:00,26.3,-87.4,40,1002,,1999,81,722.595095260953,0,331.51794709966146,27.537418365478516,-1.5876750946044922,29.09243392944336,,,,,,1999,9,25.63,0.166
1999262N25272,HARVEY,1999-09-20 03:00:00,26.4,-87.2, , ,,1999,81,703.4253739763377,0,310.2804923245698,27.356128692626953,-1.7580699920654297,29.09243392944336,,,,,,1999,9,25.63,0.166
1999262N25272,HARVEY,1999-09-20 06:00:00,26.6,-86.9,40,1001,,1999,81,675.7660822351005,0,273.57649750799095,27.19419288635254,-1.8808517456054688,29.09243392944336,,,,,,1999,9,25.63,0.166
1999262N25272,HARVEY,1999-09-20 09:00:00,26.8,-86.6, , ,,1999,81,649.1738079883003,0,237.69557658556212,27.123870849609375,-1.9146270751953125,29.09243392944336,,,,,,1999,9,25.63,0.166
1999262N25272,HARVEY,1999-09-20 12:00:00,27.0,-86.3,40,998,,1999,81,623.7784604931219,0,203.08462730099637,27.178386688232422,-1.8591899871826172,29.0958251953125,,,,,,1999,9,25.63,0.166
1999262N25272,HARVEY,1999-09-20 15:00:00,27.0,-85.9, , ,,1999,81,584.9929232777719,0,190.64023218816985,27.315805435180664,-1.7137126922607422,29.0958251953125,,,,,,1999,9,25.63,0.166
1999262N25272,HARVEY,1999-09-20 18:00:00,27.0,-85.5,50,998,,1999,81,546.3569834541183,0,163.41856780699536,27.2761287689209,-1.7400341033935547,29.0958251953125,,,,,,1999,9,25.63,0.166
1999262N25272,HARVEY,1999-09-20 21:00:00,27.1,-85.0, , ,,1999,81,501.3115202503743,0,106.38856671142564,27.080322265625,-1.8683242797851562,28.88038444519043,,,,,,1999,9,25.63,0.166
1999262N25272,HARVEY,1999-09-21 00:00:00,27.1,-84.6,50,995,,1999,81,463.4363819112696,0,63.1963890075398,27.145160675048828,-1.8033409118652344,28.88038444519043,,,,,,1999,9,25.63,0.166
1999262N25272,HARVEY,1999-09-21 03:00:00,26.8,-84.2, , ,,1999,81,415.9414007546605,0,35.99344309137559,27.31322479248047,-1.6668319702148438,29.00971031188965,,,,,,1999,9,25.63,0.166
1999262N25272,HARVEY,1999-09-21 06:00:00,26.5,-83.9,50,995,,1999,81,379.1658640474131,0,26.33982639802037,27.45677375793457,-1.5988826751708984,29.00971031188965,,,,,,1999,9,25.63,0.166
1999262N25272,HARVEY,1999-09-21 08:00:00,26.3,-83.7,50,994,,1999,81,355.5833914133959,0,17.121123785364045,27.500967025756836,-1.6131858825683594,29.00971031188965,,,,,,1999,9,25.63,0.166
1999262N25272,HARVEY,1999-09-21 09:00:00,26.2,-83.5, , ,,1999,81,334.2419238941455,0,0.1799823589051088,27.53129005432129,-1.605560302734375,29.00971031188965,,,,,,1999,9,25.63,0.166
1999262N25272,HARVEY,1999-09-21 12:00:00,26.0,-82.8,50,996,,1999,81,262.26821379421756,1,0.0,27.742902755737305,-1.5588092803955078,29.27743911743164,,,,,,1999,9,25.63,0.166
1999262N25272,HARVEY,1999-09-21 15:00:00,25.9,-82.1, , ,,1999,81,191.59822493775215,1,0.0,27.48516082763672,-2.0060157775878906,29.538095474243164,,,,,,1999,9,25.63,0.166
1999262N25272,HARVEY,1999-09-21 17:00:00,25.9,-81.7,50,999,,1999,81,151.7283516882947,1,0.0,27.23290252685547,,29.538095474243164,,,,,,1999,9,25.63,0.166
1999262N25272,HARVEY,1999-09-21 18:00:00,25.9,-81.5,50,999,,1999,81,131.83037452808878,1,0.0,27.23290252685547,,29.538095474243164,,,,,,1999,9,25.63,0.166
1999262N25272,HARVEY,1999-09-21 21:00:00,26.2,-80.3, , ,,1999,81,49.92235658676704,1,0.0,,,29.229082107543945,,,,,,1999,9,25.63,0.166
1999262N25272,HARVEY,1999-09-22 00:00:00,26.9,-78.6,40,1000,,1999,81,202.93933409590088,0,0.1628739632260137,27.462257385253906,-1.6313438415527344,29.18570899963379,,,,,,1999,9,25.63,0.166
1999286N16278,IRENE,1999-10-12 12:00:00,15.9,-82.0,20,1006,,1999,87,1112.5000563190454,0,873.8164518163064,28.889354705810547,-0.15068435668945312,29.003887176513672,,,,,,1999,10,25.48,-0.002
1999286N16278,IRENE,1999-10-12 15:00:00,16.2,-82.6, , ,,1999,87,1092.118734069351,0,841.6485512451912,28.95903205871582,-0.1146392822265625,29.081714630126953,,,,,,1999,10,25.48,-0.002
1999286N16278,IRENE,1999-10-12 18:00:00,16.4,-83.0,20,1006,,1999,87,1080.8518266616147,0,822.7553047394391,28.951934814453125,-0.12382698059082031,29.081714630126953,,,,,,1999,10,25.48,-0.002
1999286N16278,IRENE,1999-10-12 21:00:00,16.5,-83.2, , ,,1999,87,1075.9350497792605,0,814.2898110317843,28.951934814453125,-0.12382698059082031,29.081714630126953,,,,,,1999,10,25.48,-0.002
1999286N16278,IRENE,1999-10-13 00:00:00,16.7,-83.2,20,1005,,1999,87,1054.6117630138988,0,791.3090957341523,28.918386459350586,-0.15542030334472656,29.081714630126953,,,,,,1999,10,25.48,-0.002
1999286N16278,IRENE,1999-10-13 03:00:00,16.9,-83.3, , ,,1999,87,1036.4875682705429,0,769.9653283009159,28.893224716186523,-0.17029571533203125,29.081714630126953,,,,,,1999,10,25.48,-0.002
1999286N16278,IRENE,1999-10-13 06:00:00,17.3,-83.3,30,1004,,1999,87,994.1688073668204,0,723.6071258412942,28.99903106689453,-0.07117271423339844,29.072975158691406,,,,,,1999,10,25.48,-0.002
1999286N16278,IRENE,1999-10-13 09:00:00,17.8,-83.3, , ,,1999,87,941.54793563171,0,665.3002726131004,29.106773376464844,0.011661529541015625,29.072975158691406,,,,,,1999,10,25.48,-0.002
1999286N16278,IRENE,1999-10-13 12:00:00,18.5,-83.4,35,1003,,1999,87,872.3387980755274,0,584.1342001320141,29.088708877563477,-0.03738594055175781,29.14320182800293,,,,,,1999,10,25.48,-0.002
1999286N16278,IRENE,1999-10-13 15:00:00,19.2,-83.5, , ,,1999,87,804.7939167222843,0,503.1522743201306,29.0216121673584,-0.12486076354980469,29.156299591064453,,,,,,1999,10,25.48,-0.002
1999286N16278,IRENE,1999-10-13 18:00:00,19.8,-83.6,45,1001,,1999,87,749.2431947221669,0,434.33033224942017,29.084192276000977,-0.06609725952148438,29.156299591064453,,,,,,1999,10,25.48,-0.002
1999286N16278,IRENE,1999-10-13 21:00:00,20.3,-83.6, , ,,1999,87,700.2293129843076,0,375.7206902830656,29.054838180541992,-0.08543968200683594,29.135082244873047,,,,,,1999,10,25.48,-0.002
1999286N16278,IRENE,1999-10-14 00:00:00,20.7,-83.6,55,999,,1999,87,661.7647238169496,0,328.7120945575375,28.99903106689453,-0.1340618133544922,29.135082244873047,,,,,,1999,10,25.48,-0.002
1999286N16278,IRENE,1999-10-14 03:00:00,20.9,-83.7, , ,,1999,87,648.4007154678169,0,307.2807000003996,28.968708038330078,-0.15502166748046875,29.135082244873047,,,,,,1999,10,25.48,-0.002
1999286N16278,IRENE,1999-10-14 06:00:00,21.0,-83.6,60,999,,1999,87,633.4312570898388,0,293.46817777568117,28.968708038330078,-0.15502166748046875,29.135082244873047,,,,,,1999,10,25.48,-0.002
1999286N16278,IRENE,1999-10-14 09:00:00,21.1,-83.3, , ,,1999,87,607.5909671751988,0,276.76854100443705,28.96193504333496,-0.14633941650390625,29.07326316833496,,,,,,1999,10,25.48,-0.002
1999286N16278,IRENE,1999-10-14 12:00:00,21.3,-82.9,60,997,,1999,87,567.7150068006266,0,250.26238617565568,28.936450958251953,-0.14047813415527344,29.07326316833496,,,,,,1999,10,25.48,-0.002
1999286N16278,IRENE,1999-10-14 15:00:00,21.7,-82.5, , ,,1999,87,509.06466801208495,0,196.64948115575547,,,29.07326316833496,,,,,,1999,10,25.48,-0.002
1999286N16278,IRENE,1999-10-14 18:00:00,22.4,-82.4,60,995,,1999,87,435.84186798977095,0,111.88285824864523,27.984838485717773,-0.6908416748046875,28.618379592895508,,,,,,1999,10,25.48,-0.002
1999286N16278,IRENE,1999-10-14 19:00:00,22.7,-82.5,60,986,,1999,87,413.10953570241475,0,77.79918480967234,28.064193725585938,-0.5541324615478516,28.63279151916504,,,,,,1999,10,25.48,-0.002
1999286N16278,IRENE,1999-10-14 21:00:00,23.0,-82.6, , ,,1999,87,392.1342796107302,0,44.68547378583018,,,28.63279151916504,,,,,,1999,10,25.48,-0.002
1999286N16278,IRENE,1999-10-15 00:00:00,23.1,-82.6,60,988,,1999,87,383.42905981487667,0,32.96996629297199,28.482257843017578,-0.09982872009277344,28.566869735717773,,,,,,1999,10,25.48,-0.002
1999286N16278,IRENE,1999-10-15 03:00:00,23.4,-82.4, , ,,1999,87,344.6864380778438,1,0.0,28.515159606933594,-0.041378021240234375,28.53496551513672,,,,,,1999,10,25.48,-0.002
1999286N16278,IRENE,1999-10-15 06:00:00,23.8,-82.2,65,988,,1999,87,297.7870978215926,1,0.0,28.306127548217773,-0.10289573669433594,28.53496551513672,,,,,,1999,10,25.48,-0.002
1999286N16278,IRENE,1999-10-15 09:00:00,24.0,-82.1, , ,,1999,87,274.62718854299146,1,0.0,28.306127548217773,-0.10289573669433594,28.53496551513672,,,,,,1999,10,25.48,-0.002
1999286N16278,IRENE,1999-10-15 12:00:00,24.4,-81.8,65,987,,1999,87,221.71091987700345,1,0.0,27.844514846801758,-0.39817237854003906,28.19185447692871,,,,,,1999,10,25.48,-0.002
1999286N16278,IRENE,1999-10-15 13:00:00,24.6,-81.6,65,987,,1999,87,191.74204661129215,1,0.0,27.69257926940918,-0.47742271423339844,28.19185447692871,,,,,,1999,10,25.48,-0.002
1999286N16278,IRENE,1999-10-15 15:00:00,24.9,-81.4, , ,,1999,87,154.6777093961669,1,0.0,27.530967712402344,-0.5298862457275391,28.262737274169922,,,,,,1999,10,25.48,-0.002
1999286N16278,IRENE,1999-10-15 18:00:00,25.1,-81.3,65,986,,1999,87,133.40904312296576,1,0.0,27.391613006591797,-0.5523719787597656,27.675251007080078,,,,,,1999,10,25.48,-0.002
1999286N16278,IRENE,1999-10-15 20:00:00,25.3,-81.1,70,987,,1999,87,104.59221917332344,1,0.0,27.24032211303711,-0.5345096588134766,27.675251007080078,,,,,,1999,10,25.48,-0.002
1999286N16278,IRENE,1999-10-15 21:00:00,25.5,-81.0, , ,,1999,87,86.09158306178176,1,0.0,27.24032211303711,-0.5345096588134766,27.675251007080078,,,,,,1999,10,25.48,-0.002
1999286N16278,IRENE,1999-10-16 00:00:00,26.1,-80.6,65,986,,1999,87,55.50966549724014,1,0.0,,,,,,,,,1999,10,25.48,-0.002
1999286N16278,IRENE,1999-10-16 03:00:00,26.6,-80.3, , ,,1999,87,93.83790368143416,1,0.0,,,28.44429588317871,,,,,,1999,10,25.48,-0.002
1999286N16278,IRENE,1999-10-16 06:00:00,27.0,-80.2,65,985,,1999,87,137.69510038944597,1,0.0,,,28.44429588317871,,,,,,1999,10,25.48,-0.002
1999286N16278,IRENE,1999-10-16 09:00:00,27.4,-80.1, , ,,1999,87,182.39920447129472,1,0.0,27.529998779296875,,28.016244888305664,,,,,,1999,10,25.48,-0.002
1999286N16278,IRENE,1999-10-16 12:00:00,27.8,-80.1,65,982,,1999,87,226.83170811279464,1,0.0,25.743331909179688,,28.016244888305664,,,,,,1999,10,25.48,-0.002
1999286N16278,IRENE,1999-10-16 15:00:00,28.2,-80.0, , ,,1999,87,271.7917489094566,1,0.0,25.759666442871094,,27.780406951904297,,,,,,1999,10,25.48,-0.002
1999286N16278,IRENE,1999-10-16 18:00:00,28.6,-79.9,65,984,,1999,87,316.92118614467785,1,0.0,26.498666763305664,-1.3056659698486328,27.780406951904297,,,,,,1999,10,25.48,-0.002
1999286N16278,IRENE,1999-10-16 21:00:00,29.0,-79.8, , ,,1999,87,362.1536555857165,1,0.0,26.467666625976562,-1.3483390808105469,27.780406951904297,,,,,,1999,10,25.48,-0.002
1999286N16278,IRENE,1999-10-17 00:00:00,29.4,-79.8,65,984,,1999,87,406.39810989281,1,0.0,26.55699920654297,-1.2823486328125,27.86492919921875,,,,,,1999,10,25.48,-0.002
1999286N16278,IRENE,1999-10-17 03:00:00,29.8,-79.8, , ,,1999,87,450.6884809269702,0,2.280964731703862,26.402000427246094,-1.3527488708496094,27.86492919921875,,,,,,1999,10,25.48,-0.002
1999286N16278,IRENE,1999-10-17 06:00:00,30.2,-79.8,65,985,,1999,87,495.0124438665946,0,18.833719708970893,26.226333618164062,-1.4681262969970703,27.593997955322266,,,,,,1999,10,25.48,-0.002
1999286N16278,IRENE,1999-10-17 09:00:00,30.7,-79.8, , ,,1999,87,550.4522733777516,0,28.29361086040372,25.74799919128418,-1.7196311950683594,27.593997955322266,,,,,,1999,10,25.48,-0.002
1999286N16278,IRENE,1999-10-17 12:00:00,31.2,-79.7,65,984,,1999,87,606.6160615645266,0,50.04191625606765,25.613666534423828,-1.5365772247314453,26.336299896240234,,,,,,1999,10,25.48,-0.002
1999286N16278,IRENE,1999-10-17 15:00:00,31.7,-79.5, , ,,1999,87,663.739459801898,0,98.00711783258858,24.98900032043457,-1.654052734375,26.336299896240234,,,,,,1999,10,25.48,-0.002
1999286N16278,IRENE,1999-10-17 18:00:00,32.2,-79.0,70,978,,1999,87,725.2129485561334,0,180.83299441759215,25.005666732788086,-1.4965133666992188,26.05455207824707,,,,,,1999,10,25.48,-0.002
1999286N16278,IRENE,1999-10-17 21:00:00,32.8,-78.3, , ,,1999,87,803.7920154183643,0,290.63261245622516,24.583999633789062,-1.3532867431640625,27.206207275390625,,,,,,1999,10,25.48,-0.002
1999286N16278,IRENE,1999-10-18 00:00:00,33.4,-77.4,80,976,,1999,87,891.0935312734878,0,418.6732342109585,25.19933319091797,-0.9064445495605469,26.56539535522461,,,,,,1999,10,25.48,-0.002
1999286N16278,IRENE,1999-10-18 03:00:00,34.0,-76.4, , ,,1999,87,986.071896716144,0,555.8206378515318,25.409666061401367,-0.8397197723388672,27.213464736938477,,,,,,1999,10,25.48,-0.002
1999286N16278,IRENE,1999-10-18 06:00:00,34.8,-75.2,95,964,,1999,87,1113.0178623431302,0,727.529319348809,25.025333404541016,-0.4369945526123047,26.773021697998047,,,,,,1999,10,25.48,-0.002
1999286N16278,IRENE,1999-10-18 07:56:00,35.4,-74.4,95,958,,1999,87,1206.0092998644795,0,848.0218231864482,24.90133285522461,-0.31545066833496094,25.879497528076172,,,,,,1999,10,25.48,-0.002
1999286N16278,IRENE,1999-10-18 09:00:00,35.8,-73.8, , ,,1999,87,1271.4941530735766,0,934.3880387624704,24.56833267211914,-0.28054046630859375,25.879497528076172,,,,,,1999,10,25.48,-0.002
1999286N16278,IRENE,1999-10-18 12:00:00,36.8,-71.6,90,960,,1999,87,1472.574036806101,0,1212.7215867270818,23.698331832885742,-1.0845565795898438,25.345041275024414,,,,,,1999,10,25.48,-0.002
1999286N16278,IRENE,1999-10-18 15:00:00,37.9,-69.6, , ,,1999,87,1677.5298450618325,0,1483.336113455001,21.391332626342773,-2.8753128051757812,25.135286331176758,,,,,,1999,10,25.48,-0.002
1999286N16278,IRENE,1999-10-18 18:00:00,39.0,-67.4,80,968,,1999,87,1895.7456158571829,0,1773.391583146615,20.393999099731445,-2.5007495880126953,23.6690673828125,,,,,,1999,10,25.48,-0.002
1999286N16278,IRENE,1999-10-18 21:00:00,40.1,-64.6, , ,,1999,87,2151.860111957828,0,2119.55052699261,20.016332626342773,-2.056833267211914,21.2188663482666,,,,,,1999,10,25.48,-0.002
1999286N16278,IRENE,1999-10-19 00:00:00,41.5,-61.0,80,968,,1999,87,2482.774551895086,0,2566.985532150835,16.206666946411133,-4.534708023071289,20.540239334106445,,,,,,1999,10,25.48,-0.002
1999286N16278,IRENE,1999-10-19 03:00:00,43.2,-56.1, , ,,1999,87,2919.153854176094,0,3164.629633310182,13.841333389282227,-3.268033981323242,16.043577194213867,,,,,,1999,10,25.48,-0.002
1999286N16278,IRENE,1999-10-19 06:00:00,44.9,-51.5,80,968,,1999,87,3331.062320032562,0,3738.905967277302,9.774666786193848,-2.8331985473632812,13.231415748596191,,,,,,1999,10,25.48,-0.002
1999286N16278,IRENE,1999-10-19 09:00:00,46.4,-49.2, , ,,1999,87,3568.904504253439,0,4082.131394789105,6.327332973480225,-4.072110652923584,10.378922462463379,,,,,,1999,10,25.48,-0.002
1999286N16278,IRENE,1999-10-19 12:00:00,48.0,-48.0,80,968,,1999,87,3735.5207116570855,0,4337.193943472804,3.302000045776367,-4.804976463317871,7.786223411560059,,,,,,1999,10,25.48,-0.002
1999286N16278,IRENE,1999-10-19 15:00:00,49.5,-46.6, , ,,1999,87,3907.7470235400106,0,4609.820482683804,6.976333141326904,-3.2046923637390137,10.075352668762207,,,,,,1999,10,25.48,-0.002
1999286N16278,IRENE,1999-10-19 18:00:00,51.0,-45.0,80,968,,1999,87,4089.627812108711,0,4907.623208208858,9.267000198364258,-2.243406295776367,11.911745071411133,,,,,,1999,10,25.48,-0.002
2004247N10332,IVAN,2004-09-02 18:00:00,9.7,-27.6,25,1009,,2004,66,5807.499767957138,0,5951.8108179963265,28.14900016784668,0.2310009002685547,27.92360496520996,,,,,,2004,9,27.53,0.221
2004247N10332,IVAN,2004-09-02 21:00:00,9.7,-28.1, , ,,2004,66,5757.918372469358,0,5898.625968276076,27.975332260131836,0.05904960632324219,27.92360496520996,,,,,,2004,9,27.53,0.221
2004247N10332,IVAN,2004-09-03 00:00:00,9.7,-28.7,30,1007,,2004,66,5698.464628302274,0,5834.865089551283,28.000333786010742,0.06965065002441406,27.953636169433594,,,,,,2004,9,27.53,0.221
2004247N10332,IVAN,2004-09-03 03:00:00,9.7,-29.4, , ,,2004,66,5629.165581474662,0,5760.564212175695,28.062332153320312,0.10716056823730469,27.953636169433594,,,,,,2004,9,27.53,0.221
2004247N10332,IVAN,2004-09-03 06:00:00,9.7,-30.3,35,1005,,2004,66,5540.1737329118305,0,5665.177551307112,28.212665557861328,0.22005462646484375,27.98784637451172,,,,,,2004,9,27.53,0.221
2004247N10332,IVAN,2004-09-03 09:00:00,9.6,-31.2, , ,,2004,66,5456.160516421329,0,5573.511776055406,28.18000030517578,0.15806198120117188,28.026554107666016,,,,,,2004,9,27.53,0.221
2004247N10332,IVAN,2004-09-03 12:00:00,9.5,-32.1,40,1003,,2004,66,5372.365887282818,0,5482.166418884384,28.203332901000977,0.1170196533203125,28.066028594970703,,,,,,2004,9,27.53,0.221
2004247N10332,IVAN,2004-09-03 15:00:00,9.4,-32.9, , ,,2004,66,5298.629062199579,0,5401.665932041427,28.2239990234375,0.11359214782714844,28.094524383544922,,,,,,2004,9,27.53,0.221
2004247N10332,IVAN,2004-09-03 18:00:00,9.3,-33.6,45,1000,,2004,66,5234.904828731562,0,5331.943720805953,28.262998580932617,0.11735725402832031,28.14501953125,,,,,,2004,9,27.53,0.221
2004247N10332,IVAN,2004-09-03 21:00:00,9.2,-34.3, , ,,2004,66,5171.361488695381,0,5262.403854917765,28.360332489013672,0.14459228515625,28.14501953125,,,,,,2004,9,27.53,0.221
2004247N10332,IVAN,2004-09-04 00:00:00,9.1,-35.0,45,999,,2004,66,5108.0094808388185,0,5193.09272657113,28.3526668548584,0.10730171203613281,28.16908836364746,,,,,,2004,9,27.53,0.221
2004247N10332,IVAN,2004-09-04 03:00:00,9.0,-35.7, , ,,2004,66,5044.859679446726,0,5124.052774568631,28.53999900817871,0.2138214111328125,28.424110412597656,,,,,,2004,9,27.53,0.221
2004247N10332,IVAN,2004-09-04 06:00:00,8.9,-36.5,50,997,,2004,66,4972.208496419718,0,5044.914241167699,28.663000106811523,0.25721168518066406,28.517229080200195,,,,,,2004,9,27.53,0.221
2004247N10332,IVAN,2004-09-04 09:00:00,8.9,-37.3, , ,,2004,66,4894.591197055197,0,4961.984591563661,28.601999282836914,0.12511825561523438,28.517229080200195,,,,,,2004,9,27.53,0.221
2004247N10332,IVAN,2004-09-04 12:00:00,8.9,-38.2,50,997,,2004,66,4807.4981840908895,0,4868.947391457691,28.557666778564453,0.001949310302734375,28.636505126953125,,,,,,2004,9,27.53,0.221
2004247N10332,IVAN,2004-09-04 15:00:00,8.9,-39.1, , ,,2004,66,4720.660228554856,0,4776.199472559693,28.652000427246094,-0.013111114501953125,28.75066375732422,,,,,,2004,9,27.53,0.221
2004247N10332,IVAN,2004-09-04 18:00:00,9.0,-39.9,55,994,,2004,66,4638.3125525552905,0,4689.647145945223,28.8886661529541,0.13230323791503906,28.87486457824707,,,,,,2004,9,27.53,0.221
2004247N10332,IVAN,2004-09-04 21:00:00,9.1,-40.6, , ,,2004,66,4565.69590013342,0,4613.463278562307,28.961332321166992,0.17839622497558594,28.72928810119629,,,,,,2004,9,27.53,0.221
2004247N10332,IVAN,2004-09-05 00:00:00,9.3,-41.4,60,991,,2004,66,4478.174236517252,0,4522.691026888977,28.854331970214844,0.06158638000488281,28.72928810119629,,,,,,2004,9,27.53,0.221
2004247N10332,IVAN,2004-09-05 03:00:00,9.4,-42.4, , ,,2004,66,4377.102136305182,0,4416.029544242384,28.975332260131836,0.09860610961914062,28.80678367614746,,,,,,2004,9,27.53,0.221
2004247N10332,IVAN,2004-09-05 06:00:00,9.5,-43.4,65,987,,2004,66,4276.308153326491,0,4309.631876970782,29.05533218383789,0.07471847534179688,28.89859390258789,,,,,,2004,9,27.53,0.221
2004247N10332,IVAN,2004-09-05 09:00:00,9.6,-44.3, , ,,2004,66,4185.288776133013,0,4213.648491565833,29.128332138061523,0.09871864318847656,29.028594970703125,,,,,,2004,9,27.53,0.221
2004247N10332,IVAN,2004-09-05 12:00:00,9.8,-45.1,85,977,,2004,66,4098.338392418235,0,4123.26529958603,28.971332550048828,-0.059051513671875,29.134490966796875,,,,,,2004,9,27.53,0.221
2004247N10332,IVAN,2004-09-05 15:00:00,10.0,-46.0, , ,,2004,66,4002.072243527429,0,4022.8511868216137,29.142332077026367,0.015178680419921875,29.230024337768555,,,,,,2004,9,27.53,0.221
2004247N10332,IVAN,2004-09-05 18:00:00,10.2,-46.8,110,955,,2004,66,3915.3857225936217,0,3932.6161817025777,29.207666397094727,0.09711265563964844,29.028913497924805,,,,,,2004,9,27.53,0.221
2004247N10332,IVAN,2004-09-05 21:00:00,10.4,-47.6, , ,,2004,66,3828.829097546742,0,3842.4326446980617,29.200666427612305,0.1306438446044922,29.049177169799805,,,,,,2004,9,27.53,0.221
2004247N10332,IVAN,2004-09-06 00:00:00,10.6,-48.5,115,948,,2004,66,3733.054302478906,0,3742.237490791628,29.39033317565918,0.37068748474121094,29.05794906616211,,,,,,2004,9,27.53,0.221
2004247N10332,IVAN,2004-09-06 03:00:00,10.7,-49.5, , ,,2004,66,3633.9905694520385,0,3637.163726766441,29.548999786376953,0.5119266510009766,29.079011917114258,,,,,,2004,9,27.53,0.221
2004247N10332,IVAN,2004-09-06 06:00:00,10.8,-50.5,110,950,,2004,66,3535.3630507550943,0,3532.507219169605,29.457666397094727,0.458526611328125,29.11273765563965,,,,,,2004,9,27.53,0.221
2004247N10332,IVAN,2004-09-06 09:00:00,10.9,-51.5, , ,,2004,66,3437.2079208749205,0,3428.306201140277,29.670331954956055,0.6375160217285156,29.127229690551758,,,,,,2004,9,27.53,0.221
2004247N10332,IVAN,2004-09-06 12:00:00,11.0,-52.5,110,955,,2004,66,3339.565294354401,0,3324.6035224042253,29.67566680908203,0.6079216003417969,29.156286239624023,,,,,,2004,9,27.53,0.221
2004247N10332,IVAN,2004-09-06 15:00:00,11.2,-53.5, , ,,2004,66,3236.2939440112104,0,3215.962711226446,29.559999465942383,0.5053157806396484,29.012683868408203,,,,,,2004,9,27.53,0.221
2004247N10332,IVAN,2004-09-06 18:00:00,11.3,-54.4,90,969,,2004,66,3148.712367913879,0,3122.9477863637535,29.431665420532227,0.38855743408203125,29.012683868408203,,,,,,2004,9,27.53,0.221
2004247N10332,IVAN,2004-09-06 21:00:00,11.3,-55.3, , ,,2004,66,3068.0136369792,0,3036.1696321281497,29.422332763671875,0.35497093200683594,29.048749923706055,,,,,,2004,9,27.53,0.221
2004247N10332,IVAN,2004-09-07 00:00:00,11.2,-56.1,90,964,,2004,66,3003.4521873362587,0,2965.549941855932,29.511999130249023,0.4089832305908203,29.061779022216797,,,,,,2004,9,27.53,0.221
2004247N10332,IVAN,2004-09-07 03:00:00,11.2,-57.0, , ,,2004,66,2924.421836483568,0,2880.349429683786,29.255332946777344,0.14081192016601562,29.083036422729492,,,,,,2004,9,27.53,0.221
2004247N10332,IVAN,2004-09-07 06:00:00,11.3,-57.8,95,965,,2004,66,2848.1646544560317,0,2799.2426021695887,29.40799903869629,0.3062000274658203,29.091785430908203,,,,,,2004,9,27.53,0.221
2004247N10332,IVAN,2004-09-07 09:00:00,11.4,-58.6, , ,,2004,66,2772.4519956834893,0,2718.678521522631,29.328998565673828,0.2067890167236328,29.123693466186523,,,,,,2004,9,27.53,0.221
2004247N10332,IVAN,2004-09-07 12:00:00,11.6,-59.4,100,963,,2004,66,2690.3565522191975,0,2632.2494095263637,29.251998901367188,0.11208724975585938,29.123693466186523,,,,,,2004,9,27.53,0.221
2004247N10332,IVAN,2004-09-07 15:00:00,11.7,-60.3, , ,,2004,66,2607.3584487850353,0,2543.7139788505187,29.370332717895508,0.1958942413330078,29.198627471923828,,,,,,2004,9,27.53,0.221
2004247N10332,IVAN,2004-09-07 18:00:00,11.8,-61.1,105,956,,2004,66,2533.5411713397375,0,2465.0528033849528,29.312999725341797,0.16202163696289062,29.15053939819336,,,,,,2004,9,27.53,0.221
2004247N10332,IVAN,2004-09-07 21:00:00,11.9,-61.7, , ,,2004,66,2476.8392889781153,0,2404.690917916076,29.242666244506836,0.12307548522949219,29.019039154052734,,,,,,2004,9,27.53,0.221
2004247N10332,IVAN,2004-09-07 21:30:00,11.9,-61.8,110,952,,2004,66,2468.6484278252688,0,2395.8066237052226,29.206666946411133,0.10276985168457031,29.019039154052734,,,,,,2004,9,27.53,0.221
2004247N10332,IVAN,2004-09-08 00:00:00,12.0,-62.6,115,950,,2004,66,2396.275894225997,0,2318.369402013461,29.20866584777832,0.1869945526123047,28.832202911376953,,,,,,2004,9,27.53,0.221
2004247N10332,IVAN,2004-09-08 03:00:00,12.1,-63.4, , ,,2004,66,2324.7832841676013,0,2241.850287095749,28.981332778930664,0.03672981262207031,29.21845054626465,,,,,,2004,9,27.53,0.221
2004247N10332,IVAN,2004-09-08 06:00:00,12.3,-64.1,120,946,,2004,66,2254.3192517127177,0,2167.4217668112487,28.58733367919922,-0.29981040954589844,28.99250602722168,,,,,,2004,9,27.53,0.221
2004247N10332,IVAN,2004-09-08 09:00:00,12.4,-64.8, , ,,2004,66,2192.2072120195185,0,2101.0049630222693,28.570999145507812,-0.20978927612304688,28.802711486816406,,,,,,2004,9,27.53,0.221
2004247N10332,IVAN,2004-09-08 12:00:00,12.6,-65.5,120,955,,2004,66,2122.940842319715,0,2027.7522263946555,28.477333068847656,-0.32550811767578125,28.76253890991211,,,,,,2004,9,27.53,0.221
2004247N10332,IVAN,2004-09-08 15:00:00,12.8,-66.3, , ,,2004,66,2046.8591523215448,0,1946.7469943082313,28.583999633789062,-0.25020599365234375,28.76253890991211,,,,,,2004,9,27.53,0.221
2004247N10332,IVAN,2004-09-08 18:00:00,13.0,-67.0,120,950,,2004,66,1979.034483992283,0,1874.6703930965623,28.58099937438965,-0.25746726989746094,28.777944564819336,,,,,,2004,9,27.53,0.221
2004247N10332,IVAN,2004-09-08 21:00:00,13.1,-67.7, , ,,2004,66,1920.3450878895835,0,1811.5330494371497,28.5136661529541,-0.3799304962158203,28.954648971557617,,,,,,2004,9,27.53,0.221
2004247N10332,IVAN,2004-09-09 00:00:00,13.3,-68.3,130,938,,2004,66,1861.2085897794705,0,1748.8601521571163,28.40366554260254,-0.5394229888916016,28.954648971557617,,,,,,2004,9,27.53,0.221
2004247N10332,IVAN,2004-09-09 03:00:00,13.5,-68.9, , ,,2004,66,1802.6730841382785,0,1686.793909713252,28.400999069213867,-0.5474319458007812,28.969751358032227,,,,,,2004,9,27.53,0.221
2004247N10332,IVAN,2004-09-09 06:00:00,13.7,-69.5,140,925,,2004,66,1744.7931607108503,0,1625.1402109795931,28.64933204650879,-0.3417377471923828,28.991609573364258,,,,,,2004,9,27.53,0.221
2004247N10332,IVAN,2004-09-09 09:00:00,13.9,-70.2, , ,,2004,66,1681.1434980303711,0,1557.052215566595,28.74799919128418,-0.2557868957519531,28.991609573364258,,,,,,2004,9,27.53,0.221
2004247N10332,IVAN,2004-09-09 12:00:00,14.2,-70.8,140,919,,2004,66,1615.923827418269,0,1488.1612754415382,28.66066551208496,-0.32486724853515625,29.02195167541504,,,,,,2004,9,27.53,0.221
2004247N10332,IVAN,2004-09-09 15:00:00,14.4,-71.4, , ,,2004,66,1560.4671875550116,0,1429.0189601183686,28.630332946777344,-0.3570137023925781,29.02195167541504,,,,,,2004,9,27.53,0.221
2004247N10332,IVAN,2004-09-09 18:00:00,14.7,-71.9,130,921,,2004,66,1502.6372030089694,0,1368.0848919435944,28.753999710083008,-0.22910308837890625,28.97576141357422,,,,,,2004,9,27.53,0.221
2004247N10332,IVAN,2004-09-09 21:00:00,14.9,-72.4, , ,,2004,66,1454.5884322309369,0,1316.7048680445853,28.756332397460938,-0.21785736083984375,28.97576141357422,,,,,,2004,9,27.53,0.221
2004247N10332,IVAN,2004-09-10 00:00:00,15.2,-72.8,130,923,,2004,66,1403.4277803952252,0,1262.8276997344308,28.832332611083984,-0.14308738708496094,28.992687225341797,,,,,,2004,9,27.53,0.221
2004247N10332,IVAN,2004-09-10 03:00:00,15.4,-73.3, , ,,2004,66,1356.507594197342,0,1212.6284839745028,28.791332244873047,-0.18178558349609375,28.992687225341797,,,,,,2004,9,27.53,0.221
2004247N10332,IVAN,2004-09-10 06:00:00,15.7,-73.8,125,930,,2004,66,1300.7316183250653,0,1153.5180839734755,28.722999572753906,-0.2417621612548828,28.958271026611328,,,,,,2004,9,27.53,0.221
2004247N10332,IVAN,2004-09-10 09:00:00,15.9,-74.2, , ,,2004,66,1260.481201760225,0,1110.6667880206026,28.68400001525879,-0.2810077667236328,28.958271026611328,,,,,,2004,9,27.53,0.221
2004247N10332,IVAN,2004-09-10 12:00:00,16.2,-74.7,125,934,,2004,66,1205.984327108986,0,1052.5494375928497,28.819000244140625,-0.1505756378173828,28.981069564819336,,,,,,2004,9,27.53,0.221
2004247N10332,IVAN,2004-09-10 15:00:00,16.5,-75.3, , ,,2004,66,1147.6885658896351,0,990.1712506283366,28.801332473754883,-0.1784992218017578,28.981069564819336,,,,,,2004,9,27.53,0.221
2004247N10332,IVAN,2004-09-10 18:00:00,16.8,-75.8,120,940,,2004,66,1095.1907441697415,0,934.3304643862276,28.786333084106445,-0.2786731719970703,28.993806838989258,,,,,,2004,9,27.53,0.221
2004247N10332,IVAN,2004-09-10 21:00:00,17.1,-76.1, , ,,2004,66,1051.9029760844933,0,888.4982025671497,28.806333541870117,-0.3239917755126953,29.198015213012695,,,,,,2004,9,27.53,0.221
2004247N10332,IVAN,2004-09-11 00:00:00,17.3,-76.5,135,926,,2004,66,1015.2406155419158,0,849.0566980351439,28.894332885742188,-0.3281440734863281,29.28243064880371,,,,,,2004,9,27.53,0.221
2004247N10332,IVAN,2004-09-11 03:00:00,17.4,-77.1, , ,,2004,66,983.0673481149583,0,814.127601593047,29.178665161132812,-0.08925247192382812,29.28243064880371,,,,,,2004,9,27.53,0.221
2004247N10332,IVAN,2004-09-11 03:30:00,17.4,-77.2,130,924,,2004,66,979.7624571749386,0,810.3938761314423,29.178665161132812,-0.08925247192382812,29.28243064880371,,,,,,2004,9,27.53,0.221
2004247N10332,IVAN,2004-09-11 06:00:00,17.4,-77.6,130,923,,2004,66,967.532471280212,0,796.7696614136279,29.173999786376953,-0.15571212768554688,29.416006088256836,,,,,,2004,9,27.53,0.221
2004247N10332,IVAN,2004-09-11 09:00:00,17.5,-78.0, , ,,2004,66,946.1128233406968,0,774.0242780767427,29.06599998474121,-0.31240272521972656,29.416006088256836,,,,,,2004,9,27.53,0.221
2004247N10332,IVAN,2004-09-11 12:00:00,17.7,-78.4,125,925,,2004,66,915.2812208953436,0,736.8904479543764,29.167665481567383,-0.2993583679199219,29.416006088256836,,,,,,2004,9,27.53,0.221
2004247N10332,IVAN,2004-09-11 15:00:00,17.9,-78.7, , ,,2004,66,887.6083635160207,0,703.8551935742017,29.2810001373291,-0.2761821746826172,29.435712814331055,,,,,,2004,9,27.53,0.221
2004247N10332,IVAN,2004-09-11 18:00:00,18.0,-79.0,145,920,,2004,66,871.759111045583,0,682.8930075599209,29.30499839782715,-0.2472515106201172,29.435712814331055,,,,,,2004,9,27.53,0.221
2004247N10332,IVAN,2004-09-11 21:00:00,18.1,-79.3, , ,,2004,66,856.8829657171796,0,662.9935320550507,29.336332321166992,-0.27759361267089844,29.77124786376953,,,,,,2004,9,27.53,0.221
2004247N10332,IVAN,2004-09-12 00:00:00,18.2,-79.6,145,910,,2004,66,843.0292800283552,0,643.84011781521,29.332666397094727,-0.26026344299316406,29.672752380371094,,,,,,2004,9,27.53,0.221
2004247N10332,IVAN,2004-09-12 03:00:00,18.3,-80.0, , ,,2004,66,829.9381899333291,0,622.0695962420099,29.288999557495117,-0.3334827423095703,29.672752380371094,,,,,,2004,9,27.53,0.221
2004247N10332,IVAN,2004-09-12 06:00:00,18.4,-80.4,135,915,,2004,66,818.8641737616039,0,600.9410061479556,29.220664978027344,-0.3754901885986328,29.672752380371094,,,,,,2004,9,27.53,0.221
2004247N10332,IVAN,2004-09-12 09:00:00,18.6,-80.8, , ,,2004,66,798.7984699576858,0,570.3741066866996,29.06599998474121,-0.5348224639892578,29.55944061279297,,,,,,2004,9,27.53,0.221
2004247N10332,IVAN,2004-09-12 12:00:00,18.8,-81.2,135,919,,2004,66,781.0127769546048,0,540.8276905362234,29.01166534423828,-0.6268901824951172,29.55944061279297,,,,,,2004,9,27.53,0.221
2004247N10332,IVAN,2004-09-12 14:15:00,18.9,-81.5,130,920,,2004,66,774.7390517288962,0,525.8405656401703,29.038665771484375,-0.5819931030273438,29.543848037719727,,,,,,2004,9,27.53,0.221
2004247N10332,IVAN,2004-09-12 15:00:00,18.9,-81.6, , ,,2004,66,776.5881492798563,0,525.191469780362,29.038665771484375,-0.5819931030273438,29.543848037719727,,,,,,2004,9,27.53,0.221
2004247N10332,IVAN,2004-09-12 18:00:00,19.1,-82.1,130,920,,2004,66,766.2289923637095,0,500.46769771106375,29.05900001525879,-0.5854969024658203,29.712886810302734,,,,,,2004,9,27.53,0.221
2004247N10332,IVAN,2004-09-12 21:00:00,19.3,-82.5, , ,,2004,66,756.5479959443137,0,479.4964767950539,29.097332000732422,-0.5646896362304688,29.661527633666992,,,,,,2004,9,27.53,0.221
2004247N10332,IVAN,2004-09-13 00:00:00,19.5,-82.8,140,916,,2004,66,745.8802979014694,0,460.36405294155225,29.19499969482422,-0.4551277160644531,29.661527633666992,,,,,,2004,9,27.53,0.221
2004247N10332,IVAN,2004-09-13 03:00:00,19.7,-83.2, , ,,2004,66,741.1884146368438,0,441.6497636147504,29.296998977661133,-0.3715095520019531,29.661527633666992,,,,,,2004,9,27.53,0.221
2004247N10332,IVAN,2004-09-13 06:00:00,19.9,-83.5,140,920,,2004,66,734.5871856522323,0,421.0489813027609,29.251667022705078,-0.4280433654785156,29.652299880981445,,,,,,2004,9,27.53,0.221
2004247N10332,IVAN,2004-09-13 09:00:00,20.1,-83.8, , ,,2004,66,729.8592671200781,0,402.72349018077074,29.19999885559082,-0.49298858642578125,29.71525001525879,,,,,,2004,9,27.53,0.221
2004247N10332,IVAN,2004-09-13 12:00:00,20.4,-84.1,140,915,,2004,66,717.6948278358557,0,375.54874157082605,29.18699836730957,-0.5166301727294922,29.71525001525879,,,,,,2004,9,27.53,0.221
2004247N10332,IVAN,2004-09-13 15:00:00,20.6,-84.4, , ,,2004,66,717.1114614329437,0,362.75942110719245,29.26166534423828,-0.44595909118652344,29.71525001525879,,,,,,2004,9,27.53,0.221
2004247N10332,IVAN,2004-09-13 18:00:00,20.9,-84.7,140,912,,2004,66,709.8629556168619,0,341.7805820957472,29.316999435424805,-0.3847999572753906,29.682331085205078,,,,,,2004,9,27.53,0.221
2004247N10332,IVAN,2004-09-13 21:00:00,21.2,-84.8,140,910,,2004,66,691.351949252417,0,313.9810007996574,29.25433349609375,-0.43225669860839844,29.673181533813477,,,,,,2004,9,27.53,0.221
2004247N10332,IVAN,2004-09-14 00:00:00,21.6,-85.1,140,914,,2004,66,680.9996454808877,0,289.3496690869285,29.108665466308594,-0.5250129699707031,29.673181533813477,,,,,,2004,9,27.53,0.221
2004247N10332,IVAN,2004-09-14 01:00:00,21.7,-85.2,140,916,,2004,66,680.937417531924,0,285.8406985291595,29.108665466308594,-0.5250129699707031,29.673181533813477,,,,,,2004,9,27.53,0.221
2004247N10332,IVAN,2004-09-14 03:00:00,22.0,-85.4, , ,,2004,66,674.6756077609876,0,271.30665681785774,28.9516658782959,-0.6078777313232422,29.673181533813477,,,,,,2004,9,27.53,0.221
2004247N10332,IVAN,2004-09-14 06:00:00,22.4,-85.6,140,924,,2004,66,664.067441366765,0,252.26407715943444,28.96299934387207,-0.5211620330810547,29.402629852294922,,,,,,2004,9,27.53,0.221
2004247N10332,IVAN,2004-09-14 09:00:00,22.7,-85.8, , ,,2004,66,662.6567864835317,0,246.61348819619388,28.975000381469727,-0.4528217315673828,29.402629852294922,,,,,,2004,9,27.53,0.221
2004247N10332,IVAN,2004-09-14 12:00:00,23.0,-86.0,125,930,,2004,66,663.4594226046439,0,245.42567072194603,28.986331939697266,-0.3963661193847656,29.402629852294922,,,,,,2004,9,27.53,0.221
2004247N10332,IVAN,2004-09-14 15:00:00,23.3,-86.2, , ,,2004,66,666.4621183647118,0,248.7660458171044,29.045665740966797,-0.3519611358642578,29.415348052978516,,,,,,2004,9,27.53,0.221
2004247N10332,IVAN,2004-09-14 18:00:00,23.7,-86.5,120,931,,2004,66,676.9905846708922,0,263.8002419386872,29.11699867248535,-0.2305011749267578,29.303436279296875,,,,,,2004,9,27.53,0.221
2004247N10332,IVAN,2004-09-14 21:00:00,24.2,-86.8, , ,,2004,66,688.2255604302562,0,284.4295900822904,29.0136661529541,-0.3316020965576172,29.36187171936035,,,,,,2004,9,27.53,0.221
2004247N10332,IVAN,2004-09-15 00:00:00,24.7,-87.0,120,928,,2004,66,694.8272126353661,0,303.61163487243596,28.775665283203125,-0.56939697265625,29.36187171936035,,,,,,2004,9,27.53,0.221
2004247N10332,IVAN,2004-09-15 03:00:00,25.1,-87.2, , ,,2004,66,707.5163597775122,0,329.2931292760804,28.466333389282227,-0.8135700225830078,29.222970962524414,,,,,,2004,9,27.53,0.221
2004247N10332,IVAN,2004-09-15 06:00:00,25.6,-87.4,120,935,,2004,66,722.4769168866112,0,362.2518303287318,28.840999603271484,-0.3887176513671875,29.222970962524414,,,,,,2004,9,27.53,0.221
2004247N10332,IVAN,2004-09-15 09:00:00,26.1,-87.7, , ,,2004,66,751.6578631804208,0,369.6468181063042,28.748666763305664,-0.4236888885498047,29.133028030395508,,,,,,2004,9,27.53,0.221
2004247N10332,IVAN,2004-09-15 12:00:00,26.7,-87.9,115,939,,2004,66,775.7674745171191,0,304.24457697838295,28.762664794921875,-0.34858131408691406,29.133028030395508,,,,,,2004,9,27.53,0.221
2004247N10332,IVAN,2004-09-15 15:00:00,27.3,-88.1, , ,,2004,66,804.968199036694,0,232.5600219388902,28.889331817626953,-0.13236427307128906,29.000295639038086,,,,,,2004,9,27.53,0.221
2004247N10332,IVAN,2004-09-15 18:00:00,27.9,-88.2,115,937,,2004,66,829.2120174335824,0,160.63396612626417,28.594999313354492,-0.3373908996582031,29.000295639038086,,,,,,2004,9,27.53,0.221
2004247N10332,IVAN,2004-09-15 21:00:00,28.4,-88.2, , ,,2004,66,845.1360585629728,0,99.721547868106,27.803333282470703,-1.0323143005371094,28.812898635864258,,,,,,2004,9,27.53,0.221
2004247N10332,IVAN,2004-09-16 00:00:00,28.9,-88.2,110,931,,2004,66,864.3302789351578,0,39.90039603723621,26.72161293029785,-2.024005889892578,28.812898635864258,,,,,,2004,9,27.53,0.221
2004247N10332,IVAN,2004-09-16 03:00:00,29.4,-88.0, , ,,2004,66,869.1032742203848,1,0.0,26.248064041137695,-2.4097633361816406,28.65060043334961,,,,,,2004,9,27.53,0.221
2004247N10332,IVAN,2004-09-16 06:00:00,30.0,-87.9,105,943,,2004,66,891.863408389457,1,0.0,25.799999237060547,-2.7697391510009766,28.65060043334961,,,,,,2004,9,27.53,0.221
2004247N10332,IVAN,2004-09-16 06:50:00,30.2,-87.9,105,946,,2004,66,903.1979897059912,1,0.0,25.590967178344727,-2.9240379333496094,28.414445877075195,,,,,,2004,9,27.53,0.221
2004247N10332,IVAN,2004-09-16 09:00:00,30.7,-87.8, , ,,2004,66,925.345910411345,1,0.0,,,28.414445877075195,,,,,,2004,9,27.53,0.221
2004247N10332,IVAN,2004-09-16 12:00:00,31.4,-87.7,70,965,,2004,66,964.137922494073,1,0.0,,,,,,,,,2004,9,27.53,0.221
2004247N10332,IVAN,2004-09-16 15:00:00,32.0,-87.6, , ,,2004,66,1000.147848996162,1,0.0,,,,,,,,,2004,9,27.53,0.221
2004247N10332,IVAN,2004-09-16 18:00:00,32.5,-87.4,50,975,,2004,66,1024.859215718305,0,46.312234452564525,,,,,,,,,2004,9,27.53,0.221
2004247N10332,IVAN,2004-09-16 21:00:00,33.2,-87.0, , ,,2004,66,1056.919537288726,0,139.07775486419854,,,,,,,,,2004,9,27.53,0.221
2004247N10332,IVAN,2004-09-17 00:00:00,33.8,-86.5,30,986,,2004,66,1080.8568054350876,0,219.9204808042392,,,,,,,,,2004,9,27.53,0.221
2004247N10332,IVAN,2004-09-17 03:00:00,34.3,-86.2, , ,,2004,66,1111.1314943698228,0,287.12726965107373,,,,,,,,,2004,9,27.53,0.221
2004247N10332,IVAN,2004-09-17 06:00:00,34.7,-85.7,25,991,,2004,66,1125.4608370270528,0,341.04088571812696,,,,,,,,,2004,9,27.53,0.221
2004247N10332,IVAN,2004-09-17 09:00:00,35.1,-84.9, , ,,2004,66,1131.8283085529922,0,394.65266956828486,,,,,,,,,2004,9,27.53,0.221
2004247N10332,IVAN,2004-09-17 12:00:00,35.4,-84.0,20,994,,2004,66,1131.7466994970248,0,445.92031508289506,,,,,,,,,2004,9,27.53,0.221
2004247N10332,IVAN,2004-09-17 15:00:00,35.8,-83.2, , ,,2004,66,1152.416488780194,0,520.8639351824207,,,,,,,,,2004,9,27.53,0.221
2004247N10332,IVAN,2004-09-17 18:00:00,36.2,-82.3,20,996,,2004,66,1177.858309004601,0,568.8455404788833,,,,,,,,,2004,9,27.53,0.221
2004247N10332,IVAN,2004-09-17 21:00:00,36.6,-81.4, , ,,2004,66,1210.598172954465,0,624.9737646497944,,,,,,,,,2004,9,27.53,0.221
2004247N10332,IVAN,2004-09-18 00:00:00,37.0,-80.5,20,999,,2004,66,1249.9820653312477,0,693.0345722838123,,,,,,,,,2004,9,27.53,0.221
2004247N10332,IVAN,2004-09-18 03:00:00,37.4,-79.5, , ,,2004,66,1295.7658903325707,0,773.1338643826134,,,,,,,,,2004,9,27.53,0.221
2004247N10332,IVAN,2004-09-18 06:00:00,37.7,-78.5,15,998,,2004,66,1337.011354652193,0,846.0210440172835,,,,,,,,,2004,9,27.53,0.221
2004247N10332,IVAN,2004-09-18 09:00:00,38.1,-77.5, , ,,2004,66,1395.0799504680583,0,938.910306431748,,,,,,,,,2004,9,27.53,0.221
2004247N10332,IVAN,2004-09-18 12:00:00,38.4,-76.7,15,1000,,2004,66,1442.9727878025442,0,1015.300832863052,,,,,,,,,2004,9,27.53,0.221
2004247N10332,IVAN,2004-09-18 15:00:00,38.3,-76.1, , ,,2004,66,1446.1153276078549,0,1034.4247086806818,,,23.631683349609375,,,,,,2004,9,27.53,0.221
2004247N10332,IVAN,2004-09-18 18:00:00,38.0,-75.5,25,1002,,2004,66,1430.5534122495856,0,1033.490102951617,,,24.09902572631836,,,,,,2004,9,27.53,0.221
2004247N10332,IVAN,2004-09-18 21:00:00,37.8,-74.7, , ,,2004,66,1434.962403660978,0,1062.8762332709591,18.069677352905273,-5.160928726196289,23.28465461730957,,,,,,2004,9,27.53,0.221
2004247N10332,IVAN,2004-09-19 00:00:00,37.5,-74.0,35,1003,,2004,66,1429.906274027055,0,1080.6766179659803,20.105806350708008,-4.017786026000977,24.04709243774414,,,,,,2004,9,27.53,0.221
2004247N10332,IVAN,2004-09-19 03:00:00,36.8,-73.9, , ,,2004,66,1364.4002292221564,0,1017.7295430802176,21.07967758178711,-4.020702362060547,25.527219772338867,,,,,,2004,9,27.53,0.221
2004247N10332,IVAN,2004-09-19 06:00:00,36.0,-74.0,35,1005,,2004,66,1281.872540645934,0,934.8745563186948,22.15258026123047,-4.367864608764648,27.421775817871094,,,,,,2004,9,27.53,0.221
2004247N10332,IVAN,2004-09-19 09:00:00,35.3,-74.2, , ,,2004,66,1205.2404081898494,0,857.2381100015684,24.727741241455078,-2.5180530548095703,27.421775817871094,,,,,,2004,9,27.53,0.221
2004247N10332,IVAN,2004-09-19 12:00:00,34.5,-74.5,35,1008,,2004,66,1114.6789583442433,0,767.2647010454276,26.349031448364258,-1.282125473022461,27.90628433227539,,,,,,2004,9,27.53,0.221
2004247N10332,IVAN,2004-09-19 15:00:00,33.7,-75.1, , ,,2004,66,1009.987297833072,0,654.4695017826051,26.41806411743164,-1.3438720703125,27.675004959106445,,,,,,2004,9,27.53,0.221
2004247N10332,IVAN,2004-09-19 18:00:00,32.8,-75.8,35,1008,,2004,66,890.7685768771416,0,531.1523401421488,26.83386993408203,-1.2625541687011719,28.091373443603516,,,,,,2004,9,27.53,0.221
2004247N10332,IVAN,2004-09-19 21:00:00,31.9,-76.7, , ,,2004,66,762.4626037981938,0,395.9138719043545,26.727741241455078,-1.515899658203125,28.30695152282715,,,,,,2004,9,27.53,0.221
2004247N10332,IVAN,2004-09-20 00:00:00,31.0,-77.5,35,1008,,2004,66,639.1619965559086,0,285.9458136255903,27.105806350708008,-1.3002452850341797,28.387187957763672,,,,,,2004,9,27.53,0.221
2004247N10332,IVAN,2004-09-20 03:00:00,30.0,-78.1, , ,,2004,66,514.1366722606031,0,179.49717198035455,27.01483917236328,-1.4658946990966797,28.4873046875,,,,,,2004,9,27.53,0.221
2004247N10332,IVAN,2004-09-20 06:00:00,29.0,-78.5,35,1008,,2004,66,396.9249519437972,0,85.69282435864542,27.143224716186523,-1.5964031219482422,28.87295913696289,,,,,,2004,9,27.53,0.221
2004247N10332,IVAN,2004-09-20 09:00:00,28.2,-78.6, , ,,2004,66,313.660609391687,0,56.729769078151755,27.177419662475586,-1.6894779205322266,28.87295913696289,,,,,,2004,9,27.53,0.221
2004247N10332,IVAN,2004-09-20 12:00:00,27.5,-78.7,30,1009,,2004,66,243.6096567836715,0,16.382232226174306,26.742902755737305,-2.2459678649902344,29.039875030517578,,,,,,2004,9,27.53,0.221
2004247N10332,IVAN,2004-09-20 15:00:00,26.9,-78.9, , ,,2004,66,180.53608924972028,1,0.0,26.770967483520508,-2.3475799560546875,29.18570899963379,,,,,,2004,9,27.53,0.221
2004247N10332,IVAN,2004-09-20 18:00:00,26.4,-79.1,25,1009,,2004,66,130.10440633688043,1,0.0,27.791934967041016,-1.4151687622070312,29.18570899963379,,,,,,2004,9,27.53,0.221
2004247N10332,IVAN,2004-09-20 21:00:00,26.2,-79.4, , ,,2004,66,92.9481473772582,1,0.0,27.953548431396484,-1.2869148254394531,29.18570899963379,,,,,,2004,9,27.53,0.221
2004247N10332,IVAN,2004-09-21 00:00:00,26.1,-79.7,25,1009,,2004,66,61.91703452059365,1,0.0,28.11387062072754,-1.1280021667480469,29.229082107543945,,,,,,2004,9,27.53,0.221
2004247N10332,IVAN,2004-09-21 03:00:00,26.0,-80.1, , ,,2004,66,28.04415495067796,1,0.0,27.720321655273438,,29.26882553100586,,,,,,2004,9,27.53,0.221
2004247N10332,IVAN,2004-09-21 06:00:00,25.9,-80.6,25,1009,,2004,66,43.65304060807893,1,0.0,,,29.461841583251953,,,,,,2004,9,27.53,0.221
2004247N10332,IVAN,2004-09-21 09:00:00,25.9,-81.1, , ,,2004,66,92.18850137763886,1,0.0,,,29.461841583251953,,,,,,2004,9,27.53,0.221
2004247N10332,IVAN,2004-09-21 12:00:00,25.8,-81.7,25,1009,,2004,66,151.07082670394715,1,0.0,27.490644454956055,,29.538095474243164,,,,,,2004,9,27.53,0.221
2004247N10332,IVAN,2004-09-21 15:00:00,25.5,-82.2, , ,,2004,66,203.41865217542912,1,0.0,27.923547744750977,-1.5707206726074219,29.538095474243164,,,,,,2004,9,27.53,0.221
2004247N10332,IVAN,2004-09-21 18:00:00,25.2,-82.8,25,1010,,2004,66,269.1495269839568,1,0.0,28.167097091674805,-1.1627311706542969,29.27743911743164,,,,,,2004,9,27.53,0.221
2004247N10332,IVAN,2004-09-21 21:00:00,24.9,-83.4, , ,,2004,66,336.359522321888,1,0.0,28.16064453125,-1.1225414276123047,29.354055404663086,,,,,,2004,9,27.53,0.221
2004247N10332,IVAN,2004-09-22 00:00:00,24.8,-84.1,25,1010,,2004,66,407.2209168396168,1,0.0,28.222579956054688,-0.9981536865234375,29.25475311279297,,,,,,2004,9,27.53,0.221
2004247N10332,IVAN,2004-09-22 03:00:00,24.9,-85.1, , ,,2004,66,502.4774691528981,0,94.410939391812,28.733224868774414,-0.5470142364501953,29.31583023071289,,,,,,2004,9,27.53,0.221
2004247N10332,IVAN,2004-09-22 06:00:00,25.1,-86.1,25,1010,,2004,66,597.7962835751323,0,208.147548150398,28.618709564208984,-0.6642627716064453,29.236955642700195,,,,,,2004,9,27.53,0.221
2004247N10332,IVAN,2004-09-22 09:00:00,25.5,-86.8, , ,,2004,66,663.0630736645112,0,294.4800727989028,28.06838607788086,-1.1734905242919922,29.222970962524414,,,,,,2004,9,27.53,0.221
2004247N10332,IVAN,2004-09-22 12:00:00,26.0,-87.3,25,1010,,2004,66,711.5277185615734,0,359.91819611539785,27.389677047729492,-1.8051643371582031,29.222970962524414,,,,,,2004,9,27.53,0.221
2004247N10332,IVAN,2004-09-22 15:00:00,26.3,-88.0, , ,,2004,66,782.3287161727641,0,354.7302785920717,27.887096405029297,-1.2708320617675781,29.133028030395508,,,,,,2004,9,27.53,0.221
2004247N10332,IVAN,2004-09-22 18:00:00,26.5,-88.6,30,1008,,2004,66,843.2379949716833,0,341.43381514266355,27.8890323638916,-1.2912845611572266,29.180219650268555,,,,,,2004,9,27.53,0.221
2004247N10332,IVAN,2004-09-22 21:00:00,26.8,-89.0, , ,,2004,66,885.5558240902492,0,318.6652153579895,27.890321731567383,-1.2442684173583984,29.180219650268555,,,,,,2004,9,27.53,0.221
2004247N10332,IVAN,2004-09-23 00:00:00,27.1,-89.5,35,1007,,2004,66,938.470322778008,0,307.2027677117637,27.806129455566406,-1.3215351104736328,29.08942985534668,,,,,,2004,9,27.53,0.221
2004247N10332,IVAN,2004-09-23 03:00:00,27.5,-90.2, , ,,2004,66,1013.089404656141,0,309.37146532476714,27.553546905517578,-1.5610008239746094,29.08942985534668,,,,,,2004,9,27.53,0.221
2004247N10332,IVAN,2004-09-23 06:00:00,27.9,-91.0,35,1007,,2004,66,1098.0497522876624,0,338.4559490143823,27.270000457763672,-1.7565593719482422,29.126708984375,,,,,,2004,9,27.53,0.221
2004247N10332,IVAN,2004-09-23 09:00:00,28.4,-91.7, , ,,2004,66,1175.9612070938103,0,369.8026970953064,27.041934967041016,-1.8657760620117188,28.88901138305664,,,,,,2004,9,27.53,0.221
2004247N10332,IVAN,2004-09-23 12:00:00,28.9,-92.2,50,998,,2004,66,1235.7650421338656,0,396.2320452874978,26.567419052124023,-2.2235450744628906,28.88901138305664,,,,,,2004,9,27.53,0.221
2004247N10332,IVAN,2004-09-23 15:00:00,29.1,-92.5, , ,,2004,66,1269.4108120357134,0,420.78627878337875,26.52838706970215,-2.2647132873535156,28.798625946044922,,,,,,2004,9,27.53,0.221
2004247N10332,IVAN,2004-09-23 18:00:00,29.2,-92.7,40,1003,,2004,66,1290.9641007966804,0,439.1845733274788,26.52838706970215,-2.2647132873535156,28.798625946044922,,,,,,2004,9,27.53,0.221
2004247N10332,IVAN,2004-09-23 21:00:00,29.4,-92.9, , ,,2004,66,1315.3276307526776,0,455.5232732233442,26.475160598754883,-2.316366195678711,28.798625946044922,,,,,,2004,9,27.53,0.221
2004247N10332,IVAN,2004-09-24 00:00:00,29.6,-93.2,30,1003,,2004,66,1349.151968108287,0,484.49314700484183,26.506128311157227,,28.798625946044922,,,,,,2004,9,27.53,0.221
2004247N10332,IVAN,2004-09-24 02:00:00,29.8,-93.6,30,1004,,2004,66,1392.3151395918867,0,525.7328307404298,,,28.8533878326416,,,,,,2004,9,27.53,0.221
2004247N10332,IVAN,2004-09-24 03:00:00,29.9,-93.8, , ,,2004,66,1413.8872202798816,0,546.9956154421297,,,28.8533878326416,,,,,,2004,9,27.53,0.221
2004247N10332,IVAN,2004-09-24 06:00:00,30.1,-94.2,25,1009,,2004,66,1457.0090889722794,0,587.3117960400963,,,,,,,,,2004,9,27.53,0.221
2005236N23285,KATRINA,2005-08-23 18:00:00,23.1,-75.1,30,1008,,2005,61,594.3200194487822,0,442.5951541198594,29.71299934387207,0.6479320526123047,29.01900291442871,,,,,,2005,8,26.8,0.42
2005236N23285,KATRINA,2005-08-23 21:00:00,23.2,-75.4, , ,,2005,61,562.317988232294,0,407.13472404596894,29.817333221435547,0.6602420806884766,29.01900291442871,,,,,,2005,8,26.8,0.42
2005236N23285,KATRINA,2005-08-24 00:00:00,23.4,-75.7,30,1007,,2005,61,524.5918411145672,0,366.95743198680674,29.790998458862305,0.5252265930175781,29.427160263061523,,,,,,2005,8,26.8,0.42
2005236N23285,KATRINA,2005-08-24 03:00:00,23.6,-76.0, , ,,2005,61,486.9334357061321,0,327.03869272070267,29.775665283203125,0.35198974609375,29.427160263061523,,,,,,2005,8,26.8,0.42
2005236N23285,KATRINA,2005-08-24 06:00:00,23.8,-76.2,30,1007,,2005,61,458.2019015886869,0,297.8648258688464,29.751333236694336,0.3665733337402344,29.427160263061523,,,,,,2005,8,26.8,0.42
2005236N23285,KATRINA,2005-08-24 09:00:00,24.1,-76.4, , ,,2005,61,424.6159300213981,0,265.6735869455105,29.882665634155273,0.4536762237548828,29.23054313659668,,,,,,2005,8,26.8,0.42
2005236N23285,KATRINA,2005-08-24 12:00:00,24.5,-76.5,35,1006,,2005,61,397.22657460230835,0,244.55737455244235,29.974998474121094,0.4608192443847656,29.685998916625977,,,,,,2005,8,26.8,0.42
2005236N23285,KATRINA,2005-08-24 15:00:00,25.0,-76.7, , ,,2005,61,360.8601310810645,0,217.3390688475594,29.755666732788086,0.28959083557128906,29.685998916625977,,,,,,2005,8,26.8,0.42
2005236N23285,KATRINA,2005-08-24 18:00:00,25.4,-76.9,40,1003,,2005,61,332.5833301315039,0,180.57052141387223,29.446666717529297,-0.020311355590820312,29.473636627197266,,,,,,2005,8,26.8,0.42
2005236N23285,KATRINA,2005-08-24 21:00:00,25.8,-77.3, , ,,2005,61,289.57289626957385,0,124.93888724565473,29.290666580200195,-0.2111358642578125,29.473636627197266,,,,,,2005,8,26.8,0.42
2005236N23285,KATRINA,2005-08-25 00:00:00,26.0,-77.7,45,1000,,2005,61,250.68617600380924,0,77.06258908575838,29.216333389282227,-0.32842254638671875,29.601316452026367,,,,,,2005,8,26.8,0.42
2005236N23285,KATRINA,2005-08-25 03:00:00,26.1,-78.1, , ,,2005,61,212.5329756625368,0,31.43499047921193,28.992332458496094,-0.6302089691162109,29.622297286987305,,,,,,2005,8,26.8,0.42
2005236N23285,KATRINA,2005-08-25 06:00:00,26.1,-78.4,50,997,,2005,61,183.0844902388979,1,0.0,28.989665985107422,-0.6490993499755859,29.622297286987305,,,,,,2005,8,26.8,0.42
2005236N23285,KATRINA,2005-08-25 09:00:00,26.2,-78.7, , ,,2005,61,156.87784420095466,1,0.0,28.967998504638672,-0.6869907379150391,29.565547943115234,,,,,,2005,8,26.8,0.42
2005236N23285,KATRINA,2005-08-25 12:00:00,26.2,-79.0,55,994,,2005,61,128.71243045890046,1,0.0,29.03966522216797,-0.6262550354003906,29.565547943115234,,,,,,2005,8,26.8,0.42
2005236N23285,KATRINA,2005-08-25 15:00:00,26.2,-79.3, , ,,2005,61,101.59481202055416,1,0.0,29.00233268737793,-0.6367816925048828,29.565547943115234,,,,,,2005,8,26.8,0.42
2005236N23285,KATRINA,2005-08-25 18:00:00,26.2,-79.6,60,988,,2005,61,76.6455418745736,1,0.0,28.8713321685791,-0.7409725189208984,29.534326553344727,,,,,,2005,8,26.8,0.42
2005236N23285,KATRINA,2005-08-25 21:00:00,26.1,-79.9, , ,,2005,61,47.60805035587961,1,0.0,28.76766586303711,-0.8178329467773438,29.534326553344727,,,,,,2005,8,26.8,0.42
2005236N23285,KATRINA,2005-08-25 22:30:00,26.0,-80.1,70,984,,2005,61,28.04415495067796,1,0.0,28.76599884033203,,29.635042190551758,,,,,,2005,8,26.8,0.42
2005236N23285,KATRINA,2005-08-26 00:00:00,25.9,-80.3,70,983,,2005,61,18.808556108512555,1,0.0,,,29.635042190551758,,,,,,2005,8,26.8,0.42
2005236N23285,KATRINA,2005-08-26 03:00:00,25.7,-80.8, , ,,2005,61,61.30794538310236,1,0.0,,,30.19478416442871,,,,,,2005,8,26.8,0.42
2005236N23285,KATRINA,2005-08-26 06:00:00,25.4,-81.3,65,987,,2005,61,118.19959254502898,1,0.0,29.0,-1.1089286804199219,30.19478416442871,,,,,,2005,8,26.8,0.42
2005236N23285,KATRINA,2005-08-26 09:00:00,25.2,-81.7, , ,,2005,61,163.76765433271953,1,0.0,28.884666442871094,-1.1315650939941406,30.0801944732666,,,,,,2005,8,26.8,0.42
2005236N23285,KATRINA,2005-08-26 12:00:00,25.1,-82.0,75,979,,2005,61,195.91847357027913,1,0.0,28.465665817260742,-1.5116100311279297,30.0801944732666,,,,,,2005,8,26.8,0.42
2005236N23285,KATRINA,2005-08-26 15:00:00,25.0,-82.3, , ,,2005,61,228.0975236087035,1,0.0,28.29166603088379,-1.595804214477539,29.881916046142578,,,,,,2005,8,26.8,0.42
2005236N23285,KATRINA,2005-08-26 18:00:00,24.9,-82.6,85,968,,2005,61,260.30269636118936,1,0.0,28.216999053955078,-1.624603271484375,29.766027450561523,,,,,,2005,8,26.8,0.42
2005236N23285,KATRINA,2005-08-26 21:00:00,24.7,-82.9, , ,,2005,61,296.87986698693817,1,0.0,28.2549991607666,-1.530588150024414,29.766027450561523,,,,,,2005,8,26.8,0.42
2005236N23285,KATRINA,2005-08-27 00:00:00,24.6,-83.3,90,959,,2005,61,338.38230603042086,1,0.0,28.249666213989258,-1.5068092346191406,29.766027450561523,,,,,,2005,8,26.8,0.42
2005236N23285,KATRINA,2005-08-27 03:00:00,24.5,-83.7, , ,,2005,61,379.9930426618168,1,0.0,28.23033332824707,-1.51007080078125,29.734838485717773,,,,,,2005,8,26.8,0.42
2005236N23285,KATRINA,2005-08-27 06:00:00,24.4,-84.0,95,950,,2005,61,412.3066430673444,1,0.0,28.336332321166992,-1.4046802520751953,29.734838485717773,,,,,,2005,8,26.8,0.42
2005236N23285,KATRINA,2005-08-27 09:00:00,24.4,-84.4, , ,,2005,61,450.01362855828233,0,16.618923923828767,28.462665557861328,-1.2898483276367188,29.734838485717773,,,,,,2005,8,26.8,0.42
2005236N23285,KATRINA,2005-08-27 12:00:00,24.4,-84.7,100,942,,2005,61,478.56833192834034,0,49.60633994832351,28.531665802001953,-1.2323532104492188,29.776756286621094,,,,,,2005,8,26.8,0.42
2005236N23285,KATRINA,2005-08-27 15:00:00,24.4,-85.0, , ,,2005,61,507.31404142506904,0,82.5954202777987,28.538000106811523,-1.2462406158447266,29.776756286621094,,,,,,2005,8,26.8,0.42
2005236N23285,KATRINA,2005-08-27 18:00:00,24.5,-85.3,100,948,,2005,61,532.9864946846064,0,114.91144683026332,28.608333587646484,-1.1818428039550781,29.776756286621094,,,,,,2005,8,26.8,0.42
2005236N23285,KATRINA,2005-08-27 21:00:00,24.6,-85.6, , ,,2005,61,559.2860782425236,0,147.68278545677708,28.548999786376953,-1.2449703216552734,29.811662673950195,,,,,,2005,8,26.8,0.42
2005236N23285,KATRINA,2005-08-28 00:00:00,24.8,-85.9,100,941,,2005,61,583.7561389602319,0,181.8538608410725,28.571998596191406,-1.2227363586425781,29.811662673950195,,,,,,2005,8,26.8,0.42
2005236N23285,KATRINA,2005-08-28 03:00:00,25.0,-86.3, , ,,2005,61,619.4005218912389,0,228.3599890121525,28.83799934387207,-0.9617424011230469,29.811662673950195,,,,,,2005,8,26.8,0.42
2005236N23285,KATRINA,2005-08-28 06:00:00,25.2,-86.7,125,930,,2005,61,656.1956986020543,0,276.02588785320194,28.738332748413086,-1.0616874694824219,29.812782287597656,,,,,,2005,8,26.8,0.42
2005236N23285,KATRINA,2005-08-28 09:00:00,25.4,-87.2, , ,,2005,61,703.9553077364914,0,335.0816170107403,28.71533203125,-1.0992488861083984,29.812782287597656,,,,,,2005,8,26.8,0.42
2005236N23285,KATRINA,2005-08-28 12:00:00,25.7,-87.7,145,909,,2005,61,752.0201708744239,0,397.6614887401855,28.79366683959961,-1.0371627807617188,29.852502822875977,,,,,,2005,8,26.8,0.42
2005236N23285,KATRINA,2005-08-28 15:00:00,26.0,-88.2, , ,,2005,61,801.4729789622781,0,394.2411510818664,28.8799991607666,-0.959259033203125,29.852502822875977,,,,,,2005,8,26.8,0.42
2005236N23285,KATRINA,2005-08-28 18:00:00,26.3,-88.6,150,902,,2005,61,842.0852343873913,0,365.57575920694984,28.717998504638672,-1.1196136474609375,29.849214553833008,,,,,,2005,8,26.8,0.42
2005236N23285,KATRINA,2005-08-28 21:00:00,26.7,-88.9, , ,,2005,61,874.6565326404736,0,326.65230747795533,28.707666397094727,-1.127573013305664,29.849214553833008,,,,,,2005,8,26.8,0.42
2005236N23285,KATRINA,2005-08-29 00:00:00,27.2,-89.2,140,905,,2005,61,910.505883617132,0,281.000553564478,28.444665908813477,-1.371866226196289,29.785398483276367,,,,,,2005,8,26.8,0.42
2005236N23285,KATRINA,2005-08-29 03:00:00,27.7,-89.4, , ,,2005,61,939.2659566103248,0,236.66685146886635,28.264999389648438,-1.5369510650634766,29.785398483276367,,,,,,2005,8,26.8,0.42
2005236N23285,KATRINA,2005-08-29 06:00:00,28.2,-89.6,125,913,,2005,61,970.5768347422494,0,198.91440919624048,28.32033348083496,-1.493011474609375,29.84671401977539,,,,,,2005,8,26.8,0.42
2005236N23285,KATRINA,2005-08-29 09:00:00,28.8,-89.6, , ,,2005,61,988.867787487269,0,145.55140806573272,28.781665802001953,-1.033670425415039,29.84671401977539,,,,,,2005,8,26.8,0.42
2005236N23285,KATRINA,2005-08-29 11:10:00,29.3,-89.6,110,920,,2005,61,1007.212502319074,0,109.6217938544422,,,29.89653968811035,,,,,,2005,8,26.8,0.42
2005236N23285,KATRINA,2005-08-29 12:00:00,29.5,-89.6,110,923,,2005,61,1015.3040959904338,0,98.37432554382814,,,29.89653968811035,,,,,,2005,8,26.8,0.42
2005236N23285,KATRINA,2005-08-29 14:45:00,30.2,-89.6,105,928,,2005,61,1046.8304079359602,0,78.07966481295341,,,29.93801498413086,,,,,,2005,8,26.8,0.42
2005236N23285,KATRINA,2005-08-29 15:00:00,30.3,-89.6, , ,,2005,61,1051.7239095831858,0,77.78956125345607,,,29.93801498413086,,,,,,2005,8,26.8,0.42
2005236N23285,KATRINA,2005-08-29 18:00:00,31.1,-89.6,80,948,,2005,61,1094.1273605428498,0,70.5785401550809,,,,,,,,,2005,8,26.8,0.42
2005236N23285,KATRINA,2005-08-29 21:00:00,31.9,-89.4, , ,,2005,61,1126.3157116603345,0,82.1475880453524,,,,,,,,,2005,8,26.8,0.42
2005236N23285,KATRINA,2005-08-30 00:00:00,32.6,-89.1,50,961,,2005,61,1150.6687654836912,0,117.85276902884873,,,,,,,,,2005,8,26.8,0.42
2005236N23285,KATRINA,2005-08-30 03:00:00,33.3,-88.9, , ,,2005,61,1187.476813087803,0,185.28184202617672,,,,,,,,,2005,8,26.8,0.42
2005236N23285,KATRINA,2005-08-30 06:00:00,34.1,-88.6,40,978,,2005,61,1230.2678843353365,0,274.29462479211236,,,,,,,,,2005,8,26.8,0.42
2005236N23285,KATRINA,2005-08-30 09:00:00,34.9,-88.3, , ,,2005,61,1278.7619369980698,0,373.4401187021611,,,,,,,,,2005,8,26.8,0.42
2005236N23285,KATRINA,2005-08-30 12:00:00,35.6,-88.0,30,985,,2005,61,1323.3600571135912,0,464.5509417354995,,,,,,,,,2005,8,26.8,0.42
2005236N23285,KATRINA,2005-08-30 15:00:00,36.3,-87.6, , ,,2005,61,1366.8414928660284,0,559.1928644112361,,,,,,,,,2005,8,26.8,0.42
2005236N23285,KATRINA,2005-08-30 18:00:00,37.0,-87.0,30,990,,2005,61,1405.8226032755235,0,656.3019095811729,,,,,,,,,2005,8,26.8,0.42
2005236N23285,KATRINA,2005-08-30 21:00:00,37.8,-86.3, , ,,2005,61,1456.8681145989826,0,769.1896020431307,,,,,,,,,2005,8,26.8,0.42
2005236N23285,KATRINA,2005-08-31 00:00:00,38.6,-85.3,30,994,,2005,61,1505.609376587221,0,881.6843379372559,,,,,,,,,2005,8,26.8,0.42
2005236N23285,KATRINA,2005-08-31 03:00:00,39.4,-84.2, , ,,2005,61,1561.838542955222,0,999.6190816487664,,,,,,,,,2005,8,26.8,0.42
2005236N23285,KATRINA,2005-08-31 06:00:00,40.1,-82.9,25,996,,2005,61,1614.0213989303977,0,1119.2582925969498,,,,,,,,,2005,8,26.8,0.42
2005289N18282,WILMA,2005-10-15 18:00:00,17.6,-78.5,25,1004,,2005,97,924.181055596812,0,744.18508751734,29.151611328125,-0.08297157287597656,29.203815460205078,,,,,,2005,10,26.65,0.218
2005289N18282,WILMA,2005-10-15 21:00:00,17.6,-78.7, , ,,2005,97,920.505065758729,0,737.2519029470014,29.151611328125,-0.08297157287597656,29.203815460205078,,,,,,2005,10,26.65,0.218
2005289N18282,WILMA,2005-10-16 00:00:00,17.6,-78.8,25,1004,,2005,97,918.8354267683336,0,734.0110491039876,29.15903091430664,-0.06887626647949219,29.203815460205078,,,,,,2005,10,26.65,0.218
2005289N18282,WILMA,2005-10-16 03:00:00,17.5,-78.9, , ,,2005,97,928.2877802035356,0,742.173329686116,29.190645217895508,0.009458541870117188,29.203815460205078,,,,,,2005,10,26.65,0.218
2005289N18282,WILMA,2005-10-16 06:00:00,17.5,-79.0,30,1003,,2005,97,926.8610882674568,0,739.289377893635,29.149354934692383,-0.02414703369140625,29.203815460205078,,,,,,2005,10,26.65,0.218
2005289N18282,WILMA,2005-10-16 09:00:00,17.5,-79.1, , ,,2005,97,925.5473425113202,0,736.4886340373135,29.149354934692383,-0.02414703369140625,29.203815460205078,,,,,,2005,10,26.65,0.218
2005289N18282,WILMA,2005-10-16 12:00:00,17.5,-79.2,30,1003,,2005,97,924.3470250649846,0,733.712056762539,28.63666534423828,-0.5368366241455078,29.203815460205078,,,,,,2005,10,26.65,0.218
2005289N18282,WILMA,2005-10-16 15:00:00,17.5,-79.3, , ,,2005,97,923.2605788294858,0,731.0785023392432,28.636999130249023,-0.5263500213623047,29.203815460205078,,,,,,2005,10,26.65,0.218
2005289N18282,WILMA,2005-10-16 18:00:00,17.5,-79.4,30,1002,,2005,97,922.288406676094,0,728.6055253064418,28.636999130249023,-0.5263500213623047,29.203815460205078,,,,,,2005,10,26.65,0.218
2005289N18282,WILMA,2005-10-16 21:00:00,17.5,-79.5, , ,,2005,97,921.4308707116596,0,725.9672265857898,28.64033317565918,-0.5128612518310547,29.156475067138672,,,,,,2005,10,26.65,0.218
2005289N18282,WILMA,2005-10-17 00:00:00,17.4,-79.6,30,1001,,2005,97,931.784837884292,0,734.8031528560721,28.64033317565918,-0.5128612518310547,29.156475067138672,,,,,,2005,10,26.65,0.218
2005289N18282,WILMA,2005-10-17 03:00:00,17.2,-79.6, , ,,2005,97,953.9795222252848,0,757.5412689161394,28.62066650390625,-0.4904613494873047,29.156475067138672,,,,,,2005,10,26.65,0.218
2005289N18282,WILMA,2005-10-17 06:00:00,16.9,-79.6,35,1000,,2005,97,987.275259830446,0,791.4881033978418,28.64266586303711,-0.4263954162597656,29.008386611938477,,,,,,2005,10,26.65,0.218
2005289N18282,WILMA,2005-10-17 09:00:00,16.6,-79.6, , ,,2005,97,1020.5750632936276,0,825.3558168777132,28.676666259765625,-0.3503284454345703,29.008386611938477,,,,,,2005,10,26.65,0.218
2005289N18282,WILMA,2005-10-17 12:00:00,16.3,-79.7,40,999,,2005,97,1053.3264358315903,0,856.7997232951227,28.700666427612305,-0.3004016876220703,29.008386611938477,,,,,,2005,10,26.65,0.218
2005289N18282,WILMA,2005-10-17 15:00:00,16.1,-79.7, , ,,2005,97,1075.5413784478949,0,879.4215164397987,28.7549991607666,-0.23627853393554688,29.008386611938477,,,,,,2005,10,26.65,0.218
2005289N18282,WILMA,2005-10-17 18:00:00,16.0,-79.8,45,997,,2005,97,1086.211819563193,0,888.357153996472,28.73933219909668,-0.24274253845214844,28.96675682067871,,,,,,2005,10,26.65,0.218
2005289N18282,WILMA,2005-10-17 21:00:00,15.9,-79.9, , ,,2005,97,1096.9887732066404,0,897.4831103937584,28.73933219909668,-0.24274253845214844,28.96675682067871,,,,,,2005,10,26.65,0.218
2005289N18282,WILMA,2005-10-18 00:00:00,15.8,-79.9,55,988,,2005,97,1108.104320400783,0,908.8421676388429,28.73933219909668,-0.24274253845214844,28.96675682067871,,,,,,2005,10,26.65,0.218
2005289N18282,WILMA,2005-10-18 03:00:00,15.7,-79.9, , ,,2005,97,1119.219945193683,0,920.2009166662424,28.797332763671875,-0.17453956604003906,28.96675682067871,,,,,,2005,10,26.65,0.218
2005289N18282,WILMA,2005-10-18 06:00:00,15.7,-79.9,60,982,,2005,97,1119.219945193683,0,920.2009166662424,28.797332763671875,-0.17453956604003906,28.96675682067871,,,,,,2005,10,26.65,0.218
2005289N18282,WILMA,2005-10-18 09:00:00,15.9,-80.0, , ,,2005,97,1096.7515199946238,0,895.4110435129171,28.657665252685547,-0.3228263854980469,28.96675682067871,,,,,,2005,10,26.65,0.218
2005289N18282,WILMA,2005-10-18 12:00:00,16.2,-80.3,65,979,,2005,97,1063.2716754481007,0,855.6265208731896,28.51566505432129,-0.47391700744628906,29.008386611938477,,,,,,2005,10,26.65,0.218
2005289N18282,WILMA,2005-10-18 15:00:00,16.4,-80.7, , ,,2005,97,1042.3037640299033,0,826.1828507714662,28.487998962402344,-0.5139274597167969,29.009624481201172,,,,,,2005,10,26.65,0.218
2005289N18282,WILMA,2005-10-18 18:00:00,16.6,-81.1,75,975,,2005,97,1023.0638767406804,0,797.5300038865056,28.42966651916504,-0.6021862030029297,29.009624481201172,,,,,,2005,10,26.65,0.218
2005289N18282,WILMA,2005-10-18 21:00:00,16.6,-81.5, , ,,2005,97,1027.6968515976014,0,794.2585156336844,28.234333038330078,-0.8267822265625,29.08139419555664,,,,,,2005,10,26.65,0.218
2005289N18282,WILMA,2005-10-19 00:00:00,16.6,-81.8,130,946,,2005,97,1032.2485855617151,0,792.849438064437,28.17333221435547,-0.9024143218994141,29.08139419555664,,,,,,2005,10,26.65,0.218
2005289N18282,WILMA,2005-10-19 03:00:00,16.8,-82.0, , ,,2005,97,1013.903279573539,0,769.406542542377,28.189998626708984,-0.8954010009765625,29.08139419555664,,,,,,2005,10,26.65,0.218
2005289N18282,WILMA,2005-10-19 06:00:00,17.0,-82.2,150,892,,2005,97,996.136813092267,0,746.5886591413621,28.189998626708984,-0.8954010009765625,29.08139419555664,,,,,,2005,10,26.65,0.218
2005289N18282,WILMA,2005-10-19 09:00:00,17.2,-82.5, , ,,2005,97,981.438672025484,0,724.9498212816756,28.049333572387695,-1.0319709777832031,29.072975158691406,,,,,,2005,10,26.65,0.218
2005289N18282,WILMA,2005-10-19 12:00:00,17.3,-82.8,160,882,,2005,97,978.7109869675608,0,716.1958632261998,27.992666244506836,-1.0837764739990234,29.072975158691406,,,,,,2005,10,26.65,0.218
2005289N18282,WILMA,2005-10-19 15:00:00,17.3,-83.1, , ,,2005,97,987.6907077669418,0,720.5877512418388,27.926666259765625,-1.1461143493652344,29.072975158691406,,,,,,2005,10,26.65,0.218
2005289N18282,WILMA,2005-10-19 18:00:00,17.4,-83.4,140,892,,2005,97,987.03635224226,0,712.5580706279624,27.913665771484375,-1.1565380096435547,29.072975158691406,,,,,,2005,10,26.65,0.218
2005289N18282,WILMA,2005-10-19 21:00:00,17.6,-83.7, , ,,2005,97,977.0870021678746,0,692.1774756272684,27.945999145507812,-1.1321983337402344,29.070039749145508,,,,,,2005,10,26.65,0.218
2005289N18282,WILMA,2005-10-20 00:00:00,17.9,-84.0,135,892,,2005,97,958.301182347066,0,661.9509394183799,27.917333602905273,-1.1715641021728516,29.070039749145508,,,,,,2005,10,26.65,0.218
2005289N18282,WILMA,2005-10-20 03:00:00,18.0,-84.4, , ,,2005,97,965.91069785465,0,658.4161685799648,27.856332778930664,-1.2341346740722656,29.070039749145508,,,,,,2005,10,26.65,0.218
2005289N18282,WILMA,2005-10-20 06:00:00,18.1,-84.7,130,901,,2005,97,970.3339516759796,0,654.8670525275954,27.736665725708008,-1.3633441925048828,29.10821533203125,,,,,,2005,10,26.65,0.218
2005289N18282,WILMA,2005-10-20 09:00:00,18.2,-85.0, , ,,2005,97,975.8238211310916,0,652.5934128348025,27.571998596191406,-1.5254592895507812,29.10821533203125,,,,,,2005,10,26.65,0.218
2005289N18282,WILMA,2005-10-20 12:00:00,18.3,-85.2,130,910,,2005,97,976.8870389250144,0,648.4498578467229,27.555999755859375,-1.546133041381836,29.10821533203125,,,,,,2005,10,26.65,0.218
2005289N18282,WILMA,2005-10-20 15:00:00,18.4,-85.4, , ,,2005,97,978.49433461505,0,644.9335673415344,27.439998626708984,-1.6555023193359375,29.10821533203125,,,,,,2005,10,26.65,0.218
2005289N18282,WILMA,2005-10-20 18:00:00,18.6,-85.5,130,917,,2005,97,965.5486800730548,0,627.0436569639621,27.3093318939209,-1.7827644348144531,29.078256607055664,,,,,,2005,10,26.65,0.218
2005289N18282,WILMA,2005-10-20 21:00:00,18.8,-85.6, , ,,2005,97,953.040386736812,0,609.6169214659424,27.44066619873047,-1.6566390991210938,29.078256607055664,,,,,,2005,10,26.65,0.218
2005289N18282,WILMA,2005-10-21 00:00:00,19.1,-85.8,130,924,,2005,97,938.2771880451548,0,586.6060634420836,27.532665252685547,-1.5584335327148438,29.089670181274414,,,,,,2005,10,26.65,0.218
2005289N18282,WILMA,2005-10-21 03:00:00,19.3,-86.0, , ,,2005,97,933.5447402254248,0,575.7010248726543,27.60700035095215,-1.4758415222167969,29.089670181274414,,,,,,2005,10,26.65,0.218
2005289N18282,WILMA,2005-10-21 06:00:00,19.5,-86.1,130,930,,2005,97,922.973227210862,0,560.5344330023064,27.60700035095215,-1.4758415222167969,29.089670181274414,,,,,,2005,10,26.65,0.218
2005289N18282,WILMA,2005-10-21 09:00:00,19.8,-86.2, , ,,2005,97,904.593263143348,0,535.7056576344012,27.646665573120117,-1.4207878112792969,29.089670181274414,,,,,,2005,10,26.65,0.218
2005289N18282,WILMA,2005-10-21 12:00:00,20.1,-86.4,125,929,,2005,97,894.4112834568232,0,518.6411705662792,27.57933235168457,-1.4637432098388672,29.047733306884766,,,,,,2005,10,26.65,0.218
2005289N18282,WILMA,2005-10-21 15:00:00,20.2,-86.6, , ,,2005,97,901.2301451781104,0,522.1847193849279,27.534666061401367,-1.494821548461914,28.989734649658203,,,,,,2005,10,26.65,0.218
2005289N18282,WILMA,2005-10-21 18:00:00,20.3,-86.7,120,926,,2005,97,900.9943456975384,0,519.7925592576883,27.485666275024414,-1.5318183898925781,28.989734649658203,,,,,,2005,10,26.65,0.218
2005289N18282,WILMA,2005-10-21 21:00:00,20.6,-86.8, , ,,2005,97,886.078248946127,0,499.7440618647665,27.336332321166992,-1.555074691772461,28.989734649658203,,,,,,2005,10,26.65,0.218
2005289N18282,WILMA,2005-10-21 21:45:00,20.6,-86.8,130,927,,2005,97,886.078248946127,0,499.7440618647665,27.336332321166992,-1.555074691772461,28.989734649658203,,,,,,2005,10,26.65,0.218
2005289N18282,WILMA,2005-10-22 00:00:00,20.6,-86.8,120,930,,2005,97,886.078248946127,0,499.7440618647665,27.336332321166992,-1.555074691772461,28.989734649658203,,,,,,2005,10,26.65,0.218
2005289N18282,WILMA,2005-10-22 03:00:00,20.8,-86.9, , ,,2005,97,879.3902138672138,0,489.7715476659567,27.312000274658203,-1.3682537078857422,28.989734649658203,,,,,,2005,10,26.65,0.218
2005289N18282,WILMA,2005-10-22 03:30:00,20.8,-86.9,115,933,,2005,97,879.3902138672138,0,489.7715476659567,27.312000274658203,-1.3682537078857422,28.989734649658203,,,,,,2005,10,26.65,0.218
2005289N18282,WILMA,2005-10-22 06:00:00,20.8,-87.0,110,935,,2005,97,887.361119088803,0,497.5747974729995,,,28.989734649658203,,,,,,2005,10,26.65,0.218
2005289N18282,WILMA,2005-10-22 09:00:00,20.9,-87.1, , ,,2005,97,888.3687236260902,0,497.1365623790056,,,28.989734649658203,,,,,,2005,10,26.65,0.218
2005289N18282,WILMA,2005-10-22 12:00:00,21.0,-87.1,100,947,,2005,97,881.4441013478083,0,488.81913823421246,,,28.989734649658203,,,,,,2005,10,26.65,0.218
2005289N18282,WILMA,2005-10-22 15:00:00,21.1,-87.1, , ,,2005,97,874.6054710821771,0,480.64362288748816,,,28.044986724853516,,,,,,2005,10,26.65,0.218
2005289N18282,WILMA,2005-10-22 18:00:00,21.3,-87.1,85,958,,2005,97,861.1943553491825,0,464.7630346103268,,,28.044986724853516,,,,,,2005,10,26.65,0.218
2005289N18282,WILMA,2005-10-22 21:00:00,21.5,-87.1, , ,,2005,97,848.1520812494363,0,449.5457719211887,,,28.044986724853516,,,,,,2005,10,26.65,0.218
2005289N18282,WILMA,2005-10-23 00:00:00,21.6,-87.0,85,960,,2005,97,833.2924660832756,0,433.36779033465024,25.966333389282227,-2.033355712890625,28.044986724853516,,,,,,2005,10,26.65,0.218
2005289N18282,WILMA,2005-10-23 03:00:00,21.7,-86.9, , ,,2005,97,818.4526845782079,0,417.1846166757178,26.30466651916504,-1.8579349517822266,28.044986724853516,,,,,,2005,10,26.65,0.218
2005289N18282,WILMA,2005-10-23 06:00:00,21.8,-86.8,85,962,,2005,97,803.6336059157721,0,400.9962208338962,26.279666900634766,-1.9033927917480469,28.044986724853516,,,,,,2005,10,26.65,0.218
2005289N18282,WILMA,2005-10-23 09:00:00,22.1,-86.5, , ,,2005,97,759.31024593519,0,352.4127356447515,26.883333206176758,-1.491048812866211,28.16195297241211,,,,,,2005,10,26.65,0.218
2005289N18282,WILMA,2005-10-23 12:00:00,22.4,-86.1,85,961,,2005,97,706.5801394839448,0,295.10499629806975,27.580331802368164,-1.1035404205322266,28.740015029907227,,,,,,2005,10,26.65,0.218
2005289N18282,WILMA,2005-10-23 15:00:00,22.7,-85.8, , ,,2005,97,662.6567864835317,0,246.61348819619388,27.4516658782959,-1.2844886779785156,28.740015029907227,,,,,,2005,10,26.65,0.218
2005289N18282,WILMA,2005-10-23 18:00:00,23.1,-85.4,90,963,,2005,97,604.5642411573326,0,182.49808307164375,27.157665252685547,-1.5573005676269531,28.69303321838379,,,,,,2005,10,26.65,0.218
2005289N18282,WILMA,2005-10-23 21:00:00,23.5,-84.9, , ,,2005,97,538.19247540005,0,109.43278901141238,27.101333618164062,-1.6078758239746094,28.69303321838379,,,,,,2005,10,26.65,0.218
2005289N18282,WILMA,2005-10-24 00:00:00,24.0,-84.3,95,958,,2005,97,458.3401355275655,0,21.332008629913148,26.907333374023438,-1.638265609741211,28.656246185302734,,,,,,2005,10,26.65,0.218
2005289N18282,WILMA,2005-10-24 03:00:00,24.5,-83.8, , ,,2005,97,389.36533342261265,1,0.0,26.1560001373291,-2.1657581329345703,28.286821365356445,,,,,,2005,10,26.65,0.218
2005289N18282,WILMA,2005-10-24 06:00:00,25.0,-83.1,110,953,,2005,97,304.184324509564,1,0.0,25.597665786743164,-2.5447216033935547,28.196800231933594,,,,,,2005,10,26.65,0.218
2005289N18282,WILMA,2005-10-24 09:00:00,25.6,-82.3, , ,,2005,97,212.0268664041677,1,0.0,24.986000061035156,-2.9410133361816406,27.924406051635742,,,,,,2005,10,26.65,0.218
2005289N18282,WILMA,2005-10-24 10:30:00,25.9,-81.7,105,950,,2005,97,151.7283516882947,1,0.0,24.204666137695312,,27.924406051635742,,,,,,2005,10,26.65,0.218
2005289N18282,WILMA,2005-10-24 12:00:00,26.2,-81.0,95,950,,2005,97,94.34793021820794,1,0.0,,,,,,,,,2005,10,26.65,0.218
2005289N18282,WILMA,2005-10-24 15:00:00,27.0,-79.9, , ,,2005,97,140.72720676500128,1,0.0,26.3439998626709,-1.9150562286376953,28.44429588317871,,,,,,2005,10,26.65,0.218
2005289N18282,WILMA,2005-10-24 18:00:00,28.0,-78.8,105,955,,2005,97,284.59675138658093,0,27.79715120238545,26.128332138061523,-1.7941646575927734,27.97512435913086,,,,,,2005,10,26.65,0.218
2005289N18282,WILMA,2005-10-24 21:00:00,28.9,-77.5, , ,,2005,97,438.68499427474774,0,191.56588273430137,25.90133285522461,-1.6047039031982422,27.637731552124023,,,,,,2005,10,26.65,0.218
2005289N18282,WILMA,2005-10-25 00:00:00,30.1,-76.0,110,955,,2005,97,634.1370038327937,0,394.944215688851,25.086000442504883,-1.8104362487792969,26.75859260559082,,,,,,2005,10,26.65,0.218
2005289N18282,WILMA,2005-10-25 03:00:00,31.6,-74.1, , ,,2005,97,879.7407101403753,0,668.6826525196774,24.088333129882812,-2.1051254272460938,26.203327178955078,,,,,,2005,10,26.65,0.218
2005289N18282,WILMA,2005-10-25 06:00:00,33.3,-72.0,100,963,,2005,97,1152.698783554785,0,950.6013206455548,24.066665649414062,-1.4648590087890625,25.48826789855957,,,,,,2005,10,26.65,0.218
2005289N18282,WILMA,2005-10-25 09:00:00,35.0,-70.0, , ,,2005,97,1416.4048152455523,0,1241.0420507915346,23.12566566467285,-2.1662845611572266,25.342082977294922,,,,,,2005,10,26.65,0.218
2005289N18282,WILMA,2005-10-25 12:00:00,36.8,-67.9,90,970,,2005,97,1691.3433804970396,0,1560.3707955563048,23.322999954223633,-1.9528675079345703,25.294675827026367,,,,,,2005,10,26.65,0.218
2005289N18282,WILMA,2005-10-25 15:00:00,38.8,-65.7, , ,,2005,97,1984.2920648088905,0,1914.1930756658385,22.005332946777344,-1.475473403930664,23.892030715942383,,,,,,2005,10,26.65,0.218
2005289N18282,WILMA,2005-10-25 18:00:00,40.5,-63.5,75,976,,2005,97,2250.770117120668,0,2253.597355529904,20.5,-1.6953125,21.885854721069336,,,,,,2005,10,26.65,0.218
2005289N18282,WILMA,2005-10-25 21:00:00,41.7,-61.6, , ,,2005,97,2458.458210162191,0,2528.2671453449775,17.77833366394043,-1.8815994262695312,19.73599624633789,,,,,,2005,10,26.65,0.218
2005289N18282,WILMA,2005-10-26 00:00:00,42.5,-60.0,60,978,,2005,97,2616.8751541328147,0,2743.0304843131926,16.477333068847656,-1.9583492279052734,18.161579132080078,,,,,,2005,10,26.65,0.218
2005289N18282,WILMA,2005-10-26 03:00:00,43.3,-58.7, , ,,2005,97,2755.118161488097,0,2931.254239215742,11.505332946777344,-4.276629447937012,15.096570014953613,,,,,,2005,10,26.65,0.218
2005289N18282,WILMA,2005-10-26 06:00:00,44.0,-57.5,55,982,,2005,97,2879.1054909606137,0,3102.4715414735924,10.377666473388672,-4.324254989624023,15.707128524780273,,,,,,2005,10,26.65,0.218
2005289N18282,WILMA,2005-10-26 09:00:00,44.6,-56.3, , ,,2005,97,2995.5342139657496,0,3265.4244841486043,9.938333511352539,-3.2378740310668945,13.655644416809082,,,,,,2005,10,26.65,0.218
2005289N18282,WILMA,2005-10-26 12:00:00,45.0,-55.0,50,986,,2005,97,3104.777656192886,0,3420.004136137394,9.992666244506836,-3.0796499252319336,14.053178787231445,,,,,,2005,10,26.65,0.218
2005289N18282,WILMA,2005-10-26 15:00:00,45.3,-53.6, , ,,2005,97,3214.2898185247186,0,3575.4719123189234,8.854999542236328,-3.1130733489990234,11.586678504943848,,,,,,2005,10,26.65,0.218
2005289N18282,WILMA,2005-10-26 18:00:00,45.5,-52.0,40,990,,2005,97,3331.5689177081063,0,3741.7505205147263,8.173666000366211,-3.9430580139160156,11.956045150756836,,,,,,2005,10,26.65,0.218
2006237N13298,ERNESTO,2006-08-24 18:00:00,12.7,-61.6,30,1008,,2006,57,2427.61314847442,0,2359.760568893032,29.482666015625,0.75537109375,28.741779327392578,,,,,,2006,8,27.16,0.381
2006237N13298,ERNESTO,2006-08-24 21:00:00,12.9,-62.3, , ,,2006,57,2355.0278373628207,0,2283.170510188182,29.57433319091797,0.8252410888671875,28.741779327392578,,,,,,2006,8,27.16,0.381
2006237N13298,ERNESTO,2006-08-25 00:00:00,13.0,-63.0,30,1007,,2006,57,2290.065241185458,0,2213.6925496072827,29.38599967956543,0.6181678771972656,28.802778244018555,,,,,,2006,8,27.16,0.381
2006237N13298,ERNESTO,2006-08-25 03:00:00,13.1,-63.7, , ,,2006,57,2225.720823411462,0,2144.66631754392,29.338333129882812,0.6106605529785156,28.755168914794922,,,,,,2006,8,27.16,0.381
2006237N13298,ERNESTO,2006-08-25 06:00:00,13.3,-64.4,30,1005,,2006,57,2154.537694137871,0,2069.199903034251,29.38666534423828,0.6883926391601562,28.755168914794922,,,,,,2006,8,27.16,0.381
2006237N13298,ERNESTO,2006-08-25 09:00:00,13.5,-65.1, , ,,2006,57,2083.8388974941568,0,1994.172821842497,29.181333541870117,0.5559768676757812,28.673439025878906,,,,,,2006,8,27.16,0.381
2006237N13298,ERNESTO,2006-08-25 12:00:00,13.7,-65.8,35,1005,,2006,57,2013.6689173678624,0,1919.6370618736469,29.20199966430664,0.5744342803955078,28.610157012939453,,,,,,2006,8,27.16,0.381
2006237N13298,ERNESTO,2006-08-25 15:00:00,13.9,-66.5, , ,,2006,57,1944.078106159157,0,1845.652658094073,29.216333389282227,0.5789833068847656,28.613487243652344,,,,,,2006,8,27.16,0.381
2006237N13298,ERNESTO,2006-08-25 18:00:00,14.0,-67.1,35,1004,,2006,57,1890.6155023338429,0,1788.2324460190066,29.17166519165039,0.5335540771484375,28.613487243652344,,,,,,2006,8,27.16,0.381
2006237N13298,ERNESTO,2006-08-25 21:00:00,14.1,-67.7, , ,,2006,57,1837.8408703222003,0,1731.2794144204229,29.18899917602539,0.5250511169433594,28.696401596069336,,,,,,2006,8,27.16,0.381
2006237N13298,ERNESTO,2006-08-26 00:00:00,14.3,-68.3,40,1002,,2006,57,1777.5812571642523,0,1667.093313369203,29.133333206176758,0.4409923553466797,28.696401596069336,,,,,,2006,8,27.16,0.381
2006237N13298,ERNESTO,2006-08-26 03:00:00,14.4,-68.9, , ,,2006,57,1726.214334367137,0,1611.6137728439862,29.141332626342773,0.4436321258544922,28.706058502197266,,,,,,2006,8,27.16,0.381
2006237N13298,ERNESTO,2006-08-26 06:00:00,14.6,-69.5,45,999,,2006,57,1667.218231951077,0,1548.718319287938,29.1126651763916,0.4211235046386719,28.690237045288086,,,,,,2006,8,27.16,0.381
2006237N13298,ERNESTO,2006-08-26 09:00:00,14.8,-70.0, , ,,2006,57,1615.692786291313,0,1493.9846145373049,29.080333709716797,0.4103374481201172,28.690237045288086,,,,,,2006,8,27.16,0.381
2006237N13298,ERNESTO,2006-08-26 12:00:00,15.1,-70.4,50,997,,2006,57,1562.6669382662622,0,1438.4610313907688,29.06333351135254,0.4133930206298828,28.65213394165039,,,,,,2006,8,27.16,0.381
2006237N13298,ERNESTO,2006-08-26 15:00:00,15.4,-70.8, , ,,2006,57,1509.751662149375,0,1382.9101384451592,28.966665267944336,0.3450164794921875,28.613685607910156,,,,,,2006,8,27.16,0.381
2006237N13298,ERNESTO,2006-08-26 18:00:00,15.7,-71.2,55,997,,2006,57,1456.9543588512756,0,1327.355254654559,28.93400001525879,0.32778167724609375,28.613685607910156,,,,,,2006,8,27.16,0.381
2006237N13298,ERNESTO,2006-08-26 21:00:00,16.0,-71.6, , ,,2006,57,1404.283385130645,0,1271.839054607299,28.974332809448242,0.38886451721191406,28.57237434387207,,,,,,2006,8,27.16,0.381
2006237N13298,ERNESTO,2006-08-27 00:00:00,16.3,-72.0,55,995,,2006,57,1351.748232540791,0,1216.370420728637,29.15633201599121,0.5840129852294922,28.575014114379883,,,,,,2006,8,27.16,0.381
2006237N13298,ERNESTO,2006-08-27 03:00:00,16.6,-72.4, , ,,2006,57,1299.3597476512225,0,1160.9600083606647,29.19933319091797,0.6061363220214844,28.575014114379883,,,,,,2006,8,27.16,0.381
2006237N13298,ERNESTO,2006-08-27 06:00:00,16.9,-72.7,65,992,,2006,57,1253.4948818650523,0,1112.7653473859757,29.2103328704834,0.5750694274902344,28.55936622619629,,,,,,2006,8,27.16,0.381
2006237N13298,ERNESTO,2006-08-27 09:00:00,17.2,-73.1, , ,,2006,57,1201.3473708559784,0,1057.4175738068311,29.267000198364258,0.5948524475097656,28.737628936767578,,,,,,2006,8,27.16,0.381
2006237N13298,ERNESTO,2006-08-27 12:00:00,17.4,-73.4,55,997,,2006,57,1164.607043686173,0,1018.2359578668836,29.36433219909668,0.6439533233642578,28.737628936767578,,,,,,2006,8,27.16,0.381
2006237N13298,ERNESTO,2006-08-27 15:00:00,17.6,-73.7, , ,,2006,57,1128.005603827225,0,979.1607905510432,29.52666664123535,0.6833286285400391,28.752286911010742,,,,,,2006,8,27.16,0.381
2006237N13298,ERNESTO,2006-08-27 18:00:00,17.8,-74.0,45,1002,,2006,57,1091.5541852252052,0,940.2069747220006,29.609664916992188,0.5888385772705078,28.752286911010742,,,,,,2006,8,27.16,0.381
2006237N13298,ERNESTO,2006-08-27 21:00:00,18.0,-74.3, , ,,2006,57,1055.2653555806164,0,901.3919802766958,29.542665481567383,0.5195274353027344,28.752286911010742,,,,,,2006,8,27.16,0.381
2006237N13298,ERNESTO,2006-08-28 00:00:00,18.3,-74.6,40,1003,,2006,57,1009.891999026142,0,853.2648248415464,30.073999404907227,0.7565746307373047,29.345483779907227,,,,,,2006,8,27.16,0.381
2006237N13298,ERNESTO,2006-08-28 03:00:00,18.7,-74.9, , ,,2006,57,955.3339269383392,0,795.6568660256611,30.096332550048828,0.7204723358154297,29.345483779907227,,,,,,2006,8,27.16,0.381
2006237N13298,ERNESTO,2006-08-28 06:00:00,19.1,-75.2,40,1004,,2006,57,900.8172380488102,0,737.9596805413846,29.97599983215332,0.5390853881835938,29.469470977783203,,,,,,2006,8,27.16,0.381
2006237N13298,ERNESTO,2006-08-28 09:00:00,19.6,-75.3, , ,,2006,57,849.0697197533003,0,684.4260917640775,30.097000122070312,,29.469470977783203,,,,,,2006,8,27.16,0.381
2006237N13298,ERNESTO,2006-08-28 11:15:00,19.9,-75.5,35,1005,,2006,57,809.7542451558703,0,642.8325274691155,30.295331954956055,,29.64947509765625,,,,,,2006,8,27.16,0.381
2006237N13298,ERNESTO,2006-08-28 12:00:00,20.0,-75.6,35,1005,,2006,57,794.632916888994,0,626.6217227153797,30.295331954956055,,29.64947509765625,,,,,,2006,8,27.16,0.381
2006237N13298,ERNESTO,2006-08-28 15:00:00,20.4,-76.0, , ,,2006,57,734.2297487749121,0,561.7438163220747,,,,,,,,,2006,8,27.16,0.381
2006237N13298,ERNESTO,2006-08-28 18:00:00,20.8,-76.4,35,1007,,2006,57,673.9708537351939,0,496.8184011604592,,,,,,,,,2006,8,27.16,0.381
2006237N13298,ERNESTO,2006-08-28 21:00:00,21.2,-76.9, , ,,2006,57,608.1949361266551,0,425.2051854818929,,,28.993879318237305,,,,,,2006,8,27.16,0.381
2006237N13298,ERNESTO,2006-08-29 00:00:00,21.6,-77.4,35,1007,,2006,57,543.0575201865256,0,353.6811422287908,,,28.993879318237305,,,,,,2006,8,27.16,0.381
2006237N13298,ERNESTO,2006-08-29 03:00:00,22.0,-78.0, , ,,2006,57,473.91306663096367,0,277.01889919324594,,,,,,,,,2006,8,27.16,0.381
2006237N13298,ERNESTO,2006-08-29 06:00:00,22.4,-78.5,40,1006,,2006,57,411.3548111052132,0,207.4972808204418,30.442333221435547,,29.414600372314453,,,,,,2006,8,27.16,0.381
2006237N13298,ERNESTO,2006-08-29 09:00:00,22.8,-78.9, , ,,2006,57,354.39155383565526,0,144.6874512125668,29.77466583251953,0.24557876586914062,29.414600372314453,,,,,,2006,8,27.16,0.381
2006237N13298,ERNESTO,2006-08-29 12:00:00,23.2,-79.3,40,1006,,2006,57,298.79930730850253,0,83.10021028118138,29.716665267944336,0.19862747192382812,29.679073333740234,,,,,,2006,8,27.16,0.381
2006237N13298,ERNESTO,2006-08-29 15:00:00,23.5,-79.6, , ,,2006,57,258.50414252677166,0,38.63752333224313,29.674999237060547,0.14099884033203125,29.492717742919922,,,,,,2006,8,27.16,0.381
2006237N13298,ERNESTO,2006-08-29 18:00:00,23.9,-79.9,40,1005,,2006,57,209.0951997103036,1,0.0,29.726333618164062,0.17902755737304688,29.492717742919922,,,,,,2006,8,27.16,0.381
2006237N13298,ERNESTO,2006-08-29 21:00:00,24.3,-80.2, , ,,2006,57,162.53572377621978,1,0.0,29.935333251953125,0.36678123474121094,29.554227828979492,,,,,,2006,8,27.16,0.381
2006237N13298,ERNESTO,2006-08-30 00:00:00,24.7,-80.4,40,1004,,2006,57,119.89866466965688,1,0.0,29.928665161132812,0.2689971923828125,29.554227828979492,,,,,,2006,8,27.16,0.381
2006237N13298,ERNESTO,2006-08-30 03:00:00,24.9,-80.6,40,1003,,2006,57,104.22995417583414,1,0.0,29.73699951171875,-0.06098747253417969,29.764822006225586,,,,,,2006,8,27.16,0.381
2006237N13298,ERNESTO,2006-08-30 05:00:00,25.2,-80.7,40,1003,,2006,57,80.64284368595573,1,0.0,29.631999969482422,-0.24074363708496094,30.19478416442871,,,,,,2006,8,27.16,0.381
2006237N13298,ERNESTO,2006-08-30 06:00:00,25.3,-80.8,40,1003,,2006,57,79.74757746023728,1,0.0,,,30.19478416442871,,,,,,2006,8,27.16,0.381
2006237N13298,ERNESTO,2006-08-30 09:00:00,25.7,-81.0, , ,,2006,57,81.24681501006549,1,0.0,,,30.19478416442871,,,,,,2006,8,27.16,0.381
2006237N13298,ERNESTO,2006-08-30 12:00:00,26.1,-81.0,35,1002,,2006,57,89.14532335688355,1,0.0,,,,,,,,,2006,8,27.16,0.381
2006237N13298,ERNESTO,2006-08-30 15:00:00,26.5,-81.0, , ,,2006,57,115.10473188630505,1,0.0,,,,,,,,,2006,8,27.16,0.381
2006237N13298,ERNESTO,2006-08-30 18:00:00,27.0,-80.9,35,1001,,2006,57,154.71219773199996,1,0.0,,,,,,,,,2006,8,27.16,0.381
2006237N13298,ERNESTO,2006-08-30 21:00:00,27.5,-80.8, , ,,2006,57,202.52232737817891,1,0.0,,,,,,,,,2006,8,27.16,0.381
2006237N13298,ERNESTO,2006-08-31 00:00:00,28.1,-80.7,35,1000,,2006,57,264.8420507231791,1,0.0,,,27.733264923095703,,,,,,2006,8,27.16,0.381
2006237N13298,ERNESTO,2006-08-31 03:00:00,28.7,-80.6, , ,,2006,57,329.20636664754113,1,0.0,27.407665252685547,-0.7731170654296875,27.733264923095703,,,,,,2006,8,27.16,0.381
2006237N13298,ERNESTO,2006-08-31 06:00:00,29.4,-80.4,45,999,,2006,57,405.0802487630817,1,0.0,28.168333053588867,-0.4912853240966797,29.100412368774414,,,,,,2006,8,27.16,0.381
2006237N13298,ERNESTO,2006-08-31 09:00:00,30.0,-80.2, , ,,2006,57,471.2781461769441,1,0.0,28.79599952697754,-0.15566253662109375,29.100412368774414,,,,,,2006,8,27.16,0.381
2006237N13298,ERNESTO,2006-08-31 12:00:00,30.6,-79.9,55,995,,2006,57,538.7532570072746,0,16.43061133133605,29.049331665039062,0.05786323547363281,29.034351348876953,,,,,,2006,8,27.16,0.381
2006237N13298,ERNESTO,2006-08-31 15:00:00,31.2,-79.6, , ,,2006,57,607.4674520915459,0,60.585941554668835,29.131999969482422,0.2425365447998047,28.55267333984375,,,,,,2006,8,27.16,0.381
2006237N13298,ERNESTO,2006-08-31 18:00:00,31.9,-79.2,60,993,,2006,57,689.3391993583923,0,140.08988614698723,28.771665573120117,-0.06948280334472656,29.177467346191406,,,,,,2006,8,27.16,0.381
2006237N13298,ERNESTO,2006-08-31 21:00:00,32.6,-78.8, , ,,2006,57,772.2689622134644,0,230.9551424345453,27.497333526611328,-0.8952369689941406,28.412363052368164,,,,,,2006,8,27.16,0.381
2006237N13298,ERNESTO,2006-09-01 00:00:00,33.2,-78.4,60,988,,2006,57,845.0414262452693,0,317.4179599705458,27.08099937438965,-0.34198760986328125,27.13960075378418,,,,,,2006,9,27.32,0.344
2006237N13298,ERNESTO,2006-09-01 03:00:00,33.8,-78.1, , ,,2006,57,916.259893134514,0,398.4957793999837,26.656999588012695,,27.13960075378418,,,,,,2006,9,27.32,0.344
2006237N13298,ERNESTO,2006-09-01 03:40:00,33.9,-78.1,60,985,,2006,57,927.086432821799,0,408.4174243226565,26.656999588012695,,27.13960075378418,,,,,,2006,9,27.32,0.344
2006237N13298,ERNESTO,2006-09-01 06:00:00,34.5,-78.0,50,985,,2006,57,994.1674169243246,0,478.2752108249535,,,26.629037857055664,,,,,,2006,9,27.32,0.344
2006237N13298,ERNESTO,2006-09-01 09:00:00,35.2,-77.8, , ,,2006,57,1074.1135215383338,0,568.3575254920432,,,,,,,,,2006,9,27.32,0.344
2006237N13298,ERNESTO,2006-09-01 12:00:00,35.8,-77.6,30,991,,2006,57,1143.1963012590256,0,649.4661955111148,,,,,,,,,2006,9,27.32,0.344
2006237N13298,ERNESTO,2006-09-01 15:00:00,36.3,-77.4, , ,,2006,57,1201.4440102295175,0,719.8361262142122,,,,,,,,,2006,9,27.32,0.344
2006237N13298,ERNESTO,2006-09-01 18:00:00,36.6,-77.2,40,997,,2006,57,1238.1084739741525,0,766.8826143411018,,,,,,,,,2006,9,27.32,0.344
2006237N13298,ERNESTO,2006-09-01 21:00:00,36.9,-77.1, , ,,2006,57,1272.6326733521305,0,808.4106762557382,,,,,,,,,2006,9,27.32,0.344
2006237N13298,ERNESTO,2006-09-02 00:00:00,37.1,-77.0,40,1002,,2006,57,1296.3743717619552,0,838.1119697444464,,,,,,,,,2006,9,27.32,0.344
2006237N13298,ERNESTO,2006-09-02 03:00:00,37.3,-76.9, , ,,2006,57,1320.1206831567013,0,867.8990840295926,,,,,,,,,2006,9,27.32,0.344
2006237N13298,ERNESTO,2006-09-02 06:00:00,37.6,-76.8,40,1005,,2006,57,1354.6271269463048,0,910.0304464392116,,,,,,,,,2006,9,27.32,0.344
2006237N13298,ERNESTO,2006-09-02 09:00:00,37.9,-76.7, , ,,2006,57,1389.124717605321,0,952.4358373739152,,,,,,,,,2006,9,27.32,0.344
2006237N13298,ERNESTO,2006-09-02 12:00:00,38.2,-76.7,40,1007,,2006,57,1421.4176629225526,0,989.9748004634666,,,,,,,,,2006,9,27.32,0.344
2006237N13298,ERNESTO,2006-09-02 15:00:00,38.5,-76.7, , ,,2006,57,1453.757945093632,0,1028.0499005703218,,,,,,,,,2006,9,27.32,0.344
2006237N13298,ERNESTO,2006-09-02 18:00:00,38.9,-76.7,40,1010,,2006,57,1496.9466518280735,0,1079.453727259615,,,,,,,,,2006,9,27.32,0.344
2006237N13298,ERNESTO,2006-09-02 21:00:00,39.3,-76.7, , ,,2006,57,1540.2074265218698,0,1131.4996634388033,,,,,,,,,2006,9,27.32,0.344
2006237N13298,ERNESTO,2006-09-03 00:00:00,39.9,-76.7,35,1012,,2006,57,1605.22096385662,0,1211.0437721542285,,,,,,,,,2006,9,27.32,0.344
2006237N13298,ERNESTO,2006-09-03 03:00:00,40.5,-76.9, , ,,2006,57,1666.8861290220798,0,1284.371142897198,,,,,,,,,2006,9,27.32,0.344
2006237N13298,ERNESTO,2006-09-03 06:00:00,41.3,-77.1,25,1014,,2006,57,1751.0499169400423,0,1387.977830410687,,,,,,,,,2006,9,27.32,0.344
2006237N13298,ERNESTO,2006-09-03 09:00:00,42.2,-77.4, , ,,2006,57,1845.5995398543832,0,1506.2599507978623,,,,,,,,,2006,9,27.32,0.344
2006237N13298,ERNESTO,2006-09-03 12:00:00,43.1,-77.5,20,1014,,2006,57,1943.3826691042295,0,1634.5824352292914,,,19.539264678955078,,,,,,2006,9,27.32,0.344
2006237N13298,ERNESTO,2006-09-03 15:00:00,43.9,-77.4, , ,,2006,57,2032.5902230678512,0,1756.2648524448675,18.34466552734375,,19.783952713012695,,,,,,2006,9,27.32,0.344
2006237N13298,ERNESTO,2006-09-03 18:00:00,44.5,-77.0,20,1015,,2006,57,2103.2764447290433,0,1857.5796315213752,,,19.717220306396484,,,,,,2006,9,27.32,0.344
2006237N13298,ERNESTO,2006-09-03 21:00:00,45.1,-76.5, , ,,2006,57,2175.5590887470794,0,1962.989442150806,,,,,,,,,2006,9,27.32,0.344
2006237N13298,ERNESTO,2006-09-04 00:00:00,45.6,-75.8,20,1015,,2006,57,2240.39442806599,0,2060.6290966824763,,,,,,,,,2006,9,27.32,0.344
2006237N13298,ERNESTO,2006-09-04 03:00:00,46.1,-75.1, , ,,2006,57,2306.265043302985,0,2160.15169860413,,,,,,,,,2006,9,27.32,0.344
2006237N13298,ERNESTO,2006-09-04 06:00:00,46.5,-74.4,20,1014,,2006,57,2362.2772024259925,0,2246.19754438987,,,,,,,,,2006,9,27.32,0.344
2008229N18293,FAY,2008-08-15 12:00:00,18.4,-67.4,30,1011,,2008,54,1550.082313734657,0,1460.471794112783,28.83258056640625,0.13157081604003906,28.71658706665039,,,,,,2008,8,26.72,0.155
2008229N18293,FAY,2008-08-15 14:30:00,18.5,-68.4,35,1009,,2008,54,1457.230668170708,0,1358.5373779681167,28.7148380279541,0.03787040710449219,28.669286727905273,,,,,,2008,8,26.72,0.155
2008229N18293,FAY,2008-08-15 15:00:00,18.5,-68.5, , ,,2008,54,1448.6825187475206,0,1348.992904333403,,,28.68655014038086,,,,,,2008,8,26.72,0.155
2008229N18293,FAY,2008-08-15 18:00:00,18.5,-68.8,35,1009,,2008,54,1423.1750883168963,0,1320.5012103424126,28.765161514282227,0.08259201049804688,28.68655014038086,,,,,,2008,8,26.72,0.155
2008229N18293,FAY,2008-08-15 21:00:00,18.5,-69.4, , ,,2008,54,1372.8152178428743,0,1264.2382383633392,28.859031677246094,0.17418861389160156,28.68655014038086,,,,,,2008,8,26.72,0.155
2008229N18293,FAY,2008-08-16 00:00:00,18.6,-70.2,40,1008,,2008,54,1300.0686314427387,0,1184.088141389106,,,28.69422149658203,,,,,,2008,8,26.72,0.155
2008229N18293,FAY,2008-08-16 03:00:00,18.6,-70.8, , ,,2008,54,1251.8787427083855,0,1130.160058556596,,,28.892066955566406,,,,,,2008,8,26.72,0.155
2008229N18293,FAY,2008-08-16 06:00:00,18.7,-71.4,40,1008,,2008,54,1197.3714285648723,0,1069.9244881897132,,,28.892066955566406,,,,,,2008,8,26.72,0.155
2008229N18293,FAY,2008-08-16 09:00:00,18.8,-72.0, , ,,2008,54,1143.761687430657,0,1010.6452823120547,,,29.331905364990234,,,,,,2008,8,26.72,0.155
2008229N18293,FAY,2008-08-16 11:45:00,18.8,-72.8,40,1007,,2008,54,1084.6696714498016,0,943.9180670634776,29.949031829833984,0.3360023498535156,29.608945846557617,,,,,,2008,8,26.72,0.155
2008229N18293,FAY,2008-08-16 12:00:00,18.8,-72.9,40,1007,,2008,54,1077.496088044677,0,935.7470269049288,29.815332412719727,0.2023029327392578,29.608945846557617,,,,,,2008,8,26.72,0.155
2008229N18293,FAY,2008-08-16 15:00:00,18.9,-73.9, , ,,2008,54,1000.0670452728532,0,848.9926219779616,29.62966537475586,0.09878349304199219,29.465309143066406,,,,,,2008,8,26.72,0.155
2008229N18293,FAY,2008-08-16 18:00:00,19.1,-74.6,40,1007,,2008,54,937.2445878066468,0,779.5577680053955,29.406665802001953,-0.05972480773925781,29.469470977783203,,,,,,2008,8,26.72,0.155
2008229N18293,FAY,2008-08-16 21:00:00,19.2,-75.2, , ,,2008,54,891.5968367813307,0,728.5233645720674,29.354000091552734,-0.08291435241699219,29.469470977783203,,,,,,2008,8,26.72,0.155
2008229N18293,FAY,2008-08-17 00:00:00,19.3,-75.7,45,1005,,2008,54,853.6586310847924,0,686.0656741013066,29.33799934387207,-0.2142047882080078,29.64947509765625,,,,,,2008,8,26.72,0.155
2008229N18293,FAY,2008-08-17 03:00:00,19.4,-76.3, , ,,2008,54,812.2803539666822,0,639.7237603188114,29.342666625976562,-0.2745170593261719,29.64947509765625,,,,,,2008,8,26.72,0.155
2008229N18293,FAY,2008-08-17 06:00:00,19.6,-76.9,45,1004,,2008,54,763.7514144947511,0,585.9396093865771,29.38433265686035,,29.66514778137207,,,,,,2008,8,26.72,0.155
2008229N18293,FAY,2008-08-17 09:00:00,19.9,-77.4,45,1003,,2008,54,711.7447640477519,0,529.4586157797928,29.463666915893555,-0.48663902282714844,29.66514778137207,,,,,,2008,8,26.72,0.155
2008229N18293,FAY,2008-08-17 12:00:00,20.0,-78.1,45,1003,,2008,54,675.5167226152474,0,488.8955466806377,29.3973331451416,-0.49861717224121094,29.712373733520508,,,,,,2008,8,26.72,0.155
2008229N18293,FAY,2008-08-17 15:00:00,20.3,-78.9, , ,,2008,54,621.5173579957153,0,430.21608743570494,29.232666015625,-0.7274017333984375,29.959632873535156,,,,,,2008,8,26.72,0.155
2008229N18293,FAY,2008-08-17 18:00:00,20.7,-79.6,45,1006,,2008,54,566.071152809669,0,358.87301581268076,29.288999557495117,-0.6107711791992188,29.82927894592285,,,,,,2008,8,26.72,0.155
2008229N18293,FAY,2008-08-17 21:00:00,20.9,-80.0, , ,,2008,54,540.9506343085536,0,323.32414500427353,29.30966567993164,-0.5516376495361328,29.82927894592285,,,,,,2008,8,26.72,0.155
2008229N18293,FAY,2008-08-18 00:00:00,21.1,-80.3,45,1001,,2008,54,518.4748229746342,0,292.3720746041797,29.32033348083496,-0.5641555786132812,29.916980743408203,,,,,,2008,8,26.72,0.155
2008229N18293,FAY,2008-08-18 03:00:00,21.4,-80.6, , ,,2008,54,486.7783407580536,0,249.67287090332692,29.329666137695312,-0.5819969177246094,29.93000030517578,,,,,,2008,8,26.72,0.155
2008229N18293,FAY,2008-08-18 06:00:00,21.9,-80.8,45,1003,,2008,54,433.8321294918672,0,186.35208027470853,29.47166633605957,-0.5332756042480469,29.93000030517578,,,,,,2008,8,26.72,0.155
2008229N18293,FAY,2008-08-18 07:00:00,22.1,-80.8,45,1003,,2008,54,411.82557216055255,0,162.92754497762553,,,30.25359535217285,,,,,,2008,8,26.72,0.155
2008229N18293,FAY,2008-08-18 09:00:00,22.5,-80.9, , ,,2008,54,369.7331839666329,0,113.52985294442117,,,30.25359535217285,,,,,,2008,8,26.72,0.155
2008229N18293,FAY,2008-08-18 12:00:00,23.2,-81.2,50,1002,,2008,54,302.5645800646641,0,24.10914042240578,28.38666534423828,-1.3651618957519531,29.427425384521484,,,,,,2008,8,26.72,0.155
2008229N18293,FAY,2008-08-18 15:00:00,23.8,-81.5, , ,,2008,54,254.99184463130263,1,0.0,28.576000213623047,-1.0551319122314453,29.554758071899414,,,,,,2008,8,26.72,0.155
2008229N18293,FAY,2008-08-18 18:00:00,24.3,-81.7,50,1000,,2008,54,222.49654629618416,1,0.0,28.69533348083496,-1.101297378540039,29.881916046142578,,,,,,2008,8,26.72,0.155
2008229N18293,FAY,2008-08-18 20:30:00,24.5,-81.8,50,998,,2008,54,214.22166550436148,1,0.0,28.739665985107422,-1.086557388305664,29.881916046142578,,,,,,2008,8,26.72,0.155
2008229N18293,FAY,2008-08-18 21:00:00,24.6,-81.8, , ,,2008,54,207.05879720896849,1,0.0,28.968666076660156,-0.9270172119140625,29.881916046142578,,,,,,2008,8,26.72,0.155
2008229N18293,FAY,2008-08-19 00:00:00,25.0,-81.9,50,997,,2008,54,191.3696339033383,1,0.0,29.149999618530273,-0.8024940490722656,29.881916046142578,,,,,,2008,8,26.72,0.155
2008229N18293,FAY,2008-08-19 03:00:00,25.2,-81.9, , ,,2008,54,182.4862710582358,1,0.0,29.201000213623047,-0.8083038330078125,30.0801944732666,,,,,,2008,8,26.72,0.155
2008229N18293,FAY,2008-08-19 06:00:00,25.5,-81.8,55,994,,2008,54,163.8312158977323,1,0.0,29.20800018310547,-0.8581142425537109,30.0801944732666,,,,,,2008,8,26.72,0.155
2008229N18293,FAY,2008-08-19 08:45:00,25.9,-81.6,55,991,,2008,54,141.7751964286338,1,0.0,29.038000106811523,,30.0801944732666,,,,,,2008,8,26.72,0.155
2008229N18293,FAY,2008-08-19 09:00:00,25.9,-81.6, , ,,2008,54,141.7751964286338,1,0.0,29.038000106811523,,30.0801944732666,,,,,,2008,8,26.72,0.155
2008229N18293,FAY,2008-08-19 12:00:00,26.4,-81.4,55,988,,2008,54,139.99089049481356,1,0.0,,,,,,,,,2008,8,26.72,0.155
2008229N18293,FAY,2008-08-19 15:00:00,26.7,-81.2, , ,,2008,54,144.90654231797964,1,0.0,,,,,,,,,2008,8,26.72,0.155
2008229N18293,FAY,2008-08-19 18:00:00,27.0,-81.1,60,986,,2008,54,164.75311538762358,1,0.0,,,,,,,,,2008,8,26.72,0.155
2008229N18293,FAY,2008-08-19 21:00:00,27.3,-81.0, , ,,2008,54,189.00428883898823,1,0.0,,,,,,,,,2008,8,26.72,0.155
2008229N18293,FAY,2008-08-20 00:00:00,27.5,-80.9,55,988,,2008,54,205.70786576575088,1,0.0,,,,,,,,,2008,8,26.72,0.155
2008229N18293,FAY,2008-08-20 03:00:00,27.8,-80.7, , ,,2008,54,232.19411705174656,1,0.0,,,,,,,,,2008,8,26.72,0.155
2008229N18293,FAY,2008-08-20 06:00:00,28.0,-80.6,50,992,,2008,54,252.15814915358263,1,0.0,,,,,,,,,2008,8,26.72,0.155
2008229N18293,FAY,2008-08-20 09:00:00,28.2,-80.6, , ,,2008,54,274.12651544094945,1,0.0,,,27.733264923095703,,,,,,2008,8,26.72,0.155
2008229N18293,FAY,2008-08-20 12:00:00,28.4,-80.6,45,994,,2008,54,296.1352598120843,1,0.0,,,27.733264923095703,,,,,,2008,8,26.72,0.155
2008229N18293,FAY,2008-08-20 15:00:00,28.6,-80.6, , ,,2008,54,318.176003324262,1,0.0,27.512998580932617,-0.6677837371826172,27.733264923095703,,,,,,2008,8,26.72,0.155
2008229N18293,FAY,2008-08-20 18:00:00,28.7,-80.6,45,997,,2008,54,329.20636664754113,1,0.0,27.512998580932617,-0.6677837371826172,27.733264923095703,,,,,,2008,8,26.72,0.155
2008229N18293,FAY,2008-08-20 21:00:00,28.8,-80.5, , ,,2008,54,339.21318471195275,1,0.0,27.5,-0.7498245239257812,27.733264923095703,,,,,,2008,8,26.72,0.155
2008229N18293,FAY,2008-08-21 00:00:00,28.9,-80.5,50,993,,2008,54,350.28797200104384,1,0.0,27.5,-0.7498245239257812,27.733264923095703,,,,,,2008,8,26.72,0.155
2008229N18293,FAY,2008-08-21 03:00:00,29.0,-80.6, , ,,2008,54,362.33012172967904,1,0.0,27.5,-0.7498245239257812,27.733264923095703,,,,,,2008,8,26.72,0.155
2008229N18293,FAY,2008-08-21 06:00:00,29.1,-80.7,50,993,,2008,54,374.5734298438647,1,0.0,27.51166534423828,-0.8071994781494141,28.01563835144043,,,,,,2008,8,26.72,0.155
2008229N18293,FAY,2008-08-21 09:00:00,29.2,-80.7, , ,,2008,54,385.5926528378836,1,0.0,27.51166534423828,-0.8071994781494141,28.01563835144043,,,,,,2008,8,26.72,0.155
2008229N18293,FAY,2008-08-21 12:00:00,29.2,-80.7,50,993,,2008,54,385.5926528378836,1,0.0,27.51166534423828,-0.8071994781494141,28.01563835144043,,,,,,2008,8,26.72,0.155
2008229N18293,FAY,2008-08-21 15:00:00,29.3,-80.8, , ,,2008,54,397.98268803132726,1,0.0,27.356666564941406,-0.7595291137695312,28.01563835144043,,,,,,2008,8,26.72,0.155
2008229N18293,FAY,2008-08-21 18:00:00,29.3,-81.0,55,993,,2008,54,401.4260142044335,1,0.0,,,28.01563835144043,,,,,,2008,8,26.72,0.155
2008229N18293,FAY,2008-08-21 19:00:00,29.3,-81.1,55,993,,2008,54,403.4980328180187,1,0.0,,,28.01563835144043,,,,,,2008,8,26.72,0.155
2008229N18293,FAY,2008-08-21 21:00:00,29.3,-81.2, , ,,2008,54,405.7989840531351,1,0.0,,,28.01563835144043,,,,,,2008,8,26.72,0.155
2008229N18293,FAY,2008-08-22 00:00:00,29.3,-81.2,50,994,,2008,54,405.7989840531351,1,0.0,,,28.01563835144043,,,,,,2008,8,26.72,0.155
2008229N18293,FAY,2008-08-22 03:00:00,29.4,-81.5, , ,,2008,54,424.59738331312934,1,0.0,,,,,,,,,2008,8,26.72,0.155
2008229N18293,FAY,2008-08-22 06:00:00,29.5,-81.9,50,995,,2008,54,448.43011048572686,1,0.0,,,,,,,,,2008,8,26.72,0.155
2008229N18293,FAY,2008-08-22 09:00:00,29.5,-82.2, , ,,2008,54,460.3285514367877,1,0.0,,,,,,,,,2008,8,26.72,0.155
2008229N18293,FAY,2008-08-22 12:00:00,29.6,-82.4,45,996,,2008,54,478.96100592009935,1,0.0,,,,,,,,,2008,8,26.72,0.155
2008229N18293,FAY,2008-08-22 15:00:00,29.7,-82.7, , ,,2008,54,502.6625897318693,1,0.0,,,29.783857345581055,,,,,,2008,8,26.72,0.155
2008229N18293,FAY,2008-08-22 18:00:00,29.8,-83.0,40,997,,2008,54,527.1594600653591,1,0.0,,,29.783857345581055,,,,,,2008,8,26.72,0.155
2008229N18293,FAY,2008-08-22 21:00:00,29.8,-83.4, , ,,2008,54,548.7881594572312,1,0.0,,,29.783857345581055,,,,,,2008,8,26.72,0.155
2008229N18293,FAY,2008-08-23 00:00:00,29.7,-83.8,45,996,,2008,54,563.7299807289467,1,0.0,27.926332473754883,,29.64690589904785,,,,,,2008,8,26.72,0.155
2008229N18293,FAY,2008-08-23 03:00:00,29.8,-84.4, , ,,2008,54,610.6397201432617,1,0.0,28.01099967956543,,29.64690589904785,,,,,,2008,8,26.72,0.155
2008229N18293,FAY,2008-08-23 06:00:00,29.8,-84.7,45,997,,2008,54,631.0025938410032,1,0.0,,,29.364442825317383,,,,,,2008,8,26.72,0.155
2008229N18293,FAY,2008-08-23 06:15:00,29.8,-84.7,45,997,,2008,54,631.0025938410032,1,0.0,,,29.364442825317383,,,,,,2008,8,26.72,0.155
2008229N18293,FAY,2008-08-23 09:00:00,29.8,-84.9, , ,,2008,54,644.9700209194187,1,0.0,,,29.364442825317383,,,,,,2008,8,26.72,0.155
2008229N18293,FAY,2008-08-23 12:00:00,30.0,-85.2,40,998,,2008,54,681.2999718864289,1,0.0,,,29.364442825317383,,,,,,2008,8,26.72,0.155
2008229N18293,FAY,2008-08-23 15:00:00,30.2,-85.5, , ,,2008,54,717.6099506520039,1,0.0,27.862333297729492,,29.357011795043945,,,,,,2008,8,26.72,0.155
2008229N18293,FAY,2008-08-23 18:00:00,30.5,-85.9,40,999,,2008,54,768.4544210504273,1,0.0,,,29.357011795043945,,,,,,2008,8,26.72,0.155
2008229N18293,FAY,2008-08-23 21:00:00,30.7,-86.3, , ,,2008,54,811.8682418613214,1,0.0,,,29.357011795043945,,,,,,2008,8,26.72,0.155
2008229N18293,FAY,2008-08-24 00:00:00,30.8,-86.7,30,999,,2008,54,848.1875419067152,1,0.0,,,29.390125274658203,,,,,,2008,8,26.72,0.155
2008229N18293,FAY,2008-08-24 03:00:00,30.9,-87.2, , ,,2008,54,892.31692824083,1,0.0,,,29.390125274658203,,,,,,2008,8,26.72,0.155
2008229N18293,FAY,2008-08-24 06:00:00,31.1,-87.7,30,999,,2008,54,943.644814500288,1,0.0,,,,,,,,,2008,8,26.72,0.155
2008229N18293,FAY,2008-08-24 09:00:00,31.5,-88.0, , ,,2008,54,993.3558288704996,1,0.0,,,,,,,,,2008,8,26.72,0.155
2008229N18293,FAY,2008-08-24 12:00:00,31.8,-88.4,30,1000,,2008,54,1043.7288775776733,1,0.0,,,,,,,,,2008,8,26.72,0.155
2008229N18293,FAY,2008-08-24 15:00:00,31.7,-89.1, , ,,2008,54,1090.3361579609634,0,40.22951200962554,,,,,,,,,2008,8,26.72,0.155
2008229N18293,FAY,2008-08-24 18:00:00,31.5,-89.7,30,1001,,2008,54,1125.3769554348205,0,92.69732898481875,,,,,,,,,2008,8,26.72,0.155
2008229N18293,FAY,2008-08-24 21:00:00,31.4,-90.0, , ,,2008,54,1143.846127799022,0,122.07111474224295,,,,,,,,,2008,8,26.72,0.155
2008229N18293,FAY,2008-08-25 00:00:00,31.3,-90.0,30,1001,,2008,54,1138.195187187673,0,119.08856616274365,,,,,,,,,2008,8,26.72,0.155
2008229N18293,FAY,2008-08-25 03:00:00,31.3,-90.0, , ,,2008,54,1138.195187187673,0,119.08856616274365,,,,,,,,,2008,8,26.72,0.155
2008229N18293,FAY,2008-08-25 06:00:00,31.5,-89.9,30,1002,,2008,54,1141.483607830431,0,114.11532273370597,,,,,,,,,2008,8,26.72,0.155
2008229N18293,FAY,2008-08-25 09:00:00,31.7,-89.7, , ,,2008,54,1137.366796397485,0,100.97974933513149,,,,,,,,,2008,8,26.72,0.155
2008229N18293,FAY,2008-08-25 12:00:00,32.0,-89.4,25,1002,,2008,54,1132.7249121254442,0,89.17908029056636,,,,,,,,,2008,8,26.72,0.155
2008229N18293,FAY,2008-08-25 15:00:00,32.2,-89.2, , ,,2008,54,1130.6599730187545,0,87.21798795051477,,,,,,,,,2008,8,26.72,0.155
2008229N18293,FAY,2008-08-25 18:00:00,32.4,-89.0,25,1002,,2008,54,1129.4223721958174,0,90.54855420362644,,,,,,,,,2008,8,26.72,0.155
2008229N18293,FAY,2008-08-25 21:00:00,32.5,-88.8, , ,,2008,54,1121.8794327726368,0,87.5105935610507,,,,,,,,,2008,8,26.72,0.155
2008229N18293,FAY,2008-08-26 00:00:00,32.7,-88.6,20,1002,,2008,54,1122.0664972138914,0,98.98142598043752,,,,,,,,,2008,8,26.72,0.155
2008229N18293,FAY,2008-08-26 03:00:00,33.0,-88.3, , ,,2008,54,1123.9039372950226,0,123.80217207189456,,,,,,,,,2008,8,26.72,0.155
2008229N18293,FAY,2008-08-26 06:00:00,33.3,-87.9,20,1003,,2008,54,1121.1600082500788,0,154.2968835591012,,,,,,,,,2008,8,26.72,0.155
2008229N18293,FAY,2008-08-26 09:00:00,33.6,-87.5, , ,,2008,54,1120.894427005636,0,192.4222934014765,,,,,,,,,2008,8,26.72,0.155
2008229N18293,FAY,2008-08-26 12:00:00,33.9,-87.2,20,1003,,2008,54,1128.8252567719244,0,232.53752085609383,,,,,,,,,2008,8,26.72,0.155
2008229N18293,FAY,2008-08-26 15:00:00,34.3,-86.9, , ,,2008,54,1147.5010245299136,0,286.38218956126667,,,,,,,,,2008,8,26.72,0.155
2008229N18293,FAY,2008-08-26 18:00:00,34.6,-86.5,20,1004,,2008,54,1154.0997155844325,0,327.5950192230393,,,,,,,,,2008,8,26.72,0.155
2008229N18293,FAY,2008-08-26 21:00:00,34.8,-86.1, , ,,2008,54,1153.4680617467875,0,354.7178137419353,,,,,,,,,2008,8,26.72,0.155
2008229N18293,FAY,2008-08-27 00:00:00,35.0,-85.8,15,1005,,2008,54,1159.0194544662752,0,381.822782227912,,,,,,,,,2008,8,26.72,0.155
2008229N18293,FAY,2008-08-27 03:00:00,35.2,-85.4, , ,,2008,54,1161.6054914026995,0,408.3129669843312,,,,,,,,,2008,8,26.72,0.155
2008229N18293,FAY,2008-08-27 06:00:00,35.5,-85.1,15,1006,,2008,54,1179.8199830802002,0,449.06697862352354,,,,,,,,,2008,8,26.72,0.155
2008229N18293,FAY,2008-08-27 09:00:00,35.8,-84.8, , ,,2008,54,1199.4443693168032,0,490.6770044746101,,,,,,,,,2008,8,26.72,0.155
2008229N18293,FAY,2008-08-27 12:00:00,36.1,-84.4,15,1007,,2008,54,1217.2446772156222,0,534.6718965509382,,,,,,,,,2008,8,26.72,0.155
2008229N18293,FAY,2008-08-27 15:00:00,36.5,-84.0, , ,,2008,54,1247.5204531609998,0,595.2222444555458,,,,,,,,,2008,8,26.72,0.155
2008229N18293,FAY,2008-08-27 18:00:00,36.9,-83.6,15,1008,,2008,54,1279.8518386593455,0,657.4150179562637,,,,,,,,,2008,8,26.72,0.155
2008229N18293,FAY,2008-08-27 21:00:00,37.2,-83.4, , ,,2008,54,1307.507334928525,0,702.9063658110322,,,,,,,,,2008,8,26.72,0.155
2008229N18293,FAY,2008-08-28 00:00:00,37.4,-83.2,15,1009,,2008,54,1324.8944974924464,0,735.1543034857838,,,,,,,,,2008,8,26.72,0.155
2008229N18293,FAY,2008-08-28 03:00:00,37.6,-82.9, , ,,2008,54,1340.8829792116433,0,768.9487410765319,,,,,,,,,2008,8,26.72,0.155
2008229N18293,FAY,2008-08-28 06:00:00,37.7,-82.6,15,1010,,2008,54,1346.7237363766958,0,779.5459828093791,,,,,,,,,2008,8,26.72,0.155
2010203N22286,BONNIE,2010-07-22 06:00:00,21.5,-73.8,30,1009,,2010,38,805.0865553179774,0,660.2030282164012,29.368709564208984,0.8252372741699219,28.54351806640625,,,,,,2010,7,26.22,0.429
2010203N22286,BONNIE,2010-07-22 09:00:00,21.6,-74.1, , ,,2010,38,773.7202137280104,0,625.4613570310937,29.382902145385742,0.8419036865234375,28.54351806640625,,,,,,2010,7,26.22,0.429
2010203N22286,BONNIE,2010-07-22 12:00:00,21.7,-74.4,30,1008,,2010,38,742.487223954957,0,590.8025018962603,29.388708114624023,0.8537502288818359,28.54351806640625,,,,,,2010,7,26.22,0.429
2010203N22286,BONNIE,2010-07-22 15:00:00,21.9,-74.6, , ,,2010,38,712.4933411993212,0,559.2129429575248,29.410322189331055,0.861785888671875,28.504465103149414,,,,,,2010,7,26.22,0.429
2010203N22286,BONNIE,2010-07-22 18:00:00,22.2,-74.9,30,1007,,2010,38,667.6175945590461,0,512.0091898587914,29.461612701416016,0.8846035003662109,28.62761878967285,,,,,,2010,7,26.22,0.429
2010203N22286,BONNIE,2010-07-22 21:00:00,22.7,-75.3, , ,,2010,38,601.5157263515275,0,443.3761772104741,29.56774139404297,0.8091163635253906,28.62761878967285,,,,,,2010,7,26.22,0.429
2010203N22286,BONNIE,2010-07-22 23:15:00,23.0,-75.7,35,1006,,2010,38,548.7944459585011,0,387.1707978724399,29.968708038330078,1.1172428131103516,28.991369247436523,,,,,,2010,7,26.22,0.429
2010203N22286,BONNIE,2010-07-23 00:00:00,23.1,-75.9,35,1006,,2010,38,525.6553244852079,0,361.84849337612593,30.388710021972656,1.4274730682373047,29.032840728759766,,,,,,2010,7,26.22,0.429
2010203N22286,BONNIE,2010-07-23 03:00:00,23.4,-76.7, , ,,2010,38,439.9955320064388,0,266.0124141343897,30.29451560974121,1.179220199584961,29.164081573486328,,,,,,2010,7,26.22,0.429
2010203N22286,BONNIE,2010-07-23 05:15:00,23.7,-77.5,40,1005,,2010,38,355.59738773212683,0,170.52905236156948,30.51258087158203,1.0922164916992188,29.601747512817383,,,,,,2010,7,26.22,0.429
2010203N22286,BONNIE,2010-07-23 06:00:00,23.8,-77.8,40,1005,,2010,38,325.3863130754137,0,135.6319988826659,30.545482635498047,1.0813064575195312,29.601747512817383,,,,,,2010,7,26.22,0.429
2010203N22286,BONNIE,2010-07-23 09:00:00,24.2,-78.9, , ,,2010,38,217.04048098690748,0,6.8589240845485016,30.57677459716797,1.1114864349365234,29.579500198364258,,,,,,2010,7,26.22,0.429
2010203N22286,BONNIE,2010-07-23 12:00:00,24.8,-79.7,35,1006,,2010,38,117.81496022957197,1,0.0,29.830322265625,0.5077342987060547,29.161012649536133,,,,,,2010,7,26.22,0.429
2010203N22286,BONNIE,2010-07-23 14:30:00,25.4,-80.2,35,1007,,2010,38,40.227612666629895,1,0.0,30.084192276000977,0.8101234436035156,29.201753616333008,,,,,,2010,7,26.22,0.429
2010203N22286,BONNIE,2010-07-23 15:00:00,25.5,-80.3, , ,,2010,38,31.055743188951546,1,0.0,,,29.201753616333008,,,,,,2010,7,26.22,0.429
2010203N22286,BONNIE,2010-07-23 18:00:00,25.8,-81.1,30,1008,,2010,38,91.03487400129283,1,0.0,,,29.88341522216797,,,,,,2010,7,26.22,0.429
2010203N22286,BONNIE,2010-07-23 21:00:00,26.1,-81.8, , ,,2010,38,165.15969660511195,1,0.0,30.387418746948242,,29.669843673706055,,,,,,2010,7,26.22,0.429
2010203N22286,BONNIE,2010-07-24 00:00:00,26.3,-82.6,30,1010,,2010,38,247.94396534258888,1,0.0,30.154193878173828,0.7165718078613281,29.30767250061035,,,,,,2010,7,26.22,0.429
2010203N22286,BONNIE,2010-07-24 03:00:00,26.5,-83.5, , ,,2010,38,340.29501904956504,1,0.0,30.158708572387695,0.8987369537353516,29.227468490600586,,,,,,2010,7,26.22,0.429
2010203N22286,BONNIE,2010-07-24 06:00:00,26.7,-84.4,30,1013,,2010,38,432.49015824631806,0,61.47782517016573,30.06774139404297,0.8042240142822266,29.227468490600586,,,,,,2010,7,26.22,0.429
2010203N22286,BONNIE,2010-07-24 09:00:00,27.1,-85.2, , ,,2010,38,520.3576334273756,0,127.99011808622716,30.20387077331543,0.9187870025634766,29.231159210205078,,,,,,2010,7,26.22,0.429
2010203N22286,BONNIE,2010-07-24 12:00:00,27.5,-85.9,25,1013,,2010,38,599.3265130909863,0,131.11131321898532,30.196773529052734,0.8674545288085938,29.32847023010254,,,,,,2010,7,26.22,0.429
2010203N22286,BONNIE,2010-07-24 15:00:00,27.8,-86.5, , ,,2010,38,665.8406098105254,0,118.94479788160496,29.999353408813477,0.6583156585693359,29.389545440673828,,,,,,2010,7,26.22,0.429
2010203N22286,BONNIE,2010-07-24 18:00:00,28.1,-87.1,25,1013,,2010,38,732.3900908993833,0,128.28999810535117,30.08838653564453,0.7453136444091797,29.303735733032227,,,,,,2010,7,26.22,0.429
2010203N22286,BONNIE,2010-07-24 21:00:00,28.3,-87.7, , ,,2010,38,795.22870943621,0,102.38613956416468,30.0974178314209,0.74554443359375,29.364887237548828,,,,,,2010,7,26.22,0.429
2010203N22286,BONNIE,2010-07-25 00:00:00,28.6,-88.3,25,1012,,2010,38,861.6228122901446,0,79.4498167582072,30.271289825439453,0.86846923828125,29.364887237548828,,,,,,2010,7,26.22,0.429
2010203N22286,BONNIE,2010-07-25 03:00:00,28.9,-88.9, , ,,2010,38,927.9611580118864,0,80.86272190297163,30.401935577392578,0.9467487335205078,29.464292526245117,,,,,,2010,7,26.22,0.429
2010203N22286,BONNIE,2010-07-25 06:00:00,29.2,-89.5,25,1012,,2010,38,994.2212724276671,0,106.68794612434264,30.498708724975586,0.9075984954833984,29.700225830078125,,,,,,2010,7,26.22,0.429
2010203N22286,BONNIE,2010-07-25 09:00:00,29.5,-90.1, , ,,2010,38,1060.38579846757,0,150.37032802423647,,,29.700225830078125,,,,,,2010,7,26.22,0.429
2010203N22286,BONNIE,2010-07-25 12:00:00,29.8,-90.5,20,1012,,2010,38,1108.4470286726753,0,183.51649147476311,,,29.83888816833496,,,,,,2010,7,26.22,0.429
2010203N22286,BONNIE,2010-07-25 15:00:00,30.0,-90.8, , ,,2010,38,1143.5200920877178,0,212.99079639117772,,,29.83888816833496,,,,,,2010,7,26.22,0.429
2010203N22286,BONNIE,2010-07-25 18:00:00,30.1,-91.0,15,1014,,2010,38,1165.522529104216,0,234.37682989085692,,,,,,,,,2010,7,26.22,0.429
2010271N19276,NICOLE,2010-09-28 00:00:00,19.4,-84.1,25,1003,,2010,65,813.1085723673818,0,490.54753659580274,29.02515983581543,-0.6075782775878906,29.652299880981445,,,,,,2010,9,25.12,0.428
2010271N19276,NICOLE,2010-09-28 03:00:00,19.6,-83.8, , ,,2010,65,778.6270877558042,0,461.02894039346165,29.010644912719727,-0.6507148742675781,29.652299880981445,,,,,,2010,9,25.12,0.428
2010271N19276,NICOLE,2010-09-28 06:00:00,19.8,-83.5,30,1003,,2010,65,744.524291046196,0,432.78621113851153,28.978708267211914,-0.7010021209716797,29.652299880981445,,,,,,2010,9,25.12,0.428
2010271N19276,NICOLE,2010-09-28 09:00:00,20.1,-83.2, , ,,2010,65,700.797423623043,0,394.35653993380856,28.915483474731445,-0.7855682373046875,29.726917266845703,,,,,,2010,9,25.12,0.428
2010271N19276,NICOLE,2010-09-28 12:00:00,20.4,-83.0,35,1001,,2010,65,661.7182545865237,0,357.72493123926995,28.934192657470703,-0.7831306457519531,29.726917266845703,,,,,,2010,9,25.12,0.428
2010271N19276,NICOLE,2010-09-28 15:00:00,20.7,-82.8, , ,,2010,65,622.6835386828834,0,319.73157630247044,28.974193572998047,-0.7781829833984375,29.726917266845703,,,,,,2010,9,25.12,0.428
2010271N19276,NICOLE,2010-09-28 18:00:00,21.0,-82.7,40,999,,2010,65,588.0647795980371,0,282.72627557653925,29.057418823242188,-0.7485332489013672,29.726917266845703,,,,,,2010,9,25.12,0.428
2010271N19276,NICOLE,2010-09-28 21:00:00,21.2,-82.5, , ,,2010,65,559.1597869197087,0,255.79828096548871,29.05870819091797,-0.7786674499511719,29.84197998046875,,,,,,2010,9,25.12,0.428
2010271N19276,NICOLE,2010-09-29 00:00:00,21.4,-82.2,35,997,,2010,65,526.3793345724656,0,228.32764509751976,28.766450881958008,-1.1572837829589844,29.955394744873047,,,,,,2010,9,25.12,0.428
2010271N19276,NICOLE,2010-09-29 03:00:00,21.6,-81.9, , ,,2010,65,494.35188400957,0,203.50752611912847,28.32967758178711,-1.6257858276367188,29.955394744873047,,,,,,2010,9,25.12,0.428
2010271N19276,NICOLE,2010-09-29 06:00:00,21.7,-81.6,35,996,,2010,65,473.8280907957247,0,193.81775159290484,28.557096481323242,-1.4003429412841797,29.955394744873047,,,,,,2010,9,25.12,0.428
2010271N19276,NICOLE,2010-09-29 09:00:00,21.8,-81.3, , ,,2010,65,454.7155737438811,0,186.69944740019457,28.633546829223633,-1.3408145904541016,29.949878692626953,,,,,,2010,9,25.12,0.428
2010271N19276,NICOLE,2010-09-29 12:00:00,21.9,-81.0,40,995,,2010,65,437.1948373444763,0,181.09681705313963,29.00806427001953,-0.9749870300292969,29.949878692626953,,,,,,2010,9,25.12,0.428
2010271N19276,NICOLE,2010-09-29 15:00:00,22.2,-80.5,40,995,,2010,65,397.2782136383199,0,158.8434132611234,,,30.049930572509766,,,,,,2010,9,25.12,0.428
2010271N19276,NICOLE,2010-09-29 18:00:00,23.3,-80.1,40,994,,2010,65,273.88598700549454,0,49.78885707652231,28.438064575195312,-0.9197635650634766,29.35658073425293,,,,,,2010,9,25.12,0.428
2010271N19276,NICOLE,2010-09-29 21:00:00,24.1,-79.8, , ,,2010,65,188.94841527250512,1,0.0,28.220966339111328,-1.119771957397461,29.307281494140625,,,,,,2010,9,25.12,0.428
2010271N19276,NICOLE,2010-09-30 00:00:00,24.7,-79.6,40,994,,2010,65,132.21365013150125,1,0.0,28.35999870300293,-0.9876060485839844,29.307281494140625,,,,,,2010,9,25.12,0.428
2010271N19276,NICOLE,2010-09-30 03:00:00,25.4,-79.3, , ,,2010,65,98.06943877032958,1,0.0,27.93741798400879,-1.377634048461914,29.326082229614258,,,,,,2010,9,25.12,0.428
2010271N19276,NICOLE,2010-09-30 06:00:00,26.1,-79.0,40,995,,2010,65,124.9751492085668,1,0.0,28.1345157623291,-1.1045379638671875,29.18570899963379,,,,,,2010,9,25.12,0.428
2010271N19276,NICOLE,2010-09-30 09:00:00,26.8,-78.7, , ,,2010,65,188.28207735849247,1,0.0,26.57064437866211,-2.5229568481445312,29.18570899963379,,,,,,2010,9,25.12,0.428
2010271N19276,NICOLE,2010-09-30 12:00:00,27.4,-78.5,40,996,,2010,65,247.9631594581816,0,33.70732712774879,27.275806427001953,-1.713064193725586,29.039875030517578,,,,,,2010,9,25.12,0.428
2013204N11340,DORIAN,2013-07-22 18:00:00,11.3,-20.0,25,1009,,2013,36,6492.357365985358,0,6720.484145249554,27.459999084472656,0.022663116455078125,27.461183547973633,,,,,,2013,7,26.91,0.169
2013204N11340,DORIAN,2013-07-22 21:00:00,11.4,-20.5, , ,,2013,36,6437.91478414782,0,6663.715572344264,27.56548309326172,0.24713134765625,27.20939064025879,,,,,,2013,7,26.91,0.169
2013204N11340,DORIAN,2013-07-23 00:00:00,11.5,-20.9,25,1009,,2013,36,6393.4869529525295,0,6617.765394057144,27.642902374267578,0.38404273986816406,27.20939064025879,,,,,,2013,7,26.91,0.169
2013204N11340,DORIAN,2013-07-23 03:00:00,11.6,-21.3, , ,,2013,36,6349.068489470991,0,6571.814313807104,27.707740783691406,0.6020030975341797,27.20939064025879,,,,,,2013,7,26.91,0.169
2013204N11340,DORIAN,2013-07-23 06:00:00,11.7,-21.8,25,1009,,2013,36,6294.656742008463,0,6515.043184737404,27.611934661865234,0.5938930511474609,27.048084259033203,,,,,,2013,7,26.91,0.169
2013204N11340,DORIAN,2013-07-23 09:00:00,11.8,-22.3, , ,,2013,36,6240.256282326715,0,6458.271742023136,27.554515838623047,0.6960639953613281,27.048084259033203,,,,,,2013,7,26.91,0.169
2013204N11340,DORIAN,2013-07-23 12:00:00,12.0,-22.8,25,1009,,2013,36,6181.4918949761495,0,6398.821754326506,27.605806350708008,0.7923316955566406,27.023040771484375,,,,,,2013,7,26.91,0.169
2013204N11340,DORIAN,2013-07-23 15:00:00,12.2,-23.3, , ,,2013,36,6122.763030953208,0,6339.38066968931,27.53774070739746,0.9221305847167969,26.43421173095703,,,,,,2013,7,26.91,0.169
2013204N11340,DORIAN,2013-07-23 18:00:00,12.4,-23.9,25,1008,,2013,36,6054.069435964231,0,6269.1204234072475,27.581933975219727,1.1425418853759766,26.369462966918945,,,,,,2013,7,26.91,0.169
2013204N11340,DORIAN,2013-07-23 21:00:00,12.7,-24.6, , ,,2013,36,5971.101075696055,0,6185.402119595834,27.92322540283203,1.5303230285644531,26.473243713378906,,,,,,2013,7,26.91,0.169
2013204N11340,DORIAN,2013-07-24 00:00:00,13.0,-25.4,30,1007,,2013,36,5878.218252136795,0,6090.872845214199,27.666128158569336,1.2632999420166016,26.473243713378906,,,,,,2013,7,26.91,0.169
2013204N11340,DORIAN,2013-07-24 03:00:00,13.3,-26.2, , ,,2013,36,5785.424904286667,0,5996.36231544831,27.65999984741211,1.3413105010986328,26.27300262451172,,,,,,2013,7,26.91,0.169
2013204N11340,DORIAN,2013-07-24 06:00:00,13.5,-27.1,35,1006,,2013,36,5686.949082976041,0,5893.594292094977,27.79677391052246,1.4263153076171875,26.324865341186523,,,,,,2013,7,26.91,0.169
2013204N11340,DORIAN,2013-07-24 09:00:00,13.7,-28.0, , ,,2013,36,5588.522581160685,0,5790.8219548300385,27.78257942199707,1.4649219512939453,26.35672950744629,,,,,,2013,7,26.91,0.169
2013204N11340,DORIAN,2013-07-24 12:00:00,13.9,-29.0,40,1005,,2013,36,5480.152226142789,0,5677.201043796359,27.772579193115234,1.5245933532714844,26.411436080932617,,,,,,2013,7,26.91,0.169
2013204N11340,DORIAN,2013-07-24 15:00:00,14.1,-29.9, , ,,2013,36,5381.830317022427,0,5574.419987588344,27.510000228881836,1.4331474304199219,25.890817642211914,,,,,,2013,7,26.91,0.169
2013204N11340,DORIAN,2013-07-24 18:00:00,14.4,-30.8,45,1004,,2013,36,5279.402153651617,0,5469.046449163486,27.1912899017334,1.3347415924072266,25.78533363342285,,,,,,2013,7,26.91,0.169
2013204N11340,DORIAN,2013-07-24 21:00:00,14.7,-31.6, , ,,2013,36,5187.069124245854,0,5374.539434364135,27.09000015258789,1.392690658569336,25.71263885498047,,,,,,2013,7,26.91,0.169
2013204N11340,DORIAN,2013-07-25 00:00:00,14.9,-32.4,45,1004,,2013,36,5098.932377998877,0,5282.595261400102,26.922903060913086,1.3349170684814453,25.71263885498047,,,,,,2013,7,26.91,0.169
2013204N11340,DORIAN,2013-07-25 03:00:00,15.1,-33.2, , ,,2013,36,5010.848796507965,0,5190.64780077279,26.86806297302246,1.3595333099365234,25.405908584594727,,,,,,2013,7,26.91,0.169
2013204N11340,DORIAN,2013-07-25 06:00:00,15.3,-33.9,50,1002,,2013,36,4932.805677903956,0,5109.5564278755655,26.690322875976562,1.2203826904296875,25.446386337280273,,,,,,2013,7,26.91,0.169
2013204N11340,DORIAN,2013-07-25 09:00:00,15.5,-34.7, , ,,2013,36,4844.829850506057,0,5017.603959810981,26.681612014770508,1.1650581359863281,25.515987396240234,,,,,,2013,7,26.91,0.169
2013204N11340,DORIAN,2013-07-25 12:00:00,15.7,-35.5,50,1002,,2013,36,4756.910394896715,0,4925.648417069046,26.594192504882812,1.0547561645507812,25.585134506225586,,,,,,2013,7,26.91,0.169
2013204N11340,DORIAN,2013-07-25 15:00:00,15.8,-36.3, , ,,2013,36,4673.050103822532,0,4836.224719890378,26.67548370361328,1.1215343475341797,25.585134506225586,,,,,,2013,7,26.91,0.169
2013204N11340,DORIAN,2013-07-25 18:00:00,16.0,-37.1,50,1003,,2013,36,4585.225134567845,0,4744.2584409769925,26.818063735961914,1.2068405151367188,25.63847541809082,,,,,,2013,7,26.91,0.169
2013204N11340,DORIAN,2013-07-25 21:00:00,16.2,-37.9, , ,,2013,36,4497.459498700459,0,4652.289022068893,26.73806381225586,1.0723743438720703,25.637800216674805,,,,,,2013,7,26.91,0.169
2013204N11340,DORIAN,2013-07-26 00:00:00,16.4,-38.7,45,1005,,2013,36,4409.754326424806,0,4560.316554694904,26.715482711791992,0.9962844848632812,25.751277923583984,,,,,,2013,7,26.91,0.169
2013204N11340,DORIAN,2013-07-26 03:00:00,16.6,-39.7, , ,,2013,36,4302.171161431004,0,4446.613195134529,26.68451499938965,0.8427047729492188,25.89814567565918,,,,,,2013,7,26.91,0.169
2013204N11340,DORIAN,2013-07-26 06:00:00,16.9,-40.7,45,1006,,2013,36,4190.763455334843,0,4330.372784050611,26.926450729370117,0.949188232421875,26.021699905395508,,,,,,2013,7,26.91,0.169
2013204N11340,DORIAN,2013-07-26 09:00:00,17.1,-41.7, , ,,2013,36,4083.3506086720145,0,4216.653263027641,26.851612091064453,0.7462387084960938,26.15468406677246,,,,,,2013,7,26.91,0.169
2013204N11340,DORIAN,2013-07-26 12:00:00,17.3,-42.8,45,1008,,2013,36,3966.058446746983,0,4092.0630122204825,26.914194107055664,0.65069580078125,26.2801513671875,,,,,,2013,7,26.91,0.169
2013204N11340,DORIAN,2013-07-26 15:00:00,17.5,-43.9, , ,,2013,36,3848.857595146131,0,3967.4709500243375,27.043224334716797,0.6813983917236328,26.37320327758789,,,,,,2013,7,26.91,0.169
2013204N11340,DORIAN,2013-07-26 18:00:00,17.6,-45.0,40,1010,,2013,36,3735.5912418507023,0,3845.459828494862,27.08386993408203,0.6177616119384766,26.456369400024414,,,,,,2013,7,26.91,0.169
2013204N11340,DORIAN,2013-07-26 21:00:00,17.7,-46.1, , ,,2013,36,3622.423769284468,0,3723.5127596361617,27.11612892150879,0.5408668518066406,26.564594268798828,,,,,,2013,7,26.91,0.169
2013204N11340,DORIAN,2013-07-27 00:00:00,17.8,-47.1,35,1012,,2013,36,3519.284621320876,0,3612.467845216688,27.209354400634766,0.5251693725585938,26.684640884399414,,,,,,2013,7,26.91,0.169
2013204N11340,DORIAN,2013-07-27 03:00:00,17.9,-48.2, , ,,2013,36,3406.3297862754084,0,3490.6569103222528,27.3845157623291,0.5918483734130859,26.79698371887207,,,,,,2013,7,26.91,0.169
2013204N11340,DORIAN,2013-07-27 06:00:00,18.0,-49.2,35,1012,,2013,36,3303.397240038584,0,3379.738777681689,27.492258071899414,0.5943565368652344,26.89539909362793,,,,,,2013,7,26.91,0.169
2013204N11340,DORIAN,2013-07-27 09:00:00,18.1,-50.2, , ,,2013,36,3200.5747912610946,0,3268.886803009709,27.553546905517578,0.5568485260009766,26.970396041870117,,,,,,2013,7,26.91,0.169
2013204N11340,DORIAN,2013-07-27 12:00:00,18.3,-51.1,35,1012,,2013,36,3103.791676430713,0,3166.007179024398,27.698387145996094,0.5927658081054688,27.08975601196289,,,,,,2013,7,26.91,0.169
2013204N11340,DORIAN,2013-07-27 15:00:00,18.4,-52.1, , ,,2013,36,3001.173172321242,0,3055.179146904745,27.78774070739746,0.5786857604980469,27.193225860595703,,,,,,2013,7,26.91,0.169
2013204N11340,DORIAN,2013-07-27 18:00:00,18.6,-53.0,35,1012,,2013,36,2904.565510880415,0,2952.2931894134877,27.83096694946289,0.5350837707519531,27.283397674560547,,,,,,2013,7,26.91,0.169
2013204N11340,DORIAN,2013-07-27 21:00:00,18.8,-54.0, , ,,2013,36,2798.2092389822956,0,2838.612855649224,27.81612777709961,0.41028785705566406,27.40597915649414,,,,,,2013,7,26.91,0.169
2013204N11340,DORIAN,2013-07-28 00:00:00,19.0,-54.9,35,1012,,2013,36,2701.7983275679053,0,2735.7174380091906,27.937095642089844,0.44538116455078125,27.518028259277344,,,,,,2013,7,26.91,0.169
2013204N11340,DORIAN,2013-07-28 03:00:00,19.2,-55.9, , ,,2013,36,2595.6648960563625,0,2622.0345416792743,28.25128936767578,0.6795425415039062,27.5755615234375,,,,,,2013,7,26.91,0.169
2013204N11340,DORIAN,2013-07-28 06:00:00,19.4,-56.8,35,1013,,2013,36,2499.4617706029267,0,2519.130311818432,28.242902755737305,0.5943489074707031,27.654176712036133,,,,,,2013,7,26.91,0.169
2013204N11340,DORIAN,2013-07-28 09:00:00,19.6,-57.7, , ,,2013,36,2403.361782673501,0,2416.220757820417,28.306127548217773,0.6275348663330078,27.70070457458496,,,,,,2013,7,26.91,0.169
2013204N11340,DORIAN,2013-07-28 12:00:00,19.8,-58.6,35,1013,,2013,36,2307.367694937296,0,2313.3059671847686,28.37935447692871,0.6623878479003906,27.744930267333984,,,,,,2013,7,26.91,0.169
2013204N11340,DORIAN,2013-07-28 15:00:00,20.0,-59.5, , ,,2013,36,2211.4824825078063,0,2210.386059713768,28.42096710205078,0.6535606384277344,27.7889347076416,,,,,,2013,7,26.91,0.169
2013204N11340,DORIAN,2013-07-28 18:00:00,20.1,-60.3,30,1013,,2013,36,2129.4181295911376,0,2121.25815972936,28.446773529052734,0.6363563537597656,27.78376007080078,,,,,,2013,7,26.91,0.169
2013204N11340,DORIAN,2013-07-28 21:00:00,20.3,-61.2, , ,,2013,36,2033.7509070866147,0,2018.344083216859,28.561935424804688,0.7079010009765625,27.84412384033203,,,,,,2013,7,26.91,0.169
2013204N11340,DORIAN,2013-07-29 00:00:00,20.4,-62.0,25,1014,,2013,36,1951.928198160824,0,1929.2922310044444,28.45096778869629,0.5382156372070312,27.904064178466797,,,,,,2013,7,26.91,0.169
2013204N11340,DORIAN,2013-07-29 03:00:00,20.5,-62.9, , ,,2013,36,1860.56741098127,0,1829.6042405264136,28.436128616333008,0.4824028015136719,27.96088409423828,,,,,,2013,7,26.91,0.169
2013204N11340,DORIAN,2013-07-29 06:00:00,20.6,-63.7,25,1014,,2013,36,1779.087242958144,0,1740.736233242326,28.560644149780273,0.5645351409912109,28.009157180786133,,,,,,2013,7,26.91,0.169
2013204N11340,DORIAN,2013-07-29 09:00:00,20.7,-64.5, , ,,2013,36,1697.7927325844853,0,1651.971740253574,28.56322479248047,0.5095691680908203,28.073190689086914,,,,,,2013,7,26.91,0.169
2013204N11340,DORIAN,2013-07-29 12:00:00,20.8,-65.3,25,1015,,2013,36,1616.7059329999593,0,1563.3285583156935,28.590967178344727,0.48946380615234375,28.073190689086914,,,,,,2013,7,26.91,0.169
2013204N11340,DORIAN,2013-07-29 15:00:00,20.9,-66.1, , ,,2013,36,1535.853314816212,0,1474.828737180874,28.48967742919922,0.3558464050292969,28.116846084594727,,,,,,2013,7,26.91,0.169
2013204N11340,DORIAN,2013-07-29 18:00:00,21.0,-66.9,25,1015,,2013,36,1455.2669551567474,0,1386.499917758574,28.559677124023438,0.3868427276611328,28.169231414794922,,,,,,2013,7,26.91,0.169
2013204N11340,DORIAN,2013-07-29 21:00:00,21.1,-67.7, , ,,2013,36,1374.9861258215626,0,1298.3772035874224,28.57354736328125,0.3540191650390625,28.253801345825195,,,,,,2013,7,26.91,0.169
2013204N11340,DORIAN,2013-07-30 00:00:00,21.3,-68.5,25,1015,,2013,36,1290.3451680478086,0,1206.4489217005143,28.488386154174805,0.23882675170898438,28.253135681152344,,,,,,2013,7,26.91,0.169
2013204N11340,DORIAN,2013-07-30 03:00:00,21.4,-69.2, , ,,2013,36,1220.0154151538843,0,1129.0520462270454,28.52225685119629,0.2758312225341797,28.253135681152344,,,,,,2013,7,26.91,0.169
2013204N11340,DORIAN,2013-07-30 06:00:00,21.5,-69.8,25,1015,,2013,36,1159.2813680050303,0,1062.1774908344148,28.52677345275879,0.3009185791015625,28.228124618530273,,,,,,2013,7,26.91,0.169
2013204N11340,DORIAN,2013-07-30 09:00:00,21.6,-70.4, , ,,2013,36,1098.7767629645996,0,995.4309935090791,28.485483169555664,0.26033973693847656,28.228124618530273,,,,,,2013,7,26.91,0.169
2013204N11340,DORIAN,2013-07-30 12:00:00,21.7,-71.0,25,1015,,2013,36,1038.5351640484191,0,928.842175313656,28.420644760131836,0.1868457794189453,28.202238082885742,,,,,,2013,7,26.91,0.169
2013204N11340,DORIAN,2013-07-30 15:00:00,21.8,-71.6, , ,,2013,36,978.5981038323416,0,862.4478861013815,28.544193267822266,0.2271251678466797,28.413454055786133,,,,,,2013,7,26.91,0.169
2013204N11340,DORIAN,2013-07-30 18:00:00,21.9,-72.2,25,1015,,2013,36,919.0175642606182,0,796.2971426240936,28.64806365966797,0.2719459533691406,28.413454055786133,,,,,,2013,7,26.91,0.169
2013204N11340,DORIAN,2013-07-30 21:00:00,22.0,-72.8, , ,,2013,36,859.8594146530929,0,730.4565070087651,28.54322624206543,0.14109039306640625,28.418437957763672,,,,,,2013,7,26.91,0.169
2013204N11340,DORIAN,2013-07-31 00:00:00,22.1,-73.3,25,1015,,2013,36,809.9731398168348,0,674.9802340216394,28.550968170166016,0.0971527099609375,28.38652801513672,,,,,,2013,7,26.91,0.169
2013204N11340,DORIAN,2013-07-31 03:00:00,22.2,-73.9, , ,,2013,36,751.7862998199149,0,609.5417344792842,28.631935119628906,0.10436058044433594,28.547513961791992,,,,,,2013,7,26.91,0.169
2013204N11340,DORIAN,2013-07-31 06:00:00,22.4,-74.4,25,1015,,2013,36,696.5850125226569,0,548.9865438173624,28.671289443969727,0.09982109069824219,28.547513961791992,,,,,,2013,7,26.91,0.169
2013204N11340,DORIAN,2013-07-31 09:00:00,22.5,-74.9, , ,,2013,36,647.8824852657324,0,494.0144957245736,28.66225814819336,0.058185577392578125,28.62761878967285,,,,,,2013,7,26.91,0.169
2013204N11340,DORIAN,2013-07-31 12:00:00,22.6,-75.3,25,1015,,2013,36,608.0320839780805,0,449.19453267607344,28.760644912719727,0.0020198822021484375,28.62761878967285,,,,,,2013,7,26.91,0.169
2013204N11340,DORIAN,2013-07-31 15:00:00,22.7,-75.6, , ,,2013,36,576.7025438206796,0,414.232985450699,28.843225479125977,-0.010572433471679688,28.991369247436523,,,,,,2013,7,26.91,0.169
2013204N11340,DORIAN,2013-07-31 18:00:00,22.8,-75.9,25,1015,,2013,36,545.5342473014118,0,379.3600898794056,28.995805740356445,0.04070281982421875,28.991369247436523,,,,,,2013,7,26.91,0.169
2013204N11340,DORIAN,2013-07-31 21:00:00,22.9,-76.2, , ,,2013,36,514.5526595212004,0,344.5051922142535,29.123870849609375,0.09493064880371094,28.991369247436523,,,,,,2013,7,26.91,0.169
2013204N11340,DORIAN,2013-08-01 00:00:00,23.0,-76.5,25,1014,,2013,36,483.7895406966893,0,309.648789380398,29.234516143798828,-0.23067092895507812,29.511863708496094,,,,,,2013,8,26.47,0.173
2013204N11340,DORIAN,2013-08-01 03:00:00,23.1,-76.7, , ,,2013,36,460.9985379147798,0,284.3403708605774,29.189998626708984,-0.2919197082519531,29.554933547973633,,,,,,2013,8,26.47,0.173
2013204N11340,DORIAN,2013-08-01 06:00:00,23.3,-77.0,25,1013,,2013,36,423.2565076498315,0,243.23230585308556,28.95225715637207,-0.6354694366455078,29.554933547973633,,,,,,2013,8,26.47,0.173
2013204N11340,DORIAN,2013-08-01 09:00:00,23.5,-77.3, , ,,2013,36,385.5679806332976,0,202.1160553630166,29.02225685119629,-0.6418247222900391,29.554933547973633,,,,,,2013,8,26.47,0.173
2013204N11340,DORIAN,2013-08-01 12:00:00,23.7,-77.7,25,1013,,2013,36,340.4073457538174,0,151.43266994075884,28.987741470336914,-0.7802619934082031,29.909650802612305,,,,,,2013,8,26.47,0.173
2013204N11340,DORIAN,2013-08-01 15:00:00,23.9,-78.1, , ,,2013,36,295.6472085434506,0,100.73013050046332,29.077096939086914,-0.7528038024902344,29.909650802612305,,,,,,2013,8,26.47,0.173
2013204N11340,DORIAN,2013-08-01 18:00:00,24.2,-78.4,25,1013,,2013,36,250.53537795235832,0,53.284902287992566,29.105484008789062,-0.6994037628173828,29.720579147338867,,,,,,2013,8,26.47,0.173
2013204N11340,DORIAN,2013-08-01 21:00:00,24.5,-78.7, , ,,2013,36,205.51006845808104,0,7.185517034060148,29.103548049926758,-0.7295913696289062,29.916128158569336,,,,,,2013,8,26.47,0.173
2013204N11340,DORIAN,2013-08-02 00:00:00,24.9,-79.0,25,1013,,2013,36,153.3872087160638,1,0.0,29.079030990600586,-0.7801685333251953,29.916128158569336,,,,,,2013,8,26.47,0.173
2013204N11340,DORIAN,2013-08-02 03:00:00,25.3,-79.2, , ,,2013,36,111.97603141401856,1,0.0,29.20741844177246,-0.6361942291259766,29.868953704833984,,,,,,2013,8,26.47,0.173
2013204N11340,DORIAN,2013-08-02 06:00:00,25.7,-79.3,25,1013,,2013,36,89.59379817733854,1,0.0,29.172903060913086,-0.5799083709716797,29.868953704833984,,,,,,2013,8,26.47,0.173
2013204N11340,DORIAN,2013-08-02 09:00:00,26.1,-79.4, , ,,2013,36,87.6612292398153,1,0.0,29.128063201904297,-0.5110511779785156,29.565547943115234,,,,,,2013,8,26.47,0.173
2013204N11340,DORIAN,2013-08-02 12:00:00,26.5,-79.4,25,1013,,2013,36,113.96315132734172,1,0.0,29.06774139404297,-0.5145225524902344,29.565547943115234,,,,,,2013,8,26.47,0.173
2013204N11340,DORIAN,2013-08-02 15:00:00,26.9,-79.4, , ,,2013,36,149.15456428847853,1,0.0,29.15386962890625,-0.3078784942626953,29.565547943115234,,,,,,2013,8,26.47,0.173
2013204N11340,DORIAN,2013-08-02 18:00:00,27.4,-79.4,25,1013,,2013,36,198.45677669093772,1,0.0,29.15774154663086,-0.18121719360351562,29.486209869384766,,,,,,2013,8,26.47,0.173
2013204N11340,DORIAN,2013-08-02 21:00:00,27.9,-79.4, , ,,2013,36,250.4095383982543,1,0.0,29.16354751586914,-0.061187744140625,29.486209869384766,,,,,,2013,8,26.47,0.173
2013204N11340,DORIAN,2013-08-03 00:00:00,28.4,-79.3,30,1013,,2013,36,306.35978444412393,1,0.0,29.055805206298828,-0.05756187438964844,29.236087799072266,,,,,,2013,8,26.47,0.173
2013204N11340,DORIAN,2013-08-03 03:00:00,28.9,-79.2, , ,,2013,36,362.4491521588702,0,8.064210410494104,28.688386917114258,-0.46308135986328125,29.236087799072266,,,,,,2013,8,26.47,0.173
2013204N11340,DORIAN,2013-08-03 06:00:00,29.4,-79.1,30,1013,,2013,36,418.6181408711328,0,44.27414525956373,28.74258041381836,-0.3629798889160156,29.093177795410156,,,,,,2013,8,26.47,0.173
2013204N11340,DORIAN,2013-08-03 09:00:00,29.9,-79.0, , ,,2013,36,474.83527216870687,0,87.6836770764243,28.74193572998047,-0.35243797302246094,29.093177795410156,,,,,,2013,8,26.47,0.173
2013204N11340,DORIAN,2013-08-03 12:00:00,30.3,-78.8,30,1013,,2013,36,522.7815830328185,0,129.54176767249226,28.644193649291992,-0.4215412139892578,29.10350227355957,,,,,,2013,8,26.47,0.173
2013204N11340,DORIAN,2013-08-03 15:00:00,30.7,-78.5, , ,,2013,36,573.554272095099,0,172.61572980714257,28.645483016967773,-0.35973167419433594,29.10350227355957,,,,,,2013,8,26.47,0.173
2013204N11340,DORIAN,2013-08-03 18:00:00,31.1,-78.1,30,1013,,2013,36,627.7991817825664,0,221.17451657431064,28.756772994995117,-0.22355270385742188,29.05372428894043,,,,,,2013,8,26.47,0.173
2013204N11340,DORIAN,2013-08-03 21:00:00,31.5,-77.7, , ,,2013,36,682.7749741297881,0,274.8156648031756,28.67096710205078,-0.24367141723632812,29.05372428894043,,,,,,2013,8,26.47,0.173
2013204N11340,DORIAN,2013-08-04 00:00:00,31.8,-77.2,30,1012,,2013,36,731.9007563910286,0,338.8576873625685,28.789031982421875,-0.05746650695800781,28.74207878112793,,,,,,2013,8,26.47,0.173
2013204N11340,DORIAN,2013-08-04 03:00:00,32.1,-76.5, , ,,2013,36,790.9129755610053,0,425.1934462962693,28.673870086669922,-0.09171104431152344,28.984437942504883,,,,,,2013,8,26.47,0.173
2013204N11340,DORIAN,2013-08-04 06:00:00,32.4,-75.6,30,1011,,2013,36,862.2725166382037,0,532.752812463303,28.15838623046875,-0.2893505096435547,28.613422393798828,,,,,,2013,8,26.47,0.173
2018246N22283,GORDON,2018-09-02 18:00:00,22.4,-77.0,25,1012,,2018,73,494.6396642896195,0,309.91320967543487,29.31166648864746,,29.530467987060547,,,,,,2018,9,27.19,0.139
2018246N22283,GORDON,2018-09-02 21:00:00,22.8,-77.6, , ,,2018,73,421.23741525190667,0,228.32335690457717,29.591331481933594,0.08366775512695312,29.468774795532227,,,,,,2018,9,27.19,0.139
2018246N22283,GORDON,2018-09-03 00:00:00,23.3,-78.2,25,1011,,2018,73,339.8727198651138,0,138.4108309987446,29.737333297729492,0.17181015014648438,29.597400665283203,,,,,,2018,9,27.19,0.139
2018246N22283,GORDON,2018-09-03 03:00:00,23.8,-78.8, , ,,2018,73,259.46289002256333,0,48.55593212231028,29.755332946777344,0.2966804504394531,29.46031951904297,,,,,,2018,9,27.19,0.139
2018246N22283,GORDON,2018-09-03 06:00:00,24.2,-79.4,30,1009,,2018,73,191.1124714491117,1,0.0,29.43233299255371,0.031719207763671875,29.436641693115234,,,,,,2018,9,27.19,0.139
2018246N22283,GORDON,2018-09-03 09:00:00,24.6,-80.0,35,1008,,2018,73,130.60897552087246,1,0.0,29.248332977294922,-0.059719085693359375,29.307281494140625,,,,,,2018,9,27.19,0.139
2018246N22283,GORDON,2018-09-03 11:15:00,25.0,-80.5,45,1006,,2018,73,90.17905247215585,1,0.0,29.54666519165039,0.19942092895507812,29.3306941986084,,,,,,2018,9,27.19,0.139
2018246N22283,GORDON,2018-09-03 12:00:00,25.1,-80.7,45,1006,,2018,73,89.54366281744889,1,0.0,29.695331573486328,0.33120155334472656,29.461841583251953,,,,,,2018,9,27.19,0.139
2018246N22283,GORDON,2018-09-03 13:15:00,25.2,-80.9,45,1006,,2018,73,94.62820456948842,1,0.0,29.90833282470703,0.5118484497070312,29.461841583251953,,,,,,2018,9,27.19,0.139
2018246N22283,GORDON,2018-09-03 15:00:00,25.4,-81.2, , ,,2018,73,108.82215880955984,1,0.0,30.194000244140625,0.7387485504150391,29.461841583251953,,,,,,2018,9,27.19,0.139
2018246N22283,GORDON,2018-09-03 18:00:00,25.8,-81.9,50,1004,,2018,73,171.0888351241536,1,0.0,29.841999053955078,,29.538095474243164,,,,,,2018,9,27.19,0.139
2018246N22283,GORDON,2018-09-03 21:00:00,26.2,-82.6, , ,,2018,73,245.59780185453437,1,0.0,29.78499984741211,0.42701148986816406,29.25796127319336,,,,,,2018,9,27.19,0.139
2018246N22283,GORDON,2018-09-04 00:00:00,26.6,-83.3,55,1003,,2018,73,323.85081109324574,1,0.0,29.601999282836914,0.4439716339111328,29.25796127319336,,,,,,2018,9,27.19,0.139
2018246N22283,GORDON,2018-09-04 03:00:00,26.9,-84.1, , ,,2018,73,409.510032475934,0,20.562092877830896,29.541000366210938,0.560943603515625,29.00971031188965,,,,,,2018,9,27.19,0.139
2018246N22283,GORDON,2018-09-04 06:00:00,27.2,-84.9,55,1002,,2018,73,495.0964813250378,0,92.61483907833244,29.51966667175293,0.5756206512451172,28.88038444519043,,,,,,2018,9,27.19,0.139
2018246N22283,GORDON,2018-09-04 09:00:00,27.6,-85.6, , ,,2018,73,574.8236416955211,0,109.52214846405894,29.618331909179688,0.7197170257568359,28.936811447143555,,,,,,2018,9,27.19,0.139
2018246N22283,GORDON,2018-09-04 12:00:00,28.1,-86.2,55,1001,,2018,73,649.7885934146428,0,70.2563726294357,29.762666702270508,0.9082775115966797,28.80315589904785,,,,,,2018,9,27.19,0.139
2018246N22283,GORDON,2018-09-04 15:00:00,28.5,-86.7, , ,,2018,73,712.2346832308804,0,60.934823484752535,29.733665466308594,0.9098892211914062,28.808101654052734,,,,,,2018,9,27.19,0.139
2018246N22283,GORDON,2018-09-04 18:00:00,28.9,-87.2,60,1000,,2018,73,775.0437401218942,0,30.142154525430858,29.753665924072266,1.000997543334961,28.808101654052734,,,,,,2018,9,27.19,0.139
2018246N22283,GORDON,2018-09-04 21:00:00,29.3,-87.6, , ,,2018,73,829.4101395469339,1,0.0,29.638999938964844,0.9650821685791016,28.65060043334961,,,,,,2018,9,27.19,0.139
2018246N22283,GORDON,2018-09-05 00:00:00,29.8,-88.0,60,999,,2018,73,889.4122656569831,1,0.0,29.51533317565918,0.9659938812255859,28.65060043334961,,,,,,2018,9,27.19,0.139
2018246N22283,GORDON,2018-09-05 03:00:00,30.4,-88.5, , ,,2018,73,964.0685943003818,1,0.0,29.61866569519043,1.224771499633789,28.339710235595703,,,,,,2018,9,27.19,0.139
2018246N22283,GORDON,2018-09-05 03:15:00,30.4,-88.5,60,996,,2018,73,964.0685943003818,1,0.0,29.61866569519043,1.224771499633789,28.339710235595703,,,,,,2018,9,27.19,0.139
2018246N22283,GORDON,2018-09-05 06:00:00,30.9,-88.9,45,1002,,2018,73,1025.512329392939,1,0.0,,,28.339710235595703,,,,,,2018,9,27.19,0.139
2018246N22283,GORDON,2018-09-05 09:00:00,31.4,-89.4, , ,,2018,73,1095.3890430041463,0,57.00759851740537,,,,,,,,,2018,9,27.19,0.139
2018246N22283,GORDON,2018-09-05 12:00:00,31.9,-89.8,30,1007,,2018,73,1157.4981057874077,0,121.57065243402162,,,,,,,,,2018,9,27.19,0.139
2018246N22283,GORDON,2018-09-05 15:00:00,32.2,-90.1, , ,,2018,73,1199.573496144836,0,169.31545392319413,,,,,,,,,2018,9,27.19,0.139
2018246N22283,GORDON,2018-09-05 18:00:00,32.5,-90.4,25,1012,,2018,73,1241.653484560575,0,218.43014630199485,,,,,,,,,2018,9,27.19,0.139
2018246N22283,GORDON,2018-09-05 21:00:00,32.8,-90.7, , ,,2018,73,1283.7299468004492,0,267.9800443680244,,,,,,,,,2018,9,27.19,0.139
2018246N22283,GORDON,2018-09-06 00:00:00,33.0,-90.9,20,1013,,2018,73,1311.7753842661496,0,301.40253940689786,,,,,,,,,2018,9,27.19,0.139
2018246N22283,GORDON,2018-09-06 03:00:00,33.3,-91.2, , ,,2018,73,1353.830422597988,0,352.04135301491795,,,,,,,,,2018,9,27.19,0.139
2018246N22283,GORDON,2018-09-06 06:00:00,33.5,-91.4,20,1014,,2018,73,1381.8558182691122,0,386.0008110780144,,,,,,,,,2018,9,27.19,0.139
2018246N22283,GORDON,2018-09-06 09:00:00,33.7,-91.6, , ,,2018,73,1409.8702975342862,0,419.9995778737122,,,,,,,,,2018,9,27.19,0.139
2018246N22283,GORDON,2018-09-06 12:00:00,33.9,-91.7,15,1014,,2018,73,1430.4110904475704,0,445.4670623324332,,,,,,,,,2018,9,27.19,0.139
2018246N22283,GORDON,2018-09-06 15:00:00,34.1,-91.8, , ,,2018,73,1451.029623743694,0,471.3854534041214,,,,,,,,,2018,9,27.19,0.139
2018246N22283,GORDON,2018-09-06 18:00:00,34.2,-91.9,15,1014,,2018,73,1465.0505759708342,0,488.6372553929336,,,,,,,,,2018,9,27.19,0.139
2018246N22283,GORDON,2018-09-06 21:00:00,34.3,-92.0, , ,,2018,73,1479.0672685495997,0,505.9140377704923,,,,,,,,,2018,9,27.19,0.139
2018246N22283,GORDON,2018-09-07 00:00:00,34.4,-92.0,15,1014,,2018,73,1485.7499394725478,0,515.0315610766243,,,,,,,,,2018,9,27.19,0.139
2018246N22283,GORDON,2018-09-07 03:00:00,34.5,-92.1, , ,,2018,73,1499.7731737924032,0,532.388402390601,,,,,,,,,2018,9,27.19,0.139
2018246N22283,GORDON,2018-09-07 06:00:00,34.6,-92.1,15,1014,,2018,73,1506.5181535536278,0,541.6928275202838,,,,,,,,,2018,9,27.19,0.139
2018246N22283,GORDON,2018-09-07 09:00:00,34.8,-92.2, , ,,2018,73,1527.351805570181,0,568.4408055547129,,,,,,,,,2018,9,27.19,0.139
2018246N22283,GORDON,2018-09-07 12:00:00,35.0,-92.2,15,1014,,2018,73,1541.1097961910225,0,587.6524487038361,,,,,,,,,2018,9,27.19,0.139
2018246N22283,GORDON,2018-09-07 15:00:00,35.2,-92.2, , ,,2018,73,1555.0603088447751,0,607.5190861324133,,,,,,,,,2018,9,27.19,0.139
2018246N22283,GORDON,2018-09-07 18:00:00,35.5,-92.3,15,1014,,2018,73,1583.2752295421851,0,645.5898308565171,,,,,,,,,2018,9,27.19,0.139
2019204N25283,UNNAMED,2019-07-22 12:00:00,24.6,-77.4,25,1013,,2019,38,309.19634390579773,0,143.65847929421756,30.00290298461914,0.7586307525634766,29.233278274536133,,,,,,2019,7,27.64,0.329
2019204N25283,UNNAMED,2019-07-22 15:00:00,24.8,-77.9, , ,,2019,38,254.02715138918313,0,85.0474951434506,29.73354721069336,0.4779682159423828,29.339324951171875,,,,,,2019,7,27.64,0.329
2019204N25283,UNNAMED,2019-07-22 18:00:00,25.0,-78.4,25,1013,,2019,38,198.9353969078469,0,28.095934498991816,30.70290184020996,1.3199996948242188,29.339324951171875,,,,,,2019,7,27.64,0.329
2019204N25283,UNNAMED,2019-07-22 21:00:00,25.3,-78.9, , ,,2019,38,139.41144303445498,1,0.0,30.83096694946289,1.327606201171875,29.54460906982422,,,,,,2019,7,27.64,0.329
2019204N25283,UNNAMED,2019-07-23 00:00:00,25.7,-79.3,25,1013,,2019,38,89.59379817733854,1,0.0,30.213871002197266,0.8298377990722656,29.54460906982422,,,,,,2019,7,27.64,0.329
2019204N25283,UNNAMED,2019-07-23 03:00:00,26.2,-79.5, , ,,2019,38,84.59926456681684,1,0.0,30.122901916503906,0.9044284820556641,29.13840675354004,,,,,,2019,7,27.64,0.329
2019204N25283,UNNAMED,2019-07-23 06:00:00,26.9,-79.6,30,1013,,2019,38,139.63859948302652,1,0.0,30.152257919311523,1.1472301483154297,29.13840675354004,,,,,,2019,7,27.64,0.329
2019204N25283,UNNAMED,2019-07-23 09:00:00,27.7,-79.8, , ,,2019,38,219.0126812059977,1,0.0,29.578386306762695,0.9592227935791016,28.574907302856445,,,,,,2019,7,27.64,0.329
2019204N25283,UNNAMED,2019-07-23 12:00:00,28.6,-80.0,30,1014,,2019,38,316.1740716587218,1,0.0,28.95967674255371,0.5928192138671875,28.450885772705078,,,,,,2019,7,27.64,0.329
2020211N13306,ISAIAS,2020-07-28 12:00:00,12.5,-54.0,35,1007,,2020,46,3112.051263218179,0,3097.620999913171,28.940967559814453,1.297943115234375,27.61503028869629,,,,,,2020,7,26.99,0.341
2020211N13306,ISAIAS,2020-07-28 15:00:00,12.8,-55.3, , ,,2020,46,2975.064890981159,0,2953.2973988016993,28.968063354492188,1.247823715209961,27.70064353942871,,,,,,2020,7,26.99,0.341
2020211N13306,ISAIAS,2020-07-28 18:00:00,13.2,-56.4,35,1006,,2020,46,2850.776528858408,0,2823.6541026227715,28.95516014099121,1.1544857025146484,27.757078170776367,,,,,,2020,7,26.99,0.341
2020211N13306,ISAIAS,2020-07-28 21:00:00,13.6,-57.4, , ,,2020,46,2735.8281836631227,0,2703.8853943042236,28.936128616333008,1.085836410522461,27.831026077270508,,,,,,2020,7,26.99,0.341
2020211N13306,ISAIAS,2020-07-29 00:00:00,14.1,-58.3,40,1005,,2020,46,2624.061192914558,0,2588.5034590874425,28.971935272216797,1.0719718933105469,27.878517150878906,,,,,,2020,7,26.99,0.341
2020211N13306,ISAIAS,2020-07-29 03:00:00,14.5,-59.3, , ,,2020,46,2509.5036185985614,0,2468.691032328413,28.96709632873535,1.034719467163086,27.915319442749023,,,,,,2020,7,26.99,0.341
2020211N13306,ISAIAS,2020-07-29 06:00:00,14.8,-60.3,40,1005,,2020,46,2401.3345073529654,0,2354.450994826053,29.04387092590332,1.0716743469238281,27.94738006591797,,,,,,2020,7,26.99,0.341
2020211N13306,ISAIAS,2020-07-29 09:00:00,15.0,-61.3, , ,,2020,46,2299.8048269688675,0,2246.1293440416375,28.975160598754883,0.9181995391845703,28.040224075317383,,,,,,2020,7,26.99,0.341
2020211N13306,ISAIAS,2020-07-29 12:00:00,15.2,-62.2,40,1005,,2020,46,2207.692325360977,0,2147.929043834609,29.11322593688965,0.9893436431884766,28.13866424560547,,,,,,2020,7,26.99,0.341
2020211N13306,ISAIAS,2020-07-29 15:00:00,15.2,-63.1, , ,,2020,46,2129.1646655199565,0,2062.0864818316727,29.100967407226562,0.9524192810058594,28.152935028076172,,,,,,2020,7,26.99,0.341
2020211N13306,ISAIAS,2020-07-29 18:00:00,15.3,-64.0,40,1005,,2020,46,2045.124446253907,0,1971.16059445142,29.282257080078125,1.0958824157714844,28.1832275390625,,,,,,2020,7,26.99,0.341
2020211N13306,ISAIAS,2020-07-29 21:00:00,15.5,-64.9, , ,,2020,46,1955.187788636095,0,1874.7784472707608,29.296451568603516,1.0885391235351562,28.211362838745117,,,,,,2020,7,26.99,0.341
2020211N13306,ISAIAS,2020-07-30 00:00:00,15.8,-65.7,45,1004,,2020,46,1867.3592691497429,0,1781.6380190031575,29.28999900817871,1.0788555145263672,28.20744514465332,,,,,,2020,7,26.99,0.341
2020211N13306,ISAIAS,2020-07-30 03:00:00,16.2,-66.5, , ,,2020,46,1772.8866235073504,0,1682.067441526877,29.319355010986328,1.1133079528808594,28.200984954833984,,,,,,2020,7,26.99,0.341
2020211N13306,ISAIAS,2020-07-30 06:00:00,16.7,-67.2,50,1003,,2020,46,1679.8883384693077,0,1584.9515377755752,29.22612762451172,1.0110492706298828,28.200984954833984,,,,,,2020,7,26.99,0.341
2020211N13306,ISAIAS,2020-07-30 09:00:00,17.2,-67.9, , ,,2020,46,1587.0367039716973,0,1487.754737485413,29.148386001586914,0.8865318298339844,28.28774070739746,,,,,,2020,7,26.99,0.341
2020211N13306,ISAIAS,2020-07-30 12:00:00,17.7,-68.5,55,1002,,2020,46,1502.597287487025,0,1399.6516292771232,29.20387077331543,0.9034137725830078,28.30091094970703,,,,,,2020,7,26.99,0.341
2020211N13306,ISAIAS,2020-07-30 15:00:00,18.1,-69.0, , ,,2020,46,1433.5033225487184,0,1327.3143217373113,29.269031524658203,0.9267673492431641,28.365610122680664,,,,,,2020,7,26.99,0.341
2020211N13306,ISAIAS,2020-07-30 16:15:00,18.4,-69.3,55,1002,,2020,46,1387.9729754006617,0,1279.9979647086975,29.258386611938477,0.8943328857421875,28.365610122680664,,,,,,2020,7,26.99,0.341
2020211N13306,ISAIAS,2020-07-30 18:00:00,18.9,-69.8,60,999,,2020,46,1312.2852599271928,0,1201.2724699271778,,,28.38807487487793,,,,,,2020,7,26.99,0.341
2020211N13306,ISAIAS,2020-07-30 21:00:00,19.5,-70.5, , ,,2020,46,1213.413045252934,0,1097.6232998982505,,,28.009342193603516,,,,,,2020,7,26.99,0.341
2020211N13306,ISAIAS,2020-07-31 00:00:00,19.9,-71.2,65,996,,2020,46,1128.1013817264873,0,1006.4740716620628,28.53257942199707,0.4424476623535156,28.009342193603516,,,,,,2020,7,26.99,0.341
2020211N13306,ISAIAS,2020-07-31 03:00:00,20.2,-72.0, , ,,2020,46,1041.4730381324296,0,912.2240716609766,28.924514770507812,0.5083694458007812,28.31684684753418,,,,,,2020,7,26.99,0.341
2020211N13306,ISAIAS,2020-07-31 06:00:00,20.5,-72.7,70,990,,2020,46,963.547983773953,0,827.5464865580149,28.935161590576172,0.4024925231933594,28.5344295501709,,,,,,2020,7,26.99,0.341
2020211N13306,ISAIAS,2020-07-31 09:00:00,20.9,-73.4,70,990,,2020,46,878.9745335551379,0,736.3207746363378,28.89806365966797,0.3578910827636719,28.5344295501709,,,,,,2020,7,26.99,0.341
2020211N13306,ISAIAS,2020-07-31 12:00:00,21.3,-74.0,65,992,,2020,46,802.6367483568552,0,654.259852464404,29.115806579589844,0.5651226043701172,28.54351806640625,,,,,,2020,7,26.99,0.341
2020211N13306,ISAIAS,2020-07-31 15:00:00,21.7,-74.6, , ,,2020,46,726.4421917712906,0,572.1357687595904,29.170644760131836,0.6417255401611328,28.504465103149414,,,,,,2020,7,26.99,0.341
2020211N13306,ISAIAS,2020-07-31 18:00:00,22.1,-75.1,70,990,,2020,46,658.3499606823074,0,499.2968155085761,29.28354835510254,0.6758155822753906,28.62761878967285,,,,,,2020,7,26.99,0.341
2020211N13306,ISAIAS,2020-07-31 21:00:00,22.5,-75.5, , ,,2020,46,598.4196332685483,0,436.15660102115174,29.427095413208008,0.6194801330566406,28.991369247436523,,,,,,2020,7,26.99,0.341
2020211N13306,ISAIAS,2020-08-01 00:00:00,22.9,-75.9,75,987,,2020,46,538.7603109309072,0,373.23271800564874,29.751934051513672,0.43413543701171875,29.320459365844727,,,,,,2020,8,26.26,0.425
2020211N13306,ISAIAS,2020-08-01 03:00:00,23.3,-76.3, , ,,2020,46,479.4457585990672,0,311.1998828617905,29.965160369873047,0.5004405975341797,29.427160263061523,,,,,,2020,8,26.26,0.425
2020211N13306,ISAIAS,2020-08-01 06:00:00,23.6,-76.7,75,987,,2020,46,426.8671156241384,0,255.3571945578948,29.69774055480957,0.1896991729736328,29.554933547973633,,,,,,2020,8,26.26,0.425
2020211N13306,ISAIAS,2020-08-01 09:00:00,24.0,-77.0, , ,,2020,46,376.8562896535295,0,205.8111188590984,29.57225799560547,-0.06115913391113281,29.554933547973633,,,,,,2020,8,26.26,0.425
2020211N13306,ISAIAS,2020-08-01 12:00:00,24.3,-77.5,70,987,,2020,46,316.16321647757474,0,141.18948421100677,29.426128387451172,-0.2901115417480469,29.720579147338867,,,,,,2020,8,26.26,0.425
2020211N13306,ISAIAS,2020-08-01 13:00:00,24.4,-77.7,70,989,,2020,46,293.0794310526446,0,116.39992467551345,29.426128387451172,-0.2901115417480469,29.720579147338867,,,,,,2020,8,26.26,0.425
2020211N13306,ISAIAS,2020-08-01 15:00:00,24.6,-78.0, , ,,2020,46,255.5924816755515,0,78.0470730322421,,,29.720579147338867,,,,,,2020,8,26.26,0.425
2020211N13306,ISAIAS,2020-08-01 18:00:00,24.8,-78.3,60,993,,2020,46,218.2057643860307,0,40.95953735794807,30.216129302978516,0.4568061828613281,29.720579147338867,,,,,,2020,8,26.26,0.425
2020211N13306,ISAIAS,2020-08-01 21:00:00,25.0,-78.6, , ,,2020,46,180.95783494568948,0,5.832036340339109,30.33838653564453,0.5234165191650391,29.916128158569336,,,,,,2020,8,26.26,0.425
2020211N13306,ISAIAS,2020-08-02 00:00:00,25.3,-78.9,60,995,,2020,46,139.41144303445498,1,0.0,30.41870880126953,0.5761852264404297,29.868953704833984,,,,,,2020,8,26.26,0.425
2020211N13306,ISAIAS,2020-08-02 03:00:00,25.6,-79.1, , ,,2020,46,110.8778994467072,1,0.0,30.24161148071289,0.43665504455566406,29.868953704833984,,,,,,2020,8,26.26,0.425
2020211N13306,ISAIAS,2020-08-02 06:00:00,25.9,-79.2,55,996,,2020,46,100.44799603965316,1,0.0,30.100000381469727,0.3645610809326172,29.868953704833984,,,,,,2020,8,26.26,0.425
2020211N13306,ISAIAS,2020-08-02 09:00:00,26.2,-79.4, , ,,2020,46,92.9481473772582,1,0.0,29.892257690429688,0.253143310546875,29.565547943115234,,,,,,2020,8,26.26,0.425
2020211N13306,ISAIAS,2020-08-02 12:00:00,26.6,-79.5,55,995,,2020,46,115.99279373688616,1,0.0,29.89580535888672,0.3943214416503906,29.534326553344727,,,,,,2020,8,26.26,0.425
2020211N13306,ISAIAS,2020-08-02 15:00:00,27.0,-79.6, , ,,2020,46,149.78116582685493,1,0.0,29.89128875732422,0.47890663146972656,29.534326553344727,,,,,,2020,8,26.26,0.425
2020211N13306,ISAIAS,2020-08-02 18:00:00,27.4,-79.6,60,995,,2020,46,191.43935154314065,1,0.0,29.87870979309082,0.64453125,29.01167869567871,,,,,,2020,8,26.26,0.425
2020211N13306,ISAIAS,2020-08-02 21:00:00,27.8,-79.6, , ,,2020,46,234.13696544621607,1,0.0,29.92548370361328,0.8125362396240234,29.01167869567871,,,,,,2020,8,26.26,0.425
2020211N13306,ISAIAS,2020-08-03 00:00:00,28.2,-79.7,60,995,,2020,46,275.4704143456666,1,0.0,29.987096786499023,0.9252681732177734,28.834585189819336,,,,,,2020,8,26.26,0.425
2020211N13306,ISAIAS,2020-08-03 03:00:00,28.6,-79.8, , ,,2020,46,317.97428582512543,1,0.0,29.83386993408203,0.9222564697265625,28.834585189819336,,,,,,2020,8,26.26,0.425
2020211N13306,ISAIAS,2020-08-03 06:00:00,29.1,-79.9,60,995,,2020,46,372.31690534865146,1,0.0,30.036128997802734,1.0171470642089844,29.100412368774414,,,,,,2020,8,26.26,0.425
2020211N13306,ISAIAS,2020-08-03 09:00:00,29.6,-80.0, , ,,2020,46,427.2168647373753,1,0.0,29.875160217285156,0.9147281646728516,29.100412368774414,,,,,,2020,8,26.26,0.425
2020211N13306,ISAIAS,2020-08-03 12:00:00,30.1,-80.0,60,995,,2020,46,482.764495505969,1,0.0,29.742258071899414,0.7993640899658203,29.034351348876953,,,,,,2020,8,26.26,0.425
2020211N13306,ISAIAS,2020-08-03 15:00:00,30.6,-79.9, , ,,2020,46,538.7532570072746,0,16.43061133133605,29.799999237060547,0.8085308074951172,29.034351348876953,,,,,,2020,8,26.26,0.425
2020211N13306,ISAIAS,2020-08-03 18:00:00,31.2,-79.7,65,991,,2020,46,606.6160615645266,0,50.04191625606765,29.80354881286621,0.9140853881835938,28.55267333984375,,,,,,2020,8,26.26,0.425
2020211N13306,ISAIAS,2020-08-03 21:00:00,31.9,-79.5, , ,,2020,46,685.8604637261282,0,112.641492674819,29.212257385253906,0.5687294006347656,28.55267333984375,,,,,,2020,8,26.26,0.425
2020211N13306,ISAIAS,2020-08-04 00:00:00,32.8,-79.1,80,986,,2020,46,789.7370637073992,0,225.1309466328428,28.70387077331543,,28.412363052368164,,,,,,2020,8,26.26,0.425
2020211N13306,ISAIAS,2020-08-04 03:00:00,33.8,-78.5, , ,,2020,46,908.5606108475198,0,369.6270610207874,28.41419219970703,,27.941190719604492,,,,,,2020,8,26.26,0.425
2020211N13306,ISAIAS,2020-08-04 03:10:00,33.9,-78.5,80,986,,2020,46,919.486123224868,0,380.2886075153342,28.41419219970703,,27.941190719604492,,,,,,2020,8,26.26,0.425
2020211N13306,ISAIAS,2020-08-04 06:00:00,35.0,-78.1,60,992,,2020,46,1046.5810508828736,0,527.305726015222,,,27.671539306640625,,,,,,2020,8,26.26,0.425
2020211N13306,ISAIAS,2020-08-04 09:00:00,36.3,-77.5, , ,,2020,46,1199.3828359715649,0,714.1181044160487,,,,,,,,,2020,8,26.26,0.425
2020211N13306,ISAIAS,2020-08-04 12:00:00,37.7,-76.8,60,993,,2020,46,1365.3891663629286,0,922.3572847439576,,,,,,,,,2020,8,26.26,0.425
2020211N13306,ISAIAS,2020-08-04 15:00:00,39.3,-76.0, , ,,2020,46,1555.316529843479,0,1165.2520626788717,,,25.668737411499023,,,,,,2020,8,26.26,0.425
2020211N13306,ISAIAS,2020-08-04 18:00:00,40.9,-75.1,55,994,,2020,46,1747.6375998462922,0,1418.3090419694813,,,,,,,,,2020,8,26.26,0.425
2020211N13306,ISAIAS,2020-08-04 21:00:00,42.5,-74.1, , ,,2020,46,1942.439235035324,0,1681.5115644203383,,,,,,,,,2020,8,26.26,0.425
2020211N13306,ISAIAS,2020-08-05 00:00:00,44.0,-73.1,45,998,,2020,46,2126.5883394065754,0,1936.3740787735856,,,,,,,,,2020,8,26.26,0.425
2020211N13306,ISAIAS,2020-08-05 03:00:00,45.4,-72.4, , ,,2020,46,2291.792229378113,0,2167.701379669376,,,,,,,,,2020,8,26.26,0.425
2020211N13306,ISAIAS,2020-08-05 06:00:00,46.7,-71.8,35,1000,,2020,46,2443.4149424121956,0,2384.7107449511036,,,,,,,,,2020,8,26.26,0.425
2020256N25281,SALLY,2020-09-11 18:00:00,25.4,-78.6,30,1007,,2020,74,164.63673326927236,0,11.731910483977298,29.799331665039062,0.49614715576171875,29.326082229614258,,,,,,2020,9,25.89,0.296
2020256N25281,SALLY,2020-09-11 21:00:00,25.5,-79.0, , ,,2020,74,122.9739010793544,1,0.0,29.740333557128906,0.40871429443359375,29.326082229614258,,,,,,2020,9,25.89,0.296
2020256N25281,SALLY,2020-09-12 00:00:00,25.6,-79.4,30,1004,,2020,74,81.35882344690016,1,0.0,29.72633171081543,0.43454933166503906,29.326082229614258,,,,,,2020,9,25.89,0.296
2020256N25281,SALLY,2020-09-12 03:00:00,25.6,-79.8, , ,,2020,74,43.18393272832302,1,0.0,29.65633201599121,0.3868904113769531,29.26882553100586,,,,,,2020,9,25.89,0.296
2020256N25281,SALLY,2020-09-12 06:00:00,25.6,-80.2,30,1003,,2020,74,17.99898725240172,1,0.0,29.659332275390625,,29.26882553100586,,,,,,2020,9,25.89,0.296
2020256N25281,SALLY,2020-09-12 09:00:00,25.5,-80.5, , ,,2020,74,42.44385589273727,1,0.0,,,29.461841583251953,,,,,,2020,9,25.89,0.296
2020256N25281,SALLY,2020-09-12 12:00:00,25.5,-80.8,35,1003,,2020,74,67.56191780647384,1,0.0,,,29.461841583251953,,,,,,2020,9,25.89,0.296
2020256N25281,SALLY,2020-09-12 15:00:00,25.5,-81.2, , ,,2020,74,105.18055590882958,1,0.0,30.044666290283203,0.5894145965576172,29.461841583251953,,,,,,2020,9,25.89,0.296
2020256N25281,SALLY,2020-09-12 18:00:00,25.6,-81.6,35,1003,,2020,74,142.25766449538938,1,0.0,30.15566635131836,,29.538095474243164,,,,,,2020,9,25.89,0.296
2020256N25281,SALLY,2020-09-12 21:00:00,25.8,-82.0, , ,,2020,74,181.09838577899177,1,0.0,30.208332061767578,0.7171554565429688,29.538095474243164,,,,,,2020,9,25.89,0.296
2020256N25281,SALLY,2020-09-13 00:00:00,26.0,-82.5,35,1003,,2020,74,232.4301663260187,1,0.0,30.14499855041504,0.7801322937011719,29.27743911743164,,,,,,2020,9,25.89,0.296
2020256N25281,SALLY,2020-09-13 03:00:00,26.3,-83.0, , ,,2020,74,286.88800782234523,1,0.0,29.893999099731445,0.6628532409667969,29.25796127319336,,,,,,2020,9,25.89,0.296
2020256N25281,SALLY,2020-09-13 06:00:00,26.7,-83.5,45,1001,,2020,74,346.06074739129343,1,0.0,29.562665939331055,0.4679698944091797,29.00971031188965,,,,,,2020,9,25.89,0.296
2020256N25281,SALLY,2020-09-13 09:00:00,27.0,-84.0, , ,,2020,74,403.5452466156249,0,5.1710573952391865,29.262332916259766,0.2822761535644531,29.00971031188965,,,,,,2020,9,25.89,0.296
2020256N25281,SALLY,2020-09-13 12:00:00,27.2,-84.5,50,996,,2020,74,457.60755516360734,0,49.35586168471852,29.15633201599121,0.20783042907714844,28.88038444519043,,,,,,2020,9,25.89,0.296
2020256N25281,SALLY,2020-09-13 15:00:00,27.4,-85.0, , ,,2020,74,511.6123857088572,0,96.37556348245428,29.18033218383789,0.272491455078125,28.88038444519043,,,,,,2020,9,25.89,0.296
2020256N25281,SALLY,2020-09-13 18:00:00,27.6,-85.4,50,996,,2020,74,556.3017422008596,0,105.10617828541343,29.082332611083984,0.1980438232421875,28.88038444519043,,,,,,2020,9,25.89,0.296
2020256N25281,SALLY,2020-09-13 21:00:00,27.8,-85.7, , ,,2020,74,591.8132121076577,0,88.17506414378002,28.965665817260742,0.10112571716308594,28.936811447143555,,,,,,2020,9,25.89,0.296
2020256N25281,SALLY,2020-09-14 00:00:00,27.9,-86.0,50,996,,2020,74,623.3330196756698,0,85.43642122523912,28.900999069213867,0.012868881225585938,28.936811447143555,,,,,,2020,9,25.89,0.296
2020256N25281,SALLY,2020-09-14 03:00:00,28.1,-86.3, , ,,2020,74,658.8821746606156,0,75.08974628887333,28.79599952697754,-0.06061363220214844,28.80315589904785,,,,,,2020,9,25.89,0.296
2020256N25281,SALLY,2020-09-14 06:00:00,28.2,-86.5,55,996,,2020,74,681.2237515497919,0,75.90662682433509,28.696332931518555,-0.16250228881835938,28.808101654052734,,,,,,2020,9,25.89,0.296
2020256N25281,SALLY,2020-09-14 09:00:00,28.3,-86.7, , ,,2020,74,703.556333791155,0,79.48838597041846,28.583999633789062,-0.239776611328125,28.808101654052734,,,,,,2020,9,25.89,0.296
2020256N25281,SALLY,2020-09-14 12:00:00,28.4,-86.9,65,991,,2020,74,725.8791142872999,0,85.73235511603585,28.466999053955078,-0.35834312438964844,28.808101654052734,,,,,,2020,9,25.89,0.296
2020256N25281,SALLY,2020-09-14 15:00:00,28.5,-87.1, , ,,2020,74,748.1913735789867,0,82.10690440557055,28.392000198364258,-0.4353981018066406,28.808101654052734,,,,,,2020,9,25.89,0.296
2020256N25281,SALLY,2020-09-14 18:00:00,28.6,-87.3,75,986,,2020,74,770.4924670377468,0,65.741675562643,28.42566680908203,-0.3650970458984375,28.808101654052734,,,,,,2020,9,25.89,0.296
2020256N25281,SALLY,2020-09-14 21:00:00,28.7,-87.5, , ,,2020,74,792.7818142305943,0,51.284357990943846,28.454999923706055,-0.3365020751953125,28.812898635864258,,,,,,2020,9,25.89,0.296
2020256N25281,SALLY,2020-09-15 00:00:00,28.7,-87.7,75,986,,2020,74,810.8281326891025,0,51.835314963753845,28.454999923706055,-0.3365020751953125,28.812898635864258,,,,,,2020,9,25.89,0.296
2020256N25281,SALLY,2020-09-15 03:00:00,28.7,-87.9, , ,,2020,74,828.9522538493949,0,54.80511361091641,28.4913330078125,-0.30090904235839844,28.812898635864258,,,,,,2020,9,25.89,0.296
2020256N25281,SALLY,2020-09-15 06:00:00,28.8,-88.0,70,984,,2020,74,842.1112025983903,0,44.92571133137335,28.508333206176758,-0.23728561401367188,28.812898635864258,,,,,,2020,9,25.89,0.296
2020256N25281,SALLY,2020-09-15 09:00:00,28.9,-88.1, , ,,2020,74,855.3088701831033,0,35.906394262675235,28.508333206176758,-0.23728561401367188,28.812898635864258,,,,,,2020,9,25.89,0.296
2020256N25281,SALLY,2020-09-15 12:00:00,29.0,-88.1,70,982,,2020,74,859.5743600543652,0,24.031794569330035,28.508333206176758,-0.23728561401367188,28.812898635864258,,,,,,2020,9,25.89,0.296
2020256N25281,SALLY,2020-09-15 15:00:00,29.1,-88.1, , ,,2020,74,863.9611732443788,0,12.145701202779106,28.461666107177734,-0.24005699157714844,28.65060043334961,,,,,,2020,9,25.89,0.296
2020256N25281,SALLY,2020-09-15 18:00:00,29.3,-88.1,70,981,,2020,74,873.0914038048517,1,0.0,28.399999618530273,-0.2578277587890625,28.65060043334961,,,,,,2020,9,25.89,0.296
2020256N25281,SALLY,2020-09-15 21:00:00,29.5,-88.1, , ,,2020,74,882.68473091359,1,0.0,28.399999618530273,-0.2578277587890625,28.65060043334961,,,,,,2020,9,25.89,0.296
2020256N25281,SALLY,2020-09-16 00:00:00,29.6,-88.0,75,975,,2020,74,879.0365488477102,1,0.0,25.925161361694336,-2.6818714141845703,28.65060043334961,,,,,,2020,9,25.89,0.296
2020256N25281,SALLY,2020-09-16 03:00:00,29.7,-88.0, , ,,2020,74,884.1700599534377,1,0.0,25.925161361694336,-2.6818714141845703,28.65060043334961,,,,,,2020,9,25.89,0.296
2020256N25281,SALLY,2020-09-16 06:00:00,29.9,-87.9,95,967,,2020,74,886.3499960089715,1,0.0,25.654516220092773,-2.91522216796875,28.65060043334961,,,,,,2020,9,25.89,0.296
2020256N25281,SALLY,2020-09-16 09:00:00,30.2,-87.7, , ,,2020,74,886.8301006799484,1,0.0,25.421611785888672,-3.1173954010009766,28.414445877075195,,,,,,2020,9,25.89,0.296
2020256N25281,SALLY,2020-09-16 09:45:00,30.3,-87.7,95,965,,2020,74,892.7700762649758,1,0.0,,,28.414445877075195,,,,,,2020,9,25.89,0.296
2020256N25281,SALLY,2020-09-16 12:00:00,30.5,-87.6,85,967,,2020,74,896.9946458565345,1,0.0,,,28.414445877075195,,,,,,2020,9,25.89,0.296
2020256N25281,SALLY,2020-09-16 15:00:00,30.8,-87.4, , ,,2020,74,900.737433540688,1,0.0,,,28.562103271484375,,,,,,2020,9,25.89,0.296
2020256N25281,SALLY,2020-09-16 18:00:00,31.1,-87.2,60,982,,2020,74,906.2016403241618,1,0.0,,,,,,,,,2020,9,25.89,0.296
2020256N25281,SALLY,2020-09-16 21:00:00,31.4,-87.0, , ,,2020,74,913.353507043868,1,0.0,,,,,,,,,2020,9,25.89,0.296
2020256N25281,SALLY,2020-09-17 00:00:00,31.6,-86.7,35,994,,2020,74,907.6164154357048,1,0.0,,,,,,,,,2020,9,25.89,0.296
2020256N25281,SALLY,2020-09-17 03:00:00,31.8,-86.4, , ,,2020,74,903.4182025061426,1,0.0,,,,,,,,,2020,9,25.89,0.296
2020256N25281,SALLY,2020-09-17 06:00:00,32.1,-86.1,30,1000,,2020,74,909.1789238171268,1,0.0,,,,,,,,,2020,9,25.89,0.296
2020256N25281,SALLY,2020-09-17 09:00:00,32.3,-85.7, , ,,2020,74,902.6118125242627,0,20.619392917895688,,,,,,,,,2020,9,25.89,0.296
2020256N25281,SALLY,2020-09-17 12:00:00,32.6,-85.2,30,1003,,2020,74,902.2218396224928,0,59.428701879914904,,,,,,,,,2020,9,25.89,0.296
2020256N25281,SALLY,2020-09-17 15:00:00,32.9,-84.5, , ,,2020,74,896.654917364111,0,105.35531734709151,,,,,,,,,2020,9,25.89,0.296
2020256N25281,SALLY,2020-09-17 18:00:00,33.2,-83.8,30,1004,,2020,74,897.6282391049357,0,168.57379485055503,,,,,,,,,2020,9,25.89,0.296
2020256N25281,SALLY,2020-09-17 21:00:00,33.5,-83.1, , ,,2020,74,905.0749734858892,0,224.3074624822247,,,,,,,,,2020,9,25.89,0.296
2020256N25281,SALLY,2020-09-18 00:00:00,33.7,-82.3,30,1004,,2020,74,905.7938240794376,0,230.3094375596799,,,,,,,,,2020,9,25.89,0.296
2020256N25281,SALLY,2020-09-18 03:00:00,33.9,-81.5, , ,,2020,74,913.6645353147233,0,257.1906789870356,,,,,,,,,2020,9,25.89,0.296
2020256N25281,SALLY,2020-09-18 06:00:00,34.1,-80.8,30,1005,,2020,74,929.0206962588032,0,298.69253716433224,,,,,,,,,2020,9,25.89,0.296
2020306N15288,ETA,2020-10-31 18:00:00,14.9,-72.4,30,1006,,2020,102,1454.5884322309369,0,1316.7048680445853,28.957666397094727,0.04050636291503906,28.904611587524414,,,,,,2020,10,25.46,0.289
2020306N15288,ETA,2020-10-31 21:00:00,14.9,-73.0, , ,,2020,102,1420.7521086161908,0,1279.176225409959,28.980998992919922,0.05152702331542969,28.91663932800293,,,,,,2020,10,25.46,0.289
2020306N15288,ETA,2020-11-01 00:00:00,14.9,-73.6,35,1005,,2020,102,1388.8961726774562,0,1244.0438544268663,28.93666648864746,0.40601348876953125,28.55542755126953,,,,,,2020,11,25.28,0.113
2020306N15288,ETA,2020-11-01 03:00:00,14.9,-74.3, , ,,2020,102,1354.4204494690389,0,1205.7002912630771,29.018999099731445,0.4579925537109375,28.55542755126953,,,,,,2020,11,25.28,0.113
2020306N15288,ETA,2020-11-01 06:00:00,14.9,-75.1,35,1005,,2020,102,1318.8435592911692,0,1166.4741071326537,29.04366683959961,0.4591331481933594,28.58797836303711,,,,,,2020,11,25.28,0.113
2020306N15288,ETA,2020-11-01 09:00:00,14.9,-75.9, , ,,2020,102,1287.6692549623808,0,1132.1068765282234,28.946332931518555,0.3531055450439453,28.58631134033203,,,,,,2020,11,25.28,0.113
2020306N15288,ETA,2020-11-01 12:00:00,14.9,-76.7,40,1002,,2020,102,1261.2248120537738,0,1103.1010261157464,28.8626651763916,0.2620391845703125,28.59095573425293,,,,,,2020,11,25.28,0.113
2020306N15288,ETA,2020-11-01 15:00:00,14.9,-77.5, , ,,2020,102,1239.8135722245447,0,1076.4759476028637,28.817665100097656,0.20687484741210938,28.607269287109375,,,,,,2020,11,25.28,0.113
2020306N15288,ETA,2020-11-01 18:00:00,14.9,-78.2,50,992,,2020,102,1225.416896965697,0,1053.4817080402402,29.0,0.3862953186035156,28.607269287109375,,,,,,2020,11,25.28,0.113
2020306N15288,ETA,2020-11-01 21:00:00,14.9,-78.8, , ,,2020,102,1216.4164660336212,0,1037.2800296280595,29.126665115356445,0.5192127227783203,28.59845733642578,,,,,,2020,11,25.28,0.113
2020306N15288,ETA,2020-11-02 00:00:00,14.9,-79.4,60,988,,2020,102,1210.5724673984637,0,1021.9979851161876,29.043333053588867,0.4527244567871094,28.59845733642578,,,,,,2020,11,25.28,0.113
2020306N15288,ETA,2020-11-02 03:00:00,14.9,-79.9, , ,,2020,102,1208.147480044783,0,1011.0423582927732,28.909332275390625,0.33979225158691406,28.551618576049805,,,,,,2020,11,25.28,0.113
2020306N15288,ETA,2020-11-02 06:00:00,14.9,-80.4,70,982,,2020,102,1207.960189070565,0,1002.5796051674728,28.724666595458984,0.18045806884765625,28.551618576049805,,,,,,2020,11,25.28,0.113
2020306N15288,ETA,2020-11-02 09:00:00,14.9,-80.8, , ,,2020,102,1209.422615494612,0,996.6177324060816,28.704999923706055,0.1875438690185547,28.50079345703125,,,,,,2020,11,25.28,0.113
2020306N15288,ETA,2020-11-02 12:00:00,14.8,-81.2,90,972,,2020,102,1223.3936253019249,0,1004.012272614946,28.693666458129883,0.20098114013671875,28.50079345703125,,,,,,2020,11,25.28,0.113
2020306N15288,ETA,2020-11-02 15:00:00,14.8,-81.6, , ,,2020,102,1227.665094812692,0,1001.6085080301848,28.628332138061523,0.20798110961914062,28.36556053161621,,,,,,2020,11,25.28,0.113
2020306N15288,ETA,2020-11-02 18:00:00,14.7,-82.0,115,948,,2020,102,1244.3263109514255,0,1012.3100251643874,28.51099967956543,0.17392349243164062,28.36556053161621,,,,,,2020,11,25.28,0.113
2020306N15288,ETA,2020-11-02 21:00:00,14.5,-82.3, , ,,2020,102,1271.3532481455895,0,1035.9832607791873,28.444332122802734,0.1680736541748047,28.36556053161621,,,,,,2020,11,25.28,0.113
2020306N15288,ETA,2020-11-03 00:00:00,14.3,-82.5,130,929,,2020,102,1296.9887651209958,0,1059.9464265484478,28.333999633789062,0.11947250366210938,28.121458053588867,,,,,,2020,11,25.28,0.113
2020306N15288,ETA,2020-11-03 03:00:00,14.1,-82.7, , ,,2020,102,1322.838160301812,0,1084.067527912262,28.354000091552734,0.13640975952148438,28.121458053588867,,,,,,2020,11,25.28,0.113
2020306N15288,ETA,2020-11-03 06:00:00,14.0,-82.9,130,922,,2020,102,1338.002857715578,0,1097.1115908972477,28.31366539001465,0.15755844116210938,28.12525749206543,,,,,,2020,11,25.28,0.113
2020306N15288,ETA,2020-11-03 09:00:00,13.8,-83.0, , ,,2020,102,1361.9887452281323,0,1120.9164222381044,28.26999855041504,,28.12525749206543,,,,,,2020,11,25.28,0.113
2020306N15288,ETA,2020-11-03 12:00:00,13.6,-83.1,125,936,,2020,102,1385.999578654319,0,1144.7744484249756,28.329999923706055,,28.12525749206543,,,,,,2020,11,25.28,0.113
2020306N15288,ETA,2020-11-03 15:00:00,13.6,-83.2, , ,,2020,102,1388.3249879273828,0,1145.914413046275,28.329999923706055,,28.12525749206543,,,,,,2020,11,25.28,0.113
2020306N15288,ETA,2020-11-03 18:00:00,13.7,-83.3,120,940,,2020,102,1379.8940408503177,0,1135.7849604599387,28.312332153320312,,28.12525749206543,,,,,,2020,11,25.28,0.113
2020306N15288,ETA,2020-11-03 21:00:00,13.8,-83.5,120,940,,2020,102,1374.1631201188293,0,1127.2751881632662,,,,,,,,,2020,11,25.28,0.113
2020306N15288,ETA,2020-11-04 00:00:00,13.8,-83.7,95,965,,2020,102,1379.5555040627678,0,1130.0060938240576,,,,,,,,,2020,11,25.28,0.113
2020306N15288,ETA,2020-11-04 03:00:00,13.8,-84.0, , ,,2020,102,1388.1932963794836,0,1132.773560508851,,,,,,,,,2020,11,25.28,0.113
2020306N15288,ETA,2020-11-04 06:00:00,13.8,-84.3,70,980,,2020,102,1397.4791918418466,0,1136.5160236097763,,,,,,,,,2020,11,25.28,0.113
2020306N15288,ETA,2020-11-04 09:00:00,13.8,-84.6, , ,,2020,102,1407.400332741264,0,1141.1808843496226,,,,,,,,,2020,11,25.28,0.113
2020306N15288,ETA,2020-11-04 12:00:00,13.8,-84.9,50,993,,2020,102,1417.9433535856383,0,1146.4284907295546,,,,,,,,,2020,11,25.28,0.113
2020306N15288,ETA,2020-11-04 15:00:00,13.8,-85.1, , ,,2020,102,1425.310725213204,0,1150.4455778900438,,,,,,,,,2020,11,25.28,0.113
2020306N15288,ETA,2020-11-04 18:00:00,13.9,-85.4,40,998,,2020,102,1426.5152746403155,0,1146.0604186733265,,,,,,,,,2020,11,25.28,0.113
2020306N15288,ETA,2020-11-04 21:00:00,13.9,-85.7, , ,,2020,102,1438.7287699430096,0,1153.8456288401935,,,,,,,,,2020,11,25.28,0.113
2020306N15288,ETA,2020-11-05 00:00:00,14.0,-86.0,30,1002,,2020,102,1441.347114182329,0,1151.1135814183492,,,,,,,,,2020,11,25.28,0.113
2020306N15288,ETA,2020-11-05 03:00:00,14.1,-86.3, , ,,2020,102,1444.709088919947,0,1149.4137434762044,,,,,,,,,2020,11,25.28,0.113
2020306N15288,ETA,2020-11-05 06:00:00,14.2,-86.7,25,1006,,2020,102,1453.6438425330575,0,1152.4362228893476,,,,,,,,,2020,11,25.28,0.113
2020306N15288,ETA,2020-11-05 09:00:00,14.3,-87.1, , ,,2020,102,1463.7741692514244,0,1156.867610562621,,,,,,,,,2020,11,25.28,0.113
2020306N15288,ETA,2020-11-05 12:00:00,14.5,-87.5,25,1005,,2020,102,1465.4490362588508,0,1152.277810991429,,,,,,,,,2020,11,25.28,0.113
2020306N15288,ETA,2020-11-05 15:00:00,14.9,-87.7, , ,,2020,102,1438.3570260356323,0,1119.2319230562512,,,,,,,,,2020,11,25.28,0.113
2020306N15288,ETA,2020-11-05 18:00:00,15.3,-87.8,30,1005,,2020,102,1406.5267794961185,0,1082.2701948323252,,,28.12082862854004,,,,,,2020,11,25.28,0.113
2020306N15288,ETA,2020-11-05 21:00:00,15.8,-87.8, , ,,2020,102,1360.225888210925,0,1030.6713075842383,28.463666915893555,0.3317909240722656,28.12082862854004,,,,,,2020,11,25.28,0.113
2020306N15288,ETA,2020-11-06 00:00:00,16.2,-87.8,30,1004,,2020,102,1323.692427049328,0,989.7936132038108,28.4566650390625,0.3205413818359375,28.134239196777344,,,,,,2020,11,25.28,0.113
2020306N15288,ETA,2020-11-06 03:00:00,16.5,-87.7, , ,,2020,102,1290.3496119533957,0,953.9434157117244,28.490999221801758,0.3350067138671875,28.134239196777344,,,,,,2020,11,25.28,0.113
2020306N15288,ETA,2020-11-06 06:00:00,16.7,-87.6,30,1004,,2020,102,1266.087974958774,0,928.2312709512172,28.525333404541016,0.36928558349609375,28.134239196777344,,,,,,2020,11,25.28,0.113
2020306N15288,ETA,2020-11-06 09:00:00,16.8,-87.5, , ,,2020,102,1250.833664346956,0,912.661714710338,28.580331802368164,0.43021583557128906,28.134239196777344,,,,,,2020,11,25.28,0.113
2020306N15288,ETA,2020-11-06 12:00:00,16.9,-87.4,30,1004,,2020,102,1235.585028522054,0,897.1053473456432,28.591333389282227,0.4189567565917969,28.200300216674805,,,,,,2020,11,25.28,0.113
2020306N15288,ETA,2020-11-06 15:00:00,17.0,-87.3, , ,,2020,102,1220.3421556947485,0,881.5630727192049,28.591333389282227,0.4189567565917969,28.200300216674805,,,,,,2020,11,25.28,0.113
2020306N15288,ETA,2020-11-06 18:00:00,17.1,-87.1,30,1004,,2020,102,1198.922564238181,0,860.8438327788373,28.678998947143555,0.4826374053955078,28.21487045288086,,,,,,2020,11,25.28,0.113
2020306N15288,ETA,2020-11-06 21:00:00,17.3,-86.8, , ,,2020,102,1162.4016513249276,0,824.9750013557942,28.709999084472656,0.49639320373535156,28.21487045288086,,,,,,2020,11,25.28,0.113
2020306N15288,ETA,2020-11-07 00:00:00,17.5,-86.4,30,1002,,2020,102,1120.0964712775303,0,784.9610302456633,28.69333267211914,0.4774951934814453,28.22406005859375,,,,,,2020,11,25.28,0.113
2020306N15288,ETA,2020-11-07 03:00:00,17.8,-85.8, , ,,2020,102,1057.4781924894778,0,726.4908437075218,28.628665924072266,0.39104270935058594,28.22406005859375,,,,,,2020,11,25.28,0.113
2020306N15288,ETA,2020-11-07 06:00:00,18.2,-85.1,35,1001,,2020,102,981.0905251305142,0,655.9706889917339,28.617666244506836,0.33513832092285156,28.301420211791992,,,,,,2020,11,25.28,0.113
2020306N15288,ETA,2020-11-07 09:00:00,18.7,-84.2, , ,,2020,102,886.8214971907747,0,573.4735846008488,28.646665573120117,0.2932319641113281,28.3682804107666,,,,,,2020,11,25.28,0.113
2020306N15288,ETA,2020-11-07 12:00:00,19.1,-83.2,45,997,,2020,102,802.5821790544851,0,512.3770948778489,28.858999252319336,0.5023155212402344,28.325908660888672,,,,,,2020,11,25.28,0.113
2020306N15288,ETA,2020-11-07 15:00:00,19.5,-82.3, , ,,2020,102,729.0650157267432,0,454.34839824483294,28.89033317565918,0.5475330352783203,28.331024169921875,,,,,,2020,11,25.28,0.113
2020306N15288,ETA,2020-11-07 18:00:00,19.8,-81.5,55,994,,2020,102,676.3234234345795,0,419.9619280073959,28.803665161132812,0.49767303466796875,28.331024169921875,,,,,,2020,11,25.28,0.113
2020306N15288,ETA,2020-11-07 21:00:00,20.1,-80.8, , ,,2020,102,632.6220133061208,0,395.6781252279447,28.740999221801758,0.4478111267089844,28.24517822265625,,,,,,2020,11,25.28,0.113
2020306N15288,ETA,2020-11-08 00:00:00,20.4,-80.2,55,991,,2020,102,596.1944276046083,0,375.87708967861454,28.69333267211914,0.41996192932128906,28.257333755493164,,,,,,2020,11,25.28,0.113
2020306N15288,ETA,2020-11-08 03:00:00,20.7,-79.8, , ,,2020,102,564.2559177995643,0,352.09099999282296,28.70800018310547,0.4852619171142578,28.257333755493164,,,,,,2020,11,25.28,0.113
2020306N15288,ETA,2020-11-08 06:00:00,21.1,-79.5,55,991,,2020,102,523.1365244464909,0,318.02494207616314,28.443998336791992,0.4589424133300781,28.13850212097168,,,,,,2020,11,25.28,0.113
2020306N15288,ETA,2020-11-08 08:55:00,21.5,-79.2,55,991,,2020,102,484.522895509497,0,283.38697464437416,27.84433364868164,0.3149070739746094,27.33292007446289,,,,,,2020,11,25.28,0.113
2020306N15288,ETA,2020-11-08 09:00:00,21.5,-79.2, , ,,2020,102,484.522895509497,0,283.38697464437416,27.84433364868164,0.3149070739746094,27.33292007446289,,,,,,2020,11,25.28,0.113
2020306N15288,ETA,2020-11-08 12:00:00,22.2,-79.0,50,993,,2020,102,414.1298235967175,0,207.98010185850163,,,27.09403419494629,,,,,,2020,11,25.28,0.113
2020306N15288,ETA,2020-11-08 15:00:00,22.9,-79.0, , ,,2020,102,340.34010214362064,0,129.01528848585406,27.69499969482422,0.7151031494140625,27.09403419494629,,,,,,2020,11,25.28,0.113
2020306N15288,ETA,2020-11-08 18:00:00,23.5,-79.2,55,993,,2020,102,270.7298017926174,0,53.79728865890264,27.494998931884766,0.6926727294921875,26.70778465270996,,,,,,2020,11,25.28,0.113
2020306N15288,ETA,2020-11-08 21:00:00,24.1,-79.6, , ,,2020,102,194.16847506628665,1,0.0,27.644332885742188,0.7908000946044922,27.252174377441406,,,,,,2020,11,25.28,0.113
2020306N15288,ETA,2020-11-09 00:00:00,24.5,-80.1,55,993,,2020,102,140.59866334880468,1,0.0,27.77433204650879,0.6077308654785156,27.252174377441406,,,,,,2020,11,25.28,0.113
2020306N15288,ETA,2020-11-09 03:00:00,24.8,-80.5, , ,,2020,102,111.33536654059183,1,0.0,26.996000289916992,0.6148128509521484,26.595136642456055,,,,,,2020,11,25.28,0.113
2020306N15288,ETA,2020-11-09 04:00:00,24.9,-80.7,55,993,,2020,102,108.5795058880969,1,0.0,26.996000289916992,0.6148128509521484,26.595136642456055,,,,,,2020,11,25.28,0.113
2020306N15288,ETA,2020-11-09 06:00:00,25.0,-81.4,55,992,,2020,102,148.00635784791896,1,0.0,25.862667083740234,0.043590545654296875,26.595136642456055,,,,,,2020,11,25.28,0.113
2020306N15288,ETA,2020-11-09 09:00:00,25.0,-82.2, , ,,2020,102,218.8017459869199,1,0.0,26.122333526611328,0.3633460998535156,26.14811134338379,,,,,,2020,11,25.28,0.113
2020306N15288,ETA,2020-11-09 12:00:00,24.9,-82.9,50,992,,2020,102,288.5486166772699,1,0.0,26.731332778930664,0.5797595977783203,26.442272186279297,,,,,,2020,11,25.28,0.113
2020306N15288,ETA,2020-11-09 15:00:00,24.6,-83.5, , ,,2020,102,357.0645582257166,1,0.0,27.30966567993164,0.6200370788574219,26.95958137512207,,,,,,2020,11,25.28,0.113
2020306N15288,ETA,2020-11-09 18:00:00,24.2,-84.1,45,995,,2020,102,430.46450898494487,1,0.0,28.042999267578125,0.8063278198242188,26.95958137512207,,,,,,2020,11,25.28,0.113
2020306N15288,ETA,2020-11-09 21:00:00,23.8,-84.6, , ,,2020,102,495.5674487670548,0,62.133200642125935,28.059999465942383,0.5791110992431641,27.703027725219727,,,,,,2020,11,25.28,0.113
2020306N15288,ETA,2020-11-10 00:00:00,23.4,-85.0,45,995,,2020,102,552.513083884685,0,125.3696360252675,28.115333557128906,0.394378662109375,27.703027725219727,,,,,,2020,11,25.28,0.113
2020306N15288,ETA,2020-11-10 03:00:00,23.2,-85.3, , ,,2020,102,590.1397283001879,0,166.57607783764965,28.185333251953125,0.4214916229248047,27.703027725219727,,,,,,2020,11,25.28,0.113
2020306N15288,ETA,2020-11-10 06:00:00,23.0,-85.4,45,995,,2020,102,610.2604561993462,0,189.28471534983933,28.205665588378906,0.396087646484375,27.85786247253418,,,,,,2020,11,25.28,0.113
2020306N15288,ETA,2020-11-10 09:00:00,22.7,-85.4, , ,,2020,102,628.2180609772167,0,211.73403036960624,28.260332107543945,0.4050140380859375,27.85786247253418,,,,,,2020,11,25.28,0.113
2020306N15288,ETA,2020-11-10 12:00:00,22.6,-85.3,50,992,,2020,102,626.0640488527365,0,211.4170118789856,28.260332107543945,0.4050140380859375,27.85786247253418,,,,,,2020,11,25.28,0.113
2020306N15288,ETA,2020-11-10 15:00:00,22.7,-85.2, , ,,2020,102,611.2792611420891,0,195.03592835219695,28.20866584777832,0.36455345153808594,27.85786247253418,,,,,,2020,11,25.28,0.113
2020306N15288,ETA,2020-11-10 18:00:00,22.9,-85.1,50,992,,2020,102,590.2938646141429,0,170.61630948550874,28.13399887084961,0.33094024658203125,27.85786247253418,,,,,,2020,11,25.28,0.113
2020306N15288,ETA,2020-11-10 21:00:00,23.1,-84.9, , ,,2020,102,560.9863673528937,0,138.0559809398577,28.051666259765625,0.30780601501464844,27.703027725219727,,,,,,2020,11,25.28,0.113
2020306N15288,ETA,2020-11-11 00:00:00,23.5,-84.6,55,990,,2020,102,511.58619479547974,0,81.6533818806061,28.047998428344727,0.3634357452392578,27.703027725219727,,,,,,2020,11,25.28,0.113
2020306N15288,ETA,2020-11-11 03:00:00,23.9,-84.4, , ,,2020,102,472.3969814994951,0,36.771458494953166,28.0939998626709,0.6563606262207031,27.620677947998047,,,,,,2020,11,25.28,0.113
2020306N15288,ETA,2020-11-11 06:00:00,24.5,-84.2,60,987,,2020,102,427.1696628897718,1,0.0,27.970666885375977,0.8917160034179688,26.95958137512207,,,,,,2020,11,25.28,0.113
2020306N15288,ETA,2020-11-11 09:00:00,25.1,-84.0, , ,,2020,102,389.4193275367328,1,0.0,27.30900001525879,0.6903476715087891,26.347684860229492,,,,,,2020,11,25.28,0.113
2020306N15288,ETA,2020-11-11 12:00:00,25.8,-83.9,65,983,,2020,102,371.3032750398043,0,30.176606418398983,26.656999588012695,0.5614070892333984,26.347684860229492,,,,,,2020,11,25.28,0.113
2020306N15288,ETA,2020-11-11 15:00:00,26.3,-83.8, , ,,2020,102,365.4352156916948,0,27.64492466839555,26.441333770751953,0.5975112915039062,25.88092613220215,,,,,,2020,11,25.28,0.113
2020306N15288,ETA,2020-11-11 18:00:00,26.8,-83.7,60,990,,2020,102,368.31582714789806,1,0.0,26.281665802001953,1.0559978485107422,25.88092613220215,,,,,,2020,11,25.28,0.113
2020306N15288,ETA,2020-11-11 21:00:00,27.4,-83.6, , ,,2020,102,384.74840482203007,1,0.0,26.0049991607666,1.2528324127197266,25.093809127807617,,,,,,2020,11,25.28,0.113
2020306N15288,ETA,2020-11-12 00:00:00,27.9,-83.5,55,992,,2020,102,405.28434964254626,1,0.0,25.28566551208496,1.1798343658447266,25.093809127807617,,,,,,2020,11,25.28,0.113
2020306N15288,ETA,2020-11-12 03:00:00,28.3,-83.4, , ,,2020,102,424.97471906957566,1,0.0,23.748332977294922,0.7177486419677734,22.27456283569336,,,,,,2020,11,25.28,0.113
2020306N15288,ETA,2020-11-12 06:00:00,28.7,-83.2,50,994,,2020,102,441.7814030123731,1,0.0,22.900665283203125,0.5731658935546875,22.27456283569336,,,,,,2020,11,25.28,0.113
2020306N15288,ETA,2020-11-12 09:00:00,29.1,-82.9, , ,,2020,102,457.3733392295909,1,0.0,22.202333450317383,,21.273645401000977,,,,,,2020,11,25.28,0.113
2020306N15288,ETA,2020-11-12 09:20:00,29.2,-82.9,45,996,,2020,102,466.3712545905183,1,0.0,22.202333450317383,,21.273645401000977,,,,,,2020,11,25.28,0.113
2020306N15288,ETA,2020-11-12 12:00:00,29.7,-82.5,40,1001,,2020,102,493.3006564696528,1,0.0,,,21.273645401000977,,,,,,2020,11,25.28,0.113
2020306N15288,ETA,2020-11-12 15:00:00,30.3,-81.9, , ,,2020,102,531.7332543095323,1,0.0,,,,,,,,,2020,11,25.28,0.113
2020306N15288,ETA,2020-11-12 18:00:00,30.9,-81.3,35,1003,,2020,102,581.5447036797857,1,0.0,21.96299934387207,,22.288686752319336,,,,,,2020,11,25.28,0.113
2020306N15288,ETA,2020-11-12 21:00:00,31.4,-80.7, , ,,2020,102,628.9081398068515,1,0.0,22.725000381469727,0.651214599609375,20.682886123657227,,,,,,2020,11,25.28,0.113
2020306N15288,ETA,2020-11-13 00:00:00,31.9,-79.9,40,1004,,2020,102,683.1383594400468,0,78.19531156462149,24.529998779296875,1.4589881896972656,23.80323600769043,,,,,,2020,11,25.28,0.113
2020306N15288,ETA,2020-11-13 03:00:00,32.3,-79.0, , ,,2020,102,736.1824604601342,0,188.58981378532667,25.55033302307129,1.7313499450683594,23.88992691040039,,,,,,2020,11,25.28,0.113
2020306N15288,ETA,2020-11-13 06:00:00,32.7,-78.0,40,1004,,2020,102,800.2143817217445,0,309.71356975423737,25.983999252319336,1.0662994384765625,25.57245635986328,,,,,,2020,11,25.28,0.113
2020306N15288,ETA,2020-11-13 09:00:00,33.3,-76.7, , ,,2020,102,903.5548339007444,0,474.21152894468526,26.097332000732422,1.0007362365722656,24.672929763793945,,,,,,2020,11,25.28,0.113
2020306N15288,ETA,2020-11-13 12:00:00,34.0,-75.3,40,1004,,2020,102,1029.952178002091,0,655.9275888411344,25.88166618347168,1.058725357055664,24.811193466186523,,,,,,2020,11,25.28,0.113
2020306N15288,ETA,2020-11-13 15:00:00,34.6,-73.9, , ,,2020,102,1153.2760043508588,0,830.9616022327738,24.100666046142578,0.1152801513671875,24.08411979675293,,,,,,2020,11,25.28,0.113
2020306N15288,ETA,2020-11-13 18:00:00,35.1,-72.5,40,1005,,2020,102,1272.5591637848916,0,999.592013618836,23.767332077026367,0.3384971618652344,23.617515563964844,,,,,,2020,11,25.28,0.113
2020306N15288,ETA,2020-11-13 21:00:00,35.5,-70.9, , ,,2020,102,1399.4951298254568,0,1181.3703460393724,23.91266632080078,0.7434215545654297,23.162153244018555,,,,,,2020,11,25.28,0.113
2020306N15288,ETA,2020-11-14 00:00:00,35.7,-69.2,35,1006,,2020,102,1522.625352384708,0,1362.100677486209,24.024999618530273,0.9031925201416016,23.10309600830078,,,,,,2020,11,25.28,0.113
2022154N21273,ALEX,2022-06-02 18:00:00,21.3,-87.5,30,1004,,2022,36,894.8116437261491,0,499.2202787357875,,,26.54144287109375,,,,,,2022,6,26.98,0.199
2022154N21273,ALEX,2022-06-02 21:00:00,21.5,-87.4, , ,,2022,36,873.6479692944491,0,475.6504754093432,,,27.578237533569336,,,,,,2022,6,26.98,0.199
2022154N21273,ALEX,2022-06-03 00:00:00,21.6,-87.3,30,1003,,2022,36,858.8492078642643,0,459.5324790972588,26.286998748779297,-0.9981098175048828,27.578237533569336,,,,,,2022,6,26.98,0.199
2022154N21273,ALEX,2022-06-03 03:00:00,21.7,-87.2, , ,,2022,36,844.0722961476814,0,443.42614334111335,26.823665618896484,-0.698883056640625,27.578237533569336,,,,,,2022,6,26.98,0.199
2022154N21273,ALEX,2022-06-03 06:00:00,21.9,-87.1,35,1003,,2022,36,823.2436878688961,0,420.2933920976512,26.92099952697754,-0.7493686676025391,27.578237533569336,,,,,,2022,6,26.98,0.199
2022154N21273,ALEX,2022-06-03 09:00:00,22.0,-87.0, , ,,2022,36,808.561552990309,0,404.2876976251135,26.92099952697754,-0.7493686676025391,27.578237533569336,,,,,,2022,6,26.98,0.199
2022154N21273,ALEX,2022-06-03 12:00:00,22.2,-86.9,35,1003,,2022,36,788.0409789050926,0,381.6650898466296,27.64033317565918,-0.33634376525878906,28.082489013671875,,,,,,2022,6,26.98,0.199
2022154N21273,ALEX,2022-06-03 15:00:00,22.4,-86.7, , ,,2022,36,758.9282092705838,0,349.90251881426485,28.18866539001465,-0.03479957580566406,28.082489013671875,,,,,,2022,6,26.98,0.199
2022154N21273,ALEX,2022-06-03 18:00:00,22.8,-86.3,35,1003,,2022,36,701.1172088647508,0,286.474882496187,28.39900016784668,-0.04487037658691406,28.565385818481445,,,,,,2022,6,26.98,0.199
2022154N21273,ALEX,2022-06-03 21:00:00,23.3,-85.8, , ,,2022,36,629.8011773766518,0,208.7319020000673,28.574665069580078,-0.015581130981445312,28.590160369873047,,,,,,2022,6,26.98,0.199
2022154N21273,ALEX,2022-06-04 00:00:00,23.9,-85.1,35,1003,,2022,36,536.7731891289492,0,108.0069690825793,28.67099952697754,0.11560630798339844,28.596683502197266,,,,,,2022,6,26.98,0.199
2022154N21273,ALEX,2022-06-04 03:00:00,24.4,-84.4, , ,,2022,36,450.01362855828233,0,16.618923923828767,28.521665573120117,0.13112258911132812,28.302284240722656,,,,,,2022,6,26.98,0.199
2022154N21273,ALEX,2022-06-04 06:00:00,25.0,-83.7,35,1003,,2022,36,362.4617368235916,1,0.0,28.567665100097656,0.3490104675292969,28.302284240722656,,,,,,2022,6,26.98,0.199
2022154N21273,ALEX,2022-06-04 09:00:00,25.6,-82.9, , ,,2022,36,271.9823262830652,1,0.0,28.569332122802734,0.4173774719238281,28.103515625,,,,,,2022,6,26.98,0.199
2022154N21273,ALEX,2022-06-04 12:00:00,26.2,-82.0,35,1002,,2022,36,187.1968066589256,1,0.0,29.19999885559082,0.7107772827148438,28.52607536315918,,,,,,2022,6,26.98,0.199
2022154N21273,ALEX,2022-06-04 15:00:00,26.7,-81.2, , ,,2022,36,144.90654231797964,1,0.0,,,,,,,,,2022,6,26.98,0.199
2022154N21273,ALEX,2022-06-04 18:00:00,27.2,-80.4,40,1001,,2022,36,161.26839070503885,1,0.0,,,27.714540481567383,,,,,,2022,6,26.98,0.199
2022154N21273,ALEX,2022-06-04 21:00:00,27.6,-79.6, , ,,2022,36,212.69699987704735,1,0.0,28.576000213623047,0.7508296966552734,27.714540481567383,,,,,,2022,6,26.98,0.199
2022154N21273,ALEX,2022-06-05 00:00:00,28.0,-78.8,40,999,,2022,36,284.59675138658093,0,27.79715120238545,27.98499870300293,0.08622550964355469,28.089609146118164,,,,,,2022,6,26.98,0.199
2022154N21273,ALEX,2022-06-05 03:00:00,28.4,-78.0, , ,,2022,36,364.8767947906504,0,128.02726168140842,27.545331954956055,0.17749786376953125,27.27013397216797,,,,,,2022,6,26.98,0.199
2022154N21273,ALEX,2022-06-05 06:00:00,28.8,-77.2,45,995,,2022,36,448.9075119918544,0,222.65078687649947,27.531665802001953,0.4708290100097656,27.09126853942871,,,,,,2022,6,26.98,0.199
2022154N21273,ALEX,2022-06-05 09:00:00,29.3,-76.2, , ,,2022,36,556.4333911598005,0,343.20728826421976,27.377666473388672,0.7000217437744141,26.60650062561035,,,,,,2022,6,26.98,0.199
2022154N21273,ALEX,2022-06-05 12:00:00,29.9,-75.0,50,993,,2022,36,687.1202762035642,0,491.93234590890575,27.074665069580078,0.7515869140625,26.376150131225586,,,,,,2022,6,26.98,0.199
2022154N21273,ALEX,2022-06-05 15:00:00,30.4,-73.8, , ,,2022,36,811.6235856986717,0,638.7820386402277,26.47333335876465,0.5980949401855469,25.860868453979492,,,,,,2022,6,26.98,0.199
2022154N21273,ALEX,2022-06-05 18:00:00,31.0,-72.5,60,985,,2022,36,951.0952888595644,0,800.7998317521655,25.529666900634766,0.0226287841796875,25.6683349609375,,,,,,2022,6,26.98,0.199
2022154N21273,ALEX,2022-06-05 21:00:00,31.6,-71.3, , ,,2022,36,1082.7130378667914,0,953.1158376548238,25.402666091918945,0.3565788269042969,25.038137435913086,,,,,,2022,6,26.98,0.199
2022154N21273,ALEX,2022-06-06 00:00:00,32.1,-70.2,60,984,,2022,36,1199.9350999560745,0,1090.8817549502148,24.74366569519043,0.06485176086425781,24.513103485107422,,,,,,2022,6,26.98,0.199
2022154N21273,ALEX,2022-06-06 03:00:00,32.6,-69.0, , ,,2022,36,1324.80925534801,0,1239.3121890090135,24.67966651916504,0.29366493225097656,24.411409378051758,,,,,,2022,6,26.98,0.199
2022154N21273,ALEX,2022-06-06 06:00:00,33.0,-67.8,55,987,,2022,36,1443.7183895672856,0,1383.0154522302828,24.4739990234375,0.2788200378417969,24.302465438842773,,,,,,2022,6,26.98,0.199
2022154N21273,ALEX,2022-06-06 09:00:00,33.4,-66.5, , ,,2022,36,1570.749872776238,0,1537.152701309273,24.312665939331055,0.33879852294921875,23.96430778503418,,,,,,2022,6,26.98,0.199
2022154N21273,ALEX,2022-06-06 12:00:00,33.8,-65.2,55,992,,2022,36,1697.7959734399726,0,1691.3893104984097,24.12966537475586,0.3304119110107422,23.854703903198242,,,,,,2022,6,26.98,0.199
2022154N21273,ALEX,2022-06-06 15:00:00,34.2,-63.7, , ,,2022,36,1841.192943563644,0,1866.4720854903771,23.81599998474121,0.11445045471191406,23.674856185913086,,,,,,2022,6,26.98,0.199
2022154N21273,ALEX,2022-06-06 18:00:00,34.7,-62.2,50,994,,2022,36,1989.24254124905,0,2046.5585991679768,22.865333557128906,-0.6220912933349609,23.492786407470703,,,,,,2022,6,26.98,0.199
