SID,NAME,ISO_TIME,LAT,LON,WMO_WIND,WMO_PRES,BASIN,SEASON,NUMBER,dist_to_miami_km,impact_next30,distance_km_poly
1981183N24281,UNNAMED,1981-07-02 06:00:00,24.0,-79.0,20, ,,1981,43,229.83708780495766,0,15.560768856166515
1981183N24281,UNNAMED,1981-07-02 09:00:00,24.4,-79.6, , ,,1981,43,162.72113275761367,1,0.0
1981183N24281,UNNAMED,1981-07-02 12:00:00,25.0,-80.0,25, ,,1981,43,86.86128873894148,1,0.0
1981183N24281,UNNAMED,1981-07-02 15:00:00,25.9,-80.2, , ,,1981,43,15.400141897022278,1,0.0
1981183N24281,UNNAMED,1981-07-02 18:00:00,26.8,-80.3,25, ,,1981,43,115.95655816767268,1,0.0
1981183N24281,UNNAMED,1981-07-02 21:00:00,27.4,-80.4, , ,,1981,43,183.34323726434295,1,0.0
1981183N24281,UNNAMED,1981-07-03 00:00:00,28.0,-80.5,25, ,,1981,43,250.7572336656916,1,0.0
1981183N24281,UNNAMED,1981-07-03 03:00:00,28.6,-80.7, , ,,1981,43,319.5813996051289,1,0.0
1981183N24281,UNNAMED,1981-07-03 06:00:00,29.2,-80.8,30, ,,1981,43,386.9980901922669,1,0.0
1981183N24281,UNNAMED,1981-07-03 09:00:00,30.1,-81.0, , ,,1981,43,488.88188841622195,1,0.0
1981183N24281,UNNAMED,1981-07-03 12:00:00,31.0,-81.0,30, ,,1981,43,587.8072521017518,1,0.0
1981183N24281,UNNAMED,1981-07-03 15:00:00,31.8,-80.8, , ,,1981,43,674.035048031373,0,7.229634834691177
1981183N24281,UNNAMED,1981-07-03 18:00:00,32.5,-80.5,25, ,,1981,43,749.8612106065766,0,104.70804780121908
1981183N24281,UNNAMED,1981-07-03 21:00:00,33.2,-80.2, , ,,1981,43,827.1016026726611,0,203.1716794752106
1981183N24281,UNNAMED,1981-07-04 00:00:00,34.0,-80.0, , ,,1981,43,916.2431494756062,0,311.15975215672137
1981219N11334,DENNIS,1981-08-07 06:00:00,10.5,-25.7,30,1009,,1981,59,5959.111609874693,0,6129.245393115257
1981219N11334,DENNIS,1981-08-07 09:00:00,10.7,-27.0, , ,,1981,59,5820.5121333340885,0,5983.8195324633425
1981219N11334,DENNIS,1981-08-07 12:00:00,10.8,-28.1,30,1008,,1981,59,5706.499674998208,0,5862.971498492943
1981219N11334,DENNIS,1981-08-07 15:00:00,10.9,-28.9, , ,,1981,59,5622.380282924105,0,5774.274211565122
1981219N11334,DENNIS,1981-08-07 18:00:00,11.0,-29.6,30,1007,,1981,59,5548.236140942696,0,5696.292540522486
1981219N11334,DENNIS,1981-08-07 21:00:00,11.1,-30.4, , ,,1981,59,5464.203361019126,0,5607.654331393984
1981219N11334,DENNIS,1981-08-08 00:00:00,11.3,-31.3,35,1006,,1981,59,5365.675992079336,0,5505.145604286014
1981219N11334,DENNIS,1981-08-08 03:00:00,11.5,-32.2, , ,,1981,59,5267.206838820833,0,5402.640612255509
1981219N11334,DENNIS,1981-08-08 06:00:00,11.7,-33.1,35,1005,,1981,59,5168.797627662401,0,5300.139689742118
1981219N11334,DENNIS,1981-08-08 09:00:00,11.8,-34.1, , ,,1981,59,5065.182544778248,0,5190.2805204584565
1981219N11334,DENNIS,1981-08-08 12:00:00,12.0,-35.0,35,1004,,1981,59,4966.905226161396,0,5087.811328872649
1981219N11334,DENNIS,1981-08-08 15:00:00,12.2,-35.8, , ,,1981,59,4878.5729713454275,0,4995.990681076233
1981219N11334,DENNIS,1981-08-08 18:00:00,12.5,-36.7,40,1003,,1981,59,4775.796504800808,0,4890.184554415556
1981219N11334,DENNIS,1981-08-08 21:00:00,12.7,-37.7, , ,,1981,59,4667.847722763645,0,4777.070730275408
1981219N11334,DENNIS,1981-08-09 00:00:00,12.8,-38.7,40,1002,,1981,59,4564.625352840073,0,4667.3774313492
1981219N11334,DENNIS,1981-08-09 03:00:00,13.0,-39.7, , ,,1981,59,4456.867072527296,0,4554.335012079149
1981219N11334,DENNIS,1981-08-09 06:00:00,13.1,-40.8,40,1001,,1981,59,4344.055332636252,0,4434.208628473753
1981219N11334,DENNIS,1981-08-09 09:00:00,13.2,-41.9, , ,,1981,59,4231.424199868802,0,4314.241793856108
1981219N11334,DENNIS,1981-08-09 12:00:00,13.3,-43.0,40,1001,,1981,59,4118.988622508983,0,4194.448223825172
1981219N11334,DENNIS,1981-08-09 15:00:00,13.4,-44.0, , ,,1981,59,4016.521690502643,0,4085.3702261447384
1981219N11334,DENNIS,1981-08-09 18:00:00,13.5,-45.0,40,1001,,1981,59,3914.235981301057,0,3976.447812649613
1981219N11334,DENNIS,1981-08-09 21:00:00,13.5,-46.0, , ,,1981,59,3817.038139741182,0,3871.551670817496
1981219N11334,DENNIS,1981-08-10 00:00:00,13.5,-47.0,40,1001,,1981,59,3720.1689428234627,0,3766.8969802055035
1981219N11334,DENNIS,1981-08-10 03:00:00,13.5,-48.0, , ,,1981,59,3623.6588566211785,0,3662.634039547296
1981219N11334,DENNIS,1981-08-10 06:00:00,13.5,-49.0,40,1002,,1981,59,3527.541417133569,0,3558.798591362077
1981219N11334,DENNIS,1981-08-10 09:00:00,13.5,-50.0, , ,,1981,59,3431.853628636756,0,3455.429174237523
1981219N11334,DENNIS,1981-08-10 12:00:00,13.5,-51.0,40,1004,,1981,59,3336.63642095171,0,3352.568895716218
1981219N11334,DENNIS,1981-08-10 15:00:00,13.5,-52.0, , ,,1981,59,3241.9351751434256,0,3250.2660938662943
1981219N11334,DENNIS,1981-08-10 18:00:00,13.6,-52.9,35,1006,,1981,59,3151.686876293212,0,3154.014497893501
1981219N11334,DENNIS,1981-08-10 21:00:00,13.7,-53.9, , ,,1981,59,3052.408452447373,0,3047.9477659143445
1981219N11334,DENNIS,1981-08-11 00:00:00,13.8,-54.9,30,1007,,1981,59,2953.585049736022,0,2942.2946199859975
1981219N11334,DENNIS,1981-08-11 03:00:00,13.9,-55.7, , ,,1981,59,2873.735299042393,0,2856.9798832725555
1981219N11334,DENNIS,1981-08-11 06:00:00,14.0,-56.5,30,1008,,1981,59,2794.1982228068982,0,2771.941705864259
1981219N11334,DENNIS,1981-08-11 09:00:00,14.1,-57.4, , ,,1981,59,2705.863651208824,0,2677.295284842556
1981219N11334,DENNIS,1981-08-11 12:00:00,14.3,-58.3,30,1009,,1981,59,2612.0162740229994,0,2577.765004253005
1981219N11334,DENNIS,1981-08-11 15:00:00,14.4,-59.2, , ,,1981,59,2524.604876229904,0,2483.953742353381
1981219N11334,DENNIS,1981-08-11 18:00:00,14.6,-60.1,30,1010,,1981,59,2431.5741109905757,0,2385.0890590357276
1981219N11334,DENNIS,1981-08-11 21:00:00,14.7,-61.0, , ,,1981,59,2345.272090656465,0,2292.315529582779
1981219N11334,DENNIS,1981-08-12 00:00:00,14.9,-61.9,25,1010,,1981,59,2253.2380641663012,0,2194.3108555331128
1981219N11334,DENNIS,1981-08-12 03:00:00,15.1,-62.8, , ,,1981,59,2161.731024604481,0,2096.5892876270177
1981219N11334,DENNIS,1981-08-12 06:00:00,15.2,-63.8,25,1011,,1981,59,2068.935685696574,0,1996.1255133925963
1981219N11334,DENNIS,1981-08-12 09:00:00,15.3,-64.8, , ,,1981,59,1977.3895796557003,0,1896.9411869044857
1981219N11334,DENNIS,1981-08-12 12:00:00,15.4,-65.7,25,1011,,1981,59,1895.499356386109,0,1808.2680991449402
1981219N11334,DENNIS,1981-08-12 15:00:00,15.5,-66.7, , ,,1981,59,1806.8133546659374,0,1711.8917296570517
1981219N11334,DENNIS,1981-08-12 18:00:00,15.6,-67.6,25,1011,,1981,59,1727.8126801394383,0,1625.8622262401516
1981219N11334,DENNIS,1981-08-12 21:00:00,15.7,-68.6, , ,,1981,59,1642.857011778556,0,1533.2375958515809
1981219N11334,DENNIS,1981-08-13 00:00:00,15.8,-69.5,15, ,,1981,59,1567.6611105618713,0,1451.1395039708484
1981219N11334,DENNIS,1981-08-13 03:00:00,15.8,-70.4, , ,,1981,59,1503.0535548127857,0,1379.4528254850734
1981219N11334,DENNIS,1981-08-13 06:00:00,15.9,-71.2,15, ,,1981,59,1439.586724130607,0,1310.1780155296976
1981219N11334,DENNIS,1981-08-13 09:00:00,16.0,-72.0, , ,,1981,59,1378.3451128261333,0,1242.8832081227729
1981219N11334,DENNIS,1981-08-13 12:00:00,16.1,-72.8,15, ,,1981,59,1319.630839201599,0,1178.5718980605704
1981219N11334,DENNIS,1981-08-13 15:00:00,16.2,-73.6, , ,,1981,59,1263.7879585770281,0,1117.0918436313136
1981219N11334,DENNIS,1981-08-13 18:00:00,16.4,-74.4,15, ,,1981,59,1201.4676426707363,0,1049.518449365623
1981219N11334,DENNIS,1981-08-13 21:00:00,16.6,-75.1, , ,,1981,59,1147.0168955898014,0,990.3339126139028
1981219N11334,DENNIS,1981-08-14 00:00:00,16.8,-75.7,15, ,,1981,59,1099.522748854077,0,939.1169762493681
1981219N11334,DENNIS,1981-08-14 03:00:00,17.1,-76.4, , ,,1981,59,1039.8242708493312,0,874.8611435568544
1981219N11334,DENNIS,1981-08-14 06:00:00,17.4,-77.0,15, ,,1981,59,986.4692496650857,0,817.8785401359344
1981219N11334,DENNIS,1981-08-14 09:00:00,17.7,-77.5, , ,,1981,59,938.4490804177284,0,766.5497547392997
1981219N11334,DENNIS,1981-08-14 12:00:00,18.0,-78.0,15, ,,1981,59,892.1360331272076,0,717.3506152987865
1981219N11334,DENNIS,1981-08-14 15:00:00,18.4,-78.4, , ,,1981,59,839.103951748534,0,660.0594781077406
1981219N11334,DENNIS,1981-08-14 18:00:00,18.8,-78.8,15, ,,1981,59,787.2163275855331,0,600.4947864267497
1981219N11334,DENNIS,1981-08-14 21:00:00,19.1,-79.2, , ,,1981,59,747.7167492793997,0,552.7280279145251
1981219N11334,DENNIS,1981-08-15 00:00:00,19.5,-79.5,15, ,,1981,59,699.8746271408515,0,498.0832251293185
1981219N11334,DENNIS,1981-08-15 03:00:00,19.9,-79.8, , ,,1981,59,653.0252710065387,0,443.87549547764235
1981219N11334,DENNIS,1981-08-15 06:00:00,20.3,-80.0,15, ,,1981,59,607.630037309758,0,392.49225862713945
1981219N11334,DENNIS,1981-08-15 09:00:00,20.7,-80.3, , ,,1981,59,562.9438254476411,0,338.5711156069149
1981219N11334,DENNIS,1981-08-15 12:00:00,21.0,-80.5,15, ,,1981,59,530.4096294930274,0,298.71246979460625
1981219N11334,DENNIS,1981-08-15 15:00:00,21.3,-80.7, , ,,1981,59,498.81423530390197,0,258.8921699958544
1981219N11334,DENNIS,1981-08-15 18:00:00,21.7,-80.8,30,1007,,1981,59,455.8612135523594,0,209.82371102480482
1981219N11334,DENNIS,1981-08-15 21:00:00,22.1,-80.9, , ,,1981,59,413.4723557300275,0,160.6325566011099
1981219N11334,DENNIS,1981-08-16 00:00:00,22.4,-81.0,35,1005,,1981,59,382.6982585543331,0,122.90921175549
1981219N11334,DENNIS,1981-08-16 03:00:00,22.7,-81.1, , ,,1981,59,352.67615511043596,0,85.07554440537214
1981219N11334,DENNIS,1981-08-16 06:00:00,23.0,-81.2,35,1003,,1981,59,323.6130878844363,0,47.16683276175591
1981219N11334,DENNIS,1981-08-16 09:00:00,23.4,-81.3, , ,,1981,59,285.5131254819688,1,0.0
1981219N11334,DENNIS,1981-08-16 12:00:00,23.8,-81.4,35,1001,,1981,59,249.91309046288464,1,0.0
1981219N11334,DENNIS,1981-08-16 15:00:00,24.2,-81.4, , ,,1981,59,212.09327795164896,1,0.0
1981219N11334,DENNIS,1981-08-16 18:00:00,24.5,-81.3,35,1000,,1981,59,179.24197043503193,1,0.0
1981219N11334,DENNIS,1981-08-16 21:00:00,24.7,-81.3, , ,,1981,59,162.36400061104484,1,0.0
1981219N11334,DENNIS,1981-08-17 00:00:00,24.9,-81.3,35,998,,1981,59,146.92004049835236,1,0.0
1981219N11334,DENNIS,1981-08-17 03:00:00,25.0,-81.3, , ,,1981,59,139.88604266719543,1,0.0
1981219N11334,DENNIS,1981-08-17 06:00:00,25.2,-81.2,35,999,,1981,59,118.92301988575302,1,0.0
1981219N11334,DENNIS,1981-08-17 09:00:00,25.5,-81.2, , ,,1981,59,105.18055590882958,1,0.0
1981219N11334,DENNIS,1981-08-17 12:00:00,25.8,-81.2,35,999,,1981,59,101.03763565037015,1,0.0
1981219N11334,DENNIS,1981-08-17 15:00:00,26.0,-81.2, , ,,1981,59,104.28503152307216,1,0.0
1981219N11334,DENNIS,1981-08-17 18:00:00,26.2,-81.2,35,1001,,1981,59,111.94281536845382,1,0.0
1981219N11334,DENNIS,1981-08-17 21:00:00,26.4,-81.2, , ,,1981,59,123.1912422009311,1,0.0
1981219N11334,DENNIS,1981-08-18 00:00:00,26.5,-81.2,35,1003,,1981,59,129.88234897067926,1,0.0
1981219N11334,DENNIS,1981-08-18 03:00:00,26.6,-81.2, , ,,1981,59,137.1496719820648,1,0.0
1981219N11334,DENNIS,1981-08-18 06:00:00,26.8,-81.1,35,1004,,1981,59,146.72487142419527,1,0.0
1981219N11334,DENNIS,1981-08-18 09:00:00,27.0,-81.0, , ,,1981,59,159.50079472999315,1,0.0
1981219N11334,DENNIS,1981-08-18 12:00:00,27.2,-81.0,35,1005,,1981,59,179.0194841666611,1,0.0
1981219N11334,DENNIS,1981-08-18 15:00:00,27.3,-81.0, , ,,1981,59,189.00428883898823,1,0.0
1981219N11334,DENNIS,1981-08-18 18:00:00,27.6,-81.0,35,1005,,1981,59,219.61374098105767,1,0.0
1981219N11334,DENNIS,1981-08-18 21:00:00,28.1,-80.9, , ,,1981,59,269.31704151564423,1,0.0
1981219N11334,DENNIS,1981-08-19 00:00:00,28.7,-80.8,35,1004,,1981,59,332.2095895234494,1,0.0
1981219N11334,DENNIS,1981-08-19 03:00:00,29.2,-80.8, , ,,1981,59,386.9980901922669,1,0.0
1981219N11334,DENNIS,1981-08-19 06:00:00,29.7,-80.8,40,1003,,1981,59,441.98846082069406,1,0.0
1981219N11334,DENNIS,1981-08-19 09:00:00,30.3,-80.9, , ,,1981,59,509.3961817075848,1,0.0
1981219N11334,DENNIS,1981-08-19 12:00:00,31.0,-80.8,40,1002,,1981,59,585.4995538410507,1,0.0
1981219N11334,DENNIS,1981-08-19 15:00:00,31.6,-80.4, , ,,1981,59,649.5064521541434,0,10.971673583039232
1981219N11334,DENNIS,1981-08-19 18:00:00,32.2,-79.9,45,1001,,1981,59,716.4676081684154,0,106.53809358029147
1981219N11334,DENNIS,1981-08-19 21:00:00,32.8,-79.4, , ,,1981,59,786.3727999550636,0,202.99789158165225
1981219N11334,DENNIS,1981-08-20 00:00:00,33.4,-78.8,50,999,,1981,59,859.907033653696,0,306.9882648628186
1981219N11334,DENNIS,1981-08-20 03:00:00,34.1,-78.0, , ,,1981,59,950.846219627677,0,435.9908053420216
1981219N11334,DENNIS,1981-08-20 06:00:00,34.7,-77.0,55,998,,1981,59,1039.934717957914,0,570.6255143726996
1981219N11334,DENNIS,1981-08-20 09:00:00,35.1,-76.1, , ,,1981,59,1109.6894187485955,0,679.1884897342464
1981219N11334,DENNIS,1981-08-20 12:00:00,35.5,-75.2,60,997,,1981,59,1183.009706165353,0,789.4255814214021
1981219N11334,DENNIS,1981-08-20 15:00:00,35.9,-74.2, , ,,1981,59,1263.4568467004126,0,909.0510810432786
1981219N11334,DENNIS,1981-08-20 18:00:00,36.3,-73.0,65,995,,1981,59,1356.3782655473385,0,1046.9349659833958
1981219N11334,DENNIS,1981-08-20 21:00:00,36.7,-71.7, , ,,1981,59,1458.3421933396035,0,1195.512306993014
1981219N11334,DENNIS,1981-08-21 00:00:00,37.1,-70.4,70,995,,1981,59,1563.9927998055707,0,1345.4614259689372
1981219N11334,DENNIS,1981-08-21 03:00:00,37.5,-69.2, , ,,1981,59,1666.6111712772235,0,1487.1922438477989
1981219N11334,DENNIS,1981-08-21 06:00:00,37.8,-68.0,55,998,,1981,59,1762.9393575770773,0,1621.9887927202915
1981219N11334,DENNIS,1981-08-21 09:00:00,38.0,-66.7, , ,,1981,59,1859.905437056475,0,1759.9158382373762
1981219N11334,DENNIS,1981-08-21 12:00:00,38.1,-65.4,45,1000,,1981,59,1952.2796438047908,0,1892.1758145240206
1981219N11334,DENNIS,1981-08-21 15:00:00,38.3,-64.1, , ,,1981,59,2054.391765964841,0,2032.6654268183004
1981219N11334,DENNIS,1981-08-21 18:00:00,38.4,-62.8,40,1003,,1981,59,2151.785224152539,0,2167.70114433401
1981219N11334,DENNIS,1981-08-21 21:00:00,38.2,-61.3, , ,,1981,59,2247.793792203702,0,2306.3720068548664
1981219N11334,DENNIS,1981-08-22 00:00:00,37.8,-59.7,35,1005,,1981,59,2345.7683664129827,0,2448.1625056288076
1984270N23287,ISIDORE,1984-09-25 12:00:00,23.4,-73.0,30,1003,,1984,86,773.0264459274609,0,653.494736874664
1984270N23287,ISIDORE,1984-09-25 15:00:00,23.7,-73.4, , ,,1984,86,723.1186455205909,0,601.6921308026466
1984270N23287,ISIDORE,1984-09-25 18:00:00,23.9,-73.9,30,1003,,1984,86,667.7349698805771,0,542.226166093197
1984270N23287,ISIDORE,1984-09-25 21:00:00,24.1,-74.4, , ,,1984,86,612.4658175204601,0,483.07260534460437
1984270N23287,ISIDORE,1984-09-26 00:00:00,24.3,-74.9,30,1002,,1984,86,557.3254839994771,0,424.3279644799157
1984270N23287,ISIDORE,1984-09-26 03:00:00,24.4,-75.5, , ,,1984,86,496.1401503256457,0,356.466304604788
1984270N23287,ISIDORE,1984-09-26 06:00:00,24.5,-76.0,30,1002,,1984,86,444.6660910129297,0,299.61468724941386
1984270N23287,ISIDORE,1984-09-26 09:00:00,24.6,-76.5, , ,,1984,86,393.2947946325975,0,242.76513731497286
1984270N23287,ISIDORE,1984-09-26 12:00:00,24.7,-77.0,40,1001,,1984,86,342.05571174939314,0,185.9813112249214
1984270N23287,ISIDORE,1984-09-26 15:00:00,24.8,-77.4, , ,,1984,86,300.37174181225623,0,140.48177245127482
1984270N23287,ISIDORE,1984-09-26 18:00:00,25.0,-77.7,45,1000,,1984,86,264.2655140341471,0,106.01957805428468
1984270N23287,ISIDORE,1984-09-26 21:00:00,25.2,-78.1, , ,,1984,86,219.06165767207565,0,62.988329601691646
1984270N23287,ISIDORE,1984-09-27 00:00:00,25.4,-78.4,45,999,,1984,86,184.15279148318538,0,29.455876460183354
1984270N23287,ISIDORE,1984-09-27 03:00:00,25.6,-78.8, , ,,1984,86,140.62755623843688,1,0.0
1984270N23287,ISIDORE,1984-09-27 06:00:00,25.8,-79.1,50,1000,,1984,86,109.40132006846228,1,0.0
1984270N23287,ISIDORE,1984-09-27 09:00:00,26.1,-79.5, , ,,1984,86,78.74581655073277,1,0.0
1984270N23287,ISIDORE,1984-09-27 12:00:00,26.4,-79.8,50,1000,,1984,86,81.04741685376628,1,0.0
1984270N23287,ISIDORE,1984-09-27 15:00:00,26.9,-80.1, , ,,1984,86,126.90336355680932,1,0.0
1984270N23287,ISIDORE,1984-09-27 18:00:00,27.3,-80.5,45,1001,,1984,86,173.77721589686774,1,0.0
1984270N23287,ISIDORE,1984-09-27 21:00:00,27.6,-81.0, , ,,1984,86,219.61374098105767,1,0.0
1984270N23287,ISIDORE,1984-09-28 00:00:00,27.8,-81.5,45,1002,,1984,86,261.20963316162823,1,0.0
1984270N23287,ISIDORE,1984-09-28 03:00:00,28.1,-82.0, , ,,1984,86,315.7985526464828,1,0.0
1984270N23287,ISIDORE,1984-09-28 06:00:00,28.5,-82.3,45,1002,,1984,86,369.08077835993646,1,0.0
1984270N23287,ISIDORE,1984-09-28 09:00:00,29.0,-82.3, , ,,1984,86,415.89378128113003,1,0.0
1984270N23287,ISIDORE,1984-09-28 12:00:00,29.5,-82.1,45,1002,,1984,86,456.1843423185903,1,0.0
1984270N23287,ISIDORE,1984-09-28 15:00:00,29.8,-82.0, , ,,1984,86,482.96474386228,1,0.0
1984270N23287,ISIDORE,1984-09-28 18:00:00,30.1,-81.9,45,1001,,1984,86,510.72910747484406,1,0.0
1984270N23287,ISIDORE,1984-09-28 21:00:00,30.4,-81.7, , ,,1984,86,536.539082976157,1,0.0
1984270N23287,ISIDORE,1984-09-29 00:00:00,30.7,-81.4,45,1004,,1984,86,561.7117524454889,1,0.0
1984270N23287,ISIDORE,1984-09-29 03:00:00,31.0,-81.0, , ,,1984,86,587.8072521017518,1,0.0
1984270N23287,ISIDORE,1984-09-29 06:00:00,31.3,-80.5,45,1005,,1984,86,616.5653571592112,1,0.0
1984270N23287,ISIDORE,1984-09-29 09:00:00,31.7,-79.9, , ,,1984,86,660.9204921833776,0,61.20425241634825
1984270N23287,ISIDORE,1984-09-29 12:00:00,32.2,-79.3,45,1004,,1984,86,721.1321208035378,0,154.33479170039166
1984270N23287,ISIDORE,1984-09-29 15:00:00,32.5,-78.6, , ,,1984,86,765.0155275543275,0,240.07366548427638
1984270N23287,ISIDORE,1984-09-29 18:00:00,32.8,-77.8,45,1002,,1984,86,816.1974926801965,0,335.53934351161234
1984270N23287,ISIDORE,1984-09-29 21:00:00,33.2,-77.0, , ,,1984,86,882.7698942032104,0,439.0149266796631
1984270N23287,ISIDORE,1984-09-30 00:00:00,33.6,-76.2,50,1000,,1984,86,952.8318272822572,0,542.7027832867923
1984270N23287,ISIDORE,1984-09-30 03:00:00,34.0,-75.3, , ,,1984,86,1029.952178002091,0,655.9275888411344
1984270N23287,ISIDORE,1984-09-30 06:00:00,34.3,-74.4,40,1005,,1984,86,1100.4757390464488,0,762.3728353147457
1984270N23287,ISIDORE,1984-09-30 09:00:00,34.6,-73.5, , ,,1984,86,1173.8022259282875,0,869.2685917106932
1984270N23287,ISIDORE,1984-09-30 12:00:00,34.8,-72.5,40,1007,,1984,86,1246.2248761606634,0,979.3780948514158
1984270N23287,ISIDORE,1984-09-30 15:00:00,35.0,-71.5, , ,,1984,86,1321.745891279469,0,1090.377386828184
1984270N23287,ISIDORE,1984-09-30 18:00:00,35.3,-70.4,40,1007,,1984,86,1414.1187116778997,0,1218.084189804933
1984270N23287,ISIDORE,1984-09-30 21:00:00,35.5,-69.1, , ,,1984,86,1514.049220645614,0,1360.4567948332462
1984270N23287,ISIDORE,1984-10-01 00:00:00,35.8,-67.7,30,1007,,1984,86,1631.2556407309787,0,1519.35110469106
1984270N23287,ISIDORE,1984-10-01 03:00:00,36.1,-66.4, , ,,1984,86,1743.5628340595108,0,1668.3982371930545
1984270N23287,ISIDORE,1984-10-01 06:00:00,36.4,-65.0,30,1008,,1984,86,1864.533834436424,0,1828.0068627267524
1984270N23287,ISIDORE,1984-10-01 09:00:00,36.6,-63.6, , ,,1984,86,1980.7673253231444,0,1982.7678306361995
1984270N23287,ISIDORE,1984-10-01 12:00:00,36.8,-62.1,25,1012,,1984,86,2106.285387309253,0,2148.4774252823495
1984299N26289,UNNAMED,1984-10-25 06:00:00,26.2,-71.4,20, ,,1984,99,879.9886478345791,0,776.4813296266874
1984299N26289,UNNAMED,1984-10-25 09:00:00,26.5,-72.2, , ,,1984,99,801.8976595221684,0,688.2270344384746
1984299N26289,UNNAMED,1984-10-25 12:00:00,26.8,-73.0,25, ,,1984,99,726.1586030199273,0,601.6998656609368
1984299N26289,UNNAMED,1984-10-25 15:00:00,27.0,-73.8, , ,,1984,99,651.3532335493477,0,516.3952751401275
1984299N26289,UNNAMED,1984-10-25 18:00:00,27.0,-74.6,25, ,,1984,99,573.7330716771884,0,428.3191430701823
1984299N26289,UNNAMED,1984-10-25 21:00:00,27.0,-75.4, , ,,1984,99,496.7565156774327,0,340.6224385480992
1984299N26289,UNNAMED,1984-10-26 00:00:00,26.9,-76.2,30, ,,1984,99,417.44029405838137,0,250.89418641218177
1984299N26289,UNNAMED,1984-10-26 03:00:00,26.9,-77.1, , ,,1984,99,333.0926939716893,0,153.62566913964977
1984299N26289,UNNAMED,1984-10-26 06:00:00,26.9,-77.9,30, ,,1984,99,261.11580346474506,0,69.30686889703314
1984299N26289,UNNAMED,1984-10-26 09:00:00,26.9,-78.5, , ,,1984,99,210.82051866507635,0,9.71106517363132
1984299N26289,UNNAMED,1984-10-26 12:00:00,27.0,-79.2,30, ,,1984,99,169.46877250184244,1,0.0
1984299N26289,UNNAMED,1984-10-26 15:00:00,27.1,-80.1, , ,,1984,99,149.09261530418385,1,0.0
1984299N26289,UNNAMED,1984-10-26 18:00:00,27.2,-81.1,25, ,,1984,99,183.70647211267578,1,0.0
1984299N26289,UNNAMED,1984-10-26 21:00:00,27.5,-82.1, , ,,1984,99,270.7973157578238,1,0.0
1984299N26289,UNNAMED,1984-10-27 00:00:00,27.8,-83.0,25, ,,1984,99,359.2508873054503,1,0.0
1984299N26289,UNNAMED,1984-10-27 03:00:00,27.9,-83.9, , ,,1984,99,438.038718520152,1,0.0
1984299N26289,UNNAMED,1984-10-27 06:00:00,28.0,-84.8,25, ,,1984,99,520.3483447778934,0,53.599223099188826
1984299N26289,UNNAMED,1984-10-27 09:00:00,28.2,-85.7, , ,,1984,99,609.3455113969092,0,40.21136790680881
1984299N26289,UNNAMED,1984-10-27 12:00:00,28.5,-86.5,30, ,,1984,99,694.4028749110543,0,45.79132491513442
1984299N26289,UNNAMED,1984-10-27 15:00:00,28.9,-87.2, , ,,1984,99,775.0437401218942,0,30.142154525430854
1984299N26289,UNNAMED,1984-10-27 18:00:00,29.5,-87.8,30, ,,1984,99,856.7471400158947,1,0.0
1984299N26289,UNNAMED,1984-10-27 21:00:00,30.1,-88.4, , ,,1984,99,939.2322520236876,1,0.0
1984299N26289,UNNAMED,1984-10-28 00:00:00,30.8,-89.0, , ,,1984,99,1027.8978217661488,0,1.9734965853211595
1984329N27281,UNNAMED,1984-11-23 12:00:00,26.5,-79.5,20, ,,1984,108,107.28042836562813,1,0.0
1984329N27281,UNNAMED,1984-11-23 15:00:00,26.7,-79.2, , ,,1984,108,143.77620875465342,1,0.0
1984329N27281,UNNAMED,1984-11-23 18:00:00,26.8,-78.8,20, ,,1984,108,180.5102276730125,1,0.0
1984329N27281,UNNAMED,1984-11-23 21:00:00,26.8,-78.3, , ,,1984,108,221.13967251214342,0,23.595389661315902
1984329N27281,UNNAMED,1984-11-24 00:00:00,26.7,-77.7,25, ,,1984,108,269.5453090182667,0,82.75556387497905
1984329N27281,UNNAMED,1984-11-24 03:00:00,26.6,-77.2, , ,,1984,108,312.7459576377748,0,134.68568713074526
1984329N27281,UNNAMED,1984-11-24 06:00:00,26.4,-76.7,25, ,,1984,108,355.8707093671512,0,187.2825424252273
1984329N27281,UNNAMED,1984-11-24 09:00:00,26.2,-76.3, , ,,1984,108,392.04026625835456,0,231.0374789962919
1984329N27281,UNNAMED,1984-11-24 12:00:00,26.0,-75.8,25, ,,1984,108,440.14389967692114,0,287.76749225883594
1984329N27281,UNNAMED,1984-11-24 15:00:00,25.9,-75.0, , ,,1984,108,519.8138430304068,0,377.3895953434262
1984329N27281,UNNAMED,1984-11-24 18:00:00,25.8,-74.0,30, ,,1984,108,619.9241540393604,0,489.3121400921763
1984329N27281,UNNAMED,1984-11-24 21:00:00,25.8,-73.2, , ,,1984,108,699.9989729552342,0,578.144204286522
1984329N27281,UNNAMED,1984-11-25 00:00:00,25.8,-72.3,30, ,,1984,108,790.0757671593175,0,678.1503665772027
1984329N27281,UNNAMED,1984-11-25 03:00:00,25.8,-71.4, , ,,1984,108,880.1435971430468,0,778.1973677030285
1984329N27281,UNNAMED,1984-11-25 06:00:00,25.9,-70.4,30, ,,1984,108,979.9037534865034,0,888.7353932850016
1984329N27281,UNNAMED,1984-11-25 09:00:00,26.0,-69.5, , ,,1984,108,1069.6647111040702,0,988.3920764259459
1984329N27281,UNNAMED,1984-11-25 12:00:00,26.0,-68.6,30, ,,1984,108,1159.5958367063415,0,1088.5416174930074
1984329N27281,UNNAMED,1984-11-25 15:00:00,26.0,-67.7, , ,,1984,108,1249.5168541372045,0,1188.6975630143927
1984329N27281,UNNAMED,1984-11-25 18:00:00,26.0,-66.8,30, ,,1984,108,1339.4259285747455,0,1288.8584199390525
1984329N27281,UNNAMED,1984-11-25 21:00:00,26.0,-65.8, , ,,1984,108,1439.3088850954186,0,1400.1527392699186
1984329N27281,UNNAMED,1984-11-26 00:00:00,26.0,-64.8,30, ,,1984,108,1539.1729655777185,0,1511.450765980577
1984329N27281,UNNAMED,1984-11-26 03:00:00,26.0,-63.8, , ,,1984,108,1639.0162073010329,0,1622.7517372483192
1984329N27281,UNNAMED,1984-11-26 06:00:00,26.0,-62.8,30, ,,1984,108,1738.8367359296994,0,1734.0550860807593
1984329N27281,UNNAMED,1984-11-26 09:00:00,26.0,-61.9, , ,,1984,108,1828.654292005771,0,1834.2297751216333
1984329N27281,UNNAMED,1984-11-26 12:00:00,26.1,-61.0,30, ,,1984,108,1917.8151463827344,0,1934.2624965080652
1984329N27281,UNNAMED,1984-11-26 15:00:00,26.1,-60.0, , ,,1984,108,2017.5099374552487,0,2045.5783066869813
1984329N27281,UNNAMED,1984-11-26 18:00:00,26.1,-59.0,30, ,,1984,108,2117.1760721840146,0,2156.8944967800553
1984329N27281,UNNAMED,1984-11-26 21:00:00,26.3,-58.3, , ,,1984,108,2185.534755476041,0,2234.7737830973338
1984329N27281,UNNAMED,1984-11-27 00:00:00,26.5,-57.5,30, ,,1984,108,2263.8713835341855,0,2324.0529572427836
1984329N27281,UNNAMED,1984-11-27 03:00:00,26.8,-56.4, , ,,1984,108,2371.4402060830876,0,2447.2875789234504
1984329N27281,UNNAMED,1984-11-27 06:00:00,27.1,-55.4,30, ,,1984,108,2469.0868588204617,0,2559.8725768317986
1984329N27281,UNNAMED,1984-11-27 09:00:00,27.5,-54.6, , ,,1984,108,2546.6475641276556,0,2651.255120077361
1984329N27281,UNNAMED,1984-11-27 12:00:00,28.0,-54.0,30, ,,1984,108,2604.6321519056924,0,2721.9993459203174
1984329N27281,UNNAMED,1984-11-27 15:00:00,28.4,-53.5, , ,,1984,108,2653.408915578976,0,2781.715004475133
1984329N27281,UNNAMED,1984-11-27 18:00:00,28.9,-52.9,30, ,,1984,108,2712.4088338886413,0,2854.6505677294595
1984329N27281,UNNAMED,1984-11-27 21:00:00,29.4,-52.0, , ,,1984,108,2800.938162381918,0,2961.8174404400906
1984329N27281,UNNAMED,1984-11-28 00:00:00,30.0,-51.0,30, ,,1984,108,2899.6137958823056,0,3082.7777732434897
1984329N27281,UNNAMED,1984-11-28 03:00:00,30.6,-50.2, , ,,1984,108,2979.3138853899077,0,3182.7416060239157
1984329N27281,UNNAMED,1984-11-28 06:00:00,31.1,-49.5,25, ,,1984,108,3049.1345328662715,0,3270.67375220527
1985202N26275,BOB,1985-07-21 06:00:00,26.0,-85.0,25,1012,,1985,55,481.7261146484109,0,135.97975331950502
1985202N26275,BOB,1985-07-21 09:00:00,25.9,-85.0, , ,,1985,55,481.44641644722503,0,128.92051548128165
1985202N26275,BOB,1985-07-21 12:00:00,25.8,-84.9,25,1011,,1985,55,471.4122932037188,0,112.92068146200734
1985202N26275,BOB,1985-07-21 15:00:00,25.7,-84.8, , ,,1985,55,461.62726243732493,0,96.93238377398279
1985202N26275,BOB,1985-07-21 18:00:00,25.6,-84.7,25,1011,,1985,55,452.10812828057846,0,80.94958214161127
1985202N26275,BOB,1985-07-21 21:00:00,25.6,-84.5, , ,,1985,55,432.0852550905909,0,62.06478167597697
1985202N26275,BOB,1985-07-22 00:00:00,25.6,-84.4,25,1010,,1985,55,422.07431556906647,0,52.87572844634815
1985202N26275,BOB,1985-07-22 03:00:00,25.7,-84.3, , ,,1985,55,411.55570291052106,0,51.93735129707176
1985202N26275,BOB,1985-07-22 06:00:00,25.8,-84.2,30,1009,,1985,55,401.33633685025393,0,52.07005617830068
1985202N26275,BOB,1985-07-22 09:00:00,25.9,-84.1, , ,,1985,55,391.43907662071604,0,53.86776926598664
1985202N26275,BOB,1985-07-22 12:00:00,26.0,-84.0,30,1008,,1985,55,381.8883700573416,0,56.75975855444692
1985202N26275,BOB,1985-07-22 15:00:00,26.1,-83.9, , ,,1985,55,372.7102446983403,0,46.339161625928554
1985202N26275,BOB,1985-07-22 18:00:00,26.2,-83.8,35,1007,,1985,55,363.93225734549543,0,31.439247780075384
1985202N26275,BOB,1985-07-22 21:00:00,26.4,-83.6, , ,,1985,55,347.69389078512245,0,2.151053336325666
1985202N26275,BOB,1985-07-23 00:00:00,26.5,-83.4,35,1004,,1985,55,330.6165493725819,1,0.0
1985202N26275,BOB,1985-07-23 03:00:00,26.6,-83.2, , ,,1985,55,314.3083341942118,1,0.0
1985202N26275,BOB,1985-07-23 06:00:00,26.6,-82.9,40,1004,,1985,55,285.8590938039354,1,0.0
1985202N26275,BOB,1985-07-23 09:00:00,26.5,-82.7, , ,,1985,55,263.5011189355341,1,0.0
1985202N26275,BOB,1985-07-23 12:00:00,26.4,-82.3,40,1005,,1985,55,222.18813645204492,1,0.0
1985202N26275,BOB,1985-07-23 15:00:00,26.3,-81.7, , ,,1985,55,162.1427885789687,1,0.0
1985202N26275,BOB,1985-07-23 18:00:00,26.4,-81.1,40,1006,,1985,55,115.17212696540875,1,0.0
1985202N26275,BOB,1985-07-23 21:00:00,26.7,-80.6, , ,,1985,55,111.99694712654461,1,0.0
1985202N26275,BOB,1985-07-24 00:00:00,27.2,-80.3,40,1006,,1985,55,160.29378578345458,1,0.0
1985202N26275,BOB,1985-07-24 03:00:00,27.7,-80.3, , ,,1985,55,215.79678088011877,1,0.0
1985202N26275,BOB,1985-07-24 06:00:00,28.3,-80.4,50,1005,,1985,55,282.99821054508163,1,0.0
1985202N26275,BOB,1985-07-24 09:00:00,28.8,-80.4, , ,,1985,55,338.46926541073617,1,0.0
1985202N26275,BOB,1985-07-24 12:00:00,29.4,-80.4,60,1004,,1985,55,405.0802487630817,1,0.0
1985202N26275,BOB,1985-07-24 15:00:00,30.0,-80.4, , ,,1985,55,471.72115157979107,1,0.0
1985202N26275,BOB,1985-07-24 18:00:00,30.5,-80.5,65,1003,,1985,55,527.740074278419,1,0.0
1985202N26275,BOB,1985-07-24 21:00:00,31.0,-80.5, , ,,1985,55,583.2512214559463,1,0.0
1985202N26275,BOB,1985-07-25 00:00:00,31.6,-80.5,65,1002,,1985,55,649.8840285774767,0,3.4113917430773677
1985202N26275,BOB,1985-07-25 03:00:00,32.2,-80.5,65,1003,,1985,55,716.5324475344395,0,69.02006247585466
1985202N26275,BOB,1985-07-25 06:00:00,32.9,-80.7,55,1004,,1985,55,795.2662907497987,0,146.85781981860072
1985202N26275,BOB,1985-07-25 09:00:00,33.8,-80.7, , ,,1985,55,895.1584384931872,0,262.4274201331588
1985202N26275,BOB,1985-07-25 12:00:00,34.8,-80.5,45,1006,,1985,55,1005.446916734452,0,398.7382078814325
1985202N26275,BOB,1985-07-25 15:00:00,35.7,-80.3, , ,,1985,55,1105.136679361045,0,522.869088019232
1985202N26275,BOB,1985-07-25 18:00:00,36.6,-80.1,30,1009,,1985,55,1205.1954161626386,0,648.5652959001384
1985202N26275,BOB,1985-07-25 21:00:00,37.5,-79.8, , ,,1985,55,1305.762449562675,0,778.4541951711018
1985202N26275,BOB,1985-07-26 00:00:00,38.3,-79.5,25,1011,,1985,55,1395.7064547270318,0,896.072754528238
1987145N21292,UNNAMED,1987-05-24 12:00:00,21.2,-68.5,25, ,,1987,29,1295.0594426481728,0,1210.4709895958974
1987145N21292,UNNAMED,1987-05-24 15:00:00,21.3,-68.7, , ,,1987,29,1271.5698265613075,0,1185.4847183217028
1987145N21292,UNNAMED,1987-05-24 18:00:00,21.5,-69.0,25, ,,1987,29,1234.0267369790774,0,1145.9999700187307
1987145N21292,UNNAMED,1987-05-24 21:00:00,21.7,-69.3, , ,,1987,29,1196.577777408927,0,1106.606968781872
1987145N21292,UNNAMED,1987-05-25 00:00:00,22.0,-69.5,25, ,,1987,29,1164.2568412120756,0,1074.2715204531862
1987145N21292,UNNAMED,1987-05-25 03:00:00,22.3,-69.6, , ,,1987,29,1141.9853766091264,0,1053.3433435335767
1987145N21292,UNNAMED,1987-05-25 06:00:00,22.6,-69.5,25, ,,1987,29,1139.6542004810112,0,1054.9443187142135
1987145N21292,UNNAMED,1987-05-25 09:00:00,22.9,-69.4, , ,,1987,29,1138.3329862861601,0,1057.4044734432366
1987145N21292,UNNAMED,1987-05-25 12:00:00,23.3,-69.3,30, ,,1987,29,1134.876423527631,0,1059.0723399850694
1987145N21292,UNNAMED,1987-05-25 15:00:00,23.7,-69.2, , ,,1987,29,1133.1680565204924,0,1062.0961749897192
1987145N21292,UNNAMED,1987-05-25 18:00:00,24.0,-69.0,30, ,,1987,29,1145.4482632756778,0,1074.760905472328
1987145N21292,UNNAMED,1987-05-25 21:00:00,24.3,-68.9, , ,,1987,29,1148.839639855144,0,1078.0019773759986
1987145N21292,UNNAMED,1987-05-26 00:00:00,24.6,-68.8,30, ,,1987,29,1153.2159007420748,0,1082.5723669927288
1987145N21292,UNNAMED,1987-05-26 03:00:00,24.9,-68.9, , ,,1987,29,1138.5525444943682,0,1065.9878036235439
1987145N21292,UNNAMED,1987-05-26 06:00:00,25.3,-69.0,30, ,,1987,29,1123.7884449170185,0,1049.1729736806453
1987145N21292,UNNAMED,1987-05-26 09:00:00,25.7,-69.2, , ,,1987,29,1100.7421057783222,0,1023.4114862416696
1987145N21292,UNNAMED,1987-05-26 12:00:00,26.0,-69.4,30, ,,1987,29,1079.6574951006314,0,999.5194270828962
1987145N21292,UNNAMED,1987-05-26 15:00:00,25.8,-69.5, , ,,1987,29,1070.2521953135133,0,989.4154101543618
1987145N21292,UNNAMED,1987-05-26 18:00:00,25.7,-69.4,30, ,,1987,29,1080.7257989024665,0,1001.1780080888977
1987145N21292,UNNAMED,1987-05-26 21:00:00,26.1,-69.0, , ,,1987,29,1119.4692269141265,0,1043.7642782092173
1987145N21292,UNNAMED,1987-05-27 00:00:00,26.5,-68.8,30, ,,1987,29,1139.8228616411222,0,1066.4256975468868
1987145N21292,UNNAMED,1987-05-27 03:00:00,26.8,-69.1, , ,,1987,29,1111.5124479300662,0,1034.748622690217
1987145N21292,UNNAMED,1987-05-27 06:00:00,26.8,-69.6,30, ,,1987,29,1061.9889931657306,0,979.1752459684516
1987145N21292,UNNAMED,1987-05-27 09:00:00,26.5,-69.8, , ,,1987,29,1040.3660883903297,0,955.1671455478023
1987145N21292,UNNAMED,1987-05-27 12:00:00,26.1,-69.9,30, ,,1987,29,1029.6005892886708,0,943.5900450380184
1987145N21292,UNNAMED,1987-05-27 15:00:00,25.9,-69.8, , ,,1987,29,1039.9032450642676,0,955.4611174092071
1987145N21292,UNNAMED,1987-05-27 18:00:00,25.8,-69.6,30, ,,1987,29,1060.2477752308928,0,978.2986710779768
1987145N21292,UNNAMED,1987-05-27 21:00:00,25.6,-69.6, , ,,1987,29,1061.2852188096176,0,979.653790667682
1987145N21292,UNNAMED,1987-05-28 00:00:00,25.4,-69.7,30, ,,1987,29,1052.7685045164362,0,970.4453139679903
1987145N21292,UNNAMED,1987-05-28 03:00:00,25.3,-69.9, , ,,1987,29,1033.6619635165328,0,949.4830580490487
1987145N21292,UNNAMED,1987-05-28 06:00:00,25.3,-70.1,30, ,,1987,29,1013.6346754198174,0,927.3443093539561
1987145N21292,UNNAMED,1987-05-28 09:00:00,25.3,-70.4, , ,,1987,29,983.5945934136951,0,894.1478391738245
1987145N21292,UNNAMED,1987-05-28 12:00:00,25.3,-70.8,30, ,,1987,29,943.5431429045857,0,849.9101795906611
1987145N21292,UNNAMED,1987-05-28 15:00:00,25.3,-71.2, , ,,1987,29,903.4946043284303,0,805.7044853630819
1987145N21292,UNNAMED,1987-05-28 18:00:00,25.3,-71.7,30, ,,1987,29,853.4392529042744,0,750.5009235509646
1987145N21292,UNNAMED,1987-05-28 21:00:00,25.3,-72.1, , ,,1987,29,813.4003921542828,0,706.3896244390579
1987145N21292,UNNAMED,1987-05-29 00:00:00,25.4,-72.5,30, ,,1987,29,772.3885584308327,0,660.5985726566582
1987145N21292,UNNAMED,1987-05-29 03:00:00,25.4,-72.9, , ,,1987,29,732.3439744840148,0,616.4868514735889
1987145N21292,UNNAMED,1987-05-29 06:00:00,25.5,-73.3,30, ,,1987,29,691.4593649393289,0,570.6952363677271
1987145N21292,UNNAMED,1987-05-29 09:00:00,25.5,-73.7, , ,,1987,29,651.4086191555056,0,526.582866447553
1987145N21292,UNNAMED,1987-05-29 12:00:00,25.6,-74.1,30, ,,1987,29,610.6775876184146,0,480.79114044377866
1987145N21292,UNNAMED,1987-05-29 15:00:00,25.7,-74.6, , ,,1987,29,560.1262594036688,0,424.0295555492512
1987145N21292,UNNAMED,1987-05-29 18:00:00,25.7,-75.0,30, ,,1987,29,520.0701865752184,0,379.848965503783
1987145N21292,UNNAMED,1987-05-29 21:00:00,25.8,-75.4, , ,,1987,29,479.78121708735296,0,334.1424942529052
1987145N21292,UNNAMED,1987-05-30 00:00:00,25.8,-75.7,30, ,,1987,29,449.7490328491551,0,300.98297126335245
1987145N21292,UNNAMED,1987-05-30 03:00:00,25.8,-76.1, , ,,1987,29,409.70550667739946,0,256.8655429448118
1987145N21292,UNNAMED,1987-05-30 06:00:00,25.8,-76.5,30, ,,1987,29,369.6614619766428,0,212.87222958258408
1987145N21292,UNNAMED,1987-05-30 09:00:00,25.9,-76.9, , ,,1987,29,329.80915020580557,0,166.96075424450711
1987145N21292,UNNAMED,1987-05-30 12:00:00,25.9,-77.3,30, ,,1987,29,289.8275662393237,0,122.9776117712692
1987145N21292,UNNAMED,1987-05-30 15:00:00,25.9,-77.9, , ,,1987,29,229.8863050017453,0,57.013065999706534
1987145N21292,UNNAMED,1987-05-30 18:00:00,25.8,-78.5,30, ,,1987,29,169.44729948258387,1,0.0
1987145N21292,UNNAMED,1987-05-30 21:00:00,25.6,-79.0, , ,,1987,29,120.7772260912353,1,0.0
1987145N21292,UNNAMED,1987-05-31 00:00:00,25.3,-79.4,30, ,,1987,29,94.59069703911193,1,0.0
1987145N21292,UNNAMED,1987-05-31 03:00:00,25.0,-79.8, , ,,1987,29,93.3962995868843,1,0.0
1987145N21292,UNNAMED,1987-05-31 06:00:00,24.7,-80.2,30, ,,1987,29,118.05853476797485,1,0.0
1987145N21292,UNNAMED,1987-05-31 09:00:00,24.6,-80.4, , ,,1987,29,130.86300927062814,1,0.0
1987145N21292,UNNAMED,1987-05-31 12:00:00,24.6,-80.6,25, ,,1987,29,135.54846865675128,1,0.0
1987145N21292,UNNAMED,1987-05-31 15:00:00,24.5,-80.8, , ,,1987,29,153.07213205879495,1,0.0
1987145N21292,UNNAMED,1987-05-31 18:00:00,24.5,-81.0,20, ,,1987,29,162.1780353475537,1,0.0
1987145N21292,UNNAMED,1987-05-31 21:00:00,24.5,-81.3, , ,,1987,29,179.24197043503193,1,0.0
1987145N21292,UNNAMED,1987-06-01 00:00:00,24.4,-81.7,15, ,,1987,29,214.46494483758542,1,0.0
1987282N15277,FLOYD,1987-10-09 06:00:00,15.0,-82.6,25,1004,,1987,87,1222.5826861033056,0,980.0794502266417
1987282N15277,FLOYD,1987-10-09 09:00:00,14.8,-82.6, , ,,1987,87,1244.3872408139346,0,1003.0811502086922
1987282N15277,FLOYD,1987-10-09 12:00:00,14.5,-82.5,25,1003,,1987,87,1275.1167742251398,0,1036.9880539595972
1987282N15277,FLOYD,1987-10-09 15:00:00,14.2,-82.3, , ,,1987,87,1304.2542902664334,0,1070.4329536632035
1987282N15277,FLOYD,1987-10-09 18:00:00,14.1,-82.1,25,1001,,1987,87,1311.9013003086675,0,1081.3662366207118
1987282N15277,FLOYD,1987-10-09 21:00:00,14.2,-81.9, , ,,1987,87,1297.8781771499832,0,1069.80378205601
1987282N15277,FLOYD,1987-10-10 00:00:00,14.4,-81.8,25,999,,1987,87,1274.427451441836,0,1046.9628085066663
1987282N15277,FLOYD,1987-10-10 03:00:00,14.8,-82.0, , ,,1987,87,1233.3277338562389,0,1000.798820286202
1987282N15277,FLOYD,1987-10-10 06:00:00,15.3,-82.2,30,999,,1987,87,1181.8612331527445,0,943.5188999450379
1987282N15277,FLOYD,1987-10-10 09:00:00,15.7,-82.1, , ,,1987,87,1136.2088507174176,0,897.0727241790756
1987282N15277,FLOYD,1987-10-10 12:00:00,16.0,-82.2,35,999,,1987,87,1105.2519999705519,0,862.628863782031
1987282N15277,FLOYD,1987-10-10 15:00:00,16.4,-82.8, , ,,1987,87,1075.4615749081304,0,820.3309611729717
1987282N15277,FLOYD,1987-10-10 18:00:00,16.8,-83.5,35,999,,1987,87,1053.633169612832,0,783.0199554467195
1987282N15277,FLOYD,1987-10-10 21:00:00,17.2,-83.8, , ,,1987,87,1022.4176215660053,0,739.8131695624
1987282N15277,FLOYD,1987-10-11 00:00:00,17.6,-83.9,40,999,,1987,87,984.9206920775412,0,695.008341957652
1987282N15277,FLOYD,1987-10-11 03:00:00,18.0,-84.1, , ,,1987,87,952.4288232069464,0,652.1105344309086
1987282N15277,FLOYD,1987-10-11 06:00:00,18.4,-84.2,40,998,,1987,87,916.6729387844483,0,607.9871076634331
1987282N15277,FLOYD,1987-10-11 09:00:00,18.9,-84.4, , ,,1987,87,877.0103857530117,0,555.6573565770954
1987282N15277,FLOYD,1987-10-11 12:00:00,19.4,-84.5,45,997,,1987,87,834.1052092525756,0,501.4618658580256
1987282N15277,FLOYD,1987-10-11 15:00:00,19.9,-84.5, , ,,1987,87,787.0807376886037,0,444.91193963014354
1987282N15277,FLOYD,1987-10-11 18:00:00,20.5,-84.5,50,996,,1987,87,732.2305046628611,0,377.70316929864794
1987282N15277,FLOYD,1987-10-11 21:00:00,21.1,-84.4, , ,,1987,87,672.9484156805178,0,306.82858794644824
1987282N15277,FLOYD,1987-10-12 00:00:00,21.7,-84.3,55,995,,1987,87,615.4109087704215,0,236.3453218620721
1987282N15277,FLOYD,1987-10-12 03:00:00,22.4,-84.2, , ,,1987,87,552.460354877659,0,155.51668452869492
1987282N15277,FLOYD,1987-10-12 06:00:00,23.0,-84.0,60,994,,1987,87,492.95347035377534,0,81.49841182707142
1987282N15277,FLOYD,1987-10-12 09:00:00,23.5,-83.5, , ,,1987,87,418.3670487231611,0,1.8433666268860558
1987282N15277,FLOYD,1987-10-12 12:00:00,24.0,-82.9,65,993,,1987,87,336.1446044392526,1,0.0
1987282N15277,FLOYD,1987-10-12 15:00:00,24.4,-82.3, , ,,1987,87,260.76927363544416,1,0.0
1987282N15277,FLOYD,1987-10-12 18:00:00,24.7,-81.5,65,993,,1987,87,176.78077074451386,1,0.0
1987282N15277,FLOYD,1987-10-12 21:00:00,25.1,-80.5,65,993,,1987,87,79.82190667448383,1,0.0
1987282N15277,FLOYD,1987-10-13 00:00:00,25.3,-79.9,60,993,,1987,87,59.100564056146105,1,0.0
1987282N15277,FLOYD,1987-10-13 03:00:00,25.6,-79.1, , ,,1987,87,110.8778994467072,1,0.0
1987282N15277,FLOYD,1987-10-13 06:00:00,26.0,-78.3,50,994,,1987,87,191.10445973210304,0,11.090739145962564
1987282N15277,FLOYD,1987-10-13 09:00:00,26.5,-77.6, , ,,1987,87,271.443477610789,0,88.81388395962249
1987282N15277,FLOYD,1987-10-13 12:00:00,27.0,-76.9,45,996,,1987,87,355.6306130459152,0,178.47174989259338
1987282N15277,FLOYD,1987-10-13 15:00:00,27.5,-76.1, , ,,1987,87,450.27231810494357,0,283.277839505783
1987282N15277,FLOYD,1987-10-13 18:00:00,28.1,-75.4,40,997,,1987,87,541.4657730855085,0,385.15314794705466
1987282N15277,FLOYD,1987-10-13 21:00:00,28.8,-74.7, , ,,1987,87,639.163512235012,0,490.8132317001142
1987282N15277,FLOYD,1987-10-14 00:00:00,29.5,-74.0,40,998,,1987,87,737.9312788528032,0,588.4449037139935
1988153N20275,UNNAMED,1988-05-31 12:00:00,20.3,-84.7,25, ,,1988,22,762.4909927868737,0,407.66579780525143
1988153N20275,UNNAMED,1988-05-31 15:00:00,20.7,-84.3, , ,,1988,22,702.0001614157628,0,347.81591249060983
1988153N20275,UNNAMED,1988-05-31 18:00:00,21.0,-84.0,25, ,,1988,22,656.7150857815127,0,303.68692860476125
1988153N20275,UNNAMED,1988-05-31 21:00:00,21.0,-84.0, , ,,1988,22,656.7150857815127,0,303.68692860476125
1988153N20275,UNNAMED,1988-06-01 00:00:00,21.0,-84.0,25, ,,1988,22,656.7150857815127,0,303.68692860476125
1988153N20275,UNNAMED,1988-06-01 03:00:00,21.2,-83.8, , ,,1988,22,626.5684457851261,0,275.0206472094822
1988153N20275,UNNAMED,1988-06-01 06:00:00,21.4,-83.6,25, ,,1988,22,596.4595437983696,0,246.58704697949273
1988153N20275,UNNAMED,1988-06-01 09:00:00,21.4,-83.5, , ,,1988,22,590.588299250266,0,244.51071242738607
1988153N20275,UNNAMED,1988-06-01 12:00:00,21.5,-83.4,25, ,,1988,22,575.5800889386711,0,231.0066306183103
1988153N20275,UNNAMED,1988-06-01 15:00:00,22.0,-83.0, , ,,1988,22,506.3942469255634,0,166.88760370766923
1988153N20275,UNNAMED,1988-06-01 18:00:00,22.5,-82.5,25, ,,1988,22,431.7169645514327,0,101.63967026077425
1988153N20275,UNNAMED,1988-06-01 21:00:00,22.7,-82.3, , ,,1988,22,401.9723237102392,0,74.44379668585017
1988153N20275,UNNAMED,1988-06-02 00:00:00,23.0,-82.0,25, ,,1988,22,357.5316618399556,0,35.086784824483864
1988153N20275,UNNAMED,1988-06-02 03:00:00,23.5,-81.5, , ,,1988,22,284.1264367667273,1,0.0
1988153N20275,UNNAMED,1988-06-02 06:00:00,24.0,-81.0,20, ,,1988,22,212.17781984900967,1,0.0
1988153N20275,UNNAMED,1988-06-02 09:00:00,24.5,-80.5, , ,,1988,22,143.6842009260671,1,0.0
1988153N20275,UNNAMED,1988-06-02 12:00:00,25.0,-80.0,20, ,,1988,22,86.86128873894148,1,0.0
1988235N15317,CHRIS,1988-08-21 12:00:00,14.9,-43.3,25,1009,,1988,60,4015.976370498061,0,4107.458695641548
1988235N15317,CHRIS,1988-08-21 15:00:00,14.7,-44.5, , ,,1988,60,3906.8803334456093,0,3986.1795023192676
1988235N15317,CHRIS,1988-08-21 18:00:00,14.6,-45.7,25,1009,,1988,60,3793.836120012634,0,3862.286113227027
1988235N15317,CHRIS,1988-08-21 21:00:00,14.6,-46.8, , ,,1988,60,3686.3812846845817,0,3745.971598459603
1988235N15317,CHRIS,1988-08-22 00:00:00,14.6,-47.8,25,1009,,1988,60,3589.0058502911197,0,3640.5804134171985
1988235N15317,CHRIS,1988-08-22 03:00:00,14.6,-48.9, , ,,1988,60,3482.2706498455022,0,3525.070729191647
1988235N15317,CHRIS,1988-08-22 06:00:00,14.7,-49.9,25,1009,,1988,60,3380.70275014252,0,3416.409014481724
1988235N15317,CHRIS,1988-08-22 09:00:00,14.7,-50.9, , ,,1988,60,3284.3611954121984,0,3311.963099247626
1988235N15317,CHRIS,1988-08-22 12:00:00,14.8,-51.9,30,1009,,1988,60,3183.386063010159,0,3203.8218348701866
1988235N15317,CHRIS,1988-08-22 15:00:00,14.9,-53.0, , ,,1988,60,3073.181491079671,0,3085.6005785220823
1988235N15317,CHRIS,1988-08-22 18:00:00,15.1,-54.0,30,1009,,1988,60,2967.69957284672,0,2973.711415239699
1988235N15317,CHRIS,1988-08-22 21:00:00,15.2,-54.9, , ,,1988,60,2877.1568802216693,0,2876.6606672758057
1988235N15317,CHRIS,1988-08-23 00:00:00,15.3,-55.7,30,1009,,1988,60,2796.341363727867,0,2790.1143987028636
1988235N15317,CHRIS,1988-08-23 03:00:00,15.4,-56.6, , ,,1988,60,2706.3937044258128,0,2693.581879611957
1988235N15317,CHRIS,1988-08-23 06:00:00,15.6,-57.5,30,1009,,1988,60,2611.3460020035395,0,2592.630121301776
1988235N15317,CHRIS,1988-08-23 09:00:00,15.8,-58.4, , ,,1988,60,2516.5424783610247,0,2491.8215287402786
1988235N15317,CHRIS,1988-08-23 12:00:00,16.0,-59.2,30,1009,,1988,60,2431.258655332563,0,2401.2617036313345
1988235N15317,CHRIS,1988-08-23 15:00:00,16.2,-60.1, , ,,1988,60,2336.9579309428946,0,2300.7422045695403
1988235N15317,CHRIS,1988-08-23 18:00:00,16.3,-61.0,30,1009,,1988,60,2248.6868764044493,0,2205.358823338748
1988235N15317,CHRIS,1988-08-23 21:00:00,16.5,-61.7, , ,,1988,60,2173.3042877767143,0,2125.180742615692
1988235N15317,CHRIS,1988-08-24 00:00:00,16.7,-62.4,30,1009,,1988,60,2098.0932012222024,0,2045.080959243574
1988235N15317,CHRIS,1988-08-24 03:00:00,16.8,-63.1, , ,,1988,60,2028.9848266419408,0,1970.3993962584473
1988235N15317,CHRIS,1988-08-24 06:00:00,16.9,-63.8,30,1009,,1988,60,1960.242804668848,0,1896.047186102834
1988235N15317,CHRIS,1988-08-24 09:00:00,17.0,-64.5, , ,,1988,60,1891.9034943824238,0,1822.0647454993132
1988235N15317,CHRIS,1988-08-24 12:00:00,17.2,-65.2,30,1009,,1988,60,1817.746181488244,0,1742.7147088148838
1988235N15317,CHRIS,1988-08-24 15:00:00,17.4,-66.0, , ,,1988,60,1735.1440676411153,0,1653.9348097141194
1988235N15317,CHRIS,1988-08-24 18:00:00,17.5,-66.7,30,1009,,1988,60,1668.1031562585063,0,1581.0324706128704
1988235N15317,CHRIS,1988-08-24 21:00:00,17.6,-67.3, , ,,1988,60,1610.1669224719087,0,1517.9446952671105
1988235N15317,CHRIS,1988-08-25 00:00:00,17.8,-67.8,30,1009,,1988,60,1554.408459106955,0,1458.3687469151234
1988235N15317,CHRIS,1988-08-25 03:00:00,18.0,-68.3, , ,,1988,60,1498.7832795811141,0,1398.846485889729
1988235N15317,CHRIS,1988-08-25 06:00:00,18.2,-68.8,30,1009,,1988,60,1443.3010819274866,0,1339.38625496633
1988235N15317,CHRIS,1988-08-25 09:00:00,18.3,-69.3, , ,,1988,60,1394.8553972130885,0,1286.5220399726832
1988235N15317,CHRIS,1988-08-25 12:00:00,18.5,-69.8,30,1008,,1988,60,1339.7669693094658,0,1227.3161992066568
1988235N15317,CHRIS,1988-08-25 15:00:00,18.8,-70.3, , ,,1988,60,1277.8322820770109,0,1161.4870595248278
1988235N15317,CHRIS,1988-08-25 18:00:00,19.1,-70.9,30,1008,,1988,60,1207.8668117315965,0,1086.508627765735
1988235N15317,CHRIS,1988-08-25 21:00:00,19.4,-71.5, , ,,1988,60,1138.1093920933383,0,1011.5779484234882
1988235N15317,CHRIS,1988-08-26 00:00:00,19.8,-72.1,30,1008,,1988,60,1061.3808909334484,0,929.755663669415
1988235N15317,CHRIS,1988-08-26 03:00:00,20.1,-72.7, , ,,1988,60,992.0165962539429,0,854.8503257372146
1988235N15317,CHRIS,1988-08-26 06:00:00,20.5,-73.2,30,1008,,1988,60,923.4803908291522,0,781.8918701044247
1988235N15317,CHRIS,1988-08-26 09:00:00,21.0,-73.7, , ,,1988,60,847.8748225296697,0,702.0342996590716
1988235N15317,CHRIS,1988-08-26 12:00:00,21.5,-74.2,30,1008,,1988,60,772.5364688188689,0,622.4907309738893
1988235N15317,CHRIS,1988-08-26 15:00:00,22.0,-74.8, , ,,1988,60,689.4129294057129,0,533.962792337071
1988235N15317,CHRIS,1988-08-26 18:00:00,22.5,-75.4,30,1008,,1988,60,606.5195672040838,0,445.70479223155706
1988235N15317,CHRIS,1988-08-26 21:00:00,22.9,-75.8, , ,,1988,60,546.9665216394683,0,382.93923220476165
1988235N15317,CHRIS,1988-08-27 00:00:00,23.3,-76.2,30,1008,,1988,60,487.7831478845302,0,321.2370668820463
1988235N15317,CHRIS,1988-08-27 03:00:00,23.7,-76.7, , ,,1988,60,420.5898526727627,0,250.23598276788942
1988235N15317,CHRIS,1988-08-27 06:00:00,24.1,-77.2,30,1008,,1988,60,353.7423832660634,0,180.74193025540006
1988235N15317,CHRIS,1988-08-27 09:00:00,24.5,-77.7, , ,,1988,60,287.4040796548252,0,113.41575430364074
1988235N15317,CHRIS,1988-08-27 12:00:00,24.9,-78.1,30,1008,,1988,60,231.03420967690639,0,62.01931546790858
1988235N15317,CHRIS,1988-08-27 15:00:00,25.3,-78.6, , ,,1988,60,167.76329461527328,0,10.302859825830714
1988235N15317,CHRIS,1988-08-27 18:00:00,25.8,-79.0,30,1008,,1988,60,119.40697740651066,1,0.0
1988235N15317,CHRIS,1988-08-27 21:00:00,26.3,-79.4, , ,,1988,60,99.20432730187456,1,0.0
1988235N15317,CHRIS,1988-08-28 00:00:00,26.8,-79.7,30,1008,,1988,60,125.43396049761154,1,0.0
1988235N15317,CHRIS,1988-08-28 03:00:00,27.4,-79.8, , ,,1988,60,186.28997056671167,1,0.0
1988235N15317,CHRIS,1988-08-28 06:00:00,28.2,-80.0,40,1008,,1988,60,271.7917489094566,1,0.0
1988235N15317,CHRIS,1988-08-28 09:00:00,29.4,-80.4, , ,,1988,60,405.0802487630817,1,0.0
1988235N15317,CHRIS,1988-08-28 12:00:00,30.8,-80.8,45,1005,,1988,60,563.38631033776,1,0.0
1988235N15317,CHRIS,1988-08-28 15:00:00,32.0,-80.9,40,1005,,1988,60,697.0796155622127,0,27.41551715046634
1988235N15317,CHRIS,1988-08-28 18:00:00,32.8,-81.1,35,1006,,1988,60,787.5525373197958,0,123.11006380886276
1988235N15317,CHRIS,1988-08-28 21:00:00,33.5,-81.2, , ,,1988,60,865.9435131421078,0,209.84306274211676
1988235N15317,CHRIS,1988-08-29 00:00:00,34.1,-81.1,25,1008,,1988,60,931.2835177774984,0,290.7190787641411
1988235N15317,CHRIS,1988-08-29 03:00:00,34.9,-80.9, , ,,1988,60,1018.3935470286372,0,401.0505736283523
1988235N15317,CHRIS,1988-08-29 06:00:00,35.8,-80.6,20,1009,,1988,60,1116.8853994171627,0,528.1737739989553
1988235N15317,CHRIS,1988-08-29 09:00:00,36.6,-80.2, , ,,1988,60,1205.1642243328354,0,645.873465542314
1988235N15317,CHRIS,1988-08-29 12:00:00,37.5,-79.5,20,1009,,1988,60,1306.8693933217273,0,786.7173628180706
1988235N15317,CHRIS,1988-08-29 15:00:00,38.3,-78.8, , ,,1988,60,1400.3015087198798,0,916.2658753515813
1988235N15317,CHRIS,1988-08-29 18:00:00,39.2,-77.6,20,1010,,1988,60,1513.7186118898014,0,1080.5763931825875
1988235N15317,CHRIS,1988-08-29 21:00:00,40.2,-75.7, , ,,1988,60,1658.5915658271415,0,1296.83912802428
1988235N15317,CHRIS,1988-08-30 00:00:00,41.2,-73.6,20,1008,,1988,60,1820.7963465608784,0,1537.6432056425647
1988235N15317,CHRIS,1988-08-30 03:00:00,42.4,-71.8, , ,,1988,60,2002.4521247413938,0,1795.9101123353294
1988235N15317,CHRIS,1988-08-30 06:00:00,43.5,-69.9,20,1008,,1988,60,2181.513977336628,0,2053.54701127569
1988235N15317,CHRIS,1988-08-30 09:00:00,44.3,-67.5, , ,,1988,60,2356.6564728410453,0,2313.667328229985
1988235N15317,CHRIS,1988-08-30 12:00:00,45.0,-65.0,25,1008,,1988,60,2534.60933194126,0,2577.7935106963105
1988235N15317,CHRIS,1988-08-30 15:00:00,45.7,-62.5, , ,,1988,60,2718.8847309264183,0,2849.307319881052
1988235N15317,CHRIS,1988-08-30 18:00:00,46.5,-60.0,25,1008,,1988,60,2915.481752921461,0,3137.8421480081183
1991181N26282,ANA,1991-06-29 12:00:00,25.9,-78.0,20,1012,,1991,32,219.90162928511546,0,46.086785192388916
1991181N26282,ANA,1991-06-29 15:00:00,25.9,-78.5, , ,,1991,32,170.019150612536,1,0.0
1991181N26282,ANA,1991-06-29 18:00:00,25.9,-79.0,20,1012,,1991,32,120.2678517680423,1,0.0
1991181N26282,ANA,1991-06-29 21:00:00,25.9,-79.5, , ,,1991,32,70.92580069231019,1,0.0
1991181N26282,ANA,1991-06-30 00:00:00,25.9,-80.0,20,1012,,1991,32,24.596485338424262,1,0.0
1991181N26282,ANA,1991-06-30 03:00:00,25.9,-80.5, , ,,1991,32,34.466996040376,1,0.0
1991181N26282,ANA,1991-06-30 06:00:00,26.0,-80.9,20,1012,,1991,32,75.64285602819785,1,0.0
1991181N26282,ANA,1991-06-30 09:00:00,26.1,-81.4, , ,,1991,32,126.54003796989998,1,0.0
1991181N26282,ANA,1991-06-30 12:00:00,26.2,-81.8,20,1012,,1991,32,167.9758490412882,1,0.0
1991181N26282,ANA,1991-06-30 15:00:00,26.4,-82.1, , ,,1991,32,203.36102409106837,1,0.0
1991181N26282,ANA,1991-06-30 18:00:00,26.7,-82.4,20,1012,,1991,32,243.71056278214363,1,0.0
1991181N26282,ANA,1991-06-30 21:00:00,27.0,-82.6, , ,,1991,32,276.5907173795631,1,0.0
1991181N26282,ANA,1991-07-01 00:00:00,27.3,-82.7,20,1012,,1991,32,302.5142604038082,1,0.0
1991181N26282,ANA,1991-07-01 03:00:00,27.6,-82.7, , ,,1991,32,322.29450878521357,1,0.0
1991181N26282,ANA,1991-07-01 06:00:00,28.0,-82.7,20,1012,,1991,32,351.8699476707639,1,0.0
1991181N26282,ANA,1991-07-01 09:00:00,28.4,-82.6, , ,,1991,32,378.0060375180571,1,0.0
1991181N26282,ANA,1991-07-01 12:00:00,28.7,-82.5,20,1012,,1991,32,398.50785826562463,1,0.0
1991181N26282,ANA,1991-07-01 15:00:00,29.0,-82.4, , ,,1991,32,420.9198468877307,1,0.0
1991181N26282,ANA,1991-07-01 18:00:00,29.3,-82.2,20,1012,,1991,32,440.4343996822016,1,0.0
1991181N26282,ANA,1991-07-01 21:00:00,29.6,-81.9, , ,,1991,32,458.72715942524803,1,0.0
1991181N26282,ANA,1991-07-02 00:00:00,29.9,-81.6,20,1012,,1991,32,480.5251986644441,1,0.0
1991181N26282,ANA,1991-07-02 03:00:00,30.2,-81.3, , ,,1991,32,505.360865665686,1,0.0
1991181N26282,ANA,1991-07-02 06:00:00,30.4,-81.0,20,1012,,1991,32,521.8083936665723,1,0.0
1991181N26282,ANA,1991-07-02 09:00:00,30.7,-80.7, , ,,1991,32,551.3637667861075,1,0.0
1991181N26282,ANA,1991-07-02 12:00:00,30.9,-80.3,20,1012,,1991,32,571.4509063926549,1,0.0
1991181N26282,ANA,1991-07-02 15:00:00,31.1,-80.0, , ,,1991,32,593.8876885135666,0,14.238558635208781
1991181N26282,ANA,1991-07-02 18:00:00,31.3,-79.7,25,1012,,1991,32,617.6993951770727,0,54.40179512895458
1991181N26282,ANA,1991-07-02 21:00:00,31.4,-79.4, , ,,1991,32,631.6923811124109,0,90.2368947050677
1991181N26282,ANA,1991-07-03 00:00:00,31.5,-79.0,25,1011,,1991,32,648.5687790378425,0,136.45484508349082
1991181N26282,ANA,1991-07-03 03:00:00,31.9,-78.3, , ,,1991,32,706.9436772084616,0,228.71782798594052
1991181N26282,ANA,1991-07-03 06:00:00,32.5,-77.4,25,1010,,1991,32,796.7195916180149,0,353.23115792250456
1991181N26282,ANA,1991-07-03 09:00:00,33.2,-76.4, , ,,1991,32,904.6708583280199,0,495.80402144077175
1991181N26282,ANA,1991-07-03 12:00:00,33.9,-75.4,30,1008,,1991,32,1015.784213197494,0,639.3536578523549
1991181N26282,ANA,1991-07-03 15:00:00,34.6,-74.5, , ,,1991,32,1124.237291546205,0,774.7368060572976
1991181N26282,ANA,1991-07-03 18:00:00,35.2,-73.4,30,1006,,1991,32,1234.0756864837597,0,921.7944975194747
1991181N26282,ANA,1991-07-03 21:00:00,35.7,-72.1, , ,,1991,32,1347.6062337495327,0,1080.2768900893138
1991181N26282,ANA,1991-07-04 00:00:00,36.2,-70.7,40,1003,,1991,32,1469.9528208427562,0,1248.8676104105455
1991181N26282,ANA,1991-07-04 03:00:00,36.7,-69.3, , ,,1991,32,1595.0189641678942,0,1418.1004418633852
1991181N26282,ANA,1991-07-04 06:00:00,37.1,-67.8,45,1002,,1991,32,1720.6941063683585,0,1590.4708517742097
1991181N26282,ANA,1991-07-04 09:00:00,37.4,-66.3, , ,,1991,32,1841.5598474588498,0,1756.8713379448443
1991181N26282,ANA,1991-07-04 12:00:00,37.6,-64.7,45,1001,,1991,32,1965.109085196938,0,1927.9818025581908
1991181N26282,ANA,1991-07-04 15:00:00,37.8,-62.9, , ,,1991,32,2106.296507953709,0,2120.8638124641943
1991181N26282,ANA,1991-07-04 18:00:00,37.9,-61.1,45,1000,,1991,32,2245.0167977252913,0,2309.5193326721164
1991181N26282,ANA,1991-07-04 21:00:00,38.0,-59.3, , ,,1991,32,2387.235400495019,0,2499.9686684275266
1991181N26282,ANA,1991-07-05 00:00:00,38.0,-57.5,45,1001,,1991,32,2527.3987120296633,0,2687.018699738736
1991181N26282,ANA,1991-07-05 03:00:00,37.8,-55.8, , ,,1991,32,2653.8274939075195,0,2856.2627961496446
1991181N26282,ANA,1991-07-05 06:00:00,37.5,-54.2,40,1003,,1991,32,2772.1407799185586,0,3013.030745955822
1991181N26282,ANA,1991-07-05 09:00:00,37.2,-52.5, , ,,1991,32,2902.988812019319,0,3178.196402377141
1991181N26282,ANA,1991-07-05 12:00:00,37.0,-50.7,35,1005,,1991,32,3049.3343626428114,0,3357.9658617910936
1991288N19274,FABIAN,1991-10-15 00:00:00,18.9,-85.7,25,1010,,1991,76,950.0072952936827,0,603.3854542301223
1991288N19274,FABIAN,1991-10-15 03:00:00,19.2,-85.4, , ,,1991,76,904.5457581103892,0,557.5543559018516
1991288N19274,FABIAN,1991-10-15 06:00:00,19.5,-85.1,30,1008,,1991,76,859.1519337902353,0,512.0944750875864
1991288N19274,FABIAN,1991-10-15 09:00:00,19.9,-84.6, , ,,1991,76,792.8664459041585,0,448.4716417604619
1991288N19274,FABIAN,1991-10-15 12:00:00,20.3,-84.1,35,1007,,1991,76,727.0353855092837,0,387.0627490510782
1991288N19274,FABIAN,1991-10-15 15:00:00,20.8,-83.6, , ,,1991,76,652.2676112231218,0,316.95968263683096
1991288N19274,FABIAN,1991-10-15 18:00:00,21.2,-83.1,40,1006,,1991,76,587.5250005457286,0,263.101191769993
1991288N19274,FABIAN,1991-10-15 21:00:00,21.5,-82.8,40,1004,,1991,76,543.2355057688543,0,225.48332320337244
1991288N19274,FABIAN,1991-10-16 00:00:00,22.4,-81.8,40,1004,,1991,76,407.8859824293396,0,108.14466264524053
1991288N19274,FABIAN,1991-10-16 03:00:00,23.2,-81.2, , ,,1991,76,302.5645800646641,0,24.10914042240578
1991288N19274,FABIAN,1991-10-16 06:00:00,23.9,-80.8,40,1002,,1991,76,215.9174242864559,1,0.0
1991288N19274,FABIAN,1991-10-16 08:34:00,24.5,-80.5,40,1002,,1991,76,143.6842009260671,1,0.0
1991288N19274,FABIAN,1991-10-16 09:00:00,24.6,-80.4, , ,,1991,76,130.86300927062814,1,0.0
1991288N19274,FABIAN,1991-10-16 12:00:00,25.2,-79.8,40,1007,,1991,76,73.80874452564571,1,0.0
1991288N19274,FABIAN,1991-10-16 15:00:00,25.7,-79.3, , ,,1991,76,89.59379817733854,1,0.0
1991288N19274,FABIAN,1991-10-16 18:00:00,26.5,-78.5,40,1009,,1991,76,187.7845680712689,1,0.0
1991288N19274,FABIAN,1991-10-16 21:00:00,28.0,-77.2, , ,,1991,76,387.2572370560426,0,194.8104652652232
1991288N19274,FABIAN,1991-10-17 00:00:00,30.0,-75.5,40,1009,,1991,76,659.2067722267533,0,443.09590091937326
1992230N11325,ANDREW,1992-08-16 18:00:00,10.8,-35.5,25,1010,,1992,63,4974.534313086311,0,5076.51160298319
1992230N11325,ANDREW,1992-08-16 21:00:00,11.0,-36.4, , ,,1992,63,4876.411349488937,0,4974.344188532199
1992230N11325,ANDREW,1992-08-17 00:00:00,11.2,-37.4,30,1009,,1992,63,4768.557832443761,0,4861.664008895294
1992230N11325,ANDREW,1992-08-17 03:00:00,11.4,-38.5, , ,,1992,63,4651.016387345711,0,4738.505769756924
1992230N11325,ANDREW,1992-08-17 06:00:00,11.7,-39.6,30,1008,,1992,63,4528.715681612021,0,4611.656084736038
1992230N11325,ANDREW,1992-08-17 09:00:00,12.0,-40.8, , ,,1992,63,4396.771396229194,0,4474.307538295678
1992230N11325,ANDREW,1992-08-17 12:00:00,12.3,-42.0,35,1006,,1992,63,4264.981850142632,0,4336.979535718713
1992230N11325,ANDREW,1992-08-17 15:00:00,12.7,-43.1, , ,,1992,63,4138.186065367336,0,4206.325287135347
1992230N11325,ANDREW,1992-08-17 18:00:00,13.1,-44.2,35,1003,,1992,63,4011.5384530674405,0,4075.648038727786
1992230N11325,ANDREW,1992-08-17 21:00:00,13.4,-45.2, , ,,1992,63,3899.6334457888106,0,3959.264650495288
1992230N11325,ANDREW,1992-08-18 00:00:00,13.6,-46.2,40,1002,,1992,63,3792.730544288032,0,3846.731614912252
1992230N11325,ANDREW,1992-08-18 03:00:00,13.8,-47.1, , ,,1992,63,3695.659164824327,0,3744.685054245502
1992230N11325,ANDREW,1992-08-18 06:00:00,14.1,-48.0,45,1001,,1992,63,3593.785169868444,0,3638.763980081549
1992230N11325,ANDREW,1992-08-18 09:00:00,14.3,-48.9, , ,,1992,63,3496.9295758961116,0,3536.7417842467617
1992230N11325,ANDREW,1992-08-18 12:00:00,14.6,-49.9,45,1000,,1992,63,3385.6172292510005,0,3420.345228833392
1992230N11325,ANDREW,1992-08-18 15:00:00,15.0,-50.9, , ,,1992,63,3269.5247590234467,0,3299.982375963647
1992230N11325,ANDREW,1992-08-18 18:00:00,15.4,-51.8,45,1000,,1992,63,3163.229709223752,0,3190.0669027030794
1992230N11325,ANDREW,1992-08-18 21:00:00,15.8,-52.7, , ,,1992,63,3057.093494412945,0,3080.1490482596396
1992230N11325,ANDREW,1992-08-19 00:00:00,16.3,-53.5,45,1001,,1992,63,2955.9883662481957,0,2976.8069953085674
1992230N11325,ANDREW,1992-08-19 03:00:00,16.8,-54.4, , ,,1992,63,2845.534344173361,0,2863.0703370786205
1992230N11325,ANDREW,1992-08-19 06:00:00,17.2,-55.3,45,1002,,1992,63,2740.00187588584,0,2753.1946082627414
1992230N11325,ANDREW,1992-08-19 09:00:00,17.6,-56.1, , ,,1992,63,2644.321060718687,0,2653.8924030765074
1992230N11325,ANDREW,1992-08-19 12:00:00,18.0,-56.9,45,1005,,1992,63,2548.847248529156,0,2554.654868505437
1992230N11325,ANDREW,1992-08-19 15:00:00,18.4,-57.6, , ,,1992,63,2463.2705511405998,0,2466.1004736552545
1992230N11325,ANDREW,1992-08-19 18:00:00,18.8,-58.3,45,1007,,1992,63,2377.9459648092375,0,2377.693662597745
1992230N11325,ANDREW,1992-08-19 21:00:00,19.3,-58.9, , ,,1992,63,2298.3934602043832,0,2296.8049932903596
1992230N11325,ANDREW,1992-08-20 00:00:00,19.8,-59.3,40,1011,,1992,63,2238.951463232111,0,2237.9821854436987
1992230N11325,ANDREW,1992-08-20 03:00:00,20.2,-59.7, , ,,1992,63,2184.132454774943,0,2182.917589268595
1992230N11325,ANDREW,1992-08-20 06:00:00,20.7,-60.0,40,1013,,1992,63,2135.954575330598,0,2136.287404338404
1992230N11325,ANDREW,1992-08-20 09:00:00,21.2,-60.3, , ,,1992,63,2088.758865593937,0,2090.709914964011
1992230N11325,ANDREW,1992-08-20 12:00:00,21.7,-60.7,40,1015,,1992,63,2032.7139064682915,0,2035.4153256354446
1992230N11325,ANDREW,1992-08-20 15:00:00,22.1,-61.1, , ,,1992,63,1980.6998832999432,0,1983.2725027667893
1992230N11325,ANDREW,1992-08-20 18:00:00,22.5,-61.5,40,1014,,1992,63,1929.373395322241,0,1929.1643292154422
1992230N11325,ANDREW,1992-08-20 21:00:00,22.9,-61.9, , ,,1992,63,1878.786883158643,0,1875.4707919865027
1992230N11325,ANDREW,1992-08-21 00:00:00,23.2,-62.4,45,1014,,1992,63,1821.41858810831,0,1813.8210578866797
1992230N11325,ANDREW,1992-08-21 03:00:00,23.6,-62.9, , ,,1992,63,1762.2478602060917,0,1750.4429081513463
1992230N11325,ANDREW,1992-08-21 06:00:00,23.9,-63.3,45,1010,,1992,63,1715.950940046194,0,1700.6638670912744
1992230N11325,ANDREW,1992-08-21 09:00:00,24.2,-63.8, , ,,1992,63,1660.1817433152578,0,1640.1258376645071
1992230N11325,ANDREW,1992-08-21 12:00:00,24.4,-64.2,50,1007,,1992,63,1616.638978644714,0,1592.6659151037104
1992230N11325,ANDREW,1992-08-21 15:00:00,24.6,-64.5, , ,,1992,63,1583.3685836490758,0,1556.4651810426556
1992230N11325,ANDREW,1992-08-21 18:00:00,24.8,-64.9,50,1004,,1992,63,1540.3673624174241,0,1509.4565722408981
1992230N11325,ANDREW,1992-08-21 21:00:00,25.1,-65.4, , ,,1992,63,1486.4450657542952,0,1450.5147201103105
1992230N11325,ANDREW,1992-08-22 00:00:00,25.3,-65.9,55,1000,,1992,63,1434.2165803138787,0,1393.095960030866
1992230N11325,ANDREW,1992-08-22 03:00:00,25.5,-66.4, , ,,1992,63,1382.3504962660274,0,1335.9792581757115
1992230N11325,ANDREW,1992-08-22 06:00:00,25.6,-67.0,65,994,,1992,63,1321.5384020290278,0,1268.6250625053583
1992230N11325,ANDREW,1992-08-22 09:00:00,25.7,-67.6, , ,,1992,63,1260.8490382041266,0,1201.2793114638462
1992230N11325,ANDREW,1992-08-22 12:00:00,25.8,-68.3,80,981,,1992,63,1190.2927770962829,0,1122.8291044092578
1992230N11325,ANDREW,1992-08-22 15:00:00,25.8,-69.0, , ,,1992,63,1120.2719529748988,0,1044.9999074510338
1992230N11325,ANDREW,1992-08-22 18:00:00,25.7,-69.7,95,969,,1992,63,1050.700195964945,0,967.8277908597404
1992230N11325,ANDREW,1992-08-22 21:00:00,25.6,-70.4, , ,,1992,63,981.188484435455,0,890.7968970789681
1992230N11325,ANDREW,1992-08-23 00:00:00,25.6,-71.1,110,961,,1992,63,911.0981868537417,0,813.0827813445467
1992230N11325,ANDREW,1992-08-23 03:00:00,25.5,-71.8, , ,,1992,63,841.6668015271189,0,736.5620146751146
1992230N11325,ANDREW,1992-08-23 06:00:00,25.5,-72.5,130,947,,1992,63,771.5677709023892,0,659.0876086192595
1992230N11325,ANDREW,1992-08-23 09:00:00,25.4,-73.3, , ,,1992,63,692.3043676777842,0,572.4395611532941
1992230N11325,ANDREW,1992-08-23 12:00:00,25.4,-74.2,145,933,,1992,63,602.2407948327385,0,473.4767167460252
1992230N11325,ANDREW,1992-08-23 15:00:00,25.4,-75.0, , ,,1992,63,522.2292409722706,0,385.68495030424225
1992230N11325,ANDREW,1992-08-23 18:00:00,25.4,-75.8,150,922,,1992,63,442.2878022234511,0,298.63258202063855
1992230N11325,ANDREW,1992-08-23 21:00:00,25.4,-76.6,140,923,,1992,63,362.4667505843427,0,212.5513559226841
1992230N11325,ANDREW,1992-08-24 00:00:00,25.4,-77.5,125,930,,1992,63,272.9488051901912,0,117.99152889569282
1992230N11325,ANDREW,1992-08-24 01:00:00,25.4,-77.8,130,931,,1992,63,243.23052359483353,0,87.48951115636986
1992230N11325,ANDREW,1992-08-24 03:00:00,25.4,-78.4, , ,,1992,63,184.15279148318538,0,29.455876460183354
1992230N11325,ANDREW,1992-08-24 06:00:00,25.4,-79.3,130,937,,1992,63,98.06943877032958,1,0.0
1992230N11325,ANDREW,1992-08-24 08:40:00,25.5,-80.2,145,926,,1992,63,29.111321939308777,1,0.0
1992230N11325,ANDREW,1992-08-24 09:00:00,25.5,-80.3, , ,,1992,63,31.055743188951542,1,0.0
1992230N11325,ANDREW,1992-08-24 09:05:00,25.5,-80.3,145,922,,1992,63,31.055743188951542,1,0.0
1992230N11325,ANDREW,1992-08-24 12:00:00,25.6,-81.2,115,951,,1992,63,102.6201830406974,1,0.0
1992230N11325,ANDREW,1992-08-24 15:00:00,25.7,-82.1, , ,,1992,63,191.2643035432924,1,0.0
1992230N11325,ANDREW,1992-08-24 18:00:00,25.8,-83.1,115,947,,1992,63,291.2147037364666,1,0.0
1992230N11325,ANDREW,1992-08-24 21:00:00,26.0,-84.1, , ,,1992,63,391.86803143025116,0,63.314739592800706
1992230N11325,ANDREW,1992-08-25 00:00:00,26.2,-85.0,115,943,,1992,63,483.05205832766967,0,149.85594563366712
1992230N11325,ANDREW,1992-08-25 03:00:00,26.4,-85.9, , ,,1992,63,574.4428667361767,0,228.83953037269387
1992230N11325,ANDREW,1992-08-25 06:00:00,26.6,-86.7,115,948,,1992,63,656.0119514334501,0,264.93543181853437
1992230N11325,ANDREW,1992-08-25 09:00:00,26.9,-87.5, , ,,1992,63,739.1223598936773,0,273.4390677561941
1992230N11325,ANDREW,1992-08-25 12:00:00,27.2,-88.2,120,946,,1992,63,812.7708038555191,0,246.76389633308997
1992230N11325,ANDREW,1992-08-25 15:00:00,27.5,-88.9, , ,,1992,63,886.6812060832561,0,233.00398635208606
1992230N11325,ANDREW,1992-08-25 18:00:00,27.8,-89.6,125,941,,1992,63,960.7474408179518,0,238.52558441835535
1992230N11325,ANDREW,1992-08-25 21:00:00,28.1,-90.1, , ,,1992,63,1015.7312813390892,0,246.3056301705412
1992230N11325,ANDREW,1992-08-26 00:00:00,28.5,-90.5,125,937,,1992,63,1064.1295525186117,0,248.48179385551396
1992230N11325,ANDREW,1992-08-26 03:00:00,28.8,-90.9, , ,,1992,63,1110.3544252867443,0,267.49125260901144
1992230N11325,ANDREW,1992-08-26 06:00:00,29.2,-91.3,120,955,,1992,63,1159.957324472693,0,289.0618753295962
1992230N11325,ANDREW,1992-08-26 08:30:00,29.6,-91.5,100,956,,1992,63,1191.7744501554594,0,297.6310382977793
1992230N11325,ANDREW,1992-08-26 09:00:00,29.7,-91.5, , ,,1992,63,1195.3066357231346,0,295.47014046745477
1992230N11325,ANDREW,1992-08-26 12:00:00,30.1,-91.7,80,973,,1992,63,1228.3610521794615,0,312.20213348882874
1992230N11325,ANDREW,1992-08-26 15:00:00,30.5,-91.7, , ,,1992,63,1244.5028254251408,0,304.93195307880916
1992230N11325,ANDREW,1992-08-26 18:00:00,30.9,-91.6,50,991,,1992,63,1253.2854333872613,0,291.2500487224038
1992230N11325,ANDREW,1992-08-26 21:00:00,31.2,-91.4, , ,,1992,63,1250.2585363731837,0,271.2375833248074
1992230N11325,ANDREW,1992-08-27 00:00:00,31.5,-91.1,35,995,,1992,63,1240.1510522278124,0,244.26137333343735
1992230N11325,ANDREW,1992-08-27 03:00:00,31.8,-90.8, , ,,1992,63,1231.7021052607574,0,221.20745913476904
1992230N11325,ANDREW,1992-08-27 06:00:00,32.1,-90.5,30,997,,1992,63,1224.9411860152104,0,203.22151404709106
1992230N11325,ANDREW,1992-08-27 09:00:00,32.4,-90.1, , ,,1992,63,1212.1841203626486,0,183.17047641910958
1992230N11325,ANDREW,1992-08-27 12:00:00,32.8,-89.6,30,998,,1992,63,1201.0976786814613,0,174.3522892354959
1992230N11325,ANDREW,1992-08-27 15:00:00,33.2,-89.1, , ,,1992,63,1193.8301892142258,0,183.95134604963346
1992230N11325,ANDREW,1992-08-27 18:00:00,33.6,-88.4,25,999,,1992,63,1177.3839223299656,0,203.865786166609
1992230N11325,ANDREW,1992-08-27 21:00:00,34.0,-87.7, , ,,1992,63,1166.7002492436889,0,246.3112377236609
1992230N11325,ANDREW,1992-08-28 00:00:00,34.4,-86.7,20,1000,,1992,63,1145.9371739299008,0,300.01122301692175
1992230N11325,ANDREW,1992-08-28 03:00:00,34.9,-85.4, , ,,1992,63,1131.9290537690404,0,367.5197882645229
1992230N11325,ANDREW,1992-08-28 06:00:00,35.4,-84.0,20,1000,,1992,63,1131.7466994970248,0,445.92031508289506
1995235N24281,JERRY,1995-08-22 18:00:00,23.7,-78.7,20,1010,,1995,50,274.3209775721545,0,65.04308542364778
1995235N24281,JERRY,1995-08-22 21:00:00,23.9,-78.8, , ,,1995,50,250.1559741501409,0,39.55839546257749
1995235N24281,JERRY,1995-08-23 00:00:00,24.2,-78.9,25,1009,,1995,50,217.04048098690748,0,6.8589240845485016
1995235N24281,JERRY,1995-08-23 03:00:00,24.6,-79.0, , ,,1995,50,176.26155886594591,1,0.0
1995235N24281,JERRY,1995-08-23 06:00:00,25.2,-79.2,30,1008,,1995,50,117.52532463472909,1,0.0
1995235N24281,JERRY,1995-08-23 09:00:00,25.8,-79.4, , ,,1995,50,79.39477904079807,1,0.0
1995235N24281,JERRY,1995-08-23 12:00:00,26.4,-79.7,35,1008,,1995,50,86.31346282552819,1,0.0
1995235N24281,JERRY,1995-08-23 15:00:00,26.8,-80.0, , ,,1995,50,117.02655675559022,1,0.0
1995235N24281,JERRY,1995-08-23 18:00:00,27.0,-80.2,35,1006,,1995,50,137.69510038944597,1,0.0
1995235N24281,JERRY,1995-08-23 21:00:00,27.2,-80.3, , ,,1995,50,160.29378578345458,1,0.0
1995235N24281,JERRY,1995-08-24 00:00:00,27.3,-80.5,35,1005,,1995,50,173.77721589686774,1,0.0
1995235N24281,JERRY,1995-08-24 03:00:00,27.5,-80.8, , ,,1995,50,202.52232737817891,1,0.0
1995235N24281,JERRY,1995-08-24 06:00:00,27.7,-81.1,35,1005,,1995,50,233.63749721067745,1,0.0
1995235N24281,JERRY,1995-08-24 09:00:00,28.0,-81.4, , ,,1995,50,276.22599673114047,1,0.0
1995235N24281,JERRY,1995-08-24 12:00:00,28.4,-81.8,35,1004,,1995,50,333.77463203156674,1,0.0
1995235N24281,JERRY,1995-08-24 15:00:00,28.6,-82.2, , ,,1995,50,372.8936632614426,1,0.0
1995235N24281,JERRY,1995-08-24 18:00:00,28.8,-82.6,30,1002,,1995,50,413.2240101031609,1,0.0
1995235N24281,JERRY,1995-08-24 21:00:00,28.9,-82.8, , ,,1995,50,433.7317737831738,1,0.0
1995235N24281,JERRY,1995-08-25 00:00:00,29.0,-82.9,30,1002,,1995,50,448.470436521156,1,0.0
1995235N24281,JERRY,1995-08-25 03:00:00,29.1,-83.1, , ,,1995,50,469.1747389787867,1,0.0
1995235N24281,JERRY,1995-08-25 06:00:00,29.2,-83.3,30,1002,,1995,50,490.02920766754994,1,0.0
1995235N24281,JERRY,1995-08-25 09:00:00,29.5,-83.3, , ,,1995,50,516.2196189768516,1,0.0
1995235N24281,JERRY,1995-08-25 12:00:00,29.8,-83.3,25,1004,,1995,50,543.1947791214459,1,0.0
1995235N24281,JERRY,1995-08-25 15:00:00,30.1,-83.2, , ,,1995,50,565.654306233989,1,0.0
1995235N24281,JERRY,1995-08-25 18:00:00,30.4,-83.2,25,1005,,1995,50,594.1443032930521,1,0.0
1995235N24281,JERRY,1995-08-25 21:00:00,30.5,-83.3, , ,,1995,50,608.597066541495,1,0.0
1995235N24281,JERRY,1995-08-26 00:00:00,30.7,-83.4,25,1005,,1995,50,632.6070168635152,1,0.0
1995235N24281,JERRY,1995-08-26 03:00:00,31.0,-83.5, , ,,1995,50,666.2390704494965,1,0.0
1995235N24281,JERRY,1995-08-26 06:00:00,31.3,-83.7,20,1005,,1995,50,704.6448453236243,1,0.0
1995235N24281,JERRY,1995-08-26 09:00:00,31.5,-83.8, , ,,1995,50,728.6566744496239,1,0.0
1995235N24281,JERRY,1995-08-26 12:00:00,31.8,-83.9,20,1005,,1995,50,762.3532257190286,1,0.0
1995235N24281,JERRY,1995-08-26 15:00:00,32.1,-84.0, , ,,1995,50,796.1116931785579,0,31.9729868052868
1995235N24281,JERRY,1995-08-26 18:00:00,32.4,-84.0,20,1006,,1995,50,825.5317511526459,0,64.51549976081037
1995235N24281,JERRY,1995-08-26 21:00:00,32.7,-84.0, , ,,1995,50,855.2393935144779,0,99.15022151449777
1995235N24281,JERRY,1995-08-27 00:00:00,33.0,-84.0,20,1006,,1995,50,885.2056658608965,0,135.08340052125422
1995235N24281,JERRY,1995-08-27 03:00:00,33.3,-84.0, , ,,1995,50,915.4051686244703,0,172.34139091870983
1995235N24281,JERRY,1995-08-27 06:00:00,33.5,-83.9,20,1006,,1995,50,931.9086656444831,0,201.20660872396098
1995235N24281,JERRY,1995-08-27 09:00:00,33.7,-83.8, , ,,1995,50,948.759639630368,0,230.1298247435975
1995235N24281,JERRY,1995-08-27 12:00:00,33.8,-83.6,20,1006,,1995,50,952.2299438871308,0,250.6734604311439
1995235N24281,JERRY,1995-08-27 15:00:00,33.9,-83.3, , ,,1995,50,953.1520994432366,0,276.9625000229625
1995235N24281,JERRY,1995-08-27 18:00:00,33.9,-83.0,20,1006,,1995,50,944.4790639341395,0,271.6603535103779
1995235N24281,JERRY,1995-08-27 21:00:00,33.9,-82.7, , ,,1995,50,936.6169135114108,0,263.68749782467137
1995235N24281,JERRY,1995-08-28 00:00:00,33.8,-82.4,20,1006,,1995,50,918.7919460297497,0,245.00003371860515
1998295N12284,MITCH,1998-10-22 00:00:00,11.6,-76.1,30,1002,,1998,88,1632.2389791801022,0,1484.2807556547207
1998295N12284,MITCH,1998-10-22 03:00:00,11.8,-76.6, , ,,1998,88,1597.5551988341683,0,1444.5989028464398
1998295N12284,MITCH,1998-10-22 06:00:00,11.9,-77.1,30,1002,,1998,88,1575.100224776154,0,1417.1864713727966
1998295N12284,MITCH,1998-10-22 09:00:00,12.0,-77.6, , ,,1998,88,1554.1818635959976,0,1391.5230841078298
1998295N12284,MITCH,1998-10-22 12:00:00,12.0,-77.9,30,1002,,1998,88,1548.9898473091662,0,1383.3513685506534
1998295N12284,MITCH,1998-10-22 15:00:00,11.8,-78.0, , ,,1998,88,1569.4103395296709,0,1402.962453414188
1998295N12284,MITCH,1998-10-22 18:00:00,11.6,-77.9,35,1001,,1998,88,1592.9809351881115,0,1427.6185105061363
1998295N12284,MITCH,1998-10-22 21:00:00,11.6,-77.8, , ,,1998,88,1594.6000631245663,0,1430.1825007055625
1998295N12284,MITCH,1998-10-23 00:00:00,11.8,-77.6,40,1000,,1998,88,1576.1068131589943,0,1413.5441196050856
1998295N12284,MITCH,1998-10-23 03:00:00,12.0,-77.6, , ,,1998,88,1554.1818635959976,0,1391.5230841078298
1998295N12284,MITCH,1998-10-23 06:00:00,12.2,-77.6,45,999,,1998,88,1532.2657826407255,0,1369.4857037159593
1998295N12284,MITCH,1998-10-23 09:00:00,12.4,-77.7, , ,,1998,88,1508.510920503535,0,1344.631024392975
1998295N12284,MITCH,1998-10-23 12:00:00,12.5,-77.8,45,999,,1998,88,1495.7589995514538,0,1330.7970300479822
1998295N12284,MITCH,1998-10-23 15:00:00,12.7,-77.9, , ,,1998,88,1472.0744227861562,0,1305.9270691466781
1998295N12284,MITCH,1998-10-23 18:00:00,12.9,-78.0,50,998,,1998,88,1448.4231587215377,0,1281.0598780818057
1998295N12284,MITCH,1998-10-23 21:00:00,13.1,-78.0, , ,,1998,88,1426.4493560992582,0,1258.9125634893267
1998295N12284,MITCH,1998-10-24 00:00:00,13.4,-77.9,55,997,,1998,88,1395.2592371227838,0,1228.4997005881016
1998295N12284,MITCH,1998-10-24 03:00:00,13.6,-77.8, , ,,1998,88,1375.1909872916508,0,1209.24929723525
1998295N12284,MITCH,1998-10-24 06:00:00,13.9,-77.8,65,990,,1998,88,1342.362715523852,0,1176.128311382296
1998295N12284,MITCH,1998-10-24 09:00:00,14.2,-77.8, , ,,1998,88,1309.5608339680784,0,1143.0389482380847
1998295N12284,MITCH,1998-10-24 12:00:00,14.5,-77.9,75,985,,1998,88,1274.7957702396757,0,1106.8300668851082
1998295N12284,MITCH,1998-10-24 15:00:00,14.8,-78.0, , ,,1998,88,1240.0473428604082,0,1070.577358218452
1998295N12284,MITCH,1998-10-24 18:00:00,15.0,-78.1,90,980,,1998,88,1216.266468226902,0,1045.3609244224149
1998295N12284,MITCH,1998-10-24 21:00:00,15.2,-78.2, , ,,1998,88,1192.5210429944666,0,1020.1421874123131
1998295N12284,MITCH,1998-10-25 00:00:00,15.5,-78.4,100,965,,1998,88,1156.1262165308872,0,980.8609096728184
1998295N12284,MITCH,1998-10-25 03:00:00,15.8,-78.6, , ,,1998,88,1119.9394991868603,0,941.6715017306033
1998295N12284,MITCH,1998-10-25 06:00:00,16.0,-78.9,105,951,,1998,88,1093.6882357891718,0,911.0325679551909
1998295N12284,MITCH,1998-10-25 09:00:00,16.1,-79.2, , ,,1998,88,1079.2419747244242,0,892.0720504375905
1998295N12284,MITCH,1998-10-25 12:00:00,16.2,-79.6,115,945,,1998,88,1064.9804666722841,0,870.5542473353183
1998295N12284,MITCH,1998-10-25 15:00:00,16.3,-79.9, , ,,1998,88,1052.5274095917532,0,852.0474072640421
1998295N12284,MITCH,1998-10-25 18:00:00,16.4,-80.3,125,926,,1998,88,1041.033880362937,0,832.6980813585276
1998295N12284,MITCH,1998-10-25 21:00:00,16.4,-80.6, , ,,1998,88,1041.8319619658935,0,827.7678898433021
1998295N12284,MITCH,1998-10-26 00:00:00,16.4,-81.0,130,923,,1998,88,1044.3345399564103,0,821.7996177073845
1998295N12284,MITCH,1998-10-26 03:00:00,16.4,-81.4, , ,,1998,88,1048.4698337440343,0,818.042210483492
1998295N12284,MITCH,1998-10-26 06:00:00,16.4,-81.8,135,922,,1998,88,1054.2186038208606,0,816.0636174613393
1998295N12284,MITCH,1998-10-26 09:00:00,16.5,-82.2, , ,,1998,88,1050.6403887537604,0,804.6815142206642
1998295N12284,MITCH,1998-10-26 12:00:00,16.6,-82.6,145,914,,1998,88,1048.79500662757,0,795.3412493313291
1998295N12284,MITCH,1998-10-26 15:00:00,16.7,-82.9, , ,,1998,88,1045.8678659700608,0,786.8457266207471
1998295N12284,MITCH,1998-10-26 18:00:00,16.9,-83.1,155,905,,1998,88,1030.259988742929,0,766.6713015253926
1998295N12284,MITCH,1998-10-26 21:00:00,17.1,-83.4, , ,,1998,88,1018.6229573057722,0,747.4642210202608
1998295N12284,MITCH,1998-10-27 00:00:00,17.2,-83.8,155,910,,1998,88,1022.4176215660053,0,739.8131695624
1998295N12284,MITCH,1998-10-27 03:00:00,17.3,-84.1, , ,,1998,88,1023.8460499361025,0,732.8979998044641
1998295N12284,MITCH,1998-10-27 06:00:00,17.3,-84.4,150,917,,1998,88,1036.4551907269586,0,738.5143525368674
1998295N12284,MITCH,1998-10-27 09:00:00,17.2,-84.7, , ,,1998,88,1059.8691507290698,0,756.9254355883692
1998295N12284,MITCH,1998-10-27 12:00:00,17.1,-85.0,150,922,,1998,88,1083.7942965906348,0,776.2821553792859
1998295N12284,MITCH,1998-10-27 15:00:00,17.0,-85.2, , ,,1998,88,1103.309594344624,0,793.3136408954194
1998295N12284,MITCH,1998-10-27 18:00:00,16.9,-85.4,145,928,,1998,88,1122.9881172486973,0,810.7601152074808
1998295N12284,MITCH,1998-10-27 21:00:00,16.8,-85.5, , ,,1998,88,1137.7934495595896,0,825.1735130839796
1998295N12284,MITCH,1998-10-28 00:00:00,16.6,-85.6,140,933,,1998,88,1162.430631973766,0,850.6992169158327
1998295N12284,MITCH,1998-10-28 03:00:00,16.4,-85.6, , ,,1998,88,1182.1313034363325,0,872.8394504068227
1998295N12284,MITCH,1998-10-28 06:00:00,16.3,-85.6,130,938,,1998,88,1192.0147511477728,0,883.9217821941783
1998295N12284,MITCH,1998-10-28 09:00:00,16.3,-85.6, , ,,1998,88,1192.0147511477728,0,883.9217821941783
1998295N12284,MITCH,1998-10-28 12:00:00,16.3,-85.6,115,948,,1998,88,1192.0147511477728,0,883.9217821941783
1998295N12284,MITCH,1998-10-28 15:00:00,16.3,-85.6, , ,,1998,88,1192.0147511477728,0,883.9217821941783
1998295N12284,MITCH,1998-10-28 18:00:00,16.3,-85.7,95,959,,1998,88,1196.919930929025,0,887.2565259618575
1998295N12284,MITCH,1998-10-28 21:00:00,16.3,-85.8, , ,,1998,88,1201.8943701997089,0,890.7179178994244
1998295N12284,MITCH,1998-10-29 00:00:00,16.2,-85.8,85,970,,1998,88,1211.7243309878534,0,901.7241547578294
1998295N12284,MITCH,1998-10-29 03:00:00,16.2,-85.8, , ,,1998,88,1211.7243309878534,0,901.7241547578294
1998295N12284,MITCH,1998-10-29 06:00:00,16.1,-85.8,75,979,,1998,88,1221.5761416734158,0,912.7393846897888
1998295N12284,MITCH,1998-10-29 09:00:00,16.0,-85.8, , ,,1998,88,1231.4492777851285,0,923.7631040106353
1998295N12284,MITCH,1998-10-29 12:00:00,15.9,-85.7,70,987,,1998,88,1236.515849584383,0,931.4972444489086
1998295N12284,MITCH,1998-10-29 15:00:00,15.9,-85.6, , ,,1998,88,1231.7568747358575,0,928.3214371064248
1998295N12284,MITCH,1998-10-29 18:00:00,15.8,-85.6,60,994,,1998,88,1241.7419881379658,0,939.43679674836
1998295N12284,MITCH,1998-10-29 21:00:00,15.7,-85.6, , ,,1998,88,1251.745986598847,0,950.5575568504995
1998295N12284,MITCH,1998-10-30 00:00:00,15.6,-85.7,55,995,,1998,88,1266.4229071364514,0,964.7493544591975
1998295N12284,MITCH,1998-10-30 03:00:00,15.5,-85.8, , ,,1998,88,1281.1175439207614,0,978.9931240193177
1998295N12284,MITCH,1998-10-30 06:00:00,15.4,-85.9,50,996,,1998,88,1295.8294136219788,0,993.2864719771073
1998295N12284,MITCH,1998-10-30 09:00:00,15.3,-86.0, , ,,1998,88,1310.5580529604554,0,1007.6271348996116
1998295N12284,MITCH,1998-10-30 12:00:00,15.2,-86.1,45,997,,1998,88,1325.3030176533114,0,1022.0129714433215
1998295N12284,MITCH,1998-10-30 15:00:00,15.0,-86.3, , ,,1998,88,1354.8402350798883,0,1050.912165989206
1998295N12284,MITCH,1998-10-30 18:00:00,14.9,-86.5,45,998,,1998,88,1374.5681375087352,0,1069.117736335531
1998295N12284,MITCH,1998-10-30 21:00:00,14.8,-86.7, , ,,1998,88,1394.4269100099543,0,1087.4635693808377
1998295N12284,MITCH,1998-10-31 00:00:00,14.7,-87.0,45,999,,1998,88,1419.5791690017945,0,1109.9467752267594
1998295N12284,MITCH,1998-10-31 03:00:00,14.6,-87.3, , ,,1998,88,1445.0708471677176,0,1133.040302146091
1998295N12284,MITCH,1998-10-31 06:00:00,14.5,-87.7,40,1000,,1998,88,1476.3749629624936,0,1161.2339273069724
1998295N12284,MITCH,1998-10-31 09:00:00,14.5,-88.1, , ,,1998,88,1498.8557976862817,0,1179.7777923612966
1998295N12284,MITCH,1998-10-31 12:00:00,14.5,-88.5,35,1000,,1998,88,1522.1440561420845,0,1199.641754832753
1998295N12284,MITCH,1998-10-31 15:00:00,14.5,-88.8, , ,,1998,88,1540.1180551281755,0,1215.3975446233997
1998295N12284,MITCH,1998-10-31 18:00:00,14.6,-89.2,30,1001,,1998,88,1555.6865520171677,0,1227.327260071691
1998295N12284,MITCH,1998-10-31 21:00:00,14.6,-89.6, , ,,1998,88,1581.1401617344238,0,1250.3663534559619
1998295N12284,MITCH,1998-11-01 00:00:00,14.6,-90.0,30,1002,,1998,88,1607.2685746176223,0,1274.5451273627737
1998295N12284,MITCH,1998-11-01 03:00:00,14.6,-90.4, , ,,1998,88,1634.039268694997,0,1299.7292366826382
1998295N12284,MITCH,1998-11-01 06:00:00,14.7,-90.8,25,1003,,1998,88,1652.920415401888,0,1316.3621414134238
1998295N12284,MITCH,1998-11-01 09:00:00,14.8,-91.2, , ,,1998,88,1672.6649163707755,0,1334.369330027335
1998295N12284,MITCH,1998-11-01 12:00:00,14.9,-91.5,25,1005,,1998,88,1685.9688364191063,0,1346.5324783627264
1998295N12284,MITCH,1998-11-01 15:00:00,15.2,-91.9, , ,,1998,88,1691.162532399568,0,1349.2629409667989
1998295N12284,MITCH,1998-11-01 18:00:00,15.5,-92.2,25,1005,,1998,88,1690.2283645746038,0,1346.4535260561383
1998295N12284,MITCH,1998-11-01 21:00:00,15.9,-92.5, , ,,1998,88,1682.8803787472068,0,1337.1912100158172
1998295N12284,MITCH,1998-11-02 00:00:00,16.3,-92.7,20,1005,,1998,88,1669.0771224586158,0,1321.499252985009
1998295N12284,MITCH,1998-11-02 03:00:00,16.7,-92.9, , ,,1998,88,1656.5172479940213,0,1307.5794618305144
1998295N12284,MITCH,1998-11-02 06:00:00,17.1,-93.1,20,1005,,1998,88,1645.225755018646,0,1295.3561738952897
1998295N12284,MITCH,1998-11-02 09:00:00,17.5,-93.3, , ,,1998,88,1635.2253714106132,0,1284.5616392114234
1998295N12284,MITCH,1998-11-02 12:00:00,17.9,-93.4,20,1005,,1998,88,1617.8595019881136,0,1266.517899857844
1998295N12284,MITCH,1998-11-02 15:00:00,18.3,-93.6, , ,,1998,88,1610.3511695799402,0,1259.3057205277635
1998295N12284,MITCH,1998-11-02 18:00:00,18.7,-93.7,20,1005,,1998,88,1595.2431359588456,0,1244.0347677963234
1998295N12284,MITCH,1998-11-02 21:00:00,19.0,-93.6, , ,,1998,88,1568.850895924053,0,1216.6810255344867
1998295N12284,MITCH,1998-11-03 00:00:00,19.2,-93.4,20,1003,,1998,88,1539.4029136407953,0,1185.7271890396637
1998295N12284,MITCH,1998-11-03 03:00:00,19.3,-93.1, , ,,1998,88,1506.6525976546454,0,1150.8293330339652
1998295N12284,MITCH,1998-11-03 06:00:00,19.3,-92.7,20,1003,,1998,88,1470.734117330637,0,1112.2555500897765
1998295N12284,MITCH,1998-11-03 09:00:00,19.3,-92.4, , ,,1998,88,1443.9720404099319,0,1083.6249009701157
1998295N12284,MITCH,1998-11-03 12:00:00,19.4,-92.1,25,1002,,1998,88,1411.4073512321747,0,1049.003058722051
1998295N12284,MITCH,1998-11-03 15:00:00,19.5,-91.8, , ,,1998,88,1378.8841884599644,0,1014.4323645708462
1998295N12284,MITCH,1998-11-03 18:00:00,19.6,-91.4,40,997,,1998,88,1337.5955444328529,0,970.5666976417339
1998295N12284,MITCH,1998-11-03 21:00:00,19.8,-90.9, , ,,1998,88,1281.5829744683942,0,910.9868881029289
1998295N12284,MITCH,1998-11-04 00:00:00,20.0,-90.6,35,997,,1998,88,1243.1635706563316,0,870.0862192320172
1998295N12284,MITCH,1998-11-04 02:00:00,20.1,-90.5,35,998,,1998,88,1228.3566937163685,0,854.3035896671169
1998295N12284,MITCH,1998-11-04 03:00:00,20.2,-90.3, , ,,1998,88,1204.7825449970167,0,829.1692042245061
1998295N12284,MITCH,1998-11-04 06:00:00,20.8,-89.6,30,998,,1998,88,1107.5296396746544,0,725.0523288444059
1998295N12284,MITCH,1998-11-04 09:00:00,21.3,-88.9, , ,,1998,88,1016.5795082304699,0,627.3797261155238
1998295N12284,MITCH,1998-11-04 12:00:00,21.8,-88.2,40,998,,1998,88,925.9963344036543,0,529.7724327361566
1998295N12284,MITCH,1998-11-04 15:00:00,22.5,-87.4, , ,,1998,88,816.2382402025189,0,411.31161361574766
1998295N12284,MITCH,1998-11-04 18:00:00,23.3,-86.5,40,993,,1998,88,694.2332457497689,0,279.61157561347073
1998295N12284,MITCH,1998-11-04 21:00:00,24.1,-85.7, , ,,1998,88,585.272855802591,0,165.46200351233696
1998295N12284,MITCH,1998-11-05 00:00:00,24.8,-84.8,45,993,,1998,88,475.4818769265888,0,59.6314829528927
1998295N12284,MITCH,1998-11-05 03:00:00,25.3,-83.9, , ,,1998,88,375.5816447654184,1,0.0
1998295N12284,MITCH,1998-11-05 06:00:00,25.6,-83.1,50,990,,1998,88,291.9826101862498,1,0.0
1998295N12284,MITCH,1998-11-05 09:00:00,25.8,-82.6, , ,,1998,88,241.16020154864648,1,0.0
1998295N12284,MITCH,1998-11-05 11:00:00,26.2,-81.9,55,989,,1998,88,177.56508451216348,1,0.0
1998295N12284,MITCH,1998-11-05 12:00:00,26.6,-81.3,55,987,,1998,88,144.62827264614705,1,0.0
1998295N12284,MITCH,1998-11-05 15:00:00,27.2,-79.7, , ,,1998,88,167.2538308990526,1,0.0
1998295N12284,MITCH,1998-11-05 18:00:00,27.5,-78.3,50,992,,1998,88,269.6582377059171,0,58.60826037407419
1998295N12284,MITCH,1998-11-05 21:00:00,28.6,-76.7, , ,,1998,88,467.81558621148173,0,273.4824682504008
1998295N12284,MITCH,1998-11-06 00:00:00,30.0,-75.0,50,993,,1998,88,694.4354349916719,0,495.7632703112972
1998295N12284,MITCH,1998-11-06 03:00:00,31.2,-73.5, , ,,1998,88,890.3539296107207,0,706.1816150196071
1998295N12284,MITCH,1998-11-06 06:00:00,32.5,-72.0,50,992,,1998,88,1092.162778273894,0,922.581888471754
1998295N12284,MITCH,1998-11-06 09:00:00,33.8,-70.1, , ,,1998,88,1320.5319604938004,0,1172.383827904998
1998295N12284,MITCH,1998-11-06 12:00:00,35.0,-68.0,50,990,,1998,88,1554.2347209227103,0,1446.6490114843891
1998295N12284,MITCH,1998-11-06 15:00:00,36.0,-65.6, , ,,1998,88,1794.9014432591214,0,1745.272316955717
1998295N12284,MITCH,1998-11-06 18:00:00,37.0,-63.0,50,989,,1998,88,2049.755844345959,0,2065.5667791511014
1998295N12284,MITCH,1998-11-06 21:00:00,38.0,-60.5, , ,,1998,88,2295.836700600678,0,2376.475797172102
1998295N12284,MITCH,1998-11-07 00:00:00,39.0,-58.0,50,990,,1998,88,2539.890039725641,0,2688.3290163435554
1998295N12284,MITCH,1998-11-07 03:00:00,40.0,-55.5, , ,,1998,88,2781.4740047325963,0,3001.145847607649
1998295N12284,MITCH,1998-11-07 06:00:00,41.0,-53.0,50,992,,1998,88,3020.240323881434,0,3314.9605041270083
1998295N12284,MITCH,1998-11-07 09:00:00,41.7,-50.3, , ,,1998,88,3257.567229869164,0,3631.744929300418
1998295N12284,MITCH,1998-11-07 12:00:00,42.5,-47.5,50,986,,1998,88,3505.02104727162,0,3965.3996798886174
1998295N12284,MITCH,1998-11-07 15:00:00,43.5,-44.7, , ,,1998,88,3757.318555772567,0,4311.983669803387
1998295N12284,MITCH,1998-11-07 18:00:00,44.5,-42.0,60,972,,1998,88,3997.826837487916,0,4649.473715441115
1998295N12284,MITCH,1998-11-07 21:00:00,45.5,-39.2, , ,,1998,88,4241.369368435033,0,4998.291762394136
1998295N12284,MITCH,1998-11-08 00:00:00,46.5,-36.5,60,974,,1998,88,4472.706133962279,0,5338.188024514404
1998295N12284,MITCH,1998-11-08 03:00:00,47.5,-33.8, , ,,1998,88,4699.110031938009,0,5679.36009843649
1998295N12284,MITCH,1998-11-08 06:00:00,48.5,-31.0,60,972,,1998,88,4927.518173615622,0,6032.044481807812
1998295N12284,MITCH,1998-11-08 09:00:00,49.1,-27.9, , ,,1998,88,5163.31641085458,0,6388.079144466175
1998295N12284,MITCH,1998-11-08 12:00:00,50.0,-25.0,60,962,,1998,88,5386.318449027756,0,6745.868497413274
1998295N12284,MITCH,1998-11-08 15:00:00,51.7,-22.8, , ,,1998,88,5567.25373315847,0,7094.712182797064
1998295N12284,MITCH,1998-11-08 18:00:00,53.5,-20.5,60,956,,1998,88,5749.233991264358,0,7470.9895708049935
1998295N12284,MITCH,1998-11-08 21:00:00,54.6,-17.4, , ,,1998,88,5964.82261856641,0,7873.304321306856
1998295N12284,MITCH,1998-11-09 00:00:00,55.5,-14.5,60,956,,1998,88,6157.644331917457,0,8240.40358171218
1998295N12284,MITCH,1998-11-09 03:00:00,56.7,-12.1, , ,,1998,88,6314.391336981663,0,8588.340185398582
1998295N12284,MITCH,1998-11-09 06:00:00,58.0,-10.5,60,956,,1998,88,6416.902155678994,0,8872.937065279744
1998295N12284,MITCH,1998-11-09 09:00:00,59.5,-10.3, , ,,1998,88,6436.405451826426,0,9052.45249447946
1998295N12284,MITCH,1998-11-09 12:00:00,61.0,-10.0,60,956,,1998,88,6462.999994271468,0,9256.700167171628
1998295N12284,MITCH,1998-11-09 15:00:00,62.3,-8.1, , ,,1998,88,6571.577145819574,0,9599.493524806378
1998295N12284,MITCH,1998-11-09 18:00:00,63.5,-5.0,55,960,,1998,88,6732.800008976636,0,10048.987714348485
1999262N25272,HARVEY,1999-09-19 06:00:00,25.0,-87.8,30,1005,,1999,81,768.9031142755142,0,394.47190204958963
1999262N25272,HARVEY,1999-09-19 09:00:00,25.2,-87.8, , ,,1999,81,766.1437287168105,0,397.13242512580973
1999262N25272,HARVEY,1999-09-19 12:00:00,25.5,-87.8,30,1004,,1999,81,763.1961346375214,0,402.9970517738493
1999262N25272,HARVEY,1999-09-19 15:00:00,25.8,-87.8, , ,,1999,81,761.6924802126886,0,407.3215096722046
1999262N25272,HARVEY,1999-09-19 18:00:00,26.0,-87.8,30,1003,,1999,81,761.4967947589624,0,385.975899301962
1999262N25272,HARVEY,1999-09-19 21:00:00,26.2,-87.6, , ,,1999,81,742.006163727264,0,353.3086094426504
1999262N25272,HARVEY,1999-09-20 00:00:00,26.3,-87.4,40,1002,,1999,81,722.595095260953,0,331.51794709966146
1999262N25272,HARVEY,1999-09-20 03:00:00,26.4,-87.2, , ,,1999,81,703.4253739763377,0,310.2804923245698
1999262N25272,HARVEY,1999-09-20 06:00:00,26.6,-86.9,40,1001,,1999,81,675.7660822351005,0,273.57649750799095
1999262N25272,HARVEY,1999-09-20 09:00:00,26.8,-86.6, , ,,1999,81,649.1738079883003,0,237.69557658556212
1999262N25272,HARVEY,1999-09-20 12:00:00,27.0,-86.3,40,998,,1999,81,623.7784604931219,0,203.08462730099635
1999262N25272,HARVEY,1999-09-20 15:00:00,27.0,-85.9, , ,,1999,81,584.9929232777719,0,190.64023218816985
1999262N25272,HARVEY,1999-09-20 18:00:00,27.0,-85.5,50,998,,1999,81,546.3569834541183,0,163.41856780699536
1999262N25272,HARVEY,1999-09-20 21:00:00,27.1,-85.0, , ,,1999,81,501.3115202503743,0,106.38856671142563
1999262N25272,HARVEY,1999-09-21 00:00:00,27.1,-84.6,50,995,,1999,81,463.43638191126956,0,63.1963890075398
1999262N25272,HARVEY,1999-09-21 03:00:00,26.8,-84.2, , ,,1999,81,415.9414007546605,0,35.99344309137559
1999262N25272,HARVEY,1999-09-21 06:00:00,26.5,-83.9,50,995,,1999,81,379.1658640474131,0,26.33982639802037
1999262N25272,HARVEY,1999-09-21 08:00:00,26.3,-83.7,50,994,,1999,81,355.5833914133959,0,17.121123785364045
1999262N25272,HARVEY,1999-09-21 09:00:00,26.2,-83.5, , ,,1999,81,334.2419238941455,0,0.17998235890510886
1999262N25272,HARVEY,1999-09-21 12:00:00,26.0,-82.8,50,996,,1999,81,262.26821379421756,1,0.0
1999262N25272,HARVEY,1999-09-21 15:00:00,25.9,-82.1, , ,,1999,81,191.59822493775215,1,0.0
1999262N25272,HARVEY,1999-09-21 17:00:00,25.9,-81.7,50,999,,1999,81,151.7283516882947,1,0.0
1999262N25272,HARVEY,1999-09-21 18:00:00,25.9,-81.5,50,999,,1999,81,131.83037452808878,1,0.0
1999262N25272,HARVEY,1999-09-21 21:00:00,26.2,-80.3, , ,,1999,81,49.92235658676704,1,0.0
1999262N25272,HARVEY,1999-09-22 00:00:00,26.9,-78.6,40,1000,,1999,81,202.93933409590088,0,0.1628739632260137
1999286N16278,IRENE,1999-10-12 12:00:00,15.9,-82.0,20,1006,,1999,87,1112.5000563190454,0,873.8164518163064
1999286N16278,IRENE,1999-10-12 15:00:00,16.2,-82.6, , ,,1999,87,1092.118734069351,0,841.6485512451912
1999286N16278,IRENE,1999-10-12 18:00:00,16.4,-83.0,20,1006,,1999,87,1080.8518266616147,0,822.7553047394391
1999286N16278,IRENE,1999-10-12 21:00:00,16.5,-83.2, , ,,1999,87,1075.9350497792605,0,814.2898110317843
1999286N16278,IRENE,1999-10-13 00:00:00,16.7,-83.2,20,1005,,1999,87,1054.6117630138988,0,791.3090957341523
1999286N16278,IRENE,1999-10-13 03:00:00,16.9,-83.3, , ,,1999,87,1036.4875682705429,0,769.9653283009159
1999286N16278,IRENE,1999-10-13 06:00:00,17.3,-83.3,30,1004,,1999,87,994.1688073668205,0,723.6071258412942
1999286N16278,IRENE,1999-10-13 09:00:00,17.8,-83.3, , ,,1999,87,941.54793563171,0,665.3002726131004
1999286N16278,IRENE,1999-10-13 12:00:00,18.5,-83.4,35,1003,,1999,87,872.3387980755274,0,584.1342001320141
1999286N16278,IRENE,1999-10-13 15:00:00,19.2,-83.5, , ,,1999,87,804.7939167222843,0,503.1522743201306
1999286N16278,IRENE,1999-10-13 18:00:00,19.8,-83.6,45,1001,,1999,87,749.2431947221669,0,434.33033224942017
1999286N16278,IRENE,1999-10-13 21:00:00,20.3,-83.6, , ,,1999,87,700.2293129843076,0,375.7206902830656
1999286N16278,IRENE,1999-10-14 00:00:00,20.7,-83.6,55,999,,1999,87,661.7647238169496,0,328.7120945575375
1999286N16278,IRENE,1999-10-14 03:00:00,20.9,-83.7, , ,,1999,87,648.4007154678169,0,307.2807000003996
1999286N16278,IRENE,1999-10-14 06:00:00,21.0,-83.6,60,999,,1999,87,633.4312570898388,0,293.46817777568117
1999286N16278,IRENE,1999-10-14 09:00:00,21.1,-83.3, , ,,1999,87,607.5909671751988,0,276.76854100443705
1999286N16278,IRENE,1999-10-14 12:00:00,21.3,-82.9,60,997,,1999,87,567.7150068006266,0,250.26238617565568
1999286N16278,IRENE,1999-10-14 15:00:00,21.7,-82.5, , ,,1999,87,509.06466801208495,0,196.64948115575547
1999286N16278,IRENE,1999-10-14 18:00:00,22.4,-82.4,60,995,,1999,87,435.84186798977095,0,111.88285824864525
1999286N16278,IRENE,1999-10-14 19:00:00,22.7,-82.5,60,986,,1999,87,413.10953570241475,0,77.79918480967234
1999286N16278,IRENE,1999-10-14 21:00:00,23.0,-82.6, , ,,1999,87,392.1342796107302,0,44.68547378583018
1999286N16278,IRENE,1999-10-15 00:00:00,23.1,-82.6,60,988,,1999,87,383.42905981487667,0,32.96996629297199
1999286N16278,IRENE,1999-10-15 03:00:00,23.4,-82.4, , ,,1999,87,344.6864380778438,1,0.0
1999286N16278,IRENE,1999-10-15 06:00:00,23.8,-82.2,65,988,,1999,87,297.7870978215926,1,0.0
1999286N16278,IRENE,1999-10-15 09:00:00,24.0,-82.1, , ,,1999,87,274.62718854299146,1,0.0
1999286N16278,IRENE,1999-10-15 12:00:00,24.4,-81.8,65,987,,1999,87,221.71091987700345,1,0.0
1999286N16278,IRENE,1999-10-15 13:00:00,24.6,-81.6,65,987,,1999,87,191.74204661129218,1,0.0
1999286N16278,IRENE,1999-10-15 15:00:00,24.9,-81.4, , ,,1999,87,154.6777093961669,1,0.0
1999286N16278,IRENE,1999-10-15 18:00:00,25.1,-81.3,65,986,,1999,87,133.40904312296576,1,0.0
1999286N16278,IRENE,1999-10-15 20:00:00,25.3,-81.1,70,987,,1999,87,104.59221917332343,1,0.0
1999286N16278,IRENE,1999-10-15 21:00:00,25.5,-81.0, , ,,1999,87,86.09158306178176,1,0.0
1999286N16278,IRENE,1999-10-16 00:00:00,26.1,-80.6,65,986,,1999,87,55.50966549724014,1,0.0
1999286N16278,IRENE,1999-10-16 03:00:00,26.6,-80.3, , ,,1999,87,93.83790368143416,1,0.0
1999286N16278,IRENE,1999-10-16 06:00:00,27.0,-80.2,65,985,,1999,87,137.69510038944597,1,0.0
1999286N16278,IRENE,1999-10-16 09:00:00,27.4,-80.1, , ,,1999,87,182.39920447129472,1,0.0
1999286N16278,IRENE,1999-10-16 12:00:00,27.8,-80.1,65,982,,1999,87,226.83170811279462,1,0.0
1999286N16278,IRENE,1999-10-16 15:00:00,28.2,-80.0, , ,,1999,87,271.7917489094566,1,0.0
1999286N16278,IRENE,1999-10-16 18:00:00,28.6,-79.9,65,984,,1999,87,316.92118614467785,1,0.0
1999286N16278,IRENE,1999-10-16 21:00:00,29.0,-79.8, , ,,1999,87,362.1536555857165,1,0.0
1999286N16278,IRENE,1999-10-17 00:00:00,29.4,-79.8,65,984,,1999,87,406.39810989281,1,0.0
1999286N16278,IRENE,1999-10-17 03:00:00,29.8,-79.8, , ,,1999,87,450.6884809269702,0,2.280964731703862
1999286N16278,IRENE,1999-10-17 06:00:00,30.2,-79.8,65,985,,1999,87,495.0124438665946,0,18.833719708970893
1999286N16278,IRENE,1999-10-17 09:00:00,30.7,-79.8, , ,,1999,87,550.4522733777516,0,28.29361086040372
1999286N16278,IRENE,1999-10-17 12:00:00,31.2,-79.7,65,984,,1999,87,606.6160615645266,0,50.041916256067644
1999286N16278,IRENE,1999-10-17 15:00:00,31.7,-79.5, , ,,1999,87,663.739459801898,0,98.00711783258858
1999286N16278,IRENE,1999-10-17 18:00:00,32.2,-79.0,70,978,,1999,87,725.2129485561334,0,180.83299441759218
1999286N16278,IRENE,1999-10-17 21:00:00,32.8,-78.3, , ,,1999,87,803.7920154183643,0,290.63261245622516
1999286N16278,IRENE,1999-10-18 00:00:00,33.4,-77.4,80,976,,1999,87,891.0935312734878,0,418.6732342109585
1999286N16278,IRENE,1999-10-18 03:00:00,34.0,-76.4, , ,,1999,87,986.071896716144,0,555.8206378515318
1999286N16278,IRENE,1999-10-18 06:00:00,34.8,-75.2,95,964,,1999,87,1113.0178623431302,0,727.529319348809
1999286N16278,IRENE,1999-10-18 07:56:00,35.4,-74.4,95,958,,1999,87,1206.0092998644795,0,848.0218231864482
1999286N16278,IRENE,1999-10-18 09:00:00,35.8,-73.8, , ,,1999,87,1271.4941530735766,0,934.3880387624703
1999286N16278,IRENE,1999-10-18 12:00:00,36.8,-71.6,90,960,,1999,87,1472.574036806101,0,1212.7215867270818
1999286N16278,IRENE,1999-10-18 15:00:00,37.9,-69.6, , ,,1999,87,1677.5298450618325,0,1483.336113455001
1999286N16278,IRENE,1999-10-18 18:00:00,39.0,-67.4,80,968,,1999,87,1895.7456158571827,0,1773.391583146615
1999286N16278,IRENE,1999-10-18 21:00:00,40.1,-64.6, , ,,1999,87,2151.860111957828,0,2119.55052699261
1999286N16278,IRENE,1999-10-19 00:00:00,41.5,-61.0,80,968,,1999,87,2482.774551895086,0,2566.985532150835
1999286N16278,IRENE,1999-10-19 03:00:00,43.2,-56.1, , ,,1999,87,2919.153854176094,0,3164.6296333101814
1999286N16278,IRENE,1999-10-19 06:00:00,44.9,-51.5,80,968,,1999,87,3331.0623200325626,0,3738.905967277302
1999286N16278,IRENE,1999-10-19 09:00:00,46.4,-49.2, , ,,1999,87,3568.904504253439,0,4082.131394789105
1999286N16278,IRENE,1999-10-19 12:00:00,48.0,-48.0,80,968,,1999,87,3735.5207116570855,0,4337.193943472804
1999286N16278,IRENE,1999-10-19 15:00:00,49.5,-46.6, , ,,1999,87,3907.7470235400106,0,4609.820482683804
1999286N16278,IRENE,1999-10-19 18:00:00,51.0,-45.0,80,968,,1999,87,4089.627812108711,0,4907.623208208858
2004247N10332,IVAN,2004-09-02 18:00:00,9.7,-27.6,25,1009,,2004,66,5807.499767957138,0,5951.8108179963265
2004247N10332,IVAN,2004-09-02 21:00:00,9.7,-28.1, , ,,2004,66,5757.918372469358,0,5898.625968276076
2004247N10332,IVAN,2004-09-03 00:00:00,9.7,-28.7,30,1007,,2004,66,5698.464628302274,0,5834.865089551283
2004247N10332,IVAN,2004-09-03 03:00:00,9.7,-29.4, , ,,2004,66,5629.165581474662,0,5760.564212175695
2004247N10332,IVAN,2004-09-03 06:00:00,9.7,-30.3,35,1005,,2004,66,5540.1737329118305,0,5665.177551307112
2004247N10332,IVAN,2004-09-03 09:00:00,9.6,-31.2, , ,,2004,66,5456.160516421329,0,5573.511776055406
2004247N10332,IVAN,2004-09-03 12:00:00,9.5,-32.1,40,1003,,2004,66,5372.365887282818,0,5482.166418884384
2004247N10332,IVAN,2004-09-03 15:00:00,9.4,-32.9, , ,,2004,66,5298.629062199579,0,5401.665932041427
2004247N10332,IVAN,2004-09-03 18:00:00,9.3,-33.6,45,1000,,2004,66,5234.904828731562,0,5331.943720805953
2004247N10332,IVAN,2004-09-03 21:00:00,9.2,-34.3, , ,,2004,66,5171.361488695381,0,5262.403854917765
2004247N10332,IVAN,2004-09-04 00:00:00,9.1,-35.0,45,999,,2004,66,5108.0094808388185,0,5193.09272657113
2004247N10332,IVAN,2004-09-04 03:00:00,9.0,-35.7, , ,,2004,66,5044.859679446726,0,5124.052774568631
2004247N10332,IVAN,2004-09-04 06:00:00,8.9,-36.5,50,997,,2004,66,4972.208496419718,0,5044.914241167699
2004247N10332,IVAN,2004-09-04 09:00:00,8.9,-37.3, , ,,2004,66,4894.591197055197,0,4961.984591563661
2004247N10332,IVAN,2004-09-04 12:00:00,8.9,-38.2,50,997,,2004,66,4807.4981840908895,0,4868.947391457691
2004247N10332,IVAN,2004-09-04 15:00:00,8.9,-39.1, , ,,2004,66,4720.660228554856,0,4776.199472559693
2004247N10332,IVAN,2004-09-04 18:00:00,9.0,-39.9,55,994,,2004,66,4638.3125525552905,0,4689.647145945223
2004247N10332,IVAN,2004-09-04 21:00:00,9.1,-40.6, , ,,2004,66,4565.69590013342,0,4613.463278562307
2004247N10332,IVAN,2004-09-05 00:00:00,9.3,-41.4,60,991,,2004,66,4478.174236517252,0,4522.691026888977
2004247N10332,IVAN,2004-09-05 03:00:00,9.4,-42.4, , ,,2004,66,4377.102136305182,0,4416.029544242384
2004247N10332,IVAN,2004-09-05 06:00:00,9.5,-43.4,65,987,,2004,66,4276.308153326491,0,4309.631876970782
2004247N10332,IVAN,2004-09-05 09:00:00,9.6,-44.3, , ,,2004,66,4185.288776133013,0,4213.648491565833
2004247N10332,IVAN,2004-09-05 12:00:00,9.8,-45.1,85,977,,2004,66,4098.338392418235,0,4123.26529958603
2004247N10332,IVAN,2004-09-05 15:00:00,10.0,-46.0, , ,,2004,66,4002.0722435274292,0,4022.8511868216133
2004247N10332,IVAN,2004-09-05 18:00:00,10.2,-46.8,110,955,,2004,66,3915.3857225936217,0,3932.6161817025773
2004247N10332,IVAN,2004-09-05 21:00:00,10.4,-47.6, , ,,2004,66,3828.829097546742,0,3842.4326446980617
2004247N10332,IVAN,2004-09-06 00:00:00,10.6,-48.5,115,948,,2004,66,3733.054302478906,0,3742.237490791628
2004247N10332,IVAN,2004-09-06 03:00:00,10.7,-49.5, , ,,2004,66,3633.9905694520385,0,3637.1637267664405
2004247N10332,IVAN,2004-09-06 06:00:00,10.8,-50.5,110,950,,2004,66,3535.3630507550943,0,3532.507219169605
2004247N10332,IVAN,2004-09-06 09:00:00,10.9,-51.5, , ,,2004,66,3437.2079208749205,0,3428.306201140277
2004247N10332,IVAN,2004-09-06 12:00:00,11.0,-52.5,110,955,,2004,66,3339.565294354401,0,3324.6035224042253
2004247N10332,IVAN,2004-09-06 15:00:00,11.2,-53.5, , ,,2004,66,3236.2939440112104,0,3215.962711226446
2004247N10332,IVAN,2004-09-06 18:00:00,11.3,-54.4,90,969,,2004,66,3148.712367913879,0,3122.9477863637535
2004247N10332,IVAN,2004-09-06 21:00:00,11.3,-55.3, , ,,2004,66,3068.0136369792,0,3036.1696321281497
2004247N10332,IVAN,2004-09-07 00:00:00,11.2,-56.1,90,964,,2004,66,3003.4521873362587,0,2965.549941855932
2004247N10332,IVAN,2004-09-07 03:00:00,11.2,-57.0, , ,,2004,66,2924.421836483568,0,2880.3494296837866
2004247N10332,IVAN,2004-09-07 06:00:00,11.3,-57.8,95,965,,2004,66,2848.1646544560317,0,2799.2426021695887
2004247N10332,IVAN,2004-09-07 09:00:00,11.4,-58.6, , ,,2004,66,2772.4519956834893,0,2718.678521522631
2004247N10332,IVAN,2004-09-07 12:00:00,11.6,-59.4,100,963,,2004,66,2690.3565522191975,0,2632.2494095263637
2004247N10332,IVAN,2004-09-07 15:00:00,11.7,-60.3, , ,,2004,66,2607.3584487850353,0,2543.7139788505187
2004247N10332,IVAN,2004-09-07 18:00:00,11.8,-61.1,105,956,,2004,66,2533.5411713397375,0,2465.0528033849528
2004247N10332,IVAN,2004-09-07 21:00:00,11.9,-61.7, , ,,2004,66,2476.8392889781153,0,2404.690917916076
2004247N10332,IVAN,2004-09-07 21:30:00,11.9,-61.8,110,952,,2004,66,2468.6484278252688,0,2395.8066237052226
2004247N10332,IVAN,2004-09-08 00:00:00,12.0,-62.6,115,950,,2004,66,2396.275894225997,0,2318.369402013461
2004247N10332,IVAN,2004-09-08 03:00:00,12.1,-63.4, , ,,2004,66,2324.7832841676013,0,2241.850287095749
2004247N10332,IVAN,2004-09-08 06:00:00,12.3,-64.1,120,946,,2004,66,2254.3192517127177,0,2167.4217668112487
2004247N10332,IVAN,2004-09-08 09:00:00,12.4,-64.8, , ,,2004,66,2192.2072120195185,0,2101.0049630222693
2004247N10332,IVAN,2004-09-08 12:00:00,12.6,-65.5,120,955,,2004,66,2122.940842319715,0,2027.7522263946557
2004247N10332,IVAN,2004-09-08 15:00:00,12.8,-66.3, , ,,2004,66,2046.8591523215446,0,1946.7469943082313
2004247N10332,IVAN,2004-09-08 18:00:00,13.0,-67.0,120,950,,2004,66,1979.034483992283,0,1874.6703930965625
2004247N10332,IVAN,2004-09-08 21:00:00,13.1,-67.7, , ,,2004,66,1920.3450878895835,0,1811.5330494371494
2004247N10332,IVAN,2004-09-09 00:00:00,13.3,-68.3,130,938,,2004,66,1861.2085897794702,0,1748.8601521571163
2004247N10332,IVAN,2004-09-09 03:00:00,13.5,-68.9, , ,,2004,66,1802.6730841382785,0,1686.7939097132519
2004247N10332,IVAN,2004-09-09 06:00:00,13.7,-69.5,140,925,,2004,66,1744.7931607108505,0,1625.1402109795933
2004247N10332,IVAN,2004-09-09 09:00:00,13.9,-70.2, , ,,2004,66,1681.1434980303713,0,1557.052215566595
2004247N10332,IVAN,2004-09-09 12:00:00,14.2,-70.8,140,919,,2004,66,1615.923827418269,0,1488.1612754415382
2004247N10332,IVAN,2004-09-09 15:00:00,14.4,-71.4, , ,,2004,66,1560.4671875550116,0,1429.0189601183686
2004247N10332,IVAN,2004-09-09 18:00:00,14.7,-71.9,130,921,,2004,66,1502.6372030089694,0,1368.0848919435944
2004247N10332,IVAN,2004-09-09 21:00:00,14.9,-72.4, , ,,2004,66,1454.5884322309369,0,1316.7048680445853
2004247N10332,IVAN,2004-09-10 00:00:00,15.2,-72.8,130,923,,2004,66,1403.4277803952252,0,1262.8276997344308
2004247N10332,IVAN,2004-09-10 03:00:00,15.4,-73.3, , ,,2004,66,1356.5075941973419,0,1212.6284839745028
2004247N10332,IVAN,2004-09-10 06:00:00,15.7,-73.8,125,930,,2004,66,1300.7316183250653,0,1153.5180839734755
2004247N10332,IVAN,2004-09-10 09:00:00,15.9,-74.2, , ,,2004,66,1260.481201760225,0,1110.6667880206026
2004247N10332,IVAN,2004-09-10 12:00:00,16.2,-74.7,125,934,,2004,66,1205.984327108986,0,1052.5494375928497
2004247N10332,IVAN,2004-09-10 15:00:00,16.5,-75.3, , ,,2004,66,1147.6885658896351,0,990.1712506283366
2004247N10332,IVAN,2004-09-10 18:00:00,16.8,-75.8,120,940,,2004,66,1095.1907441697415,0,934.3304643862276
2004247N10332,IVAN,2004-09-10 21:00:00,17.1,-76.1, , ,,2004,66,1051.9029760844933,0,888.4982025671497
2004247N10332,IVAN,2004-09-11 00:00:00,17.3,-76.5,135,926,,2004,66,1015.2406155419158,0,849.0566980351439
2004247N10332,IVAN,2004-09-11 03:00:00,17.4,-77.1, , ,,2004,66,983.0673481149585,0,814.127601593047
2004247N10332,IVAN,2004-09-11 03:30:00,17.4,-77.2,130,924,,2004,66,979.7624571749386,0,810.3938761314423
2004247N10332,IVAN,2004-09-11 06:00:00,17.4,-77.6,130,923,,2004,66,967.5324712802119,0,796.7696614136279
2004247N10332,IVAN,2004-09-11 09:00:00,17.5,-78.0, , ,,2004,66,946.1128233406969,0,774.0242780767427
2004247N10332,IVAN,2004-09-11 12:00:00,17.7,-78.4,125,925,,2004,66,915.2812208953437,0,736.8904479543764
2004247N10332,IVAN,2004-09-11 15:00:00,17.9,-78.7, , ,,2004,66,887.6083635160207,0,703.8551935742017
2004247N10332,IVAN,2004-09-11 18:00:00,18.0,-79.0,145,920,,2004,66,871.759111045583,0,682.8930075599209
2004247N10332,IVAN,2004-09-11 21:00:00,18.1,-79.3, , ,,2004,66,856.8829657171796,0,662.9935320550507
2004247N10332,IVAN,2004-09-12 00:00:00,18.2,-79.6,145,910,,2004,66,843.0292800283552,0,643.84011781521
2004247N10332,IVAN,2004-09-12 03:00:00,18.3,-80.0, , ,,2004,66,829.9381899333291,0,622.0695962420099
2004247N10332,IVAN,2004-09-12 06:00:00,18.4,-80.4,135,915,,2004,66,818.8641737616039,0,600.9410061479556
2004247N10332,IVAN,2004-09-12 09:00:00,18.6,-80.8, , ,,2004,66,798.7984699576858,0,570.3741066866996
2004247N10332,IVAN,2004-09-12 12:00:00,18.8,-81.2,135,919,,2004,66,781.0127769546048,0,540.8276905362234
2004247N10332,IVAN,2004-09-12 14:15:00,18.9,-81.5,130,920,,2004,66,774.7390517288962,0,525.8405656401703
2004247N10332,IVAN,2004-09-12 15:00:00,18.9,-81.6, , ,,2004,66,776.5881492798563,0,525.191469780362
2004247N10332,IVAN,2004-09-12 18:00:00,19.1,-82.1,130,920,,2004,66,766.2289923637095,0,500.46769771106375
2004247N10332,IVAN,2004-09-12 21:00:00,19.3,-82.5, , ,,2004,66,756.5479959443137,0,479.4964767950539
2004247N10332,IVAN,2004-09-13 00:00:00,19.5,-82.8,140,916,,2004,66,745.8802979014694,0,460.36405294155225
2004247N10332,IVAN,2004-09-13 03:00:00,19.7,-83.2, , ,,2004,66,741.1884146368438,0,441.6497636147504
2004247N10332,IVAN,2004-09-13 06:00:00,19.9,-83.5,140,920,,2004,66,734.5871856522323,0,421.0489813027609
2004247N10332,IVAN,2004-09-13 09:00:00,20.1,-83.8, , ,,2004,66,729.8592671200781,0,402.72349018077074
2004247N10332,IVAN,2004-09-13 12:00:00,20.4,-84.1,140,915,,2004,66,717.6948278358557,0,375.54874157082605
2004247N10332,IVAN,2004-09-13 15:00:00,20.6,-84.4, , ,,2004,66,717.1114614329437,0,362.75942110719245
2004247N10332,IVAN,2004-09-13 18:00:00,20.9,-84.7,140,912,,2004,66,709.8629556168619,0,341.7805820957472
2004247N10332,IVAN,2004-09-13 21:00:00,21.2,-84.8,140,910,,2004,66,691.351949252417,0,313.9810007996574
2004247N10332,IVAN,2004-09-14 00:00:00,21.6,-85.1,140,914,,2004,66,680.9996454808877,0,289.3496690869285
2004247N10332,IVAN,2004-09-14 01:00:00,21.7,-85.2,140,916,,2004,66,680.937417531924,0,285.8406985291595
2004247N10332,IVAN,2004-09-14 03:00:00,22.0,-85.4, , ,,2004,66,674.6756077609876,0,271.30665681785774
2004247N10332,IVAN,2004-09-14 06:00:00,22.4,-85.6,140,924,,2004,66,664.067441366765,0,252.26407715943444
2004247N10332,IVAN,2004-09-14 09:00:00,22.7,-85.8, , ,,2004,66,662.6567864835317,0,246.61348819619388
2004247N10332,IVAN,2004-09-14 12:00:00,23.0,-86.0,125,930,,2004,66,663.4594226046439,0,245.42567072194603
2004247N10332,IVAN,2004-09-14 15:00:00,23.3,-86.2, , ,,2004,66,666.4621183647118,0,248.76604581710438
2004247N10332,IVAN,2004-09-14 18:00:00,23.7,-86.5,120,931,,2004,66,676.9905846708922,0,263.8002419386872
2004247N10332,IVAN,2004-09-14 21:00:00,24.2,-86.8, , ,,2004,66,688.2255604302562,0,284.4295900822904
2004247N10332,IVAN,2004-09-15 00:00:00,24.7,-87.0,120,928,,2004,66,694.8272126353661,0,303.61163487243596
2004247N10332,IVAN,2004-09-15 03:00:00,25.1,-87.2, , ,,2004,66,707.5163597775122,0,329.2931292760804
2004247N10332,IVAN,2004-09-15 06:00:00,25.6,-87.4,120,935,,2004,66,722.4769168866112,0,362.2518303287318
2004247N10332,IVAN,2004-09-15 09:00:00,26.1,-87.7, , ,,2004,66,751.6578631804208,0,369.6468181063042
2004247N10332,IVAN,2004-09-15 12:00:00,26.7,-87.9,115,939,,2004,66,775.7674745171191,0,304.24457697838295
2004247N10332,IVAN,2004-09-15 15:00:00,27.3,-88.1, , ,,2004,66,804.968199036694,0,232.5600219388902
2004247N10332,IVAN,2004-09-15 18:00:00,27.9,-88.2,115,937,,2004,66,829.2120174335824,0,160.63396612626417
2004247N10332,IVAN,2004-09-15 21:00:00,28.4,-88.2, , ,,2004,66,845.1360585629728,0,99.72154786810601
2004247N10332,IVAN,2004-09-16 00:00:00,28.9,-88.2,110,931,,2004,66,864.3302789351578,0,39.90039603723621
2004247N10332,IVAN,2004-09-16 03:00:00,29.4,-88.0, , ,,2004,66,869.1032742203848,1,0.0
2004247N10332,IVAN,2004-09-16 06:00:00,30.0,-87.9,105,943,,2004,66,891.863408389457,1,0.0
2004247N10332,IVAN,2004-09-16 06:50:00,30.2,-87.9,105,946,,2004,66,903.1979897059911,1,0.0
2004247N10332,IVAN,2004-09-16 09:00:00,30.7,-87.8, , ,,2004,66,925.345910411345,1,0.0
2004247N10332,IVAN,2004-09-16 12:00:00,31.4,-87.7,70,965,,2004,66,964.137922494073,1,0.0
2004247N10332,IVAN,2004-09-16 15:00:00,32.0,-87.6, , ,,2004,66,1000.147848996162,1,0.0
2004247N10332,IVAN,2004-09-16 18:00:00,32.5,-87.4,50,975,,2004,66,1024.859215718305,0,46.312234452564525
2004247N10332,IVAN,2004-09-16 21:00:00,33.2,-87.0, , ,,2004,66,1056.9195372887261,0,139.07775486419854
2004247N10332,IVAN,2004-09-17 00:00:00,33.8,-86.5,30,986,,2004,66,1080.8568054350876,0,219.9204808042392
2004247N10332,IVAN,2004-09-17 03:00:00,34.3,-86.2, , ,,2004,66,1111.1314943698228,0,287.12726965107373
2004247N10332,IVAN,2004-09-17 06:00:00,34.7,-85.7,25,991,,2004,66,1125.4608370270528,0,341.04088571812696
2004247N10332,IVAN,2004-09-17 09:00:00,35.1,-84.9, , ,,2004,66,1131.8283085529922,0,394.65266956828486
2004247N10332,IVAN,2004-09-17 12:00:00,35.4,-84.0,20,994,,2004,66,1131.7466994970248,0,445.92031508289506
2004247N10332,IVAN,2004-09-17 15:00:00,35.8,-83.2, , ,,2004,66,1152.416488780194,0,520.8639351824207
2004247N10332,IVAN,2004-09-17 18:00:00,36.2,-82.3,20,996,,2004,66,1177.858309004601,0,568.8455404788833
2004247N10332,IVAN,2004-09-17 21:00:00,36.6,-81.4, , ,,2004,66,1210.598172954465,0,624.9737646497944
2004247N10332,IVAN,2004-09-18 00:00:00,37.0,-80.5,20,999,,2004,66,1249.9820653312477,0,693.0345722838123
2004247N10332,IVAN,2004-09-18 03:00:00,37.4,-79.5, , ,,2004,66,1295.7658903325707,0,773.1338643826134
2004247N10332,IVAN,2004-09-18 06:00:00,37.7,-78.5,15,998,,2004,66,1337.011354652193,0,846.0210440172835
2004247N10332,IVAN,2004-09-18 09:00:00,38.1,-77.5, , ,,2004,66,1395.0799504680585,0,938.9103064317479
2004247N10332,IVAN,2004-09-18 12:00:00,38.4,-76.7,15,1000,,2004,66,1442.9727878025442,0,1015.3008328630519
2004247N10332,IVAN,2004-09-18 15:00:00,38.3,-76.1, , ,,2004,66,1446.1153276078549,0,1034.4247086806818
2004247N10332,IVAN,2004-09-18 18:00:00,38.0,-75.5,25,1002,,2004,66,1430.5534122495856,0,1033.490102951617
2004247N10332,IVAN,2004-09-18 21:00:00,37.8,-74.7, , ,,2004,66,1434.962403660978,0,1062.8762332709591
2004247N10332,IVAN,2004-09-19 00:00:00,37.5,-74.0,35,1003,,2004,66,1429.906274027055,0,1080.6766179659803
2004247N10332,IVAN,2004-09-19 03:00:00,36.8,-73.9, , ,,2004,66,1364.4002292221564,0,1017.7295430802175
2004247N10332,IVAN,2004-09-19 06:00:00,36.0,-74.0,35,1005,,2004,66,1281.872540645934,0,934.8745563186947
2004247N10332,IVAN,2004-09-19 09:00:00,35.3,-74.2, , ,,2004,66,1205.2404081898494,0,857.2381100015684
2004247N10332,IVAN,2004-09-19 12:00:00,34.5,-74.5,35,1008,,2004,66,1114.6789583442433,0,767.2647010454276
2004247N10332,IVAN,2004-09-19 15:00:00,33.7,-75.1, , ,,2004,66,1009.9872978330719,0,654.4695017826051
2004247N10332,IVAN,2004-09-19 18:00:00,32.8,-75.8,35,1008,,2004,66,890.7685768771416,0,531.1523401421488
2004247N10332,IVAN,2004-09-19 21:00:00,31.9,-76.7, , ,,2004,66,762.4626037981938,0,395.9138719043545
2004247N10332,IVAN,2004-09-20 00:00:00,31.0,-77.5,35,1008,,2004,66,639.1619965559086,0,285.9458136255903
2004247N10332,IVAN,2004-09-20 03:00:00,30.0,-78.1, , ,,2004,66,514.1366722606031,0,179.49717198035455
2004247N10332,IVAN,2004-09-20 06:00:00,29.0,-78.5,35,1008,,2004,66,396.9249519437972,0,85.69282435864542
2004247N10332,IVAN,2004-09-20 09:00:00,28.2,-78.6, , ,,2004,66,313.660609391687,0,56.729769078151755
2004247N10332,IVAN,2004-09-20 12:00:00,27.5,-78.7,30,1009,,2004,66,243.60965678367154,0,16.382232226174306
2004247N10332,IVAN,2004-09-20 15:00:00,26.9,-78.9, , ,,2004,66,180.53608924972028,1,0.0
2004247N10332,IVAN,2004-09-20 18:00:00,26.4,-79.1,25,1009,,2004,66,130.10440633688043,1,0.0
2004247N10332,IVAN,2004-09-20 21:00:00,26.2,-79.4, , ,,2004,66,92.94814737725821,1,0.0
2004247N10332,IVAN,2004-09-21 00:00:00,26.1,-79.7,25,1009,,2004,66,61.91703452059365,1,0.0
2004247N10332,IVAN,2004-09-21 03:00:00,26.0,-80.1, , ,,2004,66,28.04415495067796,1,0.0
2004247N10332,IVAN,2004-09-21 06:00:00,25.9,-80.6,25,1009,,2004,66,43.65304060807893,1,0.0
2004247N10332,IVAN,2004-09-21 09:00:00,25.9,-81.1, , ,,2004,66,92.18850137763886,1,0.0
2004247N10332,IVAN,2004-09-21 12:00:00,25.8,-81.7,25,1009,,2004,66,151.07082670394715,1,0.0
2004247N10332,IVAN,2004-09-21 15:00:00,25.5,-82.2, , ,,2004,66,203.41865217542912,1,0.0
2004247N10332,IVAN,2004-09-21 18:00:00,25.2,-82.8,25,1010,,2004,66,269.1495269839568,1,0.0
2004247N10332,IVAN,2004-09-21 21:00:00,24.9,-83.4, , ,,2004,66,336.359522321888,1,0.0
2004247N10332,IVAN,2004-09-22 00:00:00,24.8,-84.1,25,1010,,2004,66,407.2209168396168,1,0.0
2004247N10332,IVAN,2004-09-22 03:00:00,24.9,-85.1, , ,,2004,66,502.4774691528981,0,94.41093939181201
2004247N10332,IVAN,2004-09-22 06:00:00,25.1,-86.1,25,1010,,2004,66,597.7962835751323,0,208.14754815039802
2004247N10332,IVAN,2004-09-22 09:00:00,25.5,-86.8, , ,,2004,66,663.0630736645112,0,294.4800727989028
2004247N10332,IVAN,2004-09-22 12:00:00,26.0,-87.3,25,1010,,2004,66,711.5277185615734,0,359.91819611539785
2004247N10332,IVAN,2004-09-22 15:00:00,26.3,-88.0, , ,,2004,66,782.3287161727641,0,354.7302785920717
2004247N10332,IVAN,2004-09-22 18:00:00,26.5,-88.6,30,1008,,2004,66,843.2379949716833,0,341.43381514266355
2004247N10332,IVAN,2004-09-22 21:00:00,26.8,-89.0, , ,,2004,66,885.5558240902492,0,318.6652153579895
2004247N10332,IVAN,2004-09-23 00:00:00,27.1,-89.5,35,1007,,2004,66,938.4703227780079,0,307.2027677117637
2004247N10332,IVAN,2004-09-23 03:00:00,27.5,-90.2, , ,,2004,66,1013.089404656141,0,309.37146532476714
2004247N10332,IVAN,2004-09-23 06:00:00,27.9,-91.0,35,1007,,2004,66,1098.0497522876624,0,338.4559490143823
2004247N10332,IVAN,2004-09-23 09:00:00,28.4,-91.7, , ,,2004,66,1175.9612070938103,0,369.8026970953064
2004247N10332,IVAN,2004-09-23 12:00:00,28.9,-92.2,50,998,,2004,66,1235.7650421338656,0,396.2320452874978
2004247N10332,IVAN,2004-09-23 15:00:00,29.1,-92.5, , ,,2004,66,1269.4108120357134,0,420.78627878337875
2004247N10332,IVAN,2004-09-23 18:00:00,29.2,-92.7,40,1003,,2004,66,1290.9641007966804,0,439.1845733274788
2004247N10332,IVAN,2004-09-23 21:00:00,29.4,-92.9, , ,,2004,66,1315.3276307526776,0,455.5232732233442
2004247N10332,IVAN,2004-09-24 00:00:00,29.6,-93.2,30,1003,,2004,66,1349.151968108287,0,484.49314700484183
2004247N10332,IVAN,2004-09-24 02:00:00,29.8,-93.6,30,1004,,2004,66,1392.3151395918867,0,525.7328307404298
2004247N10332,IVAN,2004-09-24 03:00:00,29.9,-93.8, , ,,2004,66,1413.8872202798816,0,546.9956154421297
2004247N10332,IVAN,2004-09-24 06:00:00,30.1,-94.2,25,1009,,2004,66,1457.0090889722794,0,587.3117960400963
2005236N23285,KATRINA,2005-08-23 18:00:00,23.1,-75.1,30,1008,,2005,61,594.3200194487822,0,442.5951541198594
2005236N23285,KATRINA,2005-08-23 21:00:00,23.2,-75.4, , ,,2005,61,562.317988232294,0,407.13472404596894
2005236N23285,KATRINA,2005-08-24 00:00:00,23.4,-75.7,30,1007,,2005,61,524.5918411145672,0,366.95743198680674
2005236N23285,KATRINA,2005-08-24 03:00:00,23.6,-76.0, , ,,2005,61,486.9334357061321,0,327.03869272070267
2005236N23285,KATRINA,2005-08-24 06:00:00,23.8,-76.2,30,1007,,2005,61,458.2019015886869,0,297.8648258688464
2005236N23285,KATRINA,2005-08-24 09:00:00,24.1,-76.4, , ,,2005,61,424.6159300213981,0,265.6735869455105
2005236N23285,KATRINA,2005-08-24 12:00:00,24.5,-76.5,35,1006,,2005,61,397.22657460230835,0,244.55737455244235
2005236N23285,KATRINA,2005-08-24 15:00:00,25.0,-76.7, , ,,2005,61,360.8601310810645,0,217.3390688475594
2005236N23285,KATRINA,2005-08-24 18:00:00,25.4,-76.9,40,1003,,2005,61,332.5833301315039,0,180.57052141387223
2005236N23285,KATRINA,2005-08-24 21:00:00,25.8,-77.3, , ,,2005,61,289.57289626957385,0,124.93888724565473
2005236N23285,KATRINA,2005-08-25 00:00:00,26.0,-77.7,45,1000,,2005,61,250.68617600380924,0,77.06258908575838
2005236N23285,KATRINA,2005-08-25 03:00:00,26.1,-78.1, , ,,2005,61,212.53297566253678,0,31.434990479211926
2005236N23285,KATRINA,2005-08-25 06:00:00,26.1,-78.4,50,997,,2005,61,183.0844902388979,1,0.0
2005236N23285,KATRINA,2005-08-25 09:00:00,26.2,-78.7, , ,,2005,61,156.87784420095466,1,0.0
2005236N23285,KATRINA,2005-08-25 12:00:00,26.2,-79.0,55,994,,2005,61,128.71243045890046,1,0.0
2005236N23285,KATRINA,2005-08-25 15:00:00,26.2,-79.3, , ,,2005,61,101.59481202055416,1,0.0
2005236N23285,KATRINA,2005-08-25 18:00:00,26.2,-79.6,60,988,,2005,61,76.6455418745736,1,0.0
2005236N23285,KATRINA,2005-08-25 21:00:00,26.1,-79.9, , ,,2005,61,47.60805035587961,1,0.0
2005236N23285,KATRINA,2005-08-25 22:30:00,26.0,-80.1,70,984,,2005,61,28.04415495067796,1,0.0
2005236N23285,KATRINA,2005-08-26 00:00:00,25.9,-80.3,70,983,,2005,61,18.808556108512555,1,0.0
2005236N23285,KATRINA,2005-08-26 03:00:00,25.7,-80.8, , ,,2005,61,61.30794538310236,1,0.0
2005236N23285,KATRINA,2005-08-26 06:00:00,25.4,-81.3,65,987,,2005,61,118.19959254502898,1,0.0
2005236N23285,KATRINA,2005-08-26 09:00:00,25.2,-81.7, , ,,2005,61,163.76765433271953,1,0.0
2005236N23285,KATRINA,2005-08-26 12:00:00,25.1,-82.0,75,979,,2005,61,195.91847357027913,1,0.0
2005236N23285,KATRINA,2005-08-26 15:00:00,25.0,-82.3, , ,,2005,61,228.09752360870354,1,0.0
2005236N23285,KATRINA,2005-08-26 18:00:00,24.9,-82.6,85,968,,2005,61,260.30269636118936,1,0.0
2005236N23285,KATRINA,2005-08-26 21:00:00,24.7,-82.9, , ,,2005,61,296.87986698693817,1,0.0
2005236N23285,KATRINA,2005-08-27 00:00:00,24.6,-83.3,90,959,,2005,61,338.38230603042086,1,0.0
2005236N23285,KATRINA,2005-08-27 03:00:00,24.5,-83.7, , ,,2005,61,379.9930426618168,1,0.0
2005236N23285,KATRINA,2005-08-27 06:00:00,24.4,-84.0,95,950,,2005,61,412.3066430673444,1,0.0
2005236N23285,KATRINA,2005-08-27 09:00:00,24.4,-84.4, , ,,2005,61,450.01362855828233,0,16.618923923828767
2005236N23285,KATRINA,2005-08-27 12:00:00,24.4,-84.7,100,942,,2005,61,478.56833192834034,0,49.60633994832351
2005236N23285,KATRINA,2005-08-27 15:00:00,24.4,-85.0, , ,,2005,61,507.31404142506904,0,82.5954202777987
2005236N23285,KATRINA,2005-08-27 18:00:00,24.5,-85.3,100,948,,2005,61,532.9864946846064,0,114.91144683026332
2005236N23285,KATRINA,2005-08-27 21:00:00,24.6,-85.6, , ,,2005,61,559.2860782425236,0,147.68278545677708
2005236N23285,KATRINA,2005-08-28 00:00:00,24.8,-85.9,100,941,,2005,61,583.7561389602319,0,181.8538608410725
2005236N23285,KATRINA,2005-08-28 03:00:00,25.0,-86.3, , ,,2005,61,619.4005218912389,0,228.3599890121525
2005236N23285,KATRINA,2005-08-28 06:00:00,25.2,-86.7,125,930,,2005,61,656.1956986020543,0,276.02588785320194
2005236N23285,KATRINA,2005-08-28 09:00:00,25.4,-87.2, , ,,2005,61,703.9553077364914,0,335.0816170107403
2005236N23285,KATRINA,2005-08-28 12:00:00,25.7,-87.7,145,909,,2005,61,752.0201708744239,0,397.6614887401855
2005236N23285,KATRINA,2005-08-28 15:00:00,26.0,-88.2, , ,,2005,61,801.4729789622781,0,394.2411510818664
2005236N23285,KATRINA,2005-08-28 18:00:00,26.3,-88.6,150,902,,2005,61,842.0852343873913,0,365.57575920694984
2005236N23285,KATRINA,2005-08-28 21:00:00,26.7,-88.9, , ,,2005,61,874.6565326404736,0,326.65230747795533
2005236N23285,KATRINA,2005-08-29 00:00:00,27.2,-89.2,140,905,,2005,61,910.505883617132,0,281.000553564478
2005236N23285,KATRINA,2005-08-29 03:00:00,27.7,-89.4, , ,,2005,61,939.2659566103248,0,236.66685146886635
2005236N23285,KATRINA,2005-08-29 06:00:00,28.2,-89.6,125,913,,2005,61,970.5768347422494,0,198.91440919624048
2005236N23285,KATRINA,2005-08-29 09:00:00,28.8,-89.6, , ,,2005,61,988.867787487269,0,145.55140806573272
2005236N23285,KATRINA,2005-08-29 11:10:00,29.3,-89.6,110,920,,2005,61,1007.212502319074,0,109.62179385444219
2005236N23285,KATRINA,2005-08-29 12:00:00,29.5,-89.6,110,923,,2005,61,1015.3040959904338,0,98.37432554382814
2005236N23285,KATRINA,2005-08-29 14:45:00,30.2,-89.6,105,928,,2005,61,1046.8304079359602,0,78.07966481295341
2005236N23285,KATRINA,2005-08-29 15:00:00,30.3,-89.6, , ,,2005,61,1051.7239095831858,0,77.78956125345607
2005236N23285,KATRINA,2005-08-29 18:00:00,31.1,-89.6,80,948,,2005,61,1094.1273605428498,0,70.5785401550809
2005236N23285,KATRINA,2005-08-29 21:00:00,31.9,-89.4, , ,,2005,61,1126.3157116603345,0,82.1475880453524
2005236N23285,KATRINA,2005-08-30 00:00:00,32.6,-89.1,50,961,,2005,61,1150.6687654836912,0,117.85276902884873
2005236N23285,KATRINA,2005-08-30 03:00:00,33.3,-88.9, , ,,2005,61,1187.476813087803,0,185.28184202617672
2005236N23285,KATRINA,2005-08-30 06:00:00,34.1,-88.6,40,978,,2005,61,1230.2678843353365,0,274.29462479211236
2005236N23285,KATRINA,2005-08-30 09:00:00,34.9,-88.3, , ,,2005,61,1278.7619369980698,0,373.4401187021611
2005236N23285,KATRINA,2005-08-30 12:00:00,35.6,-88.0,30,985,,2005,61,1323.3600571135912,0,464.5509417354995
2005236N23285,KATRINA,2005-08-30 15:00:00,36.3,-87.6, , ,,2005,61,1366.8414928660284,0,559.1928644112361
2005236N23285,KATRINA,2005-08-30 18:00:00,37.0,-87.0,30,990,,2005,61,1405.8226032755235,0,656.3019095811729
2005236N23285,KATRINA,2005-08-30 21:00:00,37.8,-86.3, , ,,2005,61,1456.8681145989826,0,769.1896020431307
2005236N23285,KATRINA,2005-08-31 00:00:00,38.6,-85.3,30,994,,2005,61,1505.609376587221,0,881.6843379372559
2005236N23285,KATRINA,2005-08-31 03:00:00,39.4,-84.2, , ,,2005,61,1561.838542955222,0,999.6190816487664
2005236N23285,KATRINA,2005-08-31 06:00:00,40.1,-82.9,25,996,,2005,61,1614.0213989303977,0,1119.2582925969498
2005289N18282,WILMA,2005-10-15 18:00:00,17.6,-78.5,25,1004,,2005,97,924.1810555968121,0,744.18508751734
2005289N18282,WILMA,2005-10-15 21:00:00,17.6,-78.7, , ,,2005,97,920.505065758729,0,737.2519029470014
2005289N18282,WILMA,2005-10-16 00:00:00,17.6,-78.8,25,1004,,2005,97,918.8354267683336,0,734.0110491039876
2005289N18282,WILMA,2005-10-16 03:00:00,17.5,-78.9, , ,,2005,97,928.2877802035357,0,742.173329686116
2005289N18282,WILMA,2005-10-16 06:00:00,17.5,-79.0,30,1003,,2005,97,926.8610882674568,0,739.289377893635
2005289N18282,WILMA,2005-10-16 09:00:00,17.5,-79.1, , ,,2005,97,925.5473425113202,0,736.4886340373135
2005289N18282,WILMA,2005-10-16 12:00:00,17.5,-79.2,30,1003,,2005,97,924.3470250649846,0,733.712056762539
2005289N18282,WILMA,2005-10-16 15:00:00,17.5,-79.3, , ,,2005,97,923.2605788294858,0,731.0785023392432
2005289N18282,WILMA,2005-10-16 18:00:00,17.5,-79.4,30,1002,,2005,97,922.288406676094,0,728.6055253064418
2005289N18282,WILMA,2005-10-16 21:00:00,17.5,-79.5, , ,,2005,97,921.4308707116595,0,725.9672265857898
2005289N18282,WILMA,2005-10-17 00:00:00,17.4,-79.6,30,1001,,2005,97,931.784837884292,0,734.8031528560721
2005289N18282,WILMA,2005-10-17 03:00:00,17.2,-79.6, , ,,2005,97,953.9795222252847,0,757.5412689161394
2005289N18282,WILMA,2005-10-17 06:00:00,16.9,-79.6,35,1000,,2005,97,987.275259830446,0,791.4881033978418
2005289N18282,WILMA,2005-10-17 09:00:00,16.6,-79.6, , ,,2005,97,1020.5750632936276,0,825.3558168777132
2005289N18282,WILMA,2005-10-17 12:00:00,16.3,-79.7,40,999,,2005,97,1053.3264358315905,0,856.7997232951227
2005289N18282,WILMA,2005-10-17 15:00:00,16.1,-79.7, , ,,2005,97,1075.5413784478947,0,879.4215164397987
2005289N18282,WILMA,2005-10-17 18:00:00,16.0,-79.8,45,997,,2005,97,1086.211819563193,0,888.357153996472
2005289N18282,WILMA,2005-10-17 21:00:00,15.9,-79.9, , ,,2005,97,1096.9887732066404,0,897.4831103937584
2005289N18282,WILMA,2005-10-18 00:00:00,15.8,-79.9,55,988,,2005,97,1108.104320400783,0,908.8421676388427
2005289N18282,WILMA,2005-10-18 03:00:00,15.7,-79.9, , ,,2005,97,1119.219945193683,0,920.2009166662424
2005289N18282,WILMA,2005-10-18 06:00:00,15.7,-79.9,60,982,,2005,97,1119.219945193683,0,920.2009166662424
2005289N18282,WILMA,2005-10-18 09:00:00,15.9,-80.0, , ,,2005,97,1096.7515199946238,0,895.4110435129171
2005289N18282,WILMA,2005-10-18 12:00:00,16.2,-80.3,65,979,,2005,97,1063.2716754481007,0,855.6265208731896
2005289N18282,WILMA,2005-10-18 15:00:00,16.4,-80.7, , ,,2005,97,1042.3037640299033,0,826.1828507714662
2005289N18282,WILMA,2005-10-18 18:00:00,16.6,-81.1,75,975,,2005,97,1023.0638767406803,0,797.5300038865056
2005289N18282,WILMA,2005-10-18 21:00:00,16.6,-81.5, , ,,2005,97,1027.6968515976014,0,794.2585156336844
2005289N18282,WILMA,2005-10-19 00:00:00,16.6,-81.8,130,946,,2005,97,1032.2485855617153,0,792.849438064437
2005289N18282,WILMA,2005-10-19 03:00:00,16.8,-82.0, , ,,2005,97,1013.903279573539,0,769.406542542377
2005289N18282,WILMA,2005-10-19 06:00:00,17.0,-82.2,150,892,,2005,97,996.136813092267,0,746.5886591413621
2005289N18282,WILMA,2005-10-19 09:00:00,17.2,-82.5, , ,,2005,97,981.4386720254839,0,724.9498212816756
2005289N18282,WILMA,2005-10-19 12:00:00,17.3,-82.8,160,882,,2005,97,978.7109869675608,0,716.1958632261998
2005289N18282,WILMA,2005-10-19 15:00:00,17.3,-83.1, , ,,2005,97,987.6907077669418,0,720.5877512418388
2005289N18282,WILMA,2005-10-19 18:00:00,17.4,-83.4,140,892,,2005,97,987.0363522422599,0,712.5580706279624
2005289N18282,WILMA,2005-10-19 21:00:00,17.6,-83.7, , ,,2005,97,977.0870021678746,0,692.1774756272684
2005289N18282,WILMA,2005-10-20 00:00:00,17.9,-84.0,135,892,,2005,97,958.301182347066,0,661.9509394183799
2005289N18282,WILMA,2005-10-20 03:00:00,18.0,-84.4, , ,,2005,97,965.9106978546499,0,658.4161685799648
2005289N18282,WILMA,2005-10-20 06:00:00,18.1,-84.7,130,901,,2005,97,970.3339516759797,0,654.8670525275954
2005289N18282,WILMA,2005-10-20 09:00:00,18.2,-85.0, , ,,2005,97,975.8238211310917,0,652.5934128348025
2005289N18282,WILMA,2005-10-20 12:00:00,18.3,-85.2,130,910,,2005,97,976.8870389250143,0,648.4498578467229
2005289N18282,WILMA,2005-10-20 15:00:00,18.4,-85.4, , ,,2005,97,978.49433461505,0,644.9335673415344
2005289N18282,WILMA,2005-10-20 18:00:00,18.6,-85.5,130,917,,2005,97,965.5486800730547,0,627.0436569639621
2005289N18282,WILMA,2005-10-20 21:00:00,18.8,-85.6, , ,,2005,97,953.040386736812,0,609.6169214659424
2005289N18282,WILMA,2005-10-21 00:00:00,19.1,-85.8,130,924,,2005,97,938.2771880451547,0,586.6060634420836
2005289N18282,WILMA,2005-10-21 03:00:00,19.3,-86.0, , ,,2005,97,933.5447402254248,0,575.7010248726543
2005289N18282,WILMA,2005-10-21 06:00:00,19.5,-86.1,130,930,,2005,97,922.9732272108619,0,560.5344330023064
2005289N18282,WILMA,2005-10-21 09:00:00,19.8,-86.2, , ,,2005,97,904.5932631433479,0,535.7056576344012
2005289N18282,WILMA,2005-10-21 12:00:00,20.1,-86.4,125,929,,2005,97,894.4112834568232,0,518.6411705662792
2005289N18282,WILMA,2005-10-21 15:00:00,20.2,-86.6, , ,,2005,97,901.2301451781103,0,522.1847193849279
2005289N18282,WILMA,2005-10-21 18:00:00,20.3,-86.7,120,926,,2005,97,900.9943456975383,0,519.7925592576883
2005289N18282,WILMA,2005-10-21 21:00:00,20.6,-86.8, , ,,2005,97,886.078248946127,0,499.7440618647665
2005289N18282,WILMA,2005-10-21 21:45:00,20.6,-86.8,130,927,,2005,97,886.078248946127,0,499.7440618647665
2005289N18282,WILMA,2005-10-22 00:00:00,20.6,-86.8,120,930,,2005,97,886.078248946127,0,499.7440618647665
2005289N18282,WILMA,2005-10-22 03:00:00,20.8,-86.9, , ,,2005,97,879.3902138672138,0,489.7715476659567
2005289N18282,WILMA,2005-10-22 03:30:00,20.8,-86.9,115,933,,2005,97,879.3902138672138,0,489.7715476659567
2005289N18282,WILMA,2005-10-22 06:00:00,20.8,-87.0,110,935,,2005,97,887.361119088803,0,497.5747974729995
2005289N18282,WILMA,2005-10-22 09:00:00,20.9,-87.1, , ,,2005,97,888.3687236260902,0,497.1365623790056
2005289N18282,WILMA,2005-10-22 12:00:00,21.0,-87.1,100,947,,2005,97,881.4441013478083,0,488.81913823421246
2005289N18282,WILMA,2005-10-22 15:00:00,21.1,-87.1, , ,,2005,97,874.6054710821771,0,480.64362288748816
2005289N18282,WILMA,2005-10-22 18:00:00,21.3,-87.1,85,958,,2005,97,861.1943553491825,0,464.7630346103268
2005289N18282,WILMA,2005-10-22 21:00:00,21.5,-87.1, , ,,2005,97,848.1520812494363,0,449.5457719211887
2005289N18282,WILMA,2005-10-23 00:00:00,21.6,-87.0,85,960,,2005,97,833.2924660832756,0,433.36779033465024
2005289N18282,WILMA,2005-10-23 03:00:00,21.7,-86.9, , ,,2005,97,818.4526845782079,0,417.1846166757178
2005289N18282,WILMA,2005-10-23 06:00:00,21.8,-86.8,85,962,,2005,97,803.6336059157721,0,400.9962208338962
2005289N18282,WILMA,2005-10-23 09:00:00,22.1,-86.5, , ,,2005,97,759.31024593519,0,352.4127356447515
2005289N18282,WILMA,2005-10-23 12:00:00,22.4,-86.1,85,961,,2005,97,706.5801394839448,0,295.10499629806975
2005289N18282,WILMA,2005-10-23 15:00:00,22.7,-85.8, , ,,2005,97,662.6567864835317,0,246.61348819619388
2005289N18282,WILMA,2005-10-23 18:00:00,23.1,-85.4,90,963,,2005,97,604.5642411573326,0,182.49808307164378
2005289N18282,WILMA,2005-10-23 21:00:00,23.5,-84.9, , ,,2005,97,538.19247540005,0,109.43278901141238
2005289N18282,WILMA,2005-10-24 00:00:00,24.0,-84.3,95,958,,2005,97,458.3401355275655,0,21.332008629913148
2005289N18282,WILMA,2005-10-24 03:00:00,24.5,-83.8, , ,,2005,97,389.36533342261265,1,0.0
2005289N18282,WILMA,2005-10-24 06:00:00,25.0,-83.1,110,953,,2005,97,304.184324509564,1,0.0
2005289N18282,WILMA,2005-10-24 09:00:00,25.6,-82.3, , ,,2005,97,212.02686640416766,1,0.0
2005289N18282,WILMA,2005-10-24 10:30:00,25.9,-81.7,105,950,,2005,97,151.7283516882947,1,0.0
2005289N18282,WILMA,2005-10-24 12:00:00,26.2,-81.0,95,950,,2005,97,94.34793021820794,1,0.0
2005289N18282,WILMA,2005-10-24 15:00:00,27.0,-79.9, , ,,2005,97,140.72720676500128,1,0.0
2005289N18282,WILMA,2005-10-24 18:00:00,28.0,-78.8,105,955,,2005,97,284.59675138658093,0,27.79715120238545
2005289N18282,WILMA,2005-10-24 21:00:00,28.9,-77.5, , ,,2005,97,438.68499427474774,0,191.56588273430137
2005289N18282,WILMA,2005-10-25 00:00:00,30.1,-76.0,110,955,,2005,97,634.1370038327937,0,394.944215688851
2005289N18282,WILMA,2005-10-25 03:00:00,31.6,-74.1, , ,,2005,97,879.7407101403753,0,668.6826525196774
2005289N18282,WILMA,2005-10-25 06:00:00,33.3,-72.0,100,963,,2005,97,1152.698783554785,0,950.6013206455548
2005289N18282,WILMA,2005-10-25 09:00:00,35.0,-70.0, , ,,2005,97,1416.4048152455525,0,1241.0420507915346
2005289N18282,WILMA,2005-10-25 12:00:00,36.8,-67.9,90,970,,2005,97,1691.3433804970396,0,1560.3707955563048
2005289N18282,WILMA,2005-10-25 15:00:00,38.8,-65.7, , ,,2005,97,1984.2920648088905,0,1914.1930756658385
2005289N18282,WILMA,2005-10-25 18:00:00,40.5,-63.5,75,976,,2005,97,2250.770117120668,0,2253.597355529904
2005289N18282,WILMA,2005-10-25 21:00:00,41.7,-61.6, , ,,2005,97,2458.458210162191,0,2528.2671453449775
2005289N18282,WILMA,2005-10-26 00:00:00,42.5,-60.0,60,978,,2005,97,2616.8751541328147,0,2743.0304843131926
2005289N18282,WILMA,2005-10-26 03:00:00,43.3,-58.7, , ,,2005,97,2755.118161488097,0,2931.254239215742
2005289N18282,WILMA,2005-10-26 06:00:00,44.0,-57.5,55,982,,2005,97,2879.1054909606137,0,3102.4715414735924
2005289N18282,WILMA,2005-10-26 09:00:00,44.6,-56.3, , ,,2005,97,2995.5342139657496,0,3265.4244841486043
2005289N18282,WILMA,2005-10-26 12:00:00,45.0,-55.0,50,986,,2005,97,3104.777656192886,0,3420.004136137394
2005289N18282,WILMA,2005-10-26 15:00:00,45.3,-53.6, , ,,2005,97,3214.2898185247186,0,3575.4719123189234
2005289N18282,WILMA,2005-10-26 18:00:00,45.5,-52.0,40,990,,2005,97,3331.5689177081063,0,3741.7505205147263
2006237N13298,ERNESTO,2006-08-24 18:00:00,12.7,-61.6,30,1008,,2006,57,2427.61314847442,0,2359.760568893032
2006237N13298,ERNESTO,2006-08-24 21:00:00,12.9,-62.3, , ,,2006,57,2355.0278373628207,0,2283.170510188182
2006237N13298,ERNESTO,2006-08-25 00:00:00,13.0,-63.0,30,1007,,2006,57,2290.065241185458,0,2213.6925496072827
2006237N13298,ERNESTO,2006-08-25 03:00:00,13.1,-63.7, , ,,2006,57,2225.720823411462,0,2144.66631754392
2006237N13298,ERNESTO,2006-08-25 06:00:00,13.3,-64.4,30,1005,,2006,57,2154.537694137871,0,2069.199903034251
2006237N13298,ERNESTO,2006-08-25 09:00:00,13.5,-65.1, , ,,2006,57,2083.8388974941568,0,1994.1728218424967
2006237N13298,ERNESTO,2006-08-25 12:00:00,13.7,-65.8,35,1005,,2006,57,2013.6689173678624,0,1919.6370618736469
2006237N13298,ERNESTO,2006-08-25 15:00:00,13.9,-66.5, , ,,2006,57,1944.078106159157,0,1845.6526580940733
2006237N13298,ERNESTO,2006-08-25 18:00:00,14.0,-67.1,35,1004,,2006,57,1890.6155023338429,0,1788.2324460190066
2006237N13298,ERNESTO,2006-08-25 21:00:00,14.1,-67.7, , ,,2006,57,1837.8408703222005,0,1731.2794144204227
2006237N13298,ERNESTO,2006-08-26 00:00:00,14.3,-68.3,40,1002,,2006,57,1777.5812571642525,0,1667.0933133692033
2006237N13298,ERNESTO,2006-08-26 03:00:00,14.4,-68.9, , ,,2006,57,1726.2143343671373,0,1611.6137728439862
2006237N13298,ERNESTO,2006-08-26 06:00:00,14.6,-69.5,45,999,,2006,57,1667.218231951077,0,1548.7183192879381
2006237N13298,ERNESTO,2006-08-26 09:00:00,14.8,-70.0, , ,,2006,57,1615.692786291313,0,1493.9846145373047
2006237N13298,ERNESTO,2006-08-26 12:00:00,15.1,-70.4,50,997,,2006,57,1562.6669382662622,0,1438.4610313907688
2006237N13298,ERNESTO,2006-08-26 15:00:00,15.4,-70.8, , ,,2006,57,1509.751662149375,0,1382.9101384451592
2006237N13298,ERNESTO,2006-08-26 18:00:00,15.7,-71.2,55,997,,2006,57,1456.9543588512756,0,1327.355254654559
2006237N13298,ERNESTO,2006-08-26 21:00:00,16.0,-71.6, , ,,2006,57,1404.283385130645,0,1271.839054607299
2006237N13298,ERNESTO,2006-08-27 00:00:00,16.3,-72.0,55,995,,2006,57,1351.748232540791,0,1216.3704207286373
2006237N13298,ERNESTO,2006-08-27 03:00:00,16.6,-72.4, , ,,2006,57,1299.3597476512225,0,1160.9600083606647
2006237N13298,ERNESTO,2006-08-27 06:00:00,16.9,-72.7,65,992,,2006,57,1253.4948818650525,0,1112.7653473859755
2006237N13298,ERNESTO,2006-08-27 09:00:00,17.2,-73.1, , ,,2006,57,1201.3473708559784,0,1057.4175738068311
2006237N13298,ERNESTO,2006-08-27 12:00:00,17.4,-73.4,55,997,,2006,57,1164.607043686173,0,1018.2359578668837
2006237N13298,ERNESTO,2006-08-27 15:00:00,17.6,-73.7, , ,,2006,57,1128.005603827225,0,979.1607905510433
2006237N13298,ERNESTO,2006-08-27 18:00:00,17.8,-74.0,45,1002,,2006,57,1091.5541852252052,0,940.2069747220006
2006237N13298,ERNESTO,2006-08-27 21:00:00,18.0,-74.3, , ,,2006,57,1055.2653555806164,0,901.3919802766958
2006237N13298,ERNESTO,2006-08-28 00:00:00,18.3,-74.6,40,1003,,2006,57,1009.8919990261419,0,853.2648248415464
2006237N13298,ERNESTO,2006-08-28 03:00:00,18.7,-74.9, , ,,2006,57,955.3339269383393,0,795.6568660256611
2006237N13298,ERNESTO,2006-08-28 06:00:00,19.1,-75.2,40,1004,,2006,57,900.8172380488102,0,737.9596805413846
2006237N13298,ERNESTO,2006-08-28 09:00:00,19.6,-75.3, , ,,2006,57,849.0697197533003,0,684.4260917640775
2006237N13298,ERNESTO,2006-08-28 11:15:00,19.9,-75.5,35,1005,,2006,57,809.7542451558703,0,642.8325274691155
2006237N13298,ERNESTO,2006-08-28 12:00:00,20.0,-75.6,35,1005,,2006,57,794.632916888994,0,626.6217227153797
2006237N13298,ERNESTO,2006-08-28 15:00:00,20.4,-76.0, , ,,2006,57,734.2297487749121,0,561.7438163220747
2006237N13298,ERNESTO,2006-08-28 18:00:00,20.8,-76.4,35,1007,,2006,57,673.9708537351939,0,496.8184011604592
2006237N13298,ERNESTO,2006-08-28 21:00:00,21.2,-76.9, , ,,2006,57,608.1949361266551,0,425.2051854818929
2006237N13298,ERNESTO,2006-08-29 00:00:00,21.6,-77.4,35,1007,,2006,57,543.0575201865256,0,353.6811422287908
2006237N13298,ERNESTO,2006-08-29 03:00:00,22.0,-78.0, , ,,2006,57,473.91306663096367,0,277.01889919324594
2006237N13298,ERNESTO,2006-08-29 06:00:00,22.4,-78.5,40,1006,,2006,57,411.3548111052132,0,207.4972808204418
2006237N13298,ERNESTO,2006-08-29 09:00:00,22.8,-78.9, , ,,2006,57,354.39155383565526,0,144.6874512125668
2006237N13298,ERNESTO,2006-08-29 12:00:00,23.2,-79.3,40,1006,,2006,57,298.79930730850253,0,83.10021028118138
2006237N13298,ERNESTO,2006-08-29 15:00:00,23.5,-79.6, , ,,2006,57,258.50414252677166,0,38.63752333224313
2006237N13298,ERNESTO,2006-08-29 18:00:00,23.9,-79.9,40,1005,,2006,57,209.09519971030358,1,0.0
2006237N13298,ERNESTO,2006-08-29 21:00:00,24.3,-80.2, , ,,2006,57,162.53572377621978,1,0.0
2006237N13298,ERNESTO,2006-08-30 00:00:00,24.7,-80.4,40,1004,,2006,57,119.89866466965688,1,0.0
2006237N13298,ERNESTO,2006-08-30 03:00:00,24.9,-80.6,40,1003,,2006,57,104.22995417583414,1,0.0
2006237N13298,ERNESTO,2006-08-30 05:00:00,25.2,-80.7,40,1003,,2006,57,80.64284368595573,1,0.0
2006237N13298,ERNESTO,2006-08-30 06:00:00,25.3,-80.8,40,1003,,2006,57,79.74757746023728,1,0.0
2006237N13298,ERNESTO,2006-08-30 09:00:00,25.7,-81.0, , ,,2006,57,81.24681501006549,1,0.0
2006237N13298,ERNESTO,2006-08-30 12:00:00,26.1,-81.0,35,1002,,2006,57,89.14532335688355,1,0.0
2006237N13298,ERNESTO,2006-08-30 15:00:00,26.5,-81.0, , ,,2006,57,115.10473188630505,1,0.0
2006237N13298,ERNESTO,2006-08-30 18:00:00,27.0,-80.9,35,1001,,2006,57,154.71219773199996,1,0.0
2006237N13298,ERNESTO,2006-08-30 21:00:00,27.5,-80.8, , ,,2006,57,202.52232737817891,1,0.0
2006237N13298,ERNESTO,2006-08-31 00:00:00,28.1,-80.7,35,1000,,2006,57,264.8420507231791,1,0.0
2006237N13298,ERNESTO,2006-08-31 03:00:00,28.7,-80.6, , ,,2006,57,329.20636664754113,1,0.0
2006237N13298,ERNESTO,2006-08-31 06:00:00,29.4,-80.4,45,999,,2006,57,405.0802487630817,1,0.0
2006237N13298,ERNESTO,2006-08-31 09:00:00,30.0,-80.2, , ,,2006,57,471.2781461769441,1,0.0
2006237N13298,ERNESTO,2006-08-31 12:00:00,30.6,-79.9,55,995,,2006,57,538.7532570072746,0,16.43061133133605
2006237N13298,ERNESTO,2006-08-31 15:00:00,31.2,-79.6, , ,,2006,57,607.4674520915459,0,60.585941554668835
2006237N13298,ERNESTO,2006-08-31 18:00:00,31.9,-79.2,60,993,,2006,57,689.3391993583923,0,140.08988614698725
2006237N13298,ERNESTO,2006-08-31 21:00:00,32.6,-78.8, , ,,2006,57,772.2689622134644,0,230.9551424345453
2006237N13298,ERNESTO,2006-09-01 00:00:00,33.2,-78.4,60,988,,2006,57,845.0414262452693,0,317.4179599705458
2006237N13298,ERNESTO,2006-09-01 03:00:00,33.8,-78.1, , ,,2006,57,916.259893134514,0,398.4957793999837
2006237N13298,ERNESTO,2006-09-01 03:40:00,33.9,-78.1,60,985,,2006,57,927.086432821799,0,408.4174243226565
2006237N13298,ERNESTO,2006-09-01 06:00:00,34.5,-78.0,50,985,,2006,57,994.1674169243246,0,478.2752108249535
2006237N13298,ERNESTO,2006-09-01 09:00:00,35.2,-77.8, , ,,2006,57,1074.1135215383338,0,568.3575254920432
2006237N13298,ERNESTO,2006-09-01 12:00:00,35.8,-77.6,30,991,,2006,57,1143.1963012590256,0,649.4661955111148
2006237N13298,ERNESTO,2006-09-01 15:00:00,36.3,-77.4, , ,,2006,57,1201.4440102295175,0,719.8361262142122
2006237N13298,ERNESTO,2006-09-01 18:00:00,36.6,-77.2,40,997,,2006,57,1238.1084739741523,0,766.8826143411018
2006237N13298,ERNESTO,2006-09-01 21:00:00,36.9,-77.1, , ,,2006,57,1272.6326733521305,0,808.4106762557382
2006237N13298,ERNESTO,2006-09-02 00:00:00,37.1,-77.0,40,1002,,2006,57,1296.3743717619552,0,838.1119697444464
2006237N13298,ERNESTO,2006-09-02 03:00:00,37.3,-76.9, , ,,2006,57,1320.1206831567013,0,867.8990840295926
2006237N13298,ERNESTO,2006-09-02 06:00:00,37.6,-76.8,40,1005,,2006,57,1354.6271269463048,0,910.0304464392115
2006237N13298,ERNESTO,2006-09-02 09:00:00,37.9,-76.7, , ,,2006,57,1389.124717605321,0,952.4358373739151
2006237N13298,ERNESTO,2006-09-02 12:00:00,38.2,-76.7,40,1007,,2006,57,1421.4176629225526,0,989.9748004634666
2006237N13298,ERNESTO,2006-09-02 15:00:00,38.5,-76.7, , ,,2006,57,1453.757945093632,0,1028.0499005703218
2006237N13298,ERNESTO,2006-09-02 18:00:00,38.9,-76.7,40,1010,,2006,57,1496.9466518280735,0,1079.4537272596153
2006237N13298,ERNESTO,2006-09-02 21:00:00,39.3,-76.7, , ,,2006,57,1540.2074265218698,0,1131.4996634388033
2006237N13298,ERNESTO,2006-09-03 00:00:00,39.9,-76.7,35,1012,,2006,57,1605.22096385662,0,1211.0437721542285
2006237N13298,ERNESTO,2006-09-03 03:00:00,40.5,-76.9, , ,,2006,57,1666.8861290220798,0,1284.371142897198
2006237N13298,ERNESTO,2006-09-03 06:00:00,41.3,-77.1,25,1014,,2006,57,1751.0499169400425,0,1387.977830410687
2006237N13298,ERNESTO,2006-09-03 09:00:00,42.2,-77.4, , ,,2006,57,1845.5995398543832,0,1506.2599507978623
2006237N13298,ERNESTO,2006-09-03 12:00:00,43.1,-77.5,20,1014,,2006,57,1943.3826691042295,0,1634.5824352292914
2006237N13298,ERNESTO,2006-09-03 15:00:00,43.9,-77.4, , ,,2006,57,2032.5902230678512,0,1756.2648524448675
2006237N13298,ERNESTO,2006-09-03 18:00:00,44.5,-77.0,20,1015,,2006,57,2103.2764447290433,0,1857.5796315213754
2006237N13298,ERNESTO,2006-09-03 21:00:00,45.1,-76.5, , ,,2006,57,2175.5590887470794,0,1962.989442150806
2006237N13298,ERNESTO,2006-09-04 00:00:00,45.6,-75.8,20,1015,,2006,57,2240.39442806599,0,2060.6290966824763
2006237N13298,ERNESTO,2006-09-04 03:00:00,46.1,-75.1, , ,,2006,57,2306.265043302985,0,2160.15169860413
2006237N13298,ERNESTO,2006-09-04 06:00:00,46.5,-74.4,20,1014,,2006,57,2362.2772024259925,0,2246.19754438987
2008229N18293,FAY,2008-08-15 12:00:00,18.4,-67.4,30,1011,,2008,54,1550.082313734657,0,1460.471794112783
2008229N18293,FAY,2008-08-15 14:30:00,18.5,-68.4,35,1009,,2008,54,1457.230668170708,0,1358.5373779681167
2008229N18293,FAY,2008-08-15 15:00:00,18.5,-68.5, , ,,2008,54,1448.6825187475206,0,1348.992904333403
2008229N18293,FAY,2008-08-15 18:00:00,18.5,-68.8,35,1009,,2008,54,1423.1750883168963,0,1320.5012103424126
2008229N18293,FAY,2008-08-15 21:00:00,18.5,-69.4, , ,,2008,54,1372.8152178428745,0,1264.2382383633392
2008229N18293,FAY,2008-08-16 00:00:00,18.6,-70.2,40,1008,,2008,54,1300.0686314427387,0,1184.088141389106
2008229N18293,FAY,2008-08-16 03:00:00,18.6,-70.8, , ,,2008,54,1251.8787427083857,0,1130.160058556596
2008229N18293,FAY,2008-08-16 06:00:00,18.7,-71.4,40,1008,,2008,54,1197.3714285648725,0,1069.9244881897132
2008229N18293,FAY,2008-08-16 09:00:00,18.8,-72.0, , ,,2008,54,1143.761687430657,0,1010.6452823120549
2008229N18293,FAY,2008-08-16 11:45:00,18.8,-72.8,40,1007,,2008,54,1084.6696714498016,0,943.9180670634776
2008229N18293,FAY,2008-08-16 12:00:00,18.8,-72.9,40,1007,,2008,54,1077.496088044677,0,935.7470269049287
2008229N18293,FAY,2008-08-16 15:00:00,18.9,-73.9, , ,,2008,54,1000.0670452728532,0,848.9926219779616
2008229N18293,FAY,2008-08-16 18:00:00,19.1,-74.6,40,1007,,2008,54,937.2445878066469,0,779.5577680053955
2008229N18293,FAY,2008-08-16 21:00:00,19.2,-75.2, , ,,2008,54,891.5968367813307,0,728.5233645720674
2008229N18293,FAY,2008-08-17 00:00:00,19.3,-75.7,45,1005,,2008,54,853.6586310847924,0,686.0656741013066
2008229N18293,FAY,2008-08-17 03:00:00,19.4,-76.3, , ,,2008,54,812.2803539666822,0,639.7237603188114
2008229N18293,FAY,2008-08-17 06:00:00,19.6,-76.9,45,1004,,2008,54,763.7514144947511,0,585.9396093865771
2008229N18293,FAY,2008-08-17 09:00:00,19.9,-77.4,45,1003,,2008,54,711.7447640477519,0,529.4586157797928
2008229N18293,FAY,2008-08-17 12:00:00,20.0,-78.1,45,1003,,2008,54,675.5167226152474,0,488.8955466806377
2008229N18293,FAY,2008-08-17 15:00:00,20.3,-78.9, , ,,2008,54,621.5173579957153,0,430.21608743570494
2008229N18293,FAY,2008-08-17 18:00:00,20.7,-79.6,45,1006,,2008,54,566.071152809669,0,358.87301581268076
2008229N18293,FAY,2008-08-17 21:00:00,20.9,-80.0, , ,,2008,54,540.9506343085536,0,323.32414500427353
2008229N18293,FAY,2008-08-18 00:00:00,21.1,-80.3,45,1001,,2008,54,518.4748229746342,0,292.3720746041797
2008229N18293,FAY,2008-08-18 03:00:00,21.4,-80.6, , ,,2008,54,486.77834075805356,0,249.67287090332692
2008229N18293,FAY,2008-08-18 06:00:00,21.9,-80.8,45,1003,,2008,54,433.8321294918672,0,186.35208027470853
2008229N18293,FAY,2008-08-18 07:00:00,22.1,-80.8,45,1003,,2008,54,411.82557216055255,0,162.92754497762553
2008229N18293,FAY,2008-08-18 09:00:00,22.5,-80.9, , ,,2008,54,369.7331839666329,0,113.52985294442115
2008229N18293,FAY,2008-08-18 12:00:00,23.2,-81.2,50,1002,,2008,54,302.5645800646641,0,24.10914042240578
2008229N18293,FAY,2008-08-18 15:00:00,23.8,-81.5, , ,,2008,54,254.99184463130263,1,0.0
2008229N18293,FAY,2008-08-18 18:00:00,24.3,-81.7,50,1000,,2008,54,222.49654629618414,1,0.0
2008229N18293,FAY,2008-08-18 20:30:00,24.5,-81.8,50,998,,2008,54,214.22166550436148,1,0.0
2008229N18293,FAY,2008-08-18 21:00:00,24.6,-81.8, , ,,2008,54,207.05879720896846,1,0.0
2008229N18293,FAY,2008-08-19 00:00:00,25.0,-81.9,50,997,,2008,54,191.3696339033383,1,0.0
2008229N18293,FAY,2008-08-19 03:00:00,25.2,-81.9, , ,,2008,54,182.48627105823581,1,0.0
2008229N18293,FAY,2008-08-19 06:00:00,25.5,-81.8,55,994,,2008,54,163.83121589773233,1,0.0
2008229N18293,FAY,2008-08-19 08:45:00,25.9,-81.6,55,991,,2008,54,141.7751964286338,1,0.0
2008229N18293,FAY,2008-08-19 09:00:00,25.9,-81.6, , ,,2008,54,141.7751964286338,1,0.0
2008229N18293,FAY,2008-08-19 12:00:00,26.4,-81.4,55,988,,2008,54,139.99089049481356,1,0.0
2008229N18293,FAY,2008-08-19 15:00:00,26.7,-81.2, , ,,2008,54,144.90654231797964,1,0.0
2008229N18293,FAY,2008-08-19 18:00:00,27.0,-81.1,60,986,,2008,54,164.75311538762358,1,0.0
2008229N18293,FAY,2008-08-19 21:00:00,27.3,-81.0, , ,,2008,54,189.00428883898823,1,0.0
2008229N18293,FAY,2008-08-20 00:00:00,27.5,-80.9,55,988,,2008,54,205.70786576575088,1,0.0
2008229N18293,FAY,2008-08-20 03:00:00,27.8,-80.7, , ,,2008,54,232.19411705174656,1,0.0
2008229N18293,FAY,2008-08-20 06:00:00,28.0,-80.6,50,992,,2008,54,252.15814915358266,1,0.0
2008229N18293,FAY,2008-08-20 09:00:00,28.2,-80.6, , ,,2008,54,274.12651544094945,1,0.0
2008229N18293,FAY,2008-08-20 12:00:00,28.4,-80.6,45,994,,2008,54,296.1352598120843,1,0.0
2008229N18293,FAY,2008-08-20 15:00:00,28.6,-80.6, , ,,2008,54,318.176003324262,1,0.0
2008229N18293,FAY,2008-08-20 18:00:00,28.7,-80.6,45,997,,2008,54,329.20636664754113,1,0.0
2008229N18293,FAY,2008-08-20 21:00:00,28.8,-80.5, , ,,2008,54,339.21318471195275,1,0.0
2008229N18293,FAY,2008-08-21 00:00:00,28.9,-80.5,50,993,,2008,54,350.28797200104384,1,0.0
2008229N18293,FAY,2008-08-21 03:00:00,29.0,-80.6, , ,,2008,54,362.33012172967904,1,0.0
2008229N18293,FAY,2008-08-21 06:00:00,29.1,-80.7,50,993,,2008,54,374.5734298438647,1,0.0
2008229N18293,FAY,2008-08-21 09:00:00,29.2,-80.7, , ,,2008,54,385.5926528378836,1,0.0
2008229N18293,FAY,2008-08-21 12:00:00,29.2,-80.7,50,993,,2008,54,385.5926528378836,1,0.0
2008229N18293,FAY,2008-08-21 15:00:00,29.3,-80.8, , ,,2008,54,397.98268803132726,1,0.0
2008229N18293,FAY,2008-08-21 18:00:00,29.3,-81.0,55,993,,2008,54,401.4260142044335,1,0.0
2008229N18293,FAY,2008-08-21 19:00:00,29.3,-81.1,55,993,,2008,54,403.4980328180187,1,0.0
2008229N18293,FAY,2008-08-21 21:00:00,29.3,-81.2, , ,,2008,54,405.7989840531351,1,0.0
2008229N18293,FAY,2008-08-22 00:00:00,29.3,-81.2,50,994,,2008,54,405.7989840531351,1,0.0
2008229N18293,FAY,2008-08-22 03:00:00,29.4,-81.5, , ,,2008,54,424.59738331312934,1,0.0
2008229N18293,FAY,2008-08-22 06:00:00,29.5,-81.9,50,995,,2008,54,448.43011048572686,1,0.0
2008229N18293,FAY,2008-08-22 09:00:00,29.5,-82.2, , ,,2008,54,460.3285514367877,1,0.0
2008229N18293,FAY,2008-08-22 12:00:00,29.6,-82.4,45,996,,2008,54,478.96100592009935,1,0.0
2008229N18293,FAY,2008-08-22 15:00:00,29.7,-82.7, , ,,2008,54,502.6625897318693,1,0.0
2008229N18293,FAY,2008-08-22 18:00:00,29.8,-83.0,40,997,,2008,54,527.1594600653591,1,0.0
2008229N18293,FAY,2008-08-22 21:00:00,29.8,-83.4, , ,,2008,54,548.7881594572312,1,0.0
2008229N18293,FAY,2008-08-23 00:00:00,29.7,-83.8,45,996,,2008,54,563.7299807289467,1,0.0
2008229N18293,FAY,2008-08-23 03:00:00,29.8,-84.4, , ,,2008,54,610.6397201432617,1,0.0
2008229N18293,FAY,2008-08-23 06:00:00,29.8,-84.7,45,997,,2008,54,631.0025938410032,1,0.0
2008229N18293,FAY,2008-08-23 06:15:00,29.8,-84.7,45,997,,2008,54,631.0025938410032,1,0.0
2008229N18293,FAY,2008-08-23 09:00:00,29.8,-84.9, , ,,2008,54,644.9700209194187,1,0.0
2008229N18293,FAY,2008-08-23 12:00:00,30.0,-85.2,40,998,,2008,54,681.2999718864289,1,0.0
2008229N18293,FAY,2008-08-23 15:00:00,30.2,-85.5, , ,,2008,54,717.6099506520039,1,0.0
2008229N18293,FAY,2008-08-23 18:00:00,30.5,-85.9,40,999,,2008,54,768.4544210504273,1,0.0
2008229N18293,FAY,2008-08-23 21:00:00,30.7,-86.3, , ,,2008,54,811.8682418613214,1,0.0
2008229N18293,FAY,2008-08-24 00:00:00,30.8,-86.7,30,999,,2008,54,848.1875419067152,1,0.0
2008229N18293,FAY,2008-08-24 03:00:00,30.9,-87.2, , ,,2008,54,892.31692824083,1,0.0
2008229N18293,FAY,2008-08-24 06:00:00,31.1,-87.7,30,999,,2008,54,943.6448145002881,1,0.0
2008229N18293,FAY,2008-08-24 09:00:00,31.5,-88.0, , ,,2008,54,993.3558288704997,1,0.0
2008229N18293,FAY,2008-08-24 12:00:00,31.8,-88.4,30,1000,,2008,54,1043.7288775776733,1,0.0
2008229N18293,FAY,2008-08-24 15:00:00,31.7,-89.1, , ,,2008,54,1090.3361579609634,0,40.22951200962554
2008229N18293,FAY,2008-08-24 18:00:00,31.5,-89.7,30,1001,,2008,54,1125.3769554348205,0,92.69732898481875
2008229N18293,FAY,2008-08-24 21:00:00,31.4,-90.0, , ,,2008,54,1143.846127799022,0,122.07111474224297
2008229N18293,FAY,2008-08-25 00:00:00,31.3,-90.0,30,1001,,2008,54,1138.1951871876727,0,119.08856616274365
2008229N18293,FAY,2008-08-25 03:00:00,31.3,-90.0, , ,,2008,54,1138.1951871876727,0,119.08856616274365
2008229N18293,FAY,2008-08-25 06:00:00,31.5,-89.9,30,1002,,2008,54,1141.483607830431,0,114.11532273370595
2008229N18293,FAY,2008-08-25 09:00:00,31.7,-89.7, , ,,2008,54,1137.3667963974847,0,100.97974933513149
2008229N18293,FAY,2008-08-25 12:00:00,32.0,-89.4,25,1002,,2008,54,1132.7249121254442,0,89.17908029056636
2008229N18293,FAY,2008-08-25 15:00:00,32.2,-89.2, , ,,2008,54,1130.6599730187545,0,87.21798795051477
2008229N18293,FAY,2008-08-25 18:00:00,32.4,-89.0,25,1002,,2008,54,1129.4223721958174,0,90.54855420362644
2008229N18293,FAY,2008-08-25 21:00:00,32.5,-88.8, , ,,2008,54,1121.8794327726368,0,87.5105935610507
2008229N18293,FAY,2008-08-26 00:00:00,32.7,-88.6,20,1002,,2008,54,1122.0664972138914,0,98.98142598043752
2008229N18293,FAY,2008-08-26 03:00:00,33.0,-88.3, , ,,2008,54,1123.9039372950226,0,123.80217207189456
2008229N18293,FAY,2008-08-26 06:00:00,33.3,-87.9,20,1003,,2008,54,1121.1600082500788,0,154.2968835591012
2008229N18293,FAY,2008-08-26 09:00:00,33.6,-87.5, , ,,2008,54,1120.8944270056359,0,192.4222934014765
2008229N18293,FAY,2008-08-26 12:00:00,33.9,-87.2,20,1003,,2008,54,1128.8252567719244,0,232.53752085609383
2008229N18293,FAY,2008-08-26 15:00:00,34.3,-86.9, , ,,2008,54,1147.5010245299136,0,286.38218956126667
2008229N18293,FAY,2008-08-26 18:00:00,34.6,-86.5,20,1004,,2008,54,1154.0997155844325,0,327.5950192230393
2008229N18293,FAY,2008-08-26 21:00:00,34.8,-86.1, , ,,2008,54,1153.4680617467875,0,354.7178137419353
2008229N18293,FAY,2008-08-27 00:00:00,35.0,-85.8,15,1005,,2008,54,1159.0194544662752,0,381.822782227912
2008229N18293,FAY,2008-08-27 03:00:00,35.2,-85.4, , ,,2008,54,1161.6054914026997,0,408.3129669843312
2008229N18293,FAY,2008-08-27 06:00:00,35.5,-85.1,15,1006,,2008,54,1179.8199830802002,0,449.06697862352354
2008229N18293,FAY,2008-08-27 09:00:00,35.8,-84.8, , ,,2008,54,1199.4443693168032,0,490.67700447461004
2008229N18293,FAY,2008-08-27 12:00:00,36.1,-84.4,15,1007,,2008,54,1217.2446772156222,0,534.6718965509382
2008229N18293,FAY,2008-08-27 15:00:00,36.5,-84.0, , ,,2008,54,1247.5204531609998,0,595.2222444555458
2008229N18293,FAY,2008-08-27 18:00:00,36.9,-83.6,15,1008,,2008,54,1279.8518386593457,0,657.4150179562637
2008229N18293,FAY,2008-08-27 21:00:00,37.2,-83.4, , ,,2008,54,1307.5073349285253,0,702.9063658110322
2008229N18293,FAY,2008-08-28 00:00:00,37.4,-83.2,15,1009,,2008,54,1324.8944974924464,0,735.1543034857838
2008229N18293,FAY,2008-08-28 03:00:00,37.6,-82.9, , ,,2008,54,1340.8829792116433,0,768.9487410765319
2008229N18293,FAY,2008-08-28 06:00:00,37.7,-82.6,15,1010,,2008,54,1346.7237363766958,0,779.5459828093791
2010203N22286,BONNIE,2010-07-22 06:00:00,21.5,-73.8,30,1009,,2010,38,805.0865553179774,0,660.2030282164012
2010203N22286,BONNIE,2010-07-22 09:00:00,21.6,-74.1, , ,,2010,38,773.7202137280104,0,625.4613570310937
2010203N22286,BONNIE,2010-07-22 12:00:00,21.7,-74.4,30,1008,,2010,38,742.487223954957,0,590.8025018962603
2010203N22286,BONNIE,2010-07-22 15:00:00,21.9,-74.6, , ,,2010,38,712.4933411993212,0,559.2129429575248
2010203N22286,BONNIE,2010-07-22 18:00:00,22.2,-74.9,30,1007,,2010,38,667.6175945590461,0,512.0091898587914
2010203N22286,BONNIE,2010-07-22 21:00:00,22.7,-75.3, , ,,2010,38,601.5157263515275,0,443.3761772104741
2010203N22286,BONNIE,2010-07-22 23:15:00,23.0,-75.7,35,1006,,2010,38,548.7944459585011,0,387.1707978724399
2010203N22286,BONNIE,2010-07-23 00:00:00,23.1,-75.9,35,1006,,2010,38,525.6553244852079,0,361.84849337612593
2010203N22286,BONNIE,2010-07-23 03:00:00,23.4,-76.7, , ,,2010,38,439.9955320064388,0,266.0124141343897
2010203N22286,BONNIE,2010-07-23 05:15:00,23.7,-77.5,40,1005,,2010,38,355.59738773212683,0,170.52905236156948
2010203N22286,BONNIE,2010-07-23 06:00:00,23.8,-77.8,40,1005,,2010,38,325.3863130754137,0,135.6319988826659
2010203N22286,BONNIE,2010-07-23 09:00:00,24.2,-78.9, , ,,2010,38,217.04048098690748,0,6.8589240845485016
2010203N22286,BONNIE,2010-07-23 12:00:00,24.8,-79.7,35,1006,,2010,38,117.81496022957197,1,0.0
2010203N22286,BONNIE,2010-07-23 14:30:00,25.4,-80.2,35,1007,,2010,38,40.227612666629895,1,0.0
2010203N22286,BONNIE,2010-07-23 15:00:00,25.5,-80.3, , ,,2010,38,31.055743188951542,1,0.0
2010203N22286,BONNIE,2010-07-23 18:00:00,25.8,-81.1,30,1008,,2010,38,91.03487400129285,1,0.0
2010203N22286,BONNIE,2010-07-23 21:00:00,26.1,-81.8, , ,,2010,38,165.15969660511195,1,0.0
2010203N22286,BONNIE,2010-07-24 00:00:00,26.3,-82.6,30,1010,,2010,38,247.94396534258888,1,0.0
2010203N22286,BONNIE,2010-07-24 03:00:00,26.5,-83.5, , ,,2010,38,340.29501904956504,1,0.0
2010203N22286,BONNIE,2010-07-24 06:00:00,26.7,-84.4,30,1013,,2010,38,432.49015824631806,0,61.47782517016573
2010203N22286,BONNIE,2010-07-24 09:00:00,27.1,-85.2, , ,,2010,38,520.3576334273756,0,127.99011808622717
2010203N22286,BONNIE,2010-07-24 12:00:00,27.5,-85.9,25,1013,,2010,38,599.3265130909863,0,131.11131321898532
2010203N22286,BONNIE,2010-07-24 15:00:00,27.8,-86.5, , ,,2010,38,665.8406098105254,0,118.94479788160497
2010203N22286,BONNIE,2010-07-24 18:00:00,28.1,-87.1,25,1013,,2010,38,732.3900908993833,0,128.28999810535117
2010203N22286,BONNIE,2010-07-24 21:00:00,28.3,-87.7, , ,,2010,38,795.22870943621,0,102.38613956416468
2010203N22286,BONNIE,2010-07-25 00:00:00,28.6,-88.3,25,1012,,2010,38,861.6228122901446,0,79.4498167582072
2010203N22286,BONNIE,2010-07-25 03:00:00,28.9,-88.9, , ,,2010,38,927.9611580118864,0,80.86272190297163
2010203N22286,BONNIE,2010-07-25 06:00:00,29.2,-89.5,25,1012,,2010,38,994.2212724276673,0,106.68794612434263
2010203N22286,BONNIE,2010-07-25 09:00:00,29.5,-90.1, , ,,2010,38,1060.38579846757,0,150.37032802423647
2010203N22286,BONNIE,2010-07-25 12:00:00,29.8,-90.5,20,1012,,2010,38,1108.4470286726753,0,183.51649147476314
2010203N22286,BONNIE,2010-07-25 15:00:00,30.0,-90.8, , ,,2010,38,1143.5200920877178,0,212.99079639117772
2010203N22286,BONNIE,2010-07-25 18:00:00,30.1,-91.0,15,1014,,2010,38,1165.522529104216,0,234.37682989085692
2010271N19276,NICOLE,2010-09-28 00:00:00,19.4,-84.1,25,1003,,2010,65,813.1085723673818,0,490.54753659580274
2010271N19276,NICOLE,2010-09-28 03:00:00,19.6,-83.8, , ,,2010,65,778.6270877558042,0,461.02894039346165
2010271N19276,NICOLE,2010-09-28 06:00:00,19.8,-83.5,30,1003,,2010,65,744.524291046196,0,432.78621113851153
2010271N19276,NICOLE,2010-09-28 09:00:00,20.1,-83.2, , ,,2010,65,700.797423623043,0,394.35653993380856
2010271N19276,NICOLE,2010-09-28 12:00:00,20.4,-83.0,35,1001,,2010,65,661.7182545865237,0,357.72493123926995
2010271N19276,NICOLE,2010-09-28 15:00:00,20.7,-82.8, , ,,2010,65,622.6835386828834,0,319.73157630247044
2010271N19276,NICOLE,2010-09-28 18:00:00,21.0,-82.7,40,999,,2010,65,588.0647795980371,0,282.72627557653925
2010271N19276,NICOLE,2010-09-28 21:00:00,21.2,-82.5, , ,,2010,65,559.1597869197087,0,255.79828096548874
2010271N19276,NICOLE,2010-09-29 00:00:00,21.4,-82.2,35,997,,2010,65,526.3793345724656,0,228.32764509751976
2010271N19276,NICOLE,2010-09-29 03:00:00,21.6,-81.9, , ,,2010,65,494.35188400957,0,203.50752611912847
2010271N19276,NICOLE,2010-09-29 06:00:00,21.7,-81.6,35,996,,2010,65,473.8280907957247,0,193.81775159290484
2010271N19276,NICOLE,2010-09-29 09:00:00,21.8,-81.3, , ,,2010,65,454.7155737438811,0,186.69944740019457
2010271N19276,NICOLE,2010-09-29 12:00:00,21.9,-81.0,40,995,,2010,65,437.1948373444763,0,181.09681705313963
2010271N19276,NICOLE,2010-09-29 15:00:00,22.2,-80.5,40,995,,2010,65,397.2782136383199,0,158.8434132611234
2010271N19276,NICOLE,2010-09-29 18:00:00,23.3,-80.1,40,994,,2010,65,273.88598700549454,0,49.78885707652231
2010271N19276,NICOLE,2010-09-29 21:00:00,24.1,-79.8, , ,,2010,65,188.94841527250512,1,0.0
2010271N19276,NICOLE,2010-09-30 00:00:00,24.7,-79.6,40,994,,2010,65,132.21365013150123,1,0.0
2010271N19276,NICOLE,2010-09-30 03:00:00,25.4,-79.3, , ,,2010,65,98.06943877032958,1,0.0
2010271N19276,NICOLE,2010-09-30 06:00:00,26.1,-79.0,40,995,,2010,65,124.97514920856679,1,0.0
2010271N19276,NICOLE,2010-09-30 09:00:00,26.8,-78.7, , ,,2010,65,188.28207735849247,1,0.0
2010271N19276,NICOLE,2010-09-30 12:00:00,27.4,-78.5,40,996,,2010,65,247.96315945818162,0,33.70732712774879
2013204N11340,DORIAN,2013-07-22 18:00:00,11.3,-20.0,25,1009,,2013,36,6492.357365985358,0,6720.484145249554
2013204N11340,DORIAN,2013-07-22 21:00:00,11.4,-20.5, , ,,2013,36,6437.91478414782,0,6663.715572344264
2013204N11340,DORIAN,2013-07-23 00:00:00,11.5,-20.9,25,1009,,2013,36,6393.4869529525295,0,6617.765394057144
2013204N11340,DORIAN,2013-07-23 03:00:00,11.6,-21.3, , ,,2013,36,6349.068489470991,0,6571.814313807104
2013204N11340,DORIAN,2013-07-23 06:00:00,11.7,-21.8,25,1009,,2013,36,6294.656742008463,0,6515.043184737404
2013204N11340,DORIAN,2013-07-23 09:00:00,11.8,-22.3, , ,,2013,36,6240.256282326715,0,6458.271742023136
2013204N11340,DORIAN,2013-07-23 12:00:00,12.0,-22.8,25,1009,,2013,36,6181.4918949761495,0,6398.821754326506
2013204N11340,DORIAN,2013-07-23 15:00:00,12.2,-23.3, , ,,2013,36,6122.763030953208,0,6339.38066968931
2013204N11340,DORIAN,2013-07-23 18:00:00,12.4,-23.9,25,1008,,2013,36,6054.069435964231,0,6269.1204234072475
2013204N11340,DORIAN,2013-07-23 21:00:00,12.7,-24.6, , ,,2013,36,5971.101075696055,0,6185.402119595834
2013204N11340,DORIAN,2013-07-24 00:00:00,13.0,-25.4,30,1007,,2013,36,5878.218252136795,0,6090.872845214199
2013204N11340,DORIAN,2013-07-24 03:00:00,13.3,-26.2, , ,,2013,36,5785.424904286667,0,5996.36231544831
2013204N11340,DORIAN,2013-07-24 06:00:00,13.5,-27.1,35,1006,,2013,36,5686.949082976041,0,5893.594292094977
2013204N11340,DORIAN,2013-07-24 09:00:00,13.7,-28.0, , ,,2013,36,5588.522581160685,0,5790.8219548300385
2013204N11340,DORIAN,2013-07-24 12:00:00,13.9,-29.0,40,1005,,2013,36,5480.152226142789,0,5677.201043796359
2013204N11340,DORIAN,2013-07-24 15:00:00,14.1,-29.9, , ,,2013,36,5381.830317022427,0,5574.419987588344
2013204N11340,DORIAN,2013-07-24 18:00:00,14.4,-30.8,45,1004,,2013,36,5279.402153651617,0,5469.046449163486
2013204N11340,DORIAN,2013-07-24 21:00:00,14.7,-31.6, , ,,2013,36,5187.069124245854,0,5374.539434364135
2013204N11340,DORIAN,2013-07-25 00:00:00,14.9,-32.4,45,1004,,2013,36,5098.932377998877,0,5282.595261400102
2013204N11340,DORIAN,2013-07-25 03:00:00,15.1,-33.2, , ,,2013,36,5010.848796507965,0,5190.64780077279
2013204N11340,DORIAN,2013-07-25 06:00:00,15.3,-33.9,50,1002,,2013,36,4932.805677903956,0,5109.5564278755655
2013204N11340,DORIAN,2013-07-25 09:00:00,15.5,-34.7, , ,,2013,36,4844.829850506057,0,5017.603959810981
2013204N11340,DORIAN,2013-07-25 12:00:00,15.7,-35.5,50,1002,,2013,36,4756.910394896715,0,4925.648417069046
2013204N11340,DORIAN,2013-07-25 15:00:00,15.8,-36.3, , ,,2013,36,4673.050103822532,0,4836.224719890378
2013204N11340,DORIAN,2013-07-25 18:00:00,16.0,-37.1,50,1003,,2013,36,4585.225134567845,0,4744.2584409769925
2013204N11340,DORIAN,2013-07-25 21:00:00,16.2,-37.9, , ,,2013,36,4497.459498700459,0,4652.289022068893
2013204N11340,DORIAN,2013-07-26 00:00:00,16.4,-38.7,45,1005,,2013,36,4409.754326424806,0,4560.316554694904
2013204N11340,DORIAN,2013-07-26 03:00:00,16.6,-39.7, , ,,2013,36,4302.171161431004,0,4446.613195134529
2013204N11340,DORIAN,2013-07-26 06:00:00,16.9,-40.7,45,1006,,2013,36,4190.763455334843,0,4330.372784050611
2013204N11340,DORIAN,2013-07-26 09:00:00,17.1,-41.7, , ,,2013,36,4083.3506086720145,0,4216.653263027641
2013204N11340,DORIAN,2013-07-26 12:00:00,17.3,-42.8,45,1008,,2013,36,3966.0584467469835,0,4092.0630122204825
2013204N11340,DORIAN,2013-07-26 15:00:00,17.5,-43.9, , ,,2013,36,3848.857595146131,0,3967.4709500243375
2013204N11340,DORIAN,2013-07-26 18:00:00,17.6,-45.0,40,1010,,2013,36,3735.5912418507028,0,3845.459828494862
2013204N11340,DORIAN,2013-07-26 21:00:00,17.7,-46.1, , ,,2013,36,3622.4237692844677,0,3723.5127596361613
2013204N11340,DORIAN,2013-07-27 00:00:00,17.8,-47.1,35,1012,,2013,36,3519.284621320876,0,3612.4678452166877
2013204N11340,DORIAN,2013-07-27 03:00:00,17.9,-48.2, , ,,2013,36,3406.3297862754084,0,3490.6569103222528
2013204N11340,DORIAN,2013-07-27 06:00:00,18.0,-49.2,35,1012,,2013,36,3303.397240038584,0,3379.738777681689
2013204N11340,DORIAN,2013-07-27 09:00:00,18.1,-50.2, , ,,2013,36,3200.5747912610946,0,3268.886803009709
2013204N11340,DORIAN,2013-07-27 12:00:00,18.3,-51.1,35,1012,,2013,36,3103.791676430713,0,3166.007179024398
2013204N11340,DORIAN,2013-07-27 15:00:00,18.4,-52.1, , ,,2013,36,3001.173172321242,0,3055.179146904745
2013204N11340,DORIAN,2013-07-27 18:00:00,18.6,-53.0,35,1012,,2013,36,2904.565510880415,0,2952.2931894134877
2013204N11340,DORIAN,2013-07-27 21:00:00,18.8,-54.0, , ,,2013,36,2798.2092389822956,0,2838.612855649224
2013204N11340,DORIAN,2013-07-28 00:00:00,19.0,-54.9,35,1012,,2013,36,2701.7983275679053,0,2735.7174380091906
2013204N11340,DORIAN,2013-07-28 03:00:00,19.2,-55.9, , ,,2013,36,2595.6648960563625,0,2622.0345416792743
2013204N11340,DORIAN,2013-07-28 06:00:00,19.4,-56.8,35,1013,,2013,36,2499.4617706029267,0,2519.130311818432
2013204N11340,DORIAN,2013-07-28 09:00:00,19.6,-57.7, , ,,2013,36,2403.361782673501,0,2416.220757820417
2013204N11340,DORIAN,2013-07-28 12:00:00,19.8,-58.6,35,1013,,2013,36,2307.367694937296,0,2313.3059671847686
2013204N11340,DORIAN,2013-07-28 15:00:00,20.0,-59.5, , ,,2013,36,2211.4824825078063,0,2210.386059713768
2013204N11340,DORIAN,2013-07-28 18:00:00,20.1,-60.3,30,1013,,2013,36,2129.4181295911376,0,2121.25815972936
2013204N11340,DORIAN,2013-07-28 21:00:00,20.3,-61.2, , ,,2013,36,2033.7509070866147,0,2018.344083216859
2013204N11340,DORIAN,2013-07-29 00:00:00,20.4,-62.0,25,1014,,2013,36,1951.928198160824,0,1929.2922310044444
2013204N11340,DORIAN,2013-07-29 03:00:00,20.5,-62.9, , ,,2013,36,1860.56741098127,0,1829.6042405264136
2013204N11340,DORIAN,2013-07-29 06:00:00,20.6,-63.7,25,1014,,2013,36,1779.0872429581439,0,1740.7362332423259
2013204N11340,DORIAN,2013-07-29 09:00:00,20.7,-64.5, , ,,2013,36,1697.7927325844853,0,1651.9717402535741
2013204N11340,DORIAN,2013-07-29 12:00:00,20.8,-65.3,25,1015,,2013,36,1616.7059329999593,0,1563.3285583156937
2013204N11340,DORIAN,2013-07-29 15:00:00,20.9,-66.1, , ,,2013,36,1535.8533148162119,0,1474.828737180874
2013204N11340,DORIAN,2013-07-29 18:00:00,21.0,-66.9,25,1015,,2013,36,1455.2669551567474,0,1386.499917758574
2013204N11340,DORIAN,2013-07-29 21:00:00,21.1,-67.7, , ,,2013,36,1374.9861258215626,0,1298.3772035874224
2013204N11340,DORIAN,2013-07-30 00:00:00,21.3,-68.5,25,1015,,2013,36,1290.3451680478086,0,1206.4489217005143
2013204N11340,DORIAN,2013-07-30 03:00:00,21.4,-69.2, , ,,2013,36,1220.0154151538845,0,1129.0520462270454
2013204N11340,DORIAN,2013-07-30 06:00:00,21.5,-69.8,25,1015,,2013,36,1159.2813680050303,0,1062.1774908344148
2013204N11340,DORIAN,2013-07-30 09:00:00,21.6,-70.4, , ,,2013,36,1098.7767629645996,0,995.4309935090793
2013204N11340,DORIAN,2013-07-30 12:00:00,21.7,-71.0,25,1015,,2013,36,1038.5351640484191,0,928.8421753136561
2013204N11340,DORIAN,2013-07-30 15:00:00,21.8,-71.6, , ,,2013,36,978.5981038323416,0,862.4478861013815
2013204N11340,DORIAN,2013-07-30 18:00:00,21.9,-72.2,25,1015,,2013,36,919.0175642606182,0,796.2971426240936
2013204N11340,DORIAN,2013-07-30 21:00:00,22.0,-72.8, , ,,2013,36,859.8594146530929,0,730.4565070087651
2013204N11340,DORIAN,2013-07-31 00:00:00,22.1,-73.3,25,1015,,2013,36,809.9731398168348,0,674.9802340216394
2013204N11340,DORIAN,2013-07-31 03:00:00,22.2,-73.9, , ,,2013,36,751.7862998199149,0,609.5417344792842
2013204N11340,DORIAN,2013-07-31 06:00:00,22.4,-74.4,25,1015,,2013,36,696.5850125226569,0,548.9865438173624
2013204N11340,DORIAN,2013-07-31 09:00:00,22.5,-74.9, , ,,2013,36,647.8824852657324,0,494.01449572457364
2013204N11340,DORIAN,2013-07-31 12:00:00,22.6,-75.3,25,1015,,2013,36,608.0320839780805,0,449.19453267607344
2013204N11340,DORIAN,2013-07-31 15:00:00,22.7,-75.6, , ,,2013,36,576.7025438206796,0,414.232985450699
2013204N11340,DORIAN,2013-07-31 18:00:00,22.8,-75.9,25,1015,,2013,36,545.5342473014118,0,379.3600898794056
2013204N11340,DORIAN,2013-07-31 21:00:00,22.9,-76.2, , ,,2013,36,514.5526595212004,0,344.5051922142535
2013204N11340,DORIAN,2013-08-01 00:00:00,23.0,-76.5,25,1014,,2013,36,483.7895406966893,0,309.648789380398
2013204N11340,DORIAN,2013-08-01 03:00:00,23.1,-76.7, , ,,2013,36,460.9985379147798,0,284.3403708605774
2013204N11340,DORIAN,2013-08-01 06:00:00,23.3,-77.0,25,1013,,2013,36,423.2565076498315,0,243.23230585308556
2013204N11340,DORIAN,2013-08-01 09:00:00,23.5,-77.3, , ,,2013,36,385.56798063329757,0,202.1160553630166
2013204N11340,DORIAN,2013-08-01 12:00:00,23.7,-77.7,25,1013,,2013,36,340.4073457538174,0,151.43266994075884
2013204N11340,DORIAN,2013-08-01 15:00:00,23.9,-78.1, , ,,2013,36,295.6472085434506,0,100.73013050046333
2013204N11340,DORIAN,2013-08-01 18:00:00,24.2,-78.4,25,1013,,2013,36,250.53537795235832,0,53.284902287992566
2013204N11340,DORIAN,2013-08-01 21:00:00,24.5,-78.7, , ,,2013,36,205.51006845808104,0,7.185517034060148
2013204N11340,DORIAN,2013-08-02 00:00:00,24.9,-79.0,25,1013,,2013,36,153.3872087160638,1,0.0
2013204N11340,DORIAN,2013-08-02 03:00:00,25.3,-79.2, , ,,2013,36,111.97603141401855,1,0.0
2013204N11340,DORIAN,2013-08-02 06:00:00,25.7,-79.3,25,1013,,2013,36,89.59379817733854,1,0.0
2013204N11340,DORIAN,2013-08-02 09:00:00,26.1,-79.4, , ,,2013,36,87.6612292398153,1,0.0
2013204N11340,DORIAN,2013-08-02 12:00:00,26.5,-79.4,25,1013,,2013,36,113.96315132734172,1,0.0
2013204N11340,DORIAN,2013-08-02 15:00:00,26.9,-79.4, , ,,2013,36,149.15456428847853,1,0.0
2013204N11340,DORIAN,2013-08-02 18:00:00,27.4,-79.4,25,1013,,2013,36,198.45677669093772,1,0.0
2013204N11340,DORIAN,2013-08-02 21:00:00,27.9,-79.4, , ,,2013,36,250.4095383982543,1,0.0
2013204N11340,DORIAN,2013-08-03 00:00:00,28.4,-79.3,30,1013,,2013,36,306.35978444412393,1,0.0
2013204N11340,DORIAN,2013-08-03 03:00:00,28.9,-79.2, , ,,2013,36,362.4491521588702,0,8.064210410494104
2013204N11340,DORIAN,2013-08-03 06:00:00,29.4,-79.1,30,1013,,2013,36,418.6181408711328,0,44.27414525956373
2013204N11340,DORIAN,2013-08-03 09:00:00,29.9,-79.0, , ,,2013,36,474.83527216870687,0,87.6836770764243
2013204N11340,DORIAN,2013-08-03 12:00:00,30.3,-78.8,30,1013,,2013,36,522.7815830328185,0,129.54176767249226
2013204N11340,DORIAN,2013-08-03 15:00:00,30.7,-78.5, , ,,2013,36,573.554272095099,0,172.61572980714257
2013204N11340,DORIAN,2013-08-03 18:00:00,31.1,-78.1,30,1013,,2013,36,627.7991817825664,0,221.17451657431062
2013204N11340,DORIAN,2013-08-03 21:00:00,31.5,-77.7, , ,,2013,36,682.7749741297881,0,274.8156648031756
2013204N11340,DORIAN,2013-08-04 00:00:00,31.8,-77.2,30,1012,,2013,36,731.9007563910286,0,338.8576873625685
2013204N11340,DORIAN,2013-08-04 03:00:00,32.1,-76.5, , ,,2013,36,790.9129755610053,0,425.1934462962693
2013204N11340,DORIAN,2013-08-04 06:00:00,32.4,-75.6,30,1011,,2013,36,862.2725166382037,0,532.752812463303
2018246N22283,GORDON,2018-09-02 18:00:00,22.4,-77.0,25,1012,,2018,73,494.6396642896195,0,309.91320967543487
2018246N22283,GORDON,2018-09-02 21:00:00,22.8,-77.6, , ,,2018,73,421.23741525190667,0,228.32335690457717
2018246N22283,GORDON,2018-09-03 00:00:00,23.3,-78.2,25,1011,,2018,73,339.8727198651138,0,138.41083099874461
2018246N22283,GORDON,2018-09-03 03:00:00,23.8,-78.8, , ,,2018,73,259.46289002256333,0,48.55593212231028
2018246N22283,GORDON,2018-09-03 06:00:00,24.2,-79.4,30,1009,,2018,73,191.1124714491117,1,0.0
2018246N22283,GORDON,2018-09-03 09:00:00,24.6,-80.0,35,1008,,2018,73,130.60897552087246,1,0.0
2018246N22283,GORDON,2018-09-03 11:15:00,25.0,-80.5,45,1006,,2018,73,90.17905247215585,1,0.0
2018246N22283,GORDON,2018-09-03 12:00:00,25.1,-80.7,45,1006,,2018,73,89.54366281744889,1,0.0
2018246N22283,GORDON,2018-09-03 13:15:00,25.2,-80.9,45,1006,,2018,73,94.62820456948842,1,0.0
2018246N22283,GORDON,2018-09-03 15:00:00,25.4,-81.2, , ,,2018,73,108.82215880955984,1,0.0
2018246N22283,GORDON,2018-09-03 18:00:00,25.8,-81.9,50,1004,,2018,73,171.0888351241536,1,0.0
2018246N22283,GORDON,2018-09-03 21:00:00,26.2,-82.6, , ,,2018,73,245.59780185453437,1,0.0
2018246N22283,GORDON,2018-09-04 00:00:00,26.6,-83.3,55,1003,,2018,73,323.85081109324574,1,0.0
2018246N22283,GORDON,2018-09-04 03:00:00,26.9,-84.1, , ,,2018,73,409.510032475934,0,20.562092877830896
2018246N22283,GORDON,2018-09-04 06:00:00,27.2,-84.9,55,1002,,2018,73,495.09648132503787,0,92.61483907833244
2018246N22283,GORDON,2018-09-04 09:00:00,27.6,-85.6, , ,,2018,73,574.8236416955211,0,109.52214846405894
2018246N22283,GORDON,2018-09-04 12:00:00,28.1,-86.2,55,1001,,2018,73,649.7885934146428,0,70.2563726294357
2018246N22283,GORDON,2018-09-04 15:00:00,28.5,-86.7, , ,,2018,73,712.2346832308804,0,60.934823484752535
2018246N22283,GORDON,2018-09-04 18:00:00,28.9,-87.2,60,1000,,2018,73,775.0437401218942,0,30.142154525430854
2018246N22283,GORDON,2018-09-04 21:00:00,29.3,-87.6, , ,,2018,73,829.4101395469339,1,0.0
2018246N22283,GORDON,2018-09-05 00:00:00,29.8,-88.0,60,999,,2018,73,889.4122656569831,1,0.0
2018246N22283,GORDON,2018-09-05 03:00:00,30.4,-88.5, , ,,2018,73,964.0685943003818,1,0.0
2018246N22283,GORDON,2018-09-05 03:15:00,30.4,-88.5,60,996,,2018,73,964.0685943003818,1,0.0
2018246N22283,GORDON,2018-09-05 06:00:00,30.9,-88.9,45,1002,,2018,73,1025.512329392939,1,0.0
2018246N22283,GORDON,2018-09-05 09:00:00,31.4,-89.4, , ,,2018,73,1095.3890430041465,0,57.00759851740537
2018246N22283,GORDON,2018-09-05 12:00:00,31.9,-89.8,30,1007,,2018,73,1157.4981057874077,0,121.57065243402162
2018246N22283,GORDON,2018-09-05 15:00:00,32.2,-90.1, , ,,2018,73,1199.5734961448359,0,169.31545392319413
2018246N22283,GORDON,2018-09-05 18:00:00,32.5,-90.4,25,1012,,2018,73,1241.653484560575,0,218.43014630199485
2018246N22283,GORDON,2018-09-05 21:00:00,32.8,-90.7, , ,,2018,73,1283.7299468004492,0,267.9800443680244
2018246N22283,GORDON,2018-09-06 00:00:00,33.0,-90.9,20,1013,,2018,73,1311.7753842661496,0,301.40253940689786
2018246N22283,GORDON,2018-09-06 03:00:00,33.3,-91.2, , ,,2018,73,1353.830422597988,0,352.04135301491795
2018246N22283,GORDON,2018-09-06 06:00:00,33.5,-91.4,20,1014,,2018,73,1381.8558182691122,0,386.0008110780144
2018246N22283,GORDON,2018-09-06 09:00:00,33.7,-91.6, , ,,2018,73,1409.8702975342862,0,419.99957787371227
2018246N22283,GORDON,2018-09-06 12:00:00,33.9,-91.7,15,1014,,2018,73,1430.4110904475704,0,445.4670623324332
2018246N22283,GORDON,2018-09-06 15:00:00,34.1,-91.8, , ,,2018,73,1451.029623743694,0,471.3854534041214
2018246N22283,GORDON,2018-09-06 18:00:00,34.2,-91.9,15,1014,,2018,73,1465.0505759708342,0,488.6372553929336
2018246N22283,GORDON,2018-09-06 21:00:00,34.3,-92.0, , ,,2018,73,1479.0672685495997,0,505.9140377704923
2018246N22283,GORDON,2018-09-07 00:00:00,34.4,-92.0,15,1014,,2018,73,1485.7499394725478,0,515.0315610766243
2018246N22283,GORDON,2018-09-07 03:00:00,34.5,-92.1, , ,,2018,73,1499.7731737924032,0,532.388402390601
2018246N22283,GORDON,2018-09-07 06:00:00,34.6,-92.1,15,1014,,2018,73,1506.5181535536278,0,541.6928275202838
2018246N22283,GORDON,2018-09-07 09:00:00,34.8,-92.2, , ,,2018,73,1527.3518055701813,0,568.4408055547129
2018246N22283,GORDON,2018-09-07 12:00:00,35.0,-92.2,15,1014,,2018,73,1541.1097961910223,0,587.6524487038361
2018246N22283,GORDON,2018-09-07 15:00:00,35.2,-92.2, , ,,2018,73,1555.0603088447751,0,607.5190861324133
2018246N22283,GORDON,2018-09-07 18:00:00,35.5,-92.3,15,1014,,2018,73,1583.2752295421851,0,645.5898308565171
2019204N25283,UNNAMED,2019-07-22 12:00:00,24.6,-77.4,25,1013,,2019,38,309.19634390579773,0,143.65847929421756
2019204N25283,UNNAMED,2019-07-22 15:00:00,24.8,-77.9, , ,,2019,38,254.02715138918313,0,85.0474951434506
2019204N25283,UNNAMED,2019-07-22 18:00:00,25.0,-78.4,25,1013,,2019,38,198.93539690784687,0,28.095934498991816
2019204N25283,UNNAMED,2019-07-22 21:00:00,25.3,-78.9, , ,,2019,38,139.41144303445498,1,0.0
2019204N25283,UNNAMED,2019-07-23 00:00:00,25.7,-79.3,25,1013,,2019,38,89.59379817733854,1,0.0
2019204N25283,UNNAMED,2019-07-23 03:00:00,26.2,-79.5, , ,,2019,38,84.59926456681684,1,0.0
2019204N25283,UNNAMED,2019-07-23 06:00:00,26.9,-79.6,30,1013,,2019,38,139.63859948302652,1,0.0
2019204N25283,UNNAMED,2019-07-23 09:00:00,27.7,-79.8, , ,,2019,38,219.0126812059977,1,0.0
2019204N25283,UNNAMED,2019-07-23 12:00:00,28.6,-80.0,30,1014,,2019,38,316.1740716587218,1,0.0
2020211N13306,ISAIAS,2020-07-28 12:00:00,12.5,-54.0,35,1007,,2020,46,3112.0512632181794,0,3097.620999913171
2020211N13306,ISAIAS,2020-07-28 15:00:00,12.8,-55.3, , ,,2020,46,2975.064890981159,0,2953.2973988016993
2020211N13306,ISAIAS,2020-07-28 18:00:00,13.2,-56.4,35,1006,,2020,46,2850.776528858408,0,2823.6541026227715
2020211N13306,ISAIAS,2020-07-28 21:00:00,13.6,-57.4, , ,,2020,46,2735.8281836631227,0,2703.8853943042236
2020211N13306,ISAIAS,2020-07-29 00:00:00,14.1,-58.3,40,1005,,2020,46,2624.061192914558,0,2588.5034590874425
2020211N13306,ISAIAS,2020-07-29 03:00:00,14.5,-59.3, , ,,2020,46,2509.5036185985614,0,2468.691032328413
2020211N13306,ISAIAS,2020-07-29 06:00:00,14.8,-60.3,40,1005,,2020,46,2401.3345073529654,0,2354.450994826053
2020211N13306,ISAIAS,2020-07-29 09:00:00,15.0,-61.3, , ,,2020,46,2299.8048269688675,0,2246.1293440416375
2020211N13306,ISAIAS,2020-07-29 12:00:00,15.2,-62.2,40,1005,,2020,46,2207.692325360977,0,2147.929043834609
2020211N13306,ISAIAS,2020-07-29 15:00:00,15.2,-63.1, , ,,2020,46,2129.1646655199565,0,2062.0864818316727
2020211N13306,ISAIAS,2020-07-29 18:00:00,15.3,-64.0,40,1005,,2020,46,2045.124446253907,0,1971.16059445142
2020211N13306,ISAIAS,2020-07-29 21:00:00,15.5,-64.9, , ,,2020,46,1955.187788636095,0,1874.7784472707606
2020211N13306,ISAIAS,2020-07-30 00:00:00,15.8,-65.7,45,1004,,2020,46,1867.3592691497429,0,1781.6380190031575
2020211N13306,ISAIAS,2020-07-30 03:00:00,16.2,-66.5, , ,,2020,46,1772.8866235073504,0,1682.067441526877
2020211N13306,ISAIAS,2020-07-30 06:00:00,16.7,-67.2,50,1003,,2020,46,1679.8883384693077,0,1584.9515377755752
2020211N13306,ISAIAS,2020-07-30 09:00:00,17.2,-67.9, , ,,2020,46,1587.0367039716973,0,1487.754737485413
2020211N13306,ISAIAS,2020-07-30 12:00:00,17.7,-68.5,55,1002,,2020,46,1502.597287487025,0,1399.6516292771232
2020211N13306,ISAIAS,2020-07-30 15:00:00,18.1,-69.0, , ,,2020,46,1433.5033225487184,0,1327.3143217373113
2020211N13306,ISAIAS,2020-07-30 16:15:00,18.4,-69.3,55,1002,,2020,46,1387.9729754006617,0,1279.9979647086977
2020211N13306,ISAIAS,2020-07-30 18:00:00,18.9,-69.8,60,999,,2020,46,1312.2852599271928,0,1201.2724699271778
2020211N13306,ISAIAS,2020-07-30 21:00:00,19.5,-70.5, , ,,2020,46,1213.413045252934,0,1097.6232998982505
2020211N13306,ISAIAS,2020-07-31 00:00:00,19.9,-71.2,65,996,,2020,46,1128.1013817264873,0,1006.4740716620629
2020211N13306,ISAIAS,2020-07-31 03:00:00,20.2,-72.0, , ,,2020,46,1041.4730381324296,0,912.2240716609766
2020211N13306,ISAIAS,2020-07-31 06:00:00,20.5,-72.7,70,990,,2020,46,963.547983773953,0,827.5464865580149
2020211N13306,ISAIAS,2020-07-31 09:00:00,20.9,-73.4,70,990,,2020,46,878.9745335551379,0,736.3207746363378
2020211N13306,ISAIAS,2020-07-31 12:00:00,21.3,-74.0,65,992,,2020,46,802.6367483568552,0,654.259852464404
2020211N13306,ISAIAS,2020-07-31 15:00:00,21.7,-74.6, , ,,2020,46,726.4421917712906,0,572.1357687595904
2020211N13306,ISAIAS,2020-07-31 18:00:00,22.1,-75.1,70,990,,2020,46,658.3499606823074,0,499.2968155085761
2020211N13306,ISAIAS,2020-07-31 21:00:00,22.5,-75.5, , ,,2020,46,598.4196332685483,0,436.15660102115174
2020211N13306,ISAIAS,2020-08-01 00:00:00,22.9,-75.9,75,987,,2020,46,538.7603109309072,0,373.23271800564874
2020211N13306,ISAIAS,2020-08-01 03:00:00,23.3,-76.3, , ,,2020,46,479.4457585990672,0,311.1998828617905
2020211N13306,ISAIAS,2020-08-01 06:00:00,23.6,-76.7,75,987,,2020,46,426.86711562413836,0,255.3571945578948
2020211N13306,ISAIAS,2020-08-01 09:00:00,24.0,-77.0, , ,,2020,46,376.8562896535295,0,205.8111188590984
2020211N13306,ISAIAS,2020-08-01 12:00:00,24.3,-77.5,70,987,,2020,46,316.16321647757474,0,141.18948421100677
2020211N13306,ISAIAS,2020-08-01 13:00:00,24.4,-77.7,70,989,,2020,46,293.0794310526446,0,116.39992467551343
2020211N13306,ISAIAS,2020-08-01 15:00:00,24.6,-78.0, , ,,2020,46,255.59248167555154,0,78.0470730322421
2020211N13306,ISAIAS,2020-08-01 18:00:00,24.8,-78.3,60,993,,2020,46,218.20576438603067,0,40.95953735794807
2020211N13306,ISAIAS,2020-08-01 21:00:00,25.0,-78.6, , ,,2020,46,180.95783494568948,0,5.832036340339109
2020211N13306,ISAIAS,2020-08-02 00:00:00,25.3,-78.9,60,995,,2020,46,139.41144303445498,1,0.0
2020211N13306,ISAIAS,2020-08-02 03:00:00,25.6,-79.1, , ,,2020,46,110.8778994467072,1,0.0
2020211N13306,ISAIAS,2020-08-02 06:00:00,25.9,-79.2,55,996,,2020,46,100.44799603965315,1,0.0
2020211N13306,ISAIAS,2020-08-02 09:00:00,26.2,-79.4, , ,,2020,46,92.94814737725821,1,0.0
2020211N13306,ISAIAS,2020-08-02 12:00:00,26.6,-79.5,55,995,,2020,46,115.99279373688617,1,0.0
2020211N13306,ISAIAS,2020-08-02 15:00:00,27.0,-79.6, , ,,2020,46,149.78116582685493,1,0.0
2020211N13306,ISAIAS,2020-08-02 18:00:00,27.4,-79.6,60,995,,2020,46,191.43935154314062,1,0.0
2020211N13306,ISAIAS,2020-08-02 21:00:00,27.8,-79.6, , ,,2020,46,234.13696544621607,1,0.0
2020211N13306,ISAIAS,2020-08-03 00:00:00,28.2,-79.7,60,995,,2020,46,275.4704143456666,1,0.0
2020211N13306,ISAIAS,2020-08-03 03:00:00,28.6,-79.8, , ,,2020,46,317.97428582512543,1,0.0
2020211N13306,ISAIAS,2020-08-03 06:00:00,29.1,-79.9,60,995,,2020,46,372.31690534865146,1,0.0
2020211N13306,ISAIAS,2020-08-03 09:00:00,29.6,-80.0, , ,,2020,46,427.2168647373753,1,0.0
2020211N13306,ISAIAS,2020-08-03 12:00:00,30.1,-80.0,60,995,,2020,46,482.764495505969,1,0.0
2020211N13306,ISAIAS,2020-08-03 15:00:00,30.6,-79.9, , ,,2020,46,538.7532570072746,0,16.43061133133605
2020211N13306,ISAIAS,2020-08-03 18:00:00,31.2,-79.7,65,991,,2020,46,606.6160615645266,0,50.041916256067644
2020211N13306,ISAIAS,2020-08-03 21:00:00,31.9,-79.5, , ,,2020,46,685.8604637261282,0,112.641492674819
2020211N13306,ISAIAS,2020-08-04 00:00:00,32.8,-79.1,80,986,,2020,46,789.7370637073992,0,225.1309466328428
2020211N13306,ISAIAS,2020-08-04 03:00:00,33.8,-78.5, , ,,2020,46,908.5606108475198,0,369.6270610207874
2020211N13306,ISAIAS,2020-08-04 03:10:00,33.9,-78.5,80,986,,2020,46,919.486123224868,0,380.2886075153342
2020211N13306,ISAIAS,2020-08-04 06:00:00,35.0,-78.1,60,992,,2020,46,1046.5810508828736,0,527.305726015222
2020211N13306,ISAIAS,2020-08-04 09:00:00,36.3,-77.5, , ,,2020,46,1199.3828359715649,0,714.1181044160487
2020211N13306,ISAIAS,2020-08-04 12:00:00,37.7,-76.8,60,993,,2020,46,1365.3891663629286,0,922.3572847439576
2020211N13306,ISAIAS,2020-08-04 15:00:00,39.3,-76.0, , ,,2020,46,1555.316529843479,0,1165.2520626788717
2020211N13306,ISAIAS,2020-08-04 18:00:00,40.9,-75.1,55,994,,2020,46,1747.6375998462922,0,1418.3090419694813
2020211N13306,ISAIAS,2020-08-04 21:00:00,42.5,-74.1, , ,,2020,46,1942.439235035324,0,1681.5115644203383
2020211N13306,ISAIAS,2020-08-05 00:00:00,44.0,-73.1,45,998,,2020,46,2126.5883394065754,0,1936.3740787735856
2020211N13306,ISAIAS,2020-08-05 03:00:00,45.4,-72.4, , ,,2020,46,2291.7922293781126,0,2167.701379669376
2020211N13306,ISAIAS,2020-08-05 06:00:00,46.7,-71.8,35,1000,,2020,46,2443.4149424121956,0,2384.7107449511036
2020256N25281,SALLY,2020-09-11 18:00:00,25.4,-78.6,30,1007,,2020,74,164.63673326927236,0,11.731910483977298
2020256N25281,SALLY,2020-09-11 21:00:00,25.5,-79.0, , ,,2020,74,122.9739010793544,1,0.0
2020256N25281,SALLY,2020-09-12 00:00:00,25.6,-79.4,30,1004,,2020,74,81.35882344690016,1,0.0
2020256N25281,SALLY,2020-09-12 03:00:00,25.6,-79.8, , ,,2020,74,43.18393272832302,1,0.0
2020256N25281,SALLY,2020-09-12 06:00:00,25.6,-80.2,30,1003,,2020,74,17.99898725240172,1,0.0
2020256N25281,SALLY,2020-09-12 09:00:00,25.5,-80.5, , ,,2020,74,42.44385589273727,1,0.0
2020256N25281,SALLY,2020-09-12 12:00:00,25.5,-80.8,35,1003,,2020,74,67.56191780647384,1,0.0
2020256N25281,SALLY,2020-09-12 15:00:00,25.5,-81.2, , ,,2020,74,105.18055590882958,1,0.0
2020256N25281,SALLY,2020-09-12 18:00:00,25.6,-81.6,35,1003,,2020,74,142.25766449538938,1,0.0
2020256N25281,SALLY,2020-09-12 21:00:00,25.8,-82.0, , ,,2020,74,181.09838577899177,1,0.0
2020256N25281,SALLY,2020-09-13 00:00:00,26.0,-82.5,35,1003,,2020,74,232.43016632601874,1,0.0
2020256N25281,SALLY,2020-09-13 03:00:00,26.3,-83.0, , ,,2020,74,286.88800782234523,1,0.0
2020256N25281,SALLY,2020-09-13 06:00:00,26.7,-83.5,45,1001,,2020,74,346.06074739129343,1,0.0
2020256N25281,SALLY,2020-09-13 09:00:00,27.0,-84.0, , ,,2020,74,403.5452466156249,0,5.1710573952391865
2020256N25281,SALLY,2020-09-13 12:00:00,27.2,-84.5,50,996,,2020,74,457.60755516360734,0,49.35586168471852
2020256N25281,SALLY,2020-09-13 15:00:00,27.4,-85.0, , ,,2020,74,511.6123857088572,0,96.37556348245428
2020256N25281,SALLY,2020-09-13 18:00:00,27.6,-85.4,50,996,,2020,74,556.3017422008596,0,105.10617828541343
2020256N25281,SALLY,2020-09-13 21:00:00,27.8,-85.7, , ,,2020,74,591.8132121076577,0,88.17506414378002
2020256N25281,SALLY,2020-09-14 00:00:00,27.9,-86.0,50,996,,2020,74,623.3330196756698,0,85.43642122523912
2020256N25281,SALLY,2020-09-14 03:00:00,28.1,-86.3, , ,,2020,74,658.8821746606156,0,75.08974628887333
2020256N25281,SALLY,2020-09-14 06:00:00,28.2,-86.5,55,996,,2020,74,681.2237515497919,0,75.90662682433509
2020256N25281,SALLY,2020-09-14 09:00:00,28.3,-86.7, , ,,2020,74,703.556333791155,0,79.48838597041846
2020256N25281,SALLY,2020-09-14 12:00:00,28.4,-86.9,65,991,,2020,74,725.8791142872999,0,85.73235511603585
2020256N25281,SALLY,2020-09-14 15:00:00,28.5,-87.1, , ,,2020,74,748.1913735789867,0,82.10690440557055
2020256N25281,SALLY,2020-09-14 18:00:00,28.6,-87.3,75,986,,2020,74,770.4924670377468,0,65.741675562643
2020256N25281,SALLY,2020-09-14 21:00:00,28.7,-87.5, , ,,2020,74,792.7818142305943,0,51.284357990943846
2020256N25281,SALLY,2020-09-15 00:00:00,28.7,-87.7,75,986,,2020,74,810.8281326891025,0,51.835314963753845
2020256N25281,SALLY,2020-09-15 03:00:00,28.7,-87.9, , ,,2020,74,828.9522538493949,0,54.80511361091641
2020256N25281,SALLY,2020-09-15 06:00:00,28.8,-88.0,70,984,,2020,74,842.1112025983903,0,44.92571133137335
2020256N25281,SALLY,2020-09-15 09:00:00,28.9,-88.1, , ,,2020,74,855.3088701831033,0,35.906394262675235
2020256N25281,SALLY,2020-09-15 12:00:00,29.0,-88.1,70,982,,2020,74,859.5743600543652,0,24.031794569330035
2020256N25281,SALLY,2020-09-15 15:00:00,29.1,-88.1, , ,,2020,74,863.9611732443788,0,12.145701202779106
2020256N25281,SALLY,2020-09-15 18:00:00,29.3,-88.1,70,981,,2020,74,873.0914038048517,1,0.0
2020256N25281,SALLY,2020-09-15 21:00:00,29.5,-88.1, , ,,2020,74,882.68473091359,1,0.0
2020256N25281,SALLY,2020-09-16 00:00:00,29.6,-88.0,75,975,,2020,74,879.0365488477102,1,0.0
2020256N25281,SALLY,2020-09-16 03:00:00,29.7,-88.0, , ,,2020,74,884.1700599534377,1,0.0
2020256N25281,SALLY,2020-09-16 06:00:00,29.9,-87.9,95,967,,2020,74,886.3499960089715,1,0.0
2020256N25281,SALLY,2020-09-16 09:00:00,30.2,-87.7, , ,,2020,74,886.8301006799484,1,0.0
2020256N25281,SALLY,2020-09-16 09:45:00,30.3,-87.7,95,965,,2020,74,892.7700762649758,1,0.0
2020256N25281,SALLY,2020-09-16 12:00:00,30.5,-87.6,85,967,,2020,74,896.9946458565345,1,0.0
2020256N25281,SALLY,2020-09-16 15:00:00,30.8,-87.4, , ,,2020,74,900.7374335406879,1,0.0
2020256N25281,SALLY,2020-09-16 18:00:00,31.1,-87.2,60,982,,2020,74,906.2016403241618,1,0.0
2020256N25281,SALLY,2020-09-16 21:00:00,31.4,-87.0, , ,,2020,74,913.3535070438679,1,0.0
2020256N25281,SALLY,2020-09-17 00:00:00,31.6,-86.7,35,994,,2020,74,907.6164154357049,1,0.0
2020256N25281,SALLY,2020-09-17 03:00:00,31.8,-86.4, , ,,2020,74,903.4182025061426,1,0.0
2020256N25281,SALLY,2020-09-17 06:00:00,32.1,-86.1,30,1000,,2020,74,909.1789238171267,1,0.0
2020256N25281,SALLY,2020-09-17 09:00:00,32.3,-85.7, , ,,2020,74,902.6118125242629,0,20.619392917895688
2020256N25281,SALLY,2020-09-17 12:00:00,32.6,-85.2,30,1003,,2020,74,902.2218396224927,0,59.428701879914904
2020256N25281,SALLY,2020-09-17 15:00:00,32.9,-84.5, , ,,2020,74,896.654917364111,0,105.35531734709151
2020256N25281,SALLY,2020-09-17 18:00:00,33.2,-83.8,30,1004,,2020,74,897.6282391049357,0,168.57379485055503
2020256N25281,SALLY,2020-09-17 21:00:00,33.5,-83.1, , ,,2020,74,905.0749734858891,0,224.3074624822247
2020256N25281,SALLY,2020-09-18 00:00:00,33.7,-82.3,30,1004,,2020,74,905.7938240794377,0,230.30943755967994
2020256N25281,SALLY,2020-09-18 03:00:00,33.9,-81.5, , ,,2020,74,913.6645353147231,0,257.1906789870356
2020256N25281,SALLY,2020-09-18 06:00:00,34.1,-80.8,30,1005,,2020,74,929.0206962588032,0,298.69253716433224
2020306N15288,ETA,2020-10-31 18:00:00,14.9,-72.4,30,1006,,2020,102,1454.5884322309369,0,1316.7048680445853
2020306N15288,ETA,2020-10-31 21:00:00,14.9,-73.0, , ,,2020,102,1420.7521086161908,0,1279.176225409959
2020306N15288,ETA,2020-11-01 00:00:00,14.9,-73.6,35,1005,,2020,102,1388.8961726774562,0,1244.0438544268663
2020306N15288,ETA,2020-11-01 03:00:00,14.9,-74.3, , ,,2020,102,1354.4204494690389,0,1205.7002912630771
2020306N15288,ETA,2020-11-01 06:00:00,14.9,-75.1,35,1005,,2020,102,1318.8435592911692,0,1166.4741071326537
2020306N15288,ETA,2020-11-01 09:00:00,14.9,-75.9, , ,,2020,102,1287.6692549623808,0,1132.1068765282234
2020306N15288,ETA,2020-11-01 12:00:00,14.9,-76.7,40,1002,,2020,102,1261.2248120537738,0,1103.1010261157464
2020306N15288,ETA,2020-11-01 15:00:00,14.9,-77.5, , ,,2020,102,1239.8135722245447,0,1076.4759476028637
2020306N15288,ETA,2020-11-01 18:00:00,14.9,-78.2,50,992,,2020,102,1225.4168969656973,0,1053.4817080402402
2020306N15288,ETA,2020-11-01 21:00:00,14.9,-78.8, , ,,2020,102,1216.4164660336212,0,1037.2800296280595
2020306N15288,ETA,2020-11-02 00:00:00,14.9,-79.4,60,988,,2020,102,1210.5724673984637,0,1021.9979851161875
2020306N15288,ETA,2020-11-02 03:00:00,14.9,-79.9, , ,,2020,102,1208.147480044783,0,1011.0423582927732
2020306N15288,ETA,2020-11-02 06:00:00,14.9,-80.4,70,982,,2020,102,1207.9601890705653,0,1002.5796051674728
2020306N15288,ETA,2020-11-02 09:00:00,14.9,-80.8, , ,,2020,102,1209.422615494612,0,996.6177324060816
2020306N15288,ETA,2020-11-02 12:00:00,14.8,-81.2,90,972,,2020,102,1223.3936253019247,0,1004.0122726149459
2020306N15288,ETA,2020-11-02 15:00:00,14.8,-81.6, , ,,2020,102,1227.6650948126921,0,1001.6085080301848
2020306N15288,ETA,2020-11-02 18:00:00,14.7,-82.0,115,948,,2020,102,1244.3263109514257,0,1012.3100251643874
2020306N15288,ETA,2020-11-02 21:00:00,14.5,-82.3, , ,,2020,102,1271.3532481455895,0,1035.9832607791873
2020306N15288,ETA,2020-11-03 00:00:00,14.3,-82.5,130,929,,2020,102,1296.9887651209958,0,1059.9464265484478
2020306N15288,ETA,2020-11-03 03:00:00,14.1,-82.7, , ,,2020,102,1322.838160301812,0,1084.067527912262
2020306N15288,ETA,2020-11-03 06:00:00,14.0,-82.9,130,922,,2020,102,1338.0028577155779,0,1097.1115908972477
2020306N15288,ETA,2020-11-03 09:00:00,13.8,-83.0, , ,,2020,102,1361.9887452281323,0,1120.9164222381044
2020306N15288,ETA,2020-11-03 12:00:00,13.6,-83.1,125,936,,2020,102,1385.999578654319,0,1144.7744484249756
2020306N15288,ETA,2020-11-03 15:00:00,13.6,-83.2, , ,,2020,102,1388.3249879273828,0,1145.914413046275
2020306N15288,ETA,2020-11-03 18:00:00,13.7,-83.3,120,940,,2020,102,1379.8940408503177,0,1135.7849604599387
2020306N15288,ETA,2020-11-03 21:00:00,13.8,-83.5,120,940,,2020,102,1374.1631201188293,0,1127.2751881632662
2020306N15288,ETA,2020-11-04 00:00:00,13.8,-83.7,95,965,,2020,102,1379.5555040627678,0,1130.0060938240576
2020306N15288,ETA,2020-11-04 03:00:00,13.8,-84.0, , ,,2020,102,1388.1932963794836,0,1132.773560508851
2020306N15288,ETA,2020-11-04 06:00:00,13.8,-84.3,70,980,,2020,102,1397.4791918418466,0,1136.5160236097765
2020306N15288,ETA,2020-11-04 09:00:00,13.8,-84.6, , ,,2020,102,1407.400332741264,0,1141.1808843496226
2020306N15288,ETA,2020-11-04 12:00:00,13.8,-84.9,50,993,,2020,102,1417.9433535856385,0,1146.4284907295546
2020306N15288,ETA,2020-11-04 15:00:00,13.8,-85.1, , ,,2020,102,1425.310725213204,0,1150.4455778900438
2020306N15288,ETA,2020-11-04 18:00:00,13.9,-85.4,40,998,,2020,102,1426.5152746403155,0,1146.0604186733265
2020306N15288,ETA,2020-11-04 21:00:00,13.9,-85.7, , ,,2020,102,1438.7287699430096,0,1153.8456288401937
2020306N15288,ETA,2020-11-05 00:00:00,14.0,-86.0,30,1002,,2020,102,1441.347114182329,0,1151.1135814183492
2020306N15288,ETA,2020-11-05 03:00:00,14.1,-86.3, , ,,2020,102,1444.709088919947,0,1149.4137434762044
2020306N15288,ETA,2020-11-05 06:00:00,14.2,-86.7,25,1006,,2020,102,1453.6438425330575,0,1152.4362228893476
2020306N15288,ETA,2020-11-05 09:00:00,14.3,-87.1, , ,,2020,102,1463.7741692514244,0,1156.867610562621
2020306N15288,ETA,2020-11-05 12:00:00,14.5,-87.5,25,1005,,2020,102,1465.4490362588508,0,1152.277810991429
2020306N15288,ETA,2020-11-05 15:00:00,14.9,-87.7, , ,,2020,102,1438.3570260356323,0,1119.2319230562512
2020306N15288,ETA,2020-11-05 18:00:00,15.3,-87.8,30,1005,,2020,102,1406.5267794961183,0,1082.2701948323252
2020306N15288,ETA,2020-11-05 21:00:00,15.8,-87.8, , ,,2020,102,1360.225888210925,0,1030.6713075842383
2020306N15288,ETA,2020-11-06 00:00:00,16.2,-87.8,30,1004,,2020,102,1323.692427049328,0,989.7936132038107
2020306N15288,ETA,2020-11-06 03:00:00,16.5,-87.7, , ,,2020,102,1290.3496119533957,0,953.9434157117245
2020306N15288,ETA,2020-11-06 06:00:00,16.7,-87.6,30,1004,,2020,102,1266.0879749587739,0,928.2312709512173
2020306N15288,ETA,2020-11-06 09:00:00,16.8,-87.5, , ,,2020,102,1250.8336643469559,0,912.661714710338
2020306N15288,ETA,2020-11-06 12:00:00,16.9,-87.4,30,1004,,2020,102,1235.585028522054,0,897.1053473456432
2020306N15288,ETA,2020-11-06 15:00:00,17.0,-87.3, , ,,2020,102,1220.3421556947485,0,881.5630727192049
2020306N15288,ETA,2020-11-06 18:00:00,17.1,-87.1,30,1004,,2020,102,1198.922564238181,0,860.8438327788373
2020306N15288,ETA,2020-11-06 21:00:00,17.3,-86.8, , ,,2020,102,1162.4016513249276,0,824.9750013557942
2020306N15288,ETA,2020-11-07 00:00:00,17.5,-86.4,30,1002,,2020,102,1120.0964712775303,0,784.9610302456633
2020306N15288,ETA,2020-11-07 03:00:00,17.8,-85.8, , ,,2020,102,1057.4781924894778,0,726.4908437075218
2020306N15288,ETA,2020-11-07 06:00:00,18.2,-85.1,35,1001,,2020,102,981.0905251305142,0,655.9706889917339
2020306N15288,ETA,2020-11-07 09:00:00,18.7,-84.2, , ,,2020,102,886.8214971907747,0,573.4735846008488
2020306N15288,ETA,2020-11-07 12:00:00,19.1,-83.2,45,997,,2020,102,802.5821790544851,0,512.3770948778489
2020306N15288,ETA,2020-11-07 15:00:00,19.5,-82.3, , ,,2020,102,729.0650157267432,0,454.34839824483294
2020306N15288,ETA,2020-11-07 18:00:00,19.8,-81.5,55,994,,2020,102,676.3234234345795,0,419.96192800739595
2020306N15288,ETA,2020-11-07 21:00:00,20.1,-80.8, , ,,2020,102,632.6220133061208,0,395.6781252279447
2020306N15288,ETA,2020-11-08 00:00:00,20.4,-80.2,55,991,,2020,102,596.1944276046083,0,375.87708967861454
2020306N15288,ETA,2020-11-08 03:00:00,20.7,-79.8, , ,,2020,102,564.2559177995643,0,352.09099999282296
2020306N15288,ETA,2020-11-08 06:00:00,21.1,-79.5,55,991,,2020,102,523.1365244464909,0,318.02494207616314
2020306N15288,ETA,2020-11-08 08:55:00,21.5,-79.2,55,991,,2020,102,484.522895509497,0,283.38697464437416
2020306N15288,ETA,2020-11-08 09:00:00,21.5,-79.2, , ,,2020,102,484.522895509497,0,283.38697464437416
2020306N15288,ETA,2020-11-08 12:00:00,22.2,-79.0,50,993,,2020,102,414.1298235967175,0,207.98010185850165
2020306N15288,ETA,2020-11-08 15:00:00,22.9,-79.0, , ,,2020,102,340.34010214362064,0,129.01528848585406
2020306N15288,ETA,2020-11-08 18:00:00,23.5,-79.2,55,993,,2020,102,270.7298017926174,0,53.797288658902644
2020306N15288,ETA,2020-11-08 21:00:00,24.1,-79.6, , ,,2020,102,194.16847506628662,1,0.0
2020306N15288,ETA,2020-11-09 00:00:00,24.5,-80.1,55,993,,2020,102,140.59866334880468,1,0.0
2020306N15288,ETA,2020-11-09 03:00:00,24.8,-80.5, , ,,2020,102,111.33536654059185,1,0.0
2020306N15288,ETA,2020-11-09 04:00:00,24.9,-80.7,55,993,,2020,102,108.5795058880969,1,0.0
2020306N15288,ETA,2020-11-09 06:00:00,25.0,-81.4,55,992,,2020,102,148.00635784791896,1,0.0
2020306N15288,ETA,2020-11-09 09:00:00,25.0,-82.2, , ,,2020,102,218.8017459869199,1,0.0
2020306N15288,ETA,2020-11-09 12:00:00,24.9,-82.9,50,992,,2020,102,288.5486166772699,1,0.0
2020306N15288,ETA,2020-11-09 15:00:00,24.6,-83.5, , ,,2020,102,357.0645582257166,1,0.0
2020306N15288,ETA,2020-11-09 18:00:00,24.2,-84.1,45,995,,2020,102,430.46450898494487,1,0.0
2020306N15288,ETA,2020-11-09 21:00:00,23.8,-84.6, , ,,2020,102,495.56744876705477,0,62.133200642125935
2020306N15288,ETA,2020-11-10 00:00:00,23.4,-85.0,45,995,,2020,102,552.513083884685,0,125.3696360252675
2020306N15288,ETA,2020-11-10 03:00:00,23.2,-85.3, , ,,2020,102,590.1397283001879,0,166.57607783764965
2020306N15288,ETA,2020-11-10 06:00:00,23.0,-85.4,45,995,,2020,102,610.2604561993462,0,189.28471534983933
2020306N15288,ETA,2020-11-10 09:00:00,22.7,-85.4, , ,,2020,102,628.2180609772167,0,211.73403036960624
2020306N15288,ETA,2020-11-10 12:00:00,22.6,-85.3,50,992,,2020,102,626.0640488527365,0,211.41701187898562
2020306N15288,ETA,2020-11-10 15:00:00,22.7,-85.2, , ,,2020,102,611.2792611420891,0,195.03592835219695
2020306N15288,ETA,2020-11-10 18:00:00,22.9,-85.1,50,992,,2020,102,590.2938646141429,0,170.61630948550874
2020306N15288,ETA,2020-11-10 21:00:00,23.1,-84.9, , ,,2020,102,560.9863673528937,0,138.0559809398577
2020306N15288,ETA,2020-11-11 00:00:00,23.5,-84.6,55,990,,2020,102,511.58619479547974,0,81.6533818806061
2020306N15288,ETA,2020-11-11 03:00:00,23.9,-84.4, , ,,2020,102,472.39698149949515,0,36.771458494953166
2020306N15288,ETA,2020-11-11 06:00:00,24.5,-84.2,60,987,,2020,102,427.16966288977187,1,0.0
2020306N15288,ETA,2020-11-11 09:00:00,25.1,-84.0, , ,,2020,102,389.4193275367328,1,0.0
2020306N15288,ETA,2020-11-11 12:00:00,25.8,-83.9,65,983,,2020,102,371.3032750398043,0,30.176606418398983
2020306N15288,ETA,2020-11-11 15:00:00,26.3,-83.8, , ,,2020,102,365.4352156916948,0,27.64492466839555
2020306N15288,ETA,2020-11-11 18:00:00,26.8,-83.7,60,990,,2020,102,368.31582714789806,1,0.0
2020306N15288,ETA,2020-11-11 21:00:00,27.4,-83.6, , ,,2020,102,384.74840482203007,1,0.0
2020306N15288,ETA,2020-11-12 00:00:00,27.9,-83.5,55,992,,2020,102,405.28434964254626,1,0.0
2020306N15288,ETA,2020-11-12 03:00:00,28.3,-83.4, , ,,2020,102,424.97471906957566,1,0.0
2020306N15288,ETA,2020-11-12 06:00:00,28.7,-83.2,50,994,,2020,102,441.7814030123731,1,0.0
2020306N15288,ETA,2020-11-12 09:00:00,29.1,-82.9, , ,,2020,102,457.37333922959084,1,0.0
2020306N15288,ETA,2020-11-12 09:20:00,29.2,-82.9,45,996,,2020,102,466.3712545905183,1,0.0
2020306N15288,ETA,2020-11-12 12:00:00,29.7,-82.5,40,1001,,2020,102,493.3006564696528,1,0.0
2020306N15288,ETA,2020-11-12 15:00:00,30.3,-81.9, , ,,2020,102,531.7332543095323,1,0.0
2020306N15288,ETA,2020-11-12 18:00:00,30.9,-81.3,35,1003,,2020,102,581.5447036797857,1,0.0
2020306N15288,ETA,2020-11-12 21:00:00,31.4,-80.7, , ,,2020,102,628.9081398068515,1,0.0
2020306N15288,ETA,2020-11-13 00:00:00,31.9,-79.9,40,1004,,2020,102,683.1383594400468,0,78.19531156462149
2020306N15288,ETA,2020-11-13 03:00:00,32.3,-79.0, , ,,2020,102,736.1824604601342,0,188.58981378532667
2020306N15288,ETA,2020-11-13 06:00:00,32.7,-78.0,40,1004,,2020,102,800.2143817217445,0,309.71356975423737
2020306N15288,ETA,2020-11-13 09:00:00,33.3,-76.7, , ,,2020,102,903.5548339007443,0,474.21152894468526
2020306N15288,ETA,2020-11-13 12:00:00,34.0,-75.3,40,1004,,2020,102,1029.952178002091,0,655.9275888411344
2020306N15288,ETA,2020-11-13 15:00:00,34.6,-73.9, , ,,2020,102,1153.2760043508588,0,830.9616022327738
2020306N15288,ETA,2020-11-13 18:00:00,35.1,-72.5,40,1005,,2020,102,1272.5591637848916,0,999.5920136188361
2020306N15288,ETA,2020-11-13 21:00:00,35.5,-70.9, , ,,2020,102,1399.4951298254568,0,1181.3703460393724
2020306N15288,ETA,2020-11-14 00:00:00,35.7,-69.2,35,1006,,2020,102,1522.6253523847079,0,1362.100677486209
2022154N21273,ALEX,2022-06-02 18:00:00,21.3,-87.5,30,1004,,2022,36,894.8116437261491,0,499.2202787357875
2022154N21273,ALEX,2022-06-02 21:00:00,21.5,-87.4, , ,,2022,36,873.6479692944491,0,475.6504754093432
2022154N21273,ALEX,2022-06-03 00:00:00,21.6,-87.3,30,1003,,2022,36,858.8492078642643,0,459.53247909725883
2022154N21273,ALEX,2022-06-03 03:00:00,21.7,-87.2, , ,,2022,36,844.0722961476814,0,443.42614334111335
2022154N21273,ALEX,2022-06-03 06:00:00,21.9,-87.1,35,1003,,2022,36,823.2436878688961,0,420.29339209765124
2022154N21273,ALEX,2022-06-03 09:00:00,22.0,-87.0, , ,,2022,36,808.561552990309,0,404.2876976251135
2022154N21273,ALEX,2022-06-03 12:00:00,22.2,-86.9,35,1003,,2022,36,788.0409789050926,0,381.6650898466296
2022154N21273,ALEX,2022-06-03 15:00:00,22.4,-86.7, , ,,2022,36,758.9282092705838,0,349.90251881426485
2022154N21273,ALEX,2022-06-03 18:00:00,22.8,-86.3,35,1003,,2022,36,701.1172088647508,0,286.474882496187
2022154N21273,ALEX,2022-06-03 21:00:00,23.3,-85.8, , ,,2022,36,629.8011773766518,0,208.73190200006727
2022154N21273,ALEX,2022-06-04 00:00:00,23.9,-85.1,35,1003,,2022,36,536.7731891289492,0,108.0069690825793
2022154N21273,ALEX,2022-06-04 03:00:00,24.4,-84.4, , ,,2022,36,450.01362855828233,0,16.618923923828767
2022154N21273,ALEX,2022-06-04 06:00:00,25.0,-83.7,35,1003,,2022,36,362.4617368235916,1,0.0
2022154N21273,ALEX,2022-06-04 09:00:00,25.6,-82.9, , ,,2022,36,271.9823262830652,1,0.0
2022154N21273,ALEX,2022-06-04 12:00:00,26.2,-82.0,35,1002,,2022,36,187.1968066589256,1,0.0
2022154N21273,ALEX,2022-06-04 15:00:00,26.7,-81.2, , ,,2022,36,144.90654231797964,1,0.0
2022154N21273,ALEX,2022-06-04 18:00:00,27.2,-80.4,40,1001,,2022,36,161.26839070503883,1,0.0
2022154N21273,ALEX,2022-06-04 21:00:00,27.6,-79.6, , ,,2022,36,212.69699987704735,1,0.0
2022154N21273,ALEX,2022-06-05 00:00:00,28.0,-78.8,40,999,,2022,36,284.59675138658093,0,27.79715120238545
2022154N21273,ALEX,2022-06-05 03:00:00,28.4,-78.0, , ,,2022,36,364.87679479065037,0,128.02726168140842
2022154N21273,ALEX,2022-06-05 06:00:00,28.8,-77.2,45,995,,2022,36,448.9075119918544,0,222.65078687649947
2022154N21273,ALEX,2022-06-05 09:00:00,29.3,-76.2, , ,,2022,36,556.4333911598005,0,343.20728826421976
2022154N21273,ALEX,2022-06-05 12:00:00,29.9,-75.0,50,993,,2022,36,687.1202762035642,0,491.93234590890575
2022154N21273,ALEX,2022-06-05 15:00:00,30.4,-73.8, , ,,2022,36,811.6235856986717,0,638.7820386402277
2022154N21273,ALEX,2022-06-05 18:00:00,31.0,-72.5,60,985,,2022,36,951.0952888595643,0,800.7998317521655
2022154N21273,ALEX,2022-06-05 21:00:00,31.6,-71.3, , ,,2022,36,1082.7130378667914,0,953.1158376548238
2022154N21273,ALEX,2022-06-06 00:00:00,32.1,-70.2,60,984,,2022,36,1199.9350999560743,0,1090.8817549502148
2022154N21273,ALEX,2022-06-06 03:00:00,32.6,-69.0, , ,,2022,36,1324.80925534801,0,1239.3121890090135
2022154N21273,ALEX,2022-06-06 06:00:00,33.0,-67.8,55,987,,2022,36,1443.7183895672856,0,1383.0154522302828
2022154N21273,ALEX,2022-06-06 09:00:00,33.4,-66.5, , ,,2022,36,1570.749872776238,0,1537.152701309273
2022154N21273,ALEX,2022-06-06 12:00:00,33.8,-65.2,55,992,,2022,36,1697.7959734399726,0,1691.3893104984097
2022154N21273,ALEX,2022-06-06 15:00:00,34.2,-63.7, , ,,2022,36,1841.192943563644,0,1866.4720854903771
2022154N21273,ALEX,2022-06-06 18:00:00,34.7,-62.2,50,994,,2022,36,1989.24254124905,0,2046.5585991679766
