SID,NAME,ISO_TIME,LAT,LON,WMO_WIND,WMO_PRES,BASIN,SEASON,NUMBER,dist_to_miami_km,sst,salinity,ocean_time,ocean_lat,ocean_lon
1981183N24281,UNNAMED,1981-07-02 06:00:00,24.0,-79.0,20, ,,1981,43,229.8370878049577,,,,,
1981183N24281,UNNAMED,1981-07-02 09:00:00,24.4,-79.6, , ,,1981,43,162.72113275761367,,,,,
1981183N24281,UNNAMED,1981-07-02 12:00:00,25.0,-80.0,25, ,,1981,43,86.86128873894148,,,,,
1981183N24281,UNNAMED,1981-07-02 15:00:00,25.9,-80.2, , ,,1981,43,15.400141897022278,,,,,
1981183N24281,UNNAMED,1981-07-02 18:00:00,26.8,-80.3,25, ,,1981,43,115.95655816767268,,,,,
1981183N24281,UNNAMED,1981-07-02 21:00:00,27.4,-80.4, , ,,1981,43,183.34323726434295,,,,,
1981183N24281,UNNAMED,1981-07-03 00:00:00,28.0,-80.5,25, ,,1981,43,250.7572336656916,,,,,
1981183N24281,UNNAMED,1981-07-03 03:00:00,28.6,-80.7, , ,,1981,43,319.5813996051289,,,,,
1981183N24281,UNNAMED,1981-07-03 06:00:00,29.2,-80.8,30, ,,1981,43,386.9980901922669,,,,,
1981183N24281,UNNAMED,1981-07-03 09:00:00,30.1,-81.0, , ,,1981,43,488.8818884162219,,,,,
1981183N24281,UNNAMED,1981-07-03 12:00:00,31.0,-81.0,30, ,,1981,43,587.8072521017518,,,,,
1981183N24281,UNNAMED,1981-07-03 15:00:00,31.8,-80.8, , ,,1981,43,674.035048031373,,,,,
1981183N24281,UNNAMED,1981-07-03 18:00:00,32.5,-80.5,25, ,,1981,43,749.8612106065766,,,,,
1981183N24281,UNNAMED,1981-07-03 21:00:00,33.2,-80.2, , ,,1981,43,827.1016026726611,,,,,
1981183N24281,UNNAMED,1981-07-04 00:00:00,34.0,-80.0, , ,,1981,43,916.2431494756062,,,,,
1981219N11334,DENNIS,1981-08-07 06:00:00,10.5,-25.7,30,1009,,1981,59,5959.111609874693,,,,,
1981219N11334,DENNIS,1981-08-07 09:00:00,10.7,-27.0, , ,,1981,59,5820.5121333340885,,,,,
1981219N11334,DENNIS,1981-08-07 12:00:00,10.8,-28.1,30,1008,,1981,59,5706.499674998208,,,,,
1981219N11334,DENNIS,1981-08-07 15:00:00,10.9,-28.9, , ,,1981,59,5622.380282924105,,,,,
1981219N11334,DENNIS,1981-08-07 18:00:00,11.0,-29.6,30,1007,,1981,59,5548.236140942696,,,,,
1981219N11334,DENNIS,1981-08-07 21:00:00,11.1,-30.4, , ,,1981,59,5464.203361019126,,,,,
1981219N11334,DENNIS,1981-08-08 00:00:00,11.3,-31.3,35,1006,,1981,59,5365.675992079336,,,,,
1981219N11334,DENNIS,1981-08-08 03:00:00,11.5,-32.2, , ,,1981,59,5267.206838820833,,,,,
1981219N11334,DENNIS,1981-08-08 06:00:00,11.7,-33.1,35,1005,,1981,59,5168.797627662401,,,,,
1981219N11334,DENNIS,1981-08-08 09:00:00,11.8,-34.1, , ,,1981,59,5065.182544778248,,,,,
1981219N11334,DENNIS,1981-08-08 12:00:00,12.0,-35.0,35,1004,,1981,59,4966.905226161396,,,,,
1981219N11334,DENNIS,1981-08-08 15:00:00,12.2,-35.8, , ,,1981,59,4878.5729713454275,,,,,
1981219N11334,DENNIS,1981-08-08 18:00:00,12.5,-36.7,40,1003,,1981,59,4775.796504800808,,,,,
1981219N11334,DENNIS,1981-08-08 21:00:00,12.7,-37.7, , ,,1981,59,4667.847722763645,,,,,
1981219N11334,DENNIS,1981-08-09 00:00:00,12.8,-38.7,40,1002,,1981,59,4564.625352840073,,,,,
1981219N11334,DENNIS,1981-08-09 03:00:00,13.0,-39.7, , ,,1981,59,4456.867072527296,,,,,
1981219N11334,DENNIS,1981-08-09 06:00:00,13.1,-40.8,40,1001,,1981,59,4344.055332636252,,,,,
1981219N11334,DENNIS,1981-08-09 09:00:00,13.2,-41.9, , ,,1981,59,4231.424199868802,,,,,
1981219N11334,DENNIS,1981-08-09 12:00:00,13.3,-43.0,40,1001,,1981,59,4118.988622508983,,,,,
1981219N11334,DENNIS,1981-08-09 15:00:00,13.4,-44.0, , ,,1981,59,4016.521690502643,,,,,
1981219N11334,DENNIS,1981-08-09 18:00:00,13.5,-45.0,40,1001,,1981,59,3914.235981301057,,,,,
1981219N11334,DENNIS,1981-08-09 21:00:00,13.5,-46.0, , ,,1981,59,3817.038139741182,,,,,
1981219N11334,DENNIS,1981-08-10 00:00:00,13.5,-47.0,40,1001,,1981,59,3720.168942823462,,,,,
1981219N11334,DENNIS,1981-08-10 03:00:00,13.5,-48.0, , ,,1981,59,3623.6588566211785,,,,,
1981219N11334,DENNIS,1981-08-10 06:00:00,13.5,-49.0,40,1002,,1981,59,3527.541417133569,,,,,
1981219N11334,DENNIS,1981-08-10 09:00:00,13.5,-50.0, , ,,1981,59,3431.853628636756,,,,,
1981219N11334,DENNIS,1981-08-10 12:00:00,13.5,-51.0,40,1004,,1981,59,3336.63642095171,,,,,
1981219N11334,DENNIS,1981-08-10 15:00:00,13.5,-52.0, , ,,1981,59,3241.9351751434256,,,,,
1981219N11334,DENNIS,1981-08-10 18:00:00,13.6,-52.9,35,1006,,1981,59,3151.686876293212,,,,,
1981219N11334,DENNIS,1981-08-10 21:00:00,13.7,-53.9, , ,,1981,59,3052.408452447373,,,,,
1981219N11334,DENNIS,1981-08-11 00:00:00,13.8,-54.9,30,1007,,1981,59,2953.585049736022,,,,,
1981219N11334,DENNIS,1981-08-11 03:00:00,13.9,-55.7, , ,,1981,59,2873.735299042393,,,,,
1981219N11334,DENNIS,1981-08-11 06:00:00,14.0,-56.5,30,1008,,1981,59,2794.1982228068982,,,,,
1981219N11334,DENNIS,1981-08-11 09:00:00,14.1,-57.4, , ,,1981,59,2705.863651208824,,,,,
1981219N11334,DENNIS,1981-08-11 12:00:00,14.3,-58.3,30,1009,,1981,59,2612.0162740229994,,,,,
1981219N11334,DENNIS,1981-08-11 15:00:00,14.4,-59.2, , ,,1981,59,2524.604876229904,,,,,
1981219N11334,DENNIS,1981-08-11 18:00:00,14.6,-60.1,30,1010,,1981,59,2431.5741109905757,,,,,
1981219N11334,DENNIS,1981-08-11 21:00:00,14.7,-61.0, , ,,1981,59,2345.272090656465,,,,,
1981219N11334,DENNIS,1981-08-12 00:00:00,14.9,-61.9,25,1010,,1981,59,2253.2380641663012,,,,,
1981219N11334,DENNIS,1981-08-12 03:00:00,15.1,-62.8, , ,,1981,59,2161.731024604481,,,,,
1981219N11334,DENNIS,1981-08-12 06:00:00,15.2,-63.8,25,1011,,1981,59,2068.935685696574,,,,,
1981219N11334,DENNIS,1981-08-12 09:00:00,15.3,-64.8, , ,,1981,59,1977.3895796557003,,,,,
1981219N11334,DENNIS,1981-08-12 12:00:00,15.4,-65.7,25,1011,,1981,59,1895.499356386109,,,,,
1981219N11334,DENNIS,1981-08-12 15:00:00,15.5,-66.7, , ,,1981,59,1806.8133546659376,,,,,
1981219N11334,DENNIS,1981-08-12 18:00:00,15.6,-67.6,25,1011,,1981,59,1727.8126801394385,,,,,
1981219N11334,DENNIS,1981-08-12 21:00:00,15.7,-68.6, , ,,1981,59,1642.857011778556,,,,,
1981219N11334,DENNIS,1981-08-13 00:00:00,15.8,-69.5,15, ,,1981,59,1567.6611105618713,,,,,
1981219N11334,DENNIS,1981-08-13 03:00:00,15.8,-70.4, , ,,1981,59,1503.0535548127857,,,,,
1981219N11334,DENNIS,1981-08-13 06:00:00,15.9,-71.2,15, ,,1981,59,1439.586724130607,,,,,
1981219N11334,DENNIS,1981-08-13 09:00:00,16.0,-72.0, , ,,1981,59,1378.3451128261331,,,,,
1981219N11334,DENNIS,1981-08-13 12:00:00,16.1,-72.8,15, ,,1981,59,1319.630839201599,,,,,
1981219N11334,DENNIS,1981-08-13 15:00:00,16.2,-73.6, , ,,1981,59,1263.787958577028,,,,,
1981219N11334,DENNIS,1981-08-13 18:00:00,16.4,-74.4,15, ,,1981,59,1201.4676426707365,,,,,
1981219N11334,DENNIS,1981-08-13 21:00:00,16.6,-75.1, , ,,1981,59,1147.0168955898014,,,,,
1981219N11334,DENNIS,1981-08-14 00:00:00,16.8,-75.7,15, ,,1981,59,1099.522748854077,,,,,
1981219N11334,DENNIS,1981-08-14 03:00:00,17.1,-76.4, , ,,1981,59,1039.8242708493312,,,,,
1981219N11334,DENNIS,1981-08-14 06:00:00,17.4,-77.0,15, ,,1981,59,986.4692496650856,,,,,
1981219N11334,DENNIS,1981-08-14 09:00:00,17.7,-77.5, , ,,1981,59,938.4490804177284,,,,,
1981219N11334,DENNIS,1981-08-14 12:00:00,18.0,-78.0,15, ,,1981,59,892.1360331272076,,,,,
1981219N11334,DENNIS,1981-08-14 15:00:00,18.4,-78.4, , ,,1981,59,839.103951748534,,,,,
1981219N11334,DENNIS,1981-08-14 18:00:00,18.8,-78.8,15, ,,1981,59,787.2163275855331,,,,,
1981219N11334,DENNIS,1981-08-14 21:00:00,19.1,-79.2, , ,,1981,59,747.7167492793997,,,,,
1981219N11334,DENNIS,1981-08-15 00:00:00,19.5,-79.5,15, ,,1981,59,699.8746271408515,,,,,
1981219N11334,DENNIS,1981-08-15 03:00:00,19.9,-79.8, , ,,1981,59,653.0252710065387,,,,,
1981219N11334,DENNIS,1981-08-15 06:00:00,20.3,-80.0,15, ,,1981,59,607.630037309758,,,,,
1981219N11334,DENNIS,1981-08-15 09:00:00,20.7,-80.3, , ,,1981,59,562.9438254476411,,,,,
1981219N11334,DENNIS,1981-08-15 12:00:00,21.0,-80.5,15, ,,1981,59,530.4096294930274,,,,,
1981219N11334,DENNIS,1981-08-15 15:00:00,21.3,-80.7, , ,,1981,59,498.814235303902,,,,,
1981219N11334,DENNIS,1981-08-15 18:00:00,21.7,-80.8,30,1007,,1981,59,455.8612135523594,,,,,
1981219N11334,DENNIS,1981-08-15 21:00:00,22.1,-80.9, , ,,1981,59,413.4723557300275,,,,,
1981219N11334,DENNIS,1981-08-16 00:00:00,22.4,-81.0,35,1005,,1981,59,382.6982585543331,,,,,
1981219N11334,DENNIS,1981-08-16 03:00:00,22.7,-81.1, , ,,1981,59,352.67615511043596,,,,,
1981219N11334,DENNIS,1981-08-16 06:00:00,23.0,-81.2,35,1003,,1981,59,323.6130878844363,,,,,
1981219N11334,DENNIS,1981-08-16 09:00:00,23.4,-81.3, , ,,1981,59,285.5131254819688,,,,,
1981219N11334,DENNIS,1981-08-16 12:00:00,23.8,-81.4,35,1001,,1981,59,249.91309046288464,,,,,
1981219N11334,DENNIS,1981-08-16 15:00:00,24.2,-81.4, , ,,1981,59,212.09327795164896,,,,,
1981219N11334,DENNIS,1981-08-16 18:00:00,24.5,-81.3,35,1000,,1981,59,179.24197043503193,,,,,
1981219N11334,DENNIS,1981-08-16 21:00:00,24.7,-81.3, , ,,1981,59,162.36400061104484,,,,,
1981219N11334,DENNIS,1981-08-17 00:00:00,24.9,-81.3,35,998,,1981,59,146.92004049835236,,,,,
1981219N11334,DENNIS,1981-08-17 03:00:00,25.0,-81.3, , ,,1981,59,139.88604266719543,,,,,
1981219N11334,DENNIS,1981-08-17 06:00:00,25.2,-81.2,35,999,,1981,59,118.92301988575302,,,,,
1981219N11334,DENNIS,1981-08-17 09:00:00,25.5,-81.2, , ,,1981,59,105.18055590882958,,,,,
1981219N11334,DENNIS,1981-08-17 12:00:00,25.8,-81.2,35,999,,1981,59,101.03763565037016,,,,,
1981219N11334,DENNIS,1981-08-17 15:00:00,26.0,-81.2, , ,,1981,59,104.28503152307216,,,,,
1981219N11334,DENNIS,1981-08-17 18:00:00,26.2,-81.2,35,1001,,1981,59,111.94281536845382,,,,,
1981219N11334,DENNIS,1981-08-17 21:00:00,26.4,-81.2, , ,,1981,59,123.1912422009311,,,,,
1981219N11334,DENNIS,1981-08-18 00:00:00,26.5,-81.2,35,1003,,1981,59,129.88234897067926,,,,,
1981219N11334,DENNIS,1981-08-18 03:00:00,26.6,-81.2, , ,,1981,59,137.1496719820648,,,,,
1981219N11334,DENNIS,1981-08-18 06:00:00,26.8,-81.1,35,1004,,1981,59,146.72487142419527,,,,,
1981219N11334,DENNIS,1981-08-18 09:00:00,27.0,-81.0, , ,,1981,59,159.50079472999315,,,,,
1981219N11334,DENNIS,1981-08-18 12:00:00,27.2,-81.0,35,1005,,1981,59,179.0194841666611,,,,,
1981219N11334,DENNIS,1981-08-18 15:00:00,27.3,-81.0, , ,,1981,59,189.00428883898823,,,,,
1981219N11334,DENNIS,1981-08-18 18:00:00,27.6,-81.0,35,1005,,1981,59,219.61374098105767,,,,,
1981219N11334,DENNIS,1981-08-18 21:00:00,28.1,-80.9, , ,,1981,59,269.31704151564423,,,,,
1981219N11334,DENNIS,1981-08-19 00:00:00,28.7,-80.8,35,1004,,1981,59,332.2095895234494,,,,,
1981219N11334,DENNIS,1981-08-19 03:00:00,29.2,-80.8, , ,,1981,59,386.9980901922669,,,,,
1981219N11334,DENNIS,1981-08-19 06:00:00,29.7,-80.8,40,1003,,1981,59,441.98846082069406,,,,,
1981219N11334,DENNIS,1981-08-19 09:00:00,30.3,-80.9, , ,,1981,59,509.3961817075848,,,,,
1981219N11334,DENNIS,1981-08-19 12:00:00,31.0,-80.8,40,1002,,1981,59,585.4995538410507,,,,,
1981219N11334,DENNIS,1981-08-19 15:00:00,31.6,-80.4, , ,,1981,59,649.5064521541434,,,,,
1981219N11334,DENNIS,1981-08-19 18:00:00,32.2,-79.9,45,1001,,1981,59,716.4676081684154,,,,,
1981219N11334,DENNIS,1981-08-19 21:00:00,32.8,-79.4, , ,,1981,59,786.3727999550636,,,,,
1981219N11334,DENNIS,1981-08-20 00:00:00,33.4,-78.8,50,999,,1981,59,859.907033653696,,,,,
1981219N11334,DENNIS,1981-08-20 03:00:00,34.1,-78.0, , ,,1981,59,950.846219627677,,,,,
1981219N11334,DENNIS,1981-08-20 06:00:00,34.7,-77.0,55,998,,1981,59,1039.934717957914,,,,,
1981219N11334,DENNIS,1981-08-20 09:00:00,35.1,-76.1, , ,,1981,59,1109.6894187485957,,,,,
1981219N11334,DENNIS,1981-08-20 12:00:00,35.5,-75.2,60,997,,1981,59,1183.009706165353,,,,,
1981219N11334,DENNIS,1981-08-20 15:00:00,35.9,-74.2, , ,,1981,59,1263.4568467004126,,,,,
1981219N11334,DENNIS,1981-08-20 18:00:00,36.3,-73.0,65,995,,1981,59,1356.3782655473383,,,,,
1981219N11334,DENNIS,1981-08-20 21:00:00,36.7,-71.7, , ,,1981,59,1458.3421933396037,,,,,
1981219N11334,DENNIS,1981-08-21 00:00:00,37.1,-70.4,70,995,,1981,59,1563.9927998055707,,,,,
1981219N11334,DENNIS,1981-08-21 03:00:00,37.5,-69.2, , ,,1981,59,1666.6111712772235,,,,,
1981219N11334,DENNIS,1981-08-21 06:00:00,37.8,-68.0,55,998,,1981,59,1762.939357577077,,,,,
1981219N11334,DENNIS,1981-08-21 09:00:00,38.0,-66.7, , ,,1981,59,1859.905437056475,,,,,
1981219N11334,DENNIS,1981-08-21 12:00:00,38.1,-65.4,45,1000,,1981,59,1952.2796438047908,,,,,
1981219N11334,DENNIS,1981-08-21 15:00:00,38.3,-64.1, , ,,1981,59,2054.391765964841,,,,,
1981219N11334,DENNIS,1981-08-21 18:00:00,38.4,-62.8,40,1003,,1981,59,2151.785224152539,,,,,
1981219N11334,DENNIS,1981-08-21 21:00:00,38.2,-61.3, , ,,1981,59,2247.793792203702,,,,,
1981219N11334,DENNIS,1981-08-22 00:00:00,37.8,-59.7,35,1005,,1981,59,2345.7683664129827,,,,,
1982154N22273,ALBERTO,1982-06-02 12:00:00,21.7,-87.1,20,1005,,1982,32,835.4959225702844,,,,,
1982154N22273,ALBERTO,1982-06-02 15:00:00,22.0,-86.8, , ,,1982,32,791.2386188308404,,,,,
1982154N22273,ALBERTO,1982-06-02 18:00:00,22.2,-86.5,25,1004,,1982,32,753.2023306224968,,,,,
1982154N22273,ALBERTO,1982-06-02 21:00:00,22.4,-86.2, , ,,1982,32,715.2111724403876,,,,,
1982154N22273,ALBERTO,1982-06-03 00:00:00,22.6,-85.8,30,1003,,1982,32,668.6214847748848,,,,,
1982154N22273,ALBERTO,1982-06-03 03:00:00,22.7,-85.4, , ,,1982,32,628.2180609772167,,,,,
1982154N22273,ALBERTO,1982-06-03 06:00:00,22.8,-85.0,40,1001,,1982,32,588.0984068314443,,,,,
1982154N22273,ALBERTO,1982-06-03 09:00:00,23.0,-84.6, , ,,1982,32,541.7999044769585,,,,,
1982154N22273,ALBERTO,1982-06-03 12:00:00,23.2,-84.2,50,995,,1982,32,495.59363715578223,,,,,
1982154N22273,ALBERTO,1982-06-03 15:00:00,23.6,-83.9, , ,,1982,32,445.10252008478767,,,,,
1982154N22273,ALBERTO,1982-06-03 18:00:00,24.0,-83.6,75,985,,1982,32,395.6647549055648,,,,,
1982154N22273,ALBERTO,1982-06-03 21:00:00,24.5,-83.4, , ,,1982,32,352.10566463525583,,,,,
1982154N22273,ALBERTO,1982-06-04 00:00:00,24.8,-83.4,65,992,,1982,32,339.8194830648784,,,,,
1982154N22273,ALBERTO,1982-06-04 03:00:00,24.9,-83.7, , ,,1982,32,365.35965829399754,,,,,
1982154N22273,ALBERTO,1982-06-04 06:00:00,24.9,-84.1,55,998,,1982,32,404.2872142945558,,,,,
1982154N22273,ALBERTO,1982-06-04 09:00:00,24.9,-84.5, , ,,1982,32,443.44048669340515,,,,,
1982154N22273,ALBERTO,1982-06-04 12:00:00,24.9,-84.8,45,1002,,1982,32,472.9196686268179,,,,,
1982154N22273,ALBERTO,1982-06-04 15:00:00,24.9,-84.6, , ,,1982,32,453.2571880719639,,,,,
1982154N22273,ALBERTO,1982-06-04 18:00:00,25.0,-84.2,40,1005,,1982,32,411.46420494519526,,,,,
1982154N22273,ALBERTO,1982-06-04 21:00:00,25.0,-84.1, , ,,1982,32,401.6396436067968,,,,,
1982154N22273,ALBERTO,1982-06-05 00:00:00,25.1,-84.1,30,1007,,1982,32,399.2838966723675,,,,,
1982154N22273,ALBERTO,1982-06-05 03:00:00,25.2,-84.0, , ,,1982,32,387.31645927981685,,,,,
1982154N22273,ALBERTO,1982-06-05 06:00:00,25.2,-84.0,25,1008,,1982,32,387.31645927981685,,,,,
1982154N22273,ALBERTO,1982-06-05 09:00:00,25.2,-84.0, , ,,1982,32,387.31645927981685,,,,,
1982154N22273,ALBERTO,1982-06-05 12:00:00,25.3,-83.9,25,1009,,1982,32,375.5816447654184,,,,,
1982154N22273,ALBERTO,1982-06-05 15:00:00,25.4,-83.8, , ,,1982,32,364.1013263780392,,,,,
1982154N22273,ALBERTO,1982-06-05 18:00:00,25.4,-83.6,25,1010,,1982,32,344.17395920294217,,,,,
1982154N22273,ALBERTO,1982-06-05 21:00:00,25.5,-83.5, , ,,1982,32,332.92310849089245,,,,,
1982154N22273,ALBERTO,1982-06-06 00:00:00,25.5,-83.3,25,1010,,1982,32,312.95558638526177,,,,,
1982154N22273,ALBERTO,1982-06-06 03:00:00,25.5,-83.2, , ,,1982,32,302.9758019130346,,,,,
1982154N22273,ALBERTO,1982-06-06 06:00:00,25.5,-83.0,25,1010,,1982,32,283.025619302517,,,,,
1982154N22273,ALBERTO,1982-06-06 09:00:00,25.5,-82.8, , ,,1982,32,263.09036608100655,,,,,
1982154N22273,ALBERTO,1982-06-06 12:00:00,25.5,-82.6,20,1010,,1982,32,243.17376507107417,,,,,
1983236N26284,BARRY,1983-08-23 18:00:00,26.0,-76.0,25,1012,,1983,49,420.17611563462935,,,,,
1983236N26284,BARRY,1983-08-23 21:00:00,26.4,-76.1, , ,,1983,49,414.7557260694763,,,,,
1983236N26284,BARRY,1983-08-24 00:00:00,26.8,-76.2,30,1011,,1983,49,414.3710259834433,,,,,
1983236N26284,BARRY,1983-08-24 03:00:00,27.1,-76.2, , ,,1983,49,424.3858951386472,,,,,
1983236N26284,BARRY,1983-08-24 06:00:00,27.4,-76.3,40,1010,,1983,49,427.70594319858014,,,,,
1983236N26284,BARRY,1983-08-24 09:00:00,27.8,-76.5, , ,,1983,49,430.86003115330425,,,,,
1983236N26284,BARRY,1983-08-24 12:00:00,28.1,-76.8,50,1011,,1983,49,425.00985340429503,,,,,
1983236N26284,BARRY,1983-08-24 15:00:00,28.2,-77.1, , ,,1983,49,409.07758054801326,,,,,
1983236N26284,BARRY,1983-08-24 18:00:00,28.1,-77.6,50,1011,,1983,49,365.5187844969437,,,,,
1983236N26284,BARRY,1983-08-24 21:00:00,28.1,-78.2, , ,,1983,49,326.47140186402606,,,,,
1983236N26284,BARRY,1983-08-25 00:00:00,28.1,-78.9,45,1011,,1983,49,289.82745413547684,,,,,
1983236N26284,BARRY,1983-08-25 03:00:00,28.1,-79.4, , ,,1983,49,271.5948987346632,,,,,
1983236N26284,BARRY,1983-08-25 06:00:00,28.0,-79.8,40,1012,,1983,49,251.90217125400335,,,,,
1983236N26284,BARRY,1983-08-25 09:00:00,27.9,-80.2, , ,,1983,49,237.7695034773768,,,,,
1983236N26284,BARRY,1983-08-25 11:00:00,27.9,-80.6,30,1013,,1983,49,241.1925564788064,,,,,
1983236N26284,BARRY,1983-08-25 12:00:00,27.9,-80.8,30,1013,,1983,49,245.30553747067592,,,,,
1983236N26284,BARRY,1983-08-25 15:00:00,27.8,-81.4, , ,,1983,49,256.420146165593,,,,,
1983236N26284,BARRY,1983-08-25 18:00:00,27.5,-82.0,25,1014,,1983,49,263.9317654136865,,,,,
1983236N26284,BARRY,1983-08-25 21:00:00,27.3,-82.9, , ,,1983,49,319.1219035478416,,,,,
1983236N26284,BARRY,1983-08-26 00:00:00,27.0,-83.8,20,1013,,1983,49,384.8804354753466,,,,,
1983236N26284,BARRY,1983-08-26 03:00:00,26.7,-84.4, , ,,1983,49,432.49015824631806,,,,,
1983236N26284,BARRY,1983-08-26 06:00:00,26.3,-85.0,25,1013,,1983,49,484.0962042245589,,,,,
1983236N26284,BARRY,1983-08-26 09:00:00,26.0,-85.6, , ,,1983,49,541.6593460929065,,,,,
1983236N26284,BARRY,1983-08-26 12:00:00,25.7,-86.3,30,1012,,1983,49,611.8373558497622,,,,,
1983236N26284,BARRY,1983-08-26 15:00:00,25.4,-87.0, , ,,1983,49,683.9368358636367,,,,,
1983236N26284,BARRY,1983-08-26 18:00:00,25.2,-87.6,30,1011,,1983,49,746.1446677623389,,,,,
1983236N26284,BARRY,1983-08-26 21:00:00,25.1,-88.2, , ,,1983,49,807.4193430432081,,,,,
1983236N26284,BARRY,1983-08-27 00:00:00,25.1,-88.9,30,1010,,1983,49,877.4095434689817,,,,,
1983236N26284,BARRY,1983-08-27 03:00:00,25.1,-89.5, , ,,1983,49,937.4283869841192,,,,,
1983236N26284,BARRY,1983-08-27 06:00:00,25.2,-90.2,30,1009,,1983,49,1006.308525646894,,,,,
1983236N26284,BARRY,1983-08-27 09:00:00,25.5,-90.9, , ,,1983,49,1073.6322672465274,,,,,
1983236N26284,BARRY,1983-08-27 12:00:00,25.8,-91.6,35,1008,,1983,49,1141.9192613372886,,,,,
1983236N26284,BARRY,1983-08-27 15:00:00,25.9,-92.3, , ,,1983,49,1211.5143491735002,,,,,
1983236N26284,BARRY,1983-08-27 18:00:00,25.8,-93.0,45,1002,,1983,49,1281.9471890604364,,,,,
1983236N26284,BARRY,1983-08-27 21:00:00,25.8,-93.8, , ,,1983,49,1361.9470185515106,,,,,
1983236N26284,BARRY,1983-08-28 00:00:00,25.7,-94.5,60,999,,1983,49,1432.5520684221603,,,,,
1983236N26284,BARRY,1983-08-28 03:00:00,25.6,-95.0, , ,,1983,49,1483.277438989859,,,,,
1983236N26284,BARRY,1983-08-28 06:00:00,25.5,-95.5,60,998,,1983,49,1534.1126093805738,,,,,
1983236N26284,BARRY,1983-08-28 09:00:00,25.5,-95.9, , ,,1983,49,1574.1374698926877,,,,,
1983236N26284,BARRY,1983-08-28 12:00:00,25.5,-96.4,65,993,,1983,49,1624.1638713063282,,,,,
1983236N26284,BARRY,1983-08-28 15:00:00,25.4,-97.0, , ,,1983,49,1685.123282699631,,,,,
1983236N26284,BARRY,1983-08-28 17:25:00,25.4,-97.4,70,986,,1983,49,1725.14677620861,,,,,
1983236N26284,BARRY,1983-08-28 18:00:00,25.4,-97.5,70,986,,1983,49,1735.152106504443,,,,,
1983236N26284,BARRY,1983-08-28 21:00:00,25.4,-98.0, , ,,1983,49,1785.1753959553423,,,,,
1983236N26284,BARRY,1983-08-29 00:00:00,25.5,-98.5,40,995,,1983,49,1834.2129172264165,,,,,
1983236N26284,BARRY,1983-08-29 03:00:00,25.5,-99.0, , ,,1983,49,1884.2086470558943,,,,,
1983236N26284,BARRY,1983-08-29 06:00:00,25.5,-99.5,30,1005,,1983,49,1934.197783320498,,,,,
1983236N26284,BARRY,1983-08-29 09:00:00,25.5,-100.0, , ,,1983,49,1984.180107363651,,,,,
1983236N26284,BARRY,1983-08-29 12:00:00,25.5,-100.5,25,1010,,1983,49,2034.155402017337,,,,,
1984270N23287,ISIDORE,1984-09-25 12:00:00,23.4,-73.0,30,1003,,1984,86,773.0264459274609,,,,,
1984270N23287,ISIDORE,1984-09-25 15:00:00,23.7,-73.4, , ,,1984,86,723.1186455205909,,,,,
1984270N23287,ISIDORE,1984-09-25 18:00:00,23.9,-73.9,30,1003,,1984,86,667.7349698805771,,,,,
1984270N23287,ISIDORE,1984-09-25 21:00:00,24.1,-74.4, , ,,1984,86,612.4658175204601,,,,,
1984270N23287,ISIDORE,1984-09-26 00:00:00,24.3,-74.9,30,1002,,1984,86,557.3254839994771,,,,,
1984270N23287,ISIDORE,1984-09-26 03:00:00,24.4,-75.5, , ,,1984,86,496.1401503256457,,,,,
1984270N23287,ISIDORE,1984-09-26 06:00:00,24.5,-76.0,30,1002,,1984,86,444.6660910129297,,,,,
1984270N23287,ISIDORE,1984-09-26 09:00:00,24.6,-76.5, , ,,1984,86,393.2947946325975,,,,,
1984270N23287,ISIDORE,1984-09-26 12:00:00,24.7,-77.0,40,1001,,1984,86,342.05571174939314,,,,,
1984270N23287,ISIDORE,1984-09-26 15:00:00,24.8,-77.4, , ,,1984,86,300.37174181225623,,,,,
1984270N23287,ISIDORE,1984-09-26 18:00:00,25.0,-77.7,45,1000,,1984,86,264.2655140341471,,,,,
1984270N23287,ISIDORE,1984-09-26 21:00:00,25.2,-78.1, , ,,1984,86,219.06165767207565,,,,,
1984270N23287,ISIDORE,1984-09-27 00:00:00,25.4,-78.4,45,999,,1984,86,184.15279148318535,,,,,
1984270N23287,ISIDORE,1984-09-27 03:00:00,25.6,-78.8, , ,,1984,86,140.62755623843688,,,,,
1984270N23287,ISIDORE,1984-09-27 06:00:00,25.8,-79.1,50,1000,,1984,86,109.40132006846228,,,,,
1984270N23287,ISIDORE,1984-09-27 09:00:00,26.1,-79.5, , ,,1984,86,78.74581655073277,,,,,
1984270N23287,ISIDORE,1984-09-27 12:00:00,26.4,-79.8,50,1000,,1984,86,81.04741685376628,,,,,
1984270N23287,ISIDORE,1984-09-27 15:00:00,26.9,-80.1, , ,,1984,86,126.90336355680932,,,,,
1984270N23287,ISIDORE,1984-09-27 18:00:00,27.3,-80.5,45,1001,,1984,86,173.77721589686774,,,,,
1984270N23287,ISIDORE,1984-09-27 21:00:00,27.6,-81.0, , ,,1984,86,219.61374098105767,,,,,
1984270N23287,ISIDORE,1984-09-28 00:00:00,27.8,-81.5,45,1002,,1984,86,261.20963316162823,,,,,
1984270N23287,ISIDORE,1984-09-28 03:00:00,28.1,-82.0, , ,,1984,86,315.7985526464828,,,,,
1984270N23287,ISIDORE,1984-09-28 06:00:00,28.5,-82.3,45,1002,,1984,86,369.08077835993646,,,,,
1984270N23287,ISIDORE,1984-09-28 09:00:00,29.0,-82.3, , ,,1984,86,415.89378128113,,,,,
1984270N23287,ISIDORE,1984-09-28 12:00:00,29.5,-82.1,45,1002,,1984,86,456.1843423185903,,,,,
1984270N23287,ISIDORE,1984-09-28 15:00:00,29.8,-82.0, , ,,1984,86,482.96474386228,,,,,
1984270N23287,ISIDORE,1984-09-28 18:00:00,30.1,-81.9,45,1001,,1984,86,510.72910747484406,,,,,
1984270N23287,ISIDORE,1984-09-28 21:00:00,30.4,-81.7, , ,,1984,86,536.539082976157,,,,,
1984270N23287,ISIDORE,1984-09-29 00:00:00,30.7,-81.4,45,1004,,1984,86,561.7117524454889,,,,,
1984270N23287,ISIDORE,1984-09-29 03:00:00,31.0,-81.0, , ,,1984,86,587.8072521017518,,,,,
1984270N23287,ISIDORE,1984-09-29 06:00:00,31.3,-80.5,45,1005,,1984,86,616.5653571592112,,,,,
1984270N23287,ISIDORE,1984-09-29 09:00:00,31.7,-79.9, , ,,1984,86,660.9204921833776,,,,,
1984270N23287,ISIDORE,1984-09-29 12:00:00,32.2,-79.3,45,1004,,1984,86,721.1321208035378,,,,,
1984270N23287,ISIDORE,1984-09-29 15:00:00,32.5,-78.6, , ,,1984,86,765.0155275543275,,,,,
1984270N23287,ISIDORE,1984-09-29 18:00:00,32.8,-77.8,45,1002,,1984,86,816.1974926801965,,,,,
1984270N23287,ISIDORE,1984-09-29 21:00:00,33.2,-77.0, , ,,1984,86,882.7698942032104,,,,,
1984270N23287,ISIDORE,1984-09-30 00:00:00,33.6,-76.2,50,1000,,1984,86,952.8318272822572,,,,,
1984270N23287,ISIDORE,1984-09-30 03:00:00,34.0,-75.3, , ,,1984,86,1029.952178002091,,,,,
1984270N23287,ISIDORE,1984-09-30 06:00:00,34.3,-74.4,40,1005,,1984,86,1100.4757390464488,,,,,
1984270N23287,ISIDORE,1984-09-30 09:00:00,34.6,-73.5, , ,,1984,86,1173.8022259282875,,,,,
1984270N23287,ISIDORE,1984-09-30 12:00:00,34.8,-72.5,40,1007,,1984,86,1246.2248761606634,,,,,
1984270N23287,ISIDORE,1984-09-30 15:00:00,35.0,-71.5, , ,,1984,86,1321.745891279469,,,,,
1984270N23287,ISIDORE,1984-09-30 18:00:00,35.3,-70.4,40,1007,,1984,86,1414.1187116778997,,,,,
1984270N23287,ISIDORE,1984-09-30 21:00:00,35.5,-69.1, , ,,1984,86,1514.049220645614,,,,,
1984270N23287,ISIDORE,1984-10-01 00:00:00,35.8,-67.7,30,1007,,1984,86,1631.2556407309787,,,,,
1984270N23287,ISIDORE,1984-10-01 03:00:00,36.1,-66.4, , ,,1984,86,1743.5628340595108,,,,,
1984270N23287,ISIDORE,1984-10-01 06:00:00,36.4,-65.0,30,1008,,1984,86,1864.533834436424,,,,,
1984270N23287,ISIDORE,1984-10-01 09:00:00,36.6,-63.6, , ,,1984,86,1980.7673253231444,,,,,
1984270N23287,ISIDORE,1984-10-01 12:00:00,36.8,-62.1,25,1012,,1984,86,2106.285387309253,,,,,
1984299N26289,UNNAMED,1984-10-25 06:00:00,26.2,-71.4,20, ,,1984,99,879.9886478345791,,,,,
1984299N26289,UNNAMED,1984-10-25 09:00:00,26.5,-72.2, , ,,1984,99,801.8976595221684,,,,,
1984299N26289,UNNAMED,1984-10-25 12:00:00,26.8,-73.0,25, ,,1984,99,726.1586030199273,,,,,
1984299N26289,UNNAMED,1984-10-25 15:00:00,27.0,-73.8, , ,,1984,99,651.3532335493477,,,,,
1984299N26289,UNNAMED,1984-10-25 18:00:00,27.0,-74.6,25, ,,1984,99,573.7330716771884,,,,,
1984299N26289,UNNAMED,1984-10-25 21:00:00,27.0,-75.4, , ,,1984,99,496.7565156774327,,,,,
1984299N26289,UNNAMED,1984-10-26 00:00:00,26.9,-76.2,30, ,,1984,99,417.44029405838137,,,,,
1984299N26289,UNNAMED,1984-10-26 03:00:00,26.9,-77.1, , ,,1984,99,333.0926939716893,,,,,
1984299N26289,UNNAMED,1984-10-26 06:00:00,26.9,-77.9,30, ,,1984,99,261.11580346474506,,,,,
1984299N26289,UNNAMED,1984-10-26 09:00:00,26.9,-78.5, , ,,1984,99,210.82051866507635,,,,,
1984299N26289,UNNAMED,1984-10-26 12:00:00,27.0,-79.2,30, ,,1984,99,169.46877250184244,,,,,
1984299N26289,UNNAMED,1984-10-26 15:00:00,27.1,-80.1, , ,,1984,99,149.09261530418385,,,,,
1984299N26289,UNNAMED,1984-10-26 18:00:00,27.2,-81.1,25, ,,1984,99,183.70647211267575,,,,,
1984299N26289,UNNAMED,1984-10-26 21:00:00,27.5,-82.1, , ,,1984,99,270.7973157578238,,,,,
1984299N26289,UNNAMED,1984-10-27 00:00:00,27.8,-83.0,25, ,,1984,99,359.2508873054503,,,,,
1984299N26289,UNNAMED,1984-10-27 03:00:00,27.9,-83.9, , ,,1984,99,438.038718520152,,,,,
1984299N26289,UNNAMED,1984-10-27 06:00:00,28.0,-84.8,25, ,,1984,99,520.3483447778934,,,,,
1984299N26289,UNNAMED,1984-10-27 09:00:00,28.2,-85.7, , ,,1984,99,609.3455113969092,,,,,
1984299N26289,UNNAMED,1984-10-27 12:00:00,28.5,-86.5,30, ,,1984,99,694.4028749110543,,,,,
1984299N26289,UNNAMED,1984-10-27 15:00:00,28.9,-87.2, , ,,1984,99,775.0437401218942,,,,,
1984299N26289,UNNAMED,1984-10-27 18:00:00,29.5,-87.8,30, ,,1984,99,856.7471400158947,,,,,
1984299N26289,UNNAMED,1984-10-27 21:00:00,30.1,-88.4, , ,,1984,99,939.2322520236876,,,,,
1984299N26289,UNNAMED,1984-10-28 00:00:00,30.8,-89.0, , ,,1984,99,1027.8978217661488,,,,,
1984329N27281,UNNAMED,1984-11-23 12:00:00,26.5,-79.5,20, ,,1984,108,107.28042836562813,,,,,
1984329N27281,UNNAMED,1984-11-23 15:00:00,26.7,-79.2, , ,,1984,108,143.77620875465342,,,,,
1984329N27281,UNNAMED,1984-11-23 18:00:00,26.8,-78.8,20, ,,1984,108,180.5102276730125,,,,,
1984329N27281,UNNAMED,1984-11-23 21:00:00,26.8,-78.3, , ,,1984,108,221.13967251214345,,,,,
1984329N27281,UNNAMED,1984-11-24 00:00:00,26.7,-77.7,25, ,,1984,108,269.5453090182667,,,,,
1984329N27281,UNNAMED,1984-11-24 03:00:00,26.6,-77.2, , ,,1984,108,312.7459576377748,,,,,
1984329N27281,UNNAMED,1984-11-24 06:00:00,26.4,-76.7,25, ,,1984,108,355.8707093671512,,,,,
1984329N27281,UNNAMED,1984-11-24 09:00:00,26.2,-76.3, , ,,1984,108,392.04026625835456,,,,,
1984329N27281,UNNAMED,1984-11-24 12:00:00,26.0,-75.8,25, ,,1984,108,440.14389967692114,,,,,
1984329N27281,UNNAMED,1984-11-24 15:00:00,25.9,-75.0, , ,,1984,108,519.8138430304068,,,,,
1984329N27281,UNNAMED,1984-11-24 18:00:00,25.8,-74.0,30, ,,1984,108,619.9241540393604,,,,,
1984329N27281,UNNAMED,1984-11-24 21:00:00,25.8,-73.2, , ,,1984,108,699.9989729552342,,,,,
1984329N27281,UNNAMED,1984-11-25 00:00:00,25.8,-72.3,30, ,,1984,108,790.0757671593175,,,,,
1984329N27281,UNNAMED,1984-11-25 03:00:00,25.8,-71.4, , ,,1984,108,880.1435971430468,,,,,
1984329N27281,UNNAMED,1984-11-25 06:00:00,25.9,-70.4,30, ,,1984,108,979.9037534865034,,,,,
1984329N27281,UNNAMED,1984-11-25 09:00:00,26.0,-69.5, , ,,1984,108,1069.6647111040702,,,,,
1984329N27281,UNNAMED,1984-11-25 12:00:00,26.0,-68.6,30, ,,1984,108,1159.5958367063415,,,,,
1984329N27281,UNNAMED,1984-11-25 15:00:00,26.0,-67.7, , ,,1984,108,1249.5168541372043,,,,,
1984329N27281,UNNAMED,1984-11-25 18:00:00,26.0,-66.8,30, ,,1984,108,1339.4259285747455,,,,,
1984329N27281,UNNAMED,1984-11-25 21:00:00,26.0,-65.8, , ,,1984,108,1439.3088850954186,,,,,
1984329N27281,UNNAMED,1984-11-26 00:00:00,26.0,-64.8,30, ,,1984,108,1539.1729655777183,,,,,
1984329N27281,UNNAMED,1984-11-26 03:00:00,26.0,-63.8, , ,,1984,108,1639.0162073010329,,,,,
1984329N27281,UNNAMED,1984-11-26 06:00:00,26.0,-62.8,30, ,,1984,108,1738.8367359296994,,,,,
1984329N27281,UNNAMED,1984-11-26 09:00:00,26.0,-61.9, , ,,1984,108,1828.654292005771,,,,,
1984329N27281,UNNAMED,1984-11-26 12:00:00,26.1,-61.0,30, ,,1984,108,1917.8151463827344,,,,,
1984329N27281,UNNAMED,1984-11-26 15:00:00,26.1,-60.0, , ,,1984,108,2017.5099374552487,,,,,
1984329N27281,UNNAMED,1984-11-26 18:00:00,26.1,-59.0,30, ,,1984,108,2117.176072184014,,,,,
1984329N27281,UNNAMED,1984-11-26 21:00:00,26.3,-58.3, , ,,1984,108,2185.534755476041,,,,,
1984329N27281,UNNAMED,1984-11-27 00:00:00,26.5,-57.5,30, ,,1984,108,2263.8713835341855,,,,,
1984329N27281,UNNAMED,1984-11-27 03:00:00,26.8,-56.4, , ,,1984,108,2371.4402060830876,,,,,
1984329N27281,UNNAMED,1984-11-27 06:00:00,27.1,-55.4,30, ,,1984,108,2469.0868588204617,,,,,
1984329N27281,UNNAMED,1984-11-27 09:00:00,27.5,-54.6, , ,,1984,108,2546.6475641276556,,,,,
1984329N27281,UNNAMED,1984-11-27 12:00:00,28.0,-54.0,30, ,,1984,108,2604.6321519056924,,,,,
1984329N27281,UNNAMED,1984-11-27 15:00:00,28.4,-53.5, , ,,1984,108,2653.408915578976,,,,,
1984329N27281,UNNAMED,1984-11-27 18:00:00,28.9,-52.9,30, ,,1984,108,2712.4088338886413,,,,,
1984329N27281,UNNAMED,1984-11-27 21:00:00,29.4,-52.0, , ,,1984,108,2800.938162381918,,,,,
1984329N27281,UNNAMED,1984-11-28 00:00:00,30.0,-51.0,30, ,,1984,108,2899.6137958823056,,,,,
1984329N27281,UNNAMED,1984-11-28 03:00:00,30.6,-50.2, , ,,1984,108,2979.3138853899077,,,,,
1984329N27281,UNNAMED,1984-11-28 06:00:00,31.1,-49.5,25, ,,1984,108,3049.1345328662715,,,,,
1985202N26275,BOB,1985-07-21 06:00:00,26.0,-85.0,25,1012,,1985,55,481.7261146484109,,,,,
1985202N26275,BOB,1985-07-21 09:00:00,25.9,-85.0, , ,,1985,55,481.44641644722503,,,,,
1985202N26275,BOB,1985-07-21 12:00:00,25.8,-84.9,25,1011,,1985,55,471.4122932037188,,,,,
1985202N26275,BOB,1985-07-21 15:00:00,25.7,-84.8, , ,,1985,55,461.627262437325,,,,,
1985202N26275,BOB,1985-07-21 18:00:00,25.6,-84.7,25,1011,,1985,55,452.10812828057846,,,,,
1985202N26275,BOB,1985-07-21 21:00:00,25.6,-84.5, , ,,1985,55,432.0852550905909,,,,,
1985202N26275,BOB,1985-07-22 00:00:00,25.6,-84.4,25,1010,,1985,55,422.07431556906647,,,,,
1985202N26275,BOB,1985-07-22 03:00:00,25.7,-84.3, , ,,1985,55,411.55570291052106,,,,,
1985202N26275,BOB,1985-07-22 06:00:00,25.8,-84.2,30,1009,,1985,55,401.33633685025393,,,,,
1985202N26275,BOB,1985-07-22 09:00:00,25.9,-84.1, , ,,1985,55,391.439076620716,,,,,
1985202N26275,BOB,1985-07-22 12:00:00,26.0,-84.0,30,1008,,1985,55,381.8883700573416,,,,,
1985202N26275,BOB,1985-07-22 15:00:00,26.1,-83.9, , ,,1985,55,372.7102446983403,,,,,
1985202N26275,BOB,1985-07-22 18:00:00,26.2,-83.8,35,1007,,1985,55,363.93225734549543,,,,,
1985202N26275,BOB,1985-07-22 21:00:00,26.4,-83.6, , ,,1985,55,347.69389078512245,,,,,
1985202N26275,BOB,1985-07-23 00:00:00,26.5,-83.4,35,1004,,1985,55,330.6165493725819,,,,,
1985202N26275,BOB,1985-07-23 03:00:00,26.6,-83.2, , ,,1985,55,314.3083341942118,,,,,
1985202N26275,BOB,1985-07-23 06:00:00,26.6,-82.9,40,1004,,1985,55,285.8590938039354,,,,,
1985202N26275,BOB,1985-07-23 09:00:00,26.5,-82.7, , ,,1985,55,263.5011189355341,,,,,
1985202N26275,BOB,1985-07-23 12:00:00,26.4,-82.3,40,1005,,1985,55,222.18813645204492,,,,,
1985202N26275,BOB,1985-07-23 15:00:00,26.3,-81.7, , ,,1985,55,162.1427885789687,,,,,
1985202N26275,BOB,1985-07-23 18:00:00,26.4,-81.1,40,1006,,1985,55,115.17212696540876,,,,,
1985202N26275,BOB,1985-07-23 21:00:00,26.7,-80.6, , ,,1985,55,111.9969471265446,,,,,
1985202N26275,BOB,1985-07-24 00:00:00,27.2,-80.3,40,1006,,1985,55,160.29378578345458,,,,,
1985202N26275,BOB,1985-07-24 03:00:00,27.7,-80.3, , ,,1985,55,215.79678088011875,,,,,
1985202N26275,BOB,1985-07-24 06:00:00,28.3,-80.4,50,1005,,1985,55,282.99821054508163,,,,,
1985202N26275,BOB,1985-07-24 09:00:00,28.8,-80.4, , ,,1985,55,338.46926541073617,,,,,
1985202N26275,BOB,1985-07-24 12:00:00,29.4,-80.4,60,1004,,1985,55,405.0802487630817,,,,,
1985202N26275,BOB,1985-07-24 15:00:00,30.0,-80.4, , ,,1985,55,471.721151579791,,,,,
1985202N26275,BOB,1985-07-24 18:00:00,30.5,-80.5,65,1003,,1985,55,527.740074278419,,,,,
1985202N26275,BOB,1985-07-24 21:00:00,31.0,-80.5, , ,,1985,55,583.2512214559463,,,,,
1985202N26275,BOB,1985-07-25 00:00:00,31.6,-80.5,65,1002,,1985,55,649.8840285774767,,,,,
1985202N26275,BOB,1985-07-25 03:00:00,32.2,-80.5,65,1003,,1985,55,716.5324475344395,,,,,
1985202N26275,BOB,1985-07-25 06:00:00,32.9,-80.7,55,1004,,1985,55,795.2662907497987,,,,,
1985202N26275,BOB,1985-07-25 09:00:00,33.8,-80.7, , ,,1985,55,895.1584384931872,,,,,
1985202N26275,BOB,1985-07-25 12:00:00,34.8,-80.5,45,1006,,1985,55,1005.446916734452,,,,,
1985202N26275,BOB,1985-07-25 15:00:00,35.7,-80.3, , ,,1985,55,1105.136679361045,,,,,
1985202N26275,BOB,1985-07-25 18:00:00,36.6,-80.1,30,1009,,1985,55,1205.1954161626386,,,,,
1985202N26275,BOB,1985-07-25 21:00:00,37.5,-79.8, , ,,1985,55,1305.762449562675,,,,,
1985202N26275,BOB,1985-07-26 00:00:00,38.3,-79.5,25,1011,,1985,55,1395.7064547270318,,,,,
1987145N21292,UNNAMED,1987-05-24 12:00:00,21.2,-68.5,25, ,,1987,29,1295.0594426481728,,,,,
1987145N21292,UNNAMED,1987-05-24 15:00:00,21.3,-68.7, , ,,1987,29,1271.5698265613075,,,,,
1987145N21292,UNNAMED,1987-05-24 18:00:00,21.5,-69.0,25, ,,1987,29,1234.0267369790774,,,,,
1987145N21292,UNNAMED,1987-05-24 21:00:00,21.7,-69.3, , ,,1987,29,1196.577777408927,,,,,
1987145N21292,UNNAMED,1987-05-25 00:00:00,22.0,-69.5,25, ,,1987,29,1164.2568412120756,,,,,
1987145N21292,UNNAMED,1987-05-25 03:00:00,22.3,-69.6, , ,,1987,29,1141.9853766091264,,,,,
1987145N21292,UNNAMED,1987-05-25 06:00:00,22.6,-69.5,25, ,,1987,29,1139.6542004810112,,,,,
1987145N21292,UNNAMED,1987-05-25 09:00:00,22.9,-69.4, , ,,1987,29,1138.33298628616,,,,,
1987145N21292,UNNAMED,1987-05-25 12:00:00,23.3,-69.3,30, ,,1987,29,1134.876423527631,,,,,
1987145N21292,UNNAMED,1987-05-25 15:00:00,23.7,-69.2, , ,,1987,29,1133.1680565204924,,,,,
1987145N21292,UNNAMED,1987-05-25 18:00:00,24.0,-69.0,30, ,,1987,29,1145.4482632756778,,,,,
1987145N21292,UNNAMED,1987-05-25 21:00:00,24.3,-68.9, , ,,1987,29,1148.839639855144,,,,,
1987145N21292,UNNAMED,1987-05-26 00:00:00,24.6,-68.8,30, ,,1987,29,1153.2159007420748,,,,,
1987145N21292,UNNAMED,1987-05-26 03:00:00,24.9,-68.9, , ,,1987,29,1138.5525444943682,,,,,
1987145N21292,UNNAMED,1987-05-26 06:00:00,25.3,-69.0,30, ,,1987,29,1123.7884449170183,,,,,
1987145N21292,UNNAMED,1987-05-26 09:00:00,25.7,-69.2, , ,,1987,29,1100.7421057783222,,,,,
1987145N21292,UNNAMED,1987-05-26 12:00:00,26.0,-69.4,30, ,,1987,29,1079.6574951006314,,,,,
1987145N21292,UNNAMED,1987-05-26 15:00:00,25.8,-69.5, , ,,1987,29,1070.2521953135133,,,,,
1987145N21292,UNNAMED,1987-05-26 18:00:00,25.7,-69.4,30, ,,1987,29,1080.7257989024663,,,,,
1987145N21292,UNNAMED,1987-05-26 21:00:00,26.1,-69.0, , ,,1987,29,1119.4692269141265,,,,,
1987145N21292,UNNAMED,1987-05-27 00:00:00,26.5,-68.8,30, ,,1987,29,1139.8228616411222,,,,,
1987145N21292,UNNAMED,1987-05-27 03:00:00,26.8,-69.1, , ,,1987,29,1111.5124479300662,,,,,
1987145N21292,UNNAMED,1987-05-27 06:00:00,26.8,-69.6,30, ,,1987,29,1061.9889931657306,,,,,
1987145N21292,UNNAMED,1987-05-27 09:00:00,26.5,-69.8, , ,,1987,29,1040.3660883903297,,,,,
1987145N21292,UNNAMED,1987-05-27 12:00:00,26.1,-69.9,30, ,,1987,29,1029.6005892886708,,,,,
1987145N21292,UNNAMED,1987-05-27 15:00:00,25.9,-69.8, , ,,1987,29,1039.9032450642676,,,,,
1987145N21292,UNNAMED,1987-05-27 18:00:00,25.8,-69.6,30, ,,1987,29,1060.2477752308928,,,,,
1987145N21292,UNNAMED,1987-05-27 21:00:00,25.6,-69.6, , ,,1987,29,1061.2852188096176,,,,,
1987145N21292,UNNAMED,1987-05-28 00:00:00,25.4,-69.7,30, ,,1987,29,1052.7685045164362,,,,,
1987145N21292,UNNAMED,1987-05-28 03:00:00,25.3,-69.9, , ,,1987,29,1033.6619635165328,,,,,
1987145N21292,UNNAMED,1987-05-28 06:00:00,25.3,-70.1,30, ,,1987,29,1013.6346754198174,,,,,
1987145N21292,UNNAMED,1987-05-28 09:00:00,25.3,-70.4, , ,,1987,29,983.5945934136952,,,,,
1987145N21292,UNNAMED,1987-05-28 12:00:00,25.3,-70.8,30, ,,1987,29,943.5431429045856,,,,,
1987145N21292,UNNAMED,1987-05-28 15:00:00,25.3,-71.2, , ,,1987,29,903.4946043284305,,,,,
1987145N21292,UNNAMED,1987-05-28 18:00:00,25.3,-71.7,30, ,,1987,29,853.4392529042744,,,,,
1987145N21292,UNNAMED,1987-05-28 21:00:00,25.3,-72.1, , ,,1987,29,813.4003921542828,,,,,
1987145N21292,UNNAMED,1987-05-29 00:00:00,25.4,-72.5,30, ,,1987,29,772.3885584308327,,,,,
1987145N21292,UNNAMED,1987-05-29 03:00:00,25.4,-72.9, , ,,1987,29,732.3439744840148,,,,,
1987145N21292,UNNAMED,1987-05-29 06:00:00,25.5,-73.3,30, ,,1987,29,691.4593649393289,,,,,
1987145N21292,UNNAMED,1987-05-29 09:00:00,25.5,-73.7, , ,,1987,29,651.4086191555056,,,,,
1987145N21292,UNNAMED,1987-05-29 12:00:00,25.6,-74.1,30, ,,1987,29,610.6775876184146,,,,,
1987145N21292,UNNAMED,1987-05-29 15:00:00,25.7,-74.6, , ,,1987,29,560.1262594036688,,,,,
1987145N21292,UNNAMED,1987-05-29 18:00:00,25.7,-75.0,30, ,,1987,29,520.0701865752184,,,,,
1987145N21292,UNNAMED,1987-05-29 21:00:00,25.8,-75.4, , ,,1987,29,479.78121708735296,,,,,
1987145N21292,UNNAMED,1987-05-30 00:00:00,25.8,-75.7,30, ,,1987,29,449.7490328491551,,,,,
1987145N21292,UNNAMED,1987-05-30 03:00:00,25.8,-76.1, , ,,1987,29,409.70550667739946,,,,,
1987145N21292,UNNAMED,1987-05-30 06:00:00,25.8,-76.5,30, ,,1987,29,369.6614619766428,,,,,
1987145N21292,UNNAMED,1987-05-30 09:00:00,25.9,-76.9, , ,,1987,29,329.80915020580557,,,,,
1987145N21292,UNNAMED,1987-05-30 12:00:00,25.9,-77.3,30, ,,1987,29,289.8275662393237,,,,,
1987145N21292,UNNAMED,1987-05-30 15:00:00,25.9,-77.9, , ,,1987,29,229.8863050017453,,,,,
1987145N21292,UNNAMED,1987-05-30 18:00:00,25.8,-78.5,30, ,,1987,29,169.44729948258387,,,,,
1987145N21292,UNNAMED,1987-05-30 21:00:00,25.6,-79.0, , ,,1987,29,120.7772260912353,,,,,
1987145N21292,UNNAMED,1987-05-31 00:00:00,25.3,-79.4,30, ,,1987,29,94.59069703911192,,,,,
1987145N21292,UNNAMED,1987-05-31 03:00:00,25.0,-79.8, , ,,1987,29,93.3962995868843,,,,,
1987145N21292,UNNAMED,1987-05-31 06:00:00,24.7,-80.2,30, ,,1987,29,118.05853476797483,,,,,
1987145N21292,UNNAMED,1987-05-31 09:00:00,24.6,-80.4, , ,,1987,29,130.86300927062814,,,,,
1987145N21292,UNNAMED,1987-05-31 12:00:00,24.6,-80.6,25, ,,1987,29,135.54846865675128,,,,,
1987145N21292,UNNAMED,1987-05-31 15:00:00,24.5,-80.8, , ,,1987,29,153.07213205879495,,,,,
1987145N21292,UNNAMED,1987-05-31 18:00:00,24.5,-81.0,20, ,,1987,29,162.1780353475537,,,,,
1987145N21292,UNNAMED,1987-05-31 21:00:00,24.5,-81.3, , ,,1987,29,179.24197043503193,,,,,
1987145N21292,UNNAMED,1987-06-01 00:00:00,24.4,-81.7,15, ,,1987,29,214.46494483758545,,,,,
1987220N34283,ARLENE,1987-08-08 00:00:00,34.3,-77.5,10,1016,,1987,51,984.0162218426271,,,,,
1987220N34283,ARLENE,1987-08-08 03:00:00,34.1,-77.1, , ,,1987,51,973.7077449775084,,,,,
1987220N34283,ARLENE,1987-08-08 06:00:00,33.8,-76.7,10,1016,,1987,51,955.037339620084,,,,,
1987220N34283,ARLENE,1987-08-08 09:00:00,33.4,-76.3, , ,,1987,51,928.7558191442116,,,,,
1987220N34283,ARLENE,1987-08-08 12:00:00,33.0,-76.0,10,1015,,1987,51,901.2874916908144,,,,,
1987220N34283,ARLENE,1987-08-08 15:00:00,32.5,-75.8, , ,,1987,51,861.9381949587275,,,,,
1987220N34283,ARLENE,1987-08-08 18:00:00,32.0,-75.6,10,1015,,1987,51,825.0170787493525,,,,,
1987220N34283,ARLENE,1987-08-08 21:00:00,31.5,-75.4, , ,,1987,51,790.8699465479102,,,,,
1987220N34283,ARLENE,1987-08-09 00:00:00,31.0,-75.2,10,1014,,1987,51,759.8765886335639,,,,,
1987220N34283,ARLENE,1987-08-09 03:00:00,30.5,-75.1, , ,,1987,51,725.6708000163297,,,,,
1987220N34283,ARLENE,1987-08-09 06:00:00,30.0,-75.0,10,1014,,1987,51,694.4354349916719,,,,,
1987220N34283,ARLENE,1987-08-09 09:00:00,29.5,-75.0, , ,,1987,51,658.9206622013069,,,,,
1987220N34283,ARLENE,1987-08-09 12:00:00,29.0,-75.1,15,1013,,1987,51,618.2740262030809,,,,,
1987220N34283,ARLENE,1987-08-09 15:00:00,28.5,-75.2, , ,,1987,51,580.1895859456278,,,,,
1987220N34283,ARLENE,1987-08-09 18:00:00,28.1,-75.4,15,1012,,1987,51,541.4657730855085,,,,,
1987220N34283,ARLENE,1987-08-09 21:00:00,27.6,-75.6, , ,,1987,51,499.8647977482191,,,,,
1987220N34283,ARLENE,1987-08-10 00:00:00,27.2,-75.8,15,1011,,1987,51,465.4110516739695,,,,,
1987220N34283,ARLENE,1987-08-10 03:00:00,26.7,-76.0, , ,,1987,51,430.9030871945858,,,,,
1987220N34283,ARLENE,1987-08-10 06:00:00,26.3,-76.3,20,1010,,1987,51,393.4127514672921,,,,,
1987220N34283,ARLENE,1987-08-10 09:00:00,25.9,-76.6, , ,,1987,51,359.80207452181355,,,,,
1987220N34283,ARLENE,1987-08-10 12:00:00,25.5,-76.9,20,1009,,1987,51,331.2854074491697,,,,,
1987220N34283,ARLENE,1987-08-10 15:00:00,25.1,-77.5, , ,,1987,51,280.14016587804554,,,,,
1987220N34283,ARLENE,1987-08-10 18:00:00,25.0,-78.0,25,1009,,1987,51,235.9159682080786,,,,,
1987220N34283,ARLENE,1987-08-10 21:00:00,25.5,-78.3, , ,,1987,51,191.87677844262163,,,,,
1987220N34283,ARLENE,1987-08-11 00:00:00,26.2,-78.2,25,1009,,1987,51,204.97128764009472,,,,,
1987220N34283,ARLENE,1987-08-11 03:00:00,26.7,-77.8, , ,,1987,51,260.37762594781503,,,,,
1987220N34283,ARLENE,1987-08-11 06:00:00,27.2,-77.2,25,1008,,1987,51,337.9837664498441,,,,,
1987220N34283,ARLENE,1987-08-11 09:00:00,27.7,-76.5, , ,,1987,51,425.2578584861508,,,,,
1987220N34283,ARLENE,1987-08-11 12:00:00,28.3,-75.7,25,1008,,1987,51,526.8059137535167,,,,,
1987220N34283,ARLENE,1987-08-11 15:00:00,28.8,-75.0, , ,,1987,51,614.2064653477285,,,,,
1987220N34283,ARLENE,1987-08-11 18:00:00,29.4,-74.4,35,1006,,1987,51,699.4705189910676,,,,,
1987220N34283,ARLENE,1987-08-11 21:00:00,30.1,-73.8, , ,,1987,51,791.5706443589571,,,,,
1987220N34283,ARLENE,1987-08-12 00:00:00,30.7,-73.2,40,1002,,1987,51,877.5208538269956,,,,,
1987220N34283,ARLENE,1987-08-12 03:00:00,31.1,-72.8, , ,,1987,51,934.8343586985874,,,,,
1987220N34283,ARLENE,1987-08-12 06:00:00,31.4,-72.3,40,1001,,1987,51,992.855384764176,,,,,
1987220N34283,ARLENE,1987-08-12 09:00:00,31.7,-71.7, , ,,1987,51,1058.3609052114778,,,,,
1987220N34283,ARLENE,1987-08-12 12:00:00,32.0,-71.0,45,1000,,1987,51,1131.4651288356206,,,,,
1987220N34283,ARLENE,1987-08-12 15:00:00,32.2,-70.4, , ,,1987,51,1190.5247625029888,,,,,
1987220N34283,ARLENE,1987-08-12 18:00:00,32.4,-69.7,45,999,,1987,51,1257.5509129484794,,,,,
1987220N34283,ARLENE,1987-08-12 21:00:00,32.5,-69.0, , ,,1987,51,1318.926281974714,,,,,
1987220N34283,ARLENE,1987-08-13 00:00:00,32.6,-68.3,55,997,,1987,51,1380.8756141347226,,,,,
1987220N34283,ARLENE,1987-08-13 03:00:00,32.8,-67.7, , ,,1987,51,1440.615069550552,,,,,
1987220N34283,ARLENE,1987-08-13 06:00:00,32.9,-67.0,55,997,,1987,51,1503.1757132253745,,,,,
1987220N34283,ARLENE,1987-08-13 09:00:00,33.0,-66.2, , ,,1987,51,1574.4056062278664,,,,,
1987220N34283,ARLENE,1987-08-13 12:00:00,33.0,-65.5,55,998,,1987,51,1632.8768319729325,,,,,
1987220N34283,ARLENE,1987-08-13 15:00:00,33.0,-65.0, , ,,1987,51,1675.0561013115023,,,,,
1987220N34283,ARLENE,1987-08-13 18:00:00,33.0,-64.5,55,999,,1987,51,1717.5508037268216,,,,,
1987220N34283,ARLENE,1987-08-13 21:00:00,33.0,-64.0, , ,,1987,51,1760.3373203196034,,,,,
1987220N34283,ARLENE,1987-08-14 00:00:00,33.0,-63.6,50,1002,,1987,51,1794.7620922934716,,,,,
1987220N34283,ARLENE,1987-08-14 03:00:00,33.0,-63.2, , ,,1987,51,1829.3496264782816,,,,,
1987220N34283,ARLENE,1987-08-14 06:00:00,32.9,-62.8,45,1003,,1987,51,1860.1257311507695,,,,,
1987220N34283,ARLENE,1987-08-14 09:00:00,32.9,-62.5, , ,,1987,51,1886.3594564387115,,,,,
1987220N34283,ARLENE,1987-08-14 12:00:00,32.8,-62.3,50,996,,1987,51,1900.119166635872,,,,,
1987220N34283,ARLENE,1987-08-14 15:00:00,32.7,-62.0, , ,,1987,51,1922.920704429592,,,,,
1987220N34283,ARLENE,1987-08-14 18:00:00,32.6,-61.8,55,994,,1987,51,1937.1072348266412,,,,,
1987220N34283,ARLENE,1987-08-14 21:00:00,32.5,-61.6, , ,,1987,51,1951.4799872807257,,,,,
1987220N34283,ARLENE,1987-08-15 00:00:00,32.4,-61.3,55,994,,1987,51,1975.006503072705,,,,,
1987220N34283,ARLENE,1987-08-15 03:00:00,32.3,-61.1, , ,,1987,51,1989.7773339944351,,,,,
1987220N34283,ARLENE,1987-08-15 06:00:00,32.2,-60.8,55,995,,1987,51,2013.771090641795,,,,,
1987220N34283,ARLENE,1987-08-15 09:00:00,32.0,-60.5, , ,,1987,51,2035.1219199950049,,,,,
1987220N34283,ARLENE,1987-08-15 12:00:00,31.7,-60.3,50,996,,1987,51,2045.1578877765096,,,,,
1987220N34283,ARLENE,1987-08-15 15:00:00,31.5,-60.1, , ,,1987,51,2058.43510042112,,,,,
1987220N34283,ARLENE,1987-08-15 18:00:00,31.3,-60.0,45,998,,1987,51,2062.829293708174,,,,,
1987220N34283,ARLENE,1987-08-15 21:00:00,31.1,-59.8, , ,,1987,51,2076.856770550051,,,,,
1987220N34283,ARLENE,1987-08-16 00:00:00,30.9,-59.6,45,999,,1987,51,2091.2737527999334,,,,,
1987220N34283,ARLENE,1987-08-16 03:00:00,30.7,-59.4, , ,,1987,51,2106.0728365409486,,,,,
1987220N34283,ARLENE,1987-08-16 06:00:00,30.5,-59.3,45,1000,,1987,51,2111.7902543711343,,,,,
1987220N34283,ARLENE,1987-08-16 09:00:00,30.3,-59.2, , ,,1987,51,2117.7996542547467,,,,,
1987220N34283,ARLENE,1987-08-16 12:00:00,30.2,-59.0,45,1000,,1987,51,2135.179851943911,,,,,
1987220N34283,ARLENE,1987-08-16 15:00:00,30.0,-58.9, , ,,1987,51,2141.6742001677685,,,,,
1987220N34283,ARLENE,1987-08-16 18:00:00,29.9,-58.7,45,1000,,1987,51,2159.3751033312633,,,,,
1987220N34283,ARLENE,1987-08-16 21:00:00,29.8,-58.5, , ,,1987,51,2177.1986009151074,,,,,
1987220N34283,ARLENE,1987-08-17 00:00:00,29.8,-58.2,45,1000,,1987,51,2205.958692230181,,,,,
1987220N34283,ARLENE,1987-08-17 03:00:00,29.8,-58.0, , ,,1987,51,2225.139318143067,,,,,
1987220N34283,ARLENE,1987-08-17 06:00:00,29.8,-57.8,45,1001,,1987,51,2244.3254943760794,,,,,
1987220N34283,ARLENE,1987-08-17 09:00:00,29.8,-57.6, , ,,1987,51,2263.517026506837,,,,,
1987220N34283,ARLENE,1987-08-17 12:00:00,29.9,-57.3,40,1002,,1987,51,2293.4502717206287,,,,,
1987220N34283,ARLENE,1987-08-17 15:00:00,30.0,-57.1, , ,,1987,51,2313.7849352540534,,,,,
1987220N34283,ARLENE,1987-08-17 18:00:00,30.2,-56.8,40,1003,,1987,51,2344.898110320634,,,,,
1987220N34283,ARLENE,1987-08-17 21:00:00,30.5,-56.5, , ,,1987,51,2377.368589138711,,,,,
1987220N34283,ARLENE,1987-08-18 00:00:00,30.9,-56.2,35,1004,,1987,51,2411.4930990241987,,,,,
1987220N34283,ARLENE,1987-08-18 03:00:00,31.2,-56.0, , ,,1987,51,2435.0054120999007,,,,,
1987220N34283,ARLENE,1987-08-18 06:00:00,31.5,-55.7,35,1005,,1987,51,2468.1298555856724,,,,,
1987220N34283,ARLENE,1987-08-18 09:00:00,31.9,-55.3, , ,,1987,51,2512.5222651407157,,,,,
1987220N34283,ARLENE,1987-08-18 12:00:00,32.4,-54.7,35,1005,,1987,51,2577.5847957274964,,,,,
1987220N34283,ARLENE,1987-08-18 15:00:00,32.9,-54.1, , ,,1987,51,2642.828230538237,,,,,
1987220N34283,ARLENE,1987-08-18 18:00:00,33.3,-53.5,35,1005,,1987,51,2706.0698658662964,,,,,
1987220N34283,ARLENE,1987-08-18 21:00:00,33.7,-52.9, , ,,1987,51,2769.2495060414117,,,,,
1987220N34283,ARLENE,1987-08-19 00:00:00,34.0,-52.2,35,1005,,1987,51,2839.173418725678,,,,,
1987220N34283,ARLENE,1987-08-19 03:00:00,34.4,-51.5, , ,,1987,51,2911.061082896551,,,,,
1987220N34283,ARLENE,1987-08-19 06:00:00,34.8,-50.8,35,1005,,1987,51,2982.7384986757775,,,,,
1987220N34283,ARLENE,1987-08-19 09:00:00,35.2,-50.2, , ,,1987,51,3045.2965276856135,,,,,
1987220N34283,ARLENE,1987-08-19 12:00:00,35.4,-49.5,35,1005,,1987,51,3112.01546961796,,,,,
1987220N34283,ARLENE,1987-08-19 15:00:00,35.5,-48.5, , ,,1987,51,3203.025434615474,,,,,
1987220N34283,ARLENE,1987-08-19 18:00:00,35.5,-47.5,35,1005,,1987,51,3292.0398139948143,,,,,
1987220N34283,ARLENE,1987-08-19 21:00:00,35.3,-46.7, , ,,1987,51,3359.848754202621,,,,,
1987220N34283,ARLENE,1987-08-20 00:00:00,35.0,-46.0,35,1004,,1987,51,3417.833284586402,,,,,
1987220N34283,ARLENE,1987-08-20 03:00:00,34.8,-45.2, , ,,1987,51,3487.2372543167253,,,,,
1987220N34283,ARLENE,1987-08-20 06:00:00,34.5,-44.5,40,1002,,1987,51,3547.0186241368956,,,,,
1987220N34283,ARLENE,1987-08-20 09:00:00,34.2,-43.9, , ,,1987,51,3598.55013033238,,,,,
1987220N34283,ARLENE,1987-08-20 12:00:00,34.0,-43.5,40,1000,,1987,51,3633.3409862993976,,,,,
1987220N34283,ARLENE,1987-08-20 15:00:00,33.9,-43.2, , ,,1987,51,3660.067489858912,,,,,
1987220N34283,ARLENE,1987-08-20 18:00:00,33.8,-43.0,50,997,,1987,51,3677.68858443507,,,,,
1987220N34283,ARLENE,1987-08-20 21:00:00,33.7,-42.8, , ,,1987,51,3695.3921779538464,,,,,
1987220N34283,ARLENE,1987-08-21 00:00:00,33.7,-42.7,55,995,,1987,51,3704.624076179905,,,,,
1987220N34283,ARLENE,1987-08-21 03:00:00,33.7,-42.5, , ,,1987,51,3723.089814155423,,,,,
1987220N34283,ARLENE,1987-08-21 06:00:00,33.6,-42.3,55,994,,1987,51,3740.9152409784983,,,,,
1987220N34283,ARLENE,1987-08-21 09:00:00,33.5,-42.1, , ,,1987,51,3758.82039018032,,,,,
1987220N34283,ARLENE,1987-08-21 12:00:00,33.5,-42.0,55,993,,1987,51,3768.0806169217817,,,,,
1987220N34283,ARLENE,1987-08-21 15:00:00,33.9,-42.2, , ,,1987,51,3752.1413511956375,,,,,
1987220N34283,ARLENE,1987-08-21 18:00:00,34.5,-42.5,60,991,,1987,51,3729.477799662791,,,,,
1987220N34283,ARLENE,1987-08-21 21:00:00,35.0,-42.8, , ,,1987,51,3707.219549457088,,,,,
1987220N34283,ARLENE,1987-08-22 00:00:00,35.5,-43.0,60,989,,1987,51,3695.097371999807,,,,,
1987220N34283,ARLENE,1987-08-22 03:00:00,36.0,-43.0, , ,,1987,51,3701.8314847285847,,,,,
1987220N34283,ARLENE,1987-08-22 06:00:00,36.5,-43.0,65,988,,1987,51,3709.2923782018497,,,,,
1987220N34283,ARLENE,1987-08-22 09:00:00,37.2,-43.0, , ,,1987,51,3720.950114439798,,,,,
1987220N34283,ARLENE,1987-08-22 12:00:00,38.0,-43.0,65,987,,1987,51,3735.989529769157,,,,,
1987220N34283,ARLENE,1987-08-22 15:00:00,38.7,-42.9, , ,,1987,51,3759.143255023655,,,,,
1987220N34283,ARLENE,1987-08-22 18:00:00,39.5,-42.5,65,987,,1987,51,3810.9599170054194,,,,,
1987220N34283,ARLENE,1987-08-22 21:00:00,40.4,-41.9, , ,,1987,51,3882.500070971218,,,,,
1987220N34283,ARLENE,1987-08-23 00:00:00,41.5,-41.0,65,987,,1987,51,3983.999500807676,,,,,
1987220N34283,ARLENE,1987-08-23 03:00:00,42.7,-40.1, , ,,1987,51,4088.175269756004,,,,,
1987220N34283,ARLENE,1987-08-23 06:00:00,44.0,-39.0,65,987,,1987,51,4210.724305891918,,,,,
1987220N34283,ARLENE,1987-08-23 09:00:00,45.3,-37.9, , ,,1987,51,4332.6152288556095,,,,,
1987220N34283,ARLENE,1987-08-23 12:00:00,46.5,-36.5,65,988,,1987,51,4472.706133962279,,,,,
1987220N34283,ARLENE,1987-08-23 15:00:00,47.6,-34.8, , ,,1987,51,4629.3184203097,,,,,
1987220N34283,ARLENE,1987-08-23 18:00:00,48.5,-33.0,65,988,,1987,51,4784.261564712067,,,,,
1987220N34283,ARLENE,1987-08-23 21:00:00,49.4,-31.5, , ,,1987,51,4915.030347778068,,,,,
1987220N34283,ARLENE,1987-08-24 00:00:00,50.0,-30.0,60,989,,1987,51,5035.5693357053,,,,,
1987220N34283,ARLENE,1987-08-24 03:00:00,50.4,-28.5, , ,,1987,51,5149.5040008849965,,,,,
1987220N34283,ARLENE,1987-08-24 06:00:00,50.5,-27.0,60,991,,1987,51,5255.773593299128,,,,,
1987220N34283,ARLENE,1987-08-24 09:00:00,50.6,-25.3, , ,,1987,51,5375.938390288362,,,,,
1987220N34283,ARLENE,1987-08-24 12:00:00,50.5,-23.5,60,992,,1987,51,5499.931725402855,,,,,
1987220N34283,ARLENE,1987-08-24 15:00:00,50.4,-21.6, , ,,1987,51,5632.041345009888,,,,,
1987220N34283,ARLENE,1987-08-24 18:00:00,50.0,-20.0,55,995,,1987,51,5741.170063526333,,,,,
1987220N34283,ARLENE,1987-08-24 21:00:00,49.1,-18.8, , ,,1987,51,5820.877839380769,,,,,
1987220N34283,ARLENE,1987-08-25 00:00:00,48.0,-18.0,50,998,,1987,51,5874.882342572559,,,,,
1987220N34283,ARLENE,1987-08-25 03:00:00,47.0,-17.4, , ,,1987,51,5918.129488017172,,,,,
1987220N34283,ARLENE,1987-08-25 06:00:00,46.0,-17.0,45,1002,,1987,51,5949.092117170211,,,,,
1987220N34283,ARLENE,1987-08-25 09:00:00,44.9,-16.8, , ,,1987,51,5967.188878302279,,,,,
1987220N34283,ARLENE,1987-08-25 12:00:00,44.0,-16.5,35,1006,,1987,51,5994.61537449054,,,,,
1987220N34283,ARLENE,1987-08-25 15:00:00,43.5,-15.7, , ,,1987,51,6061.654921467079,,,,,
1987220N34283,ARLENE,1987-08-25 18:00:00,43.0,-15.0,25,1009,,1987,51,6121.913340912829,,,,,
1987220N34283,ARLENE,1987-08-25 21:00:00,42.3,-14.7, , ,,1987,51,6152.542251110962,,,,,
1987220N34283,ARLENE,1987-08-26 00:00:00,41.5,-14.5,20,1010,,1987,51,6177.122073579607,,,,,
1987220N34283,ARLENE,1987-08-26 03:00:00,40.5,-14.4, , ,,1987,51,6196.9537668157145,,,,,
1987220N34283,ARLENE,1987-08-26 06:00:00,39.5,-14.0,15,1011,,1987,51,6243.861411027455,,,,,
1987220N34283,ARLENE,1987-08-26 09:00:00,38.2,-13.0, , ,,1987,51,6349.522572654637,,,,,
1987220N34283,ARLENE,1987-08-26 12:00:00,37.5,-11.5,10,1010,,1987,51,6492.000222593834,,,,,
1987220N34283,ARLENE,1987-08-26 15:00:00,38.1,-9.7, , ,,1987,51,6635.933045104134,,,,,
1987220N34283,ARLENE,1987-08-26 18:00:00,39.0,-8.0,10,1009,,1987,51,6762.735806516098,,,,,
1987220N34283,ARLENE,1987-08-26 21:00:00,39.1,-6.8, , ,,1987,51,6862.249502712116,,,,,
1987220N34283,ARLENE,1987-08-27 00:00:00,39.0,-6.0,15,1008,,1987,51,6932.15146739966,,,,,
1987220N34283,ARLENE,1987-08-27 03:00:00,39.0,-5.4, , ,,1987,51,6982.84609294151,,,,,
1987220N34283,ARLENE,1987-08-27 06:00:00,39.0,-5.0,15,1008,,1987,51,7016.607694727649,,,,,
1987220N34283,ARLENE,1987-08-27 09:00:00,39.0,-4.7, , ,,1987,51,7041.9102848415,,,,,
1987220N34283,ARLENE,1987-08-27 12:00:00,39.0,-4.5,15,1008,,1987,51,7058.769705821334,,,,,
1987220N34283,ARLENE,1987-08-27 15:00:00,39.0,-4.2, , ,,1987,51,7084.0452319464885,,,,,
1987220N34283,ARLENE,1987-08-27 18:00:00,39.0,-4.0,10,1008,,1987,51,7100.886426829431,,,,,
1987220N34283,ARLENE,1987-08-27 21:00:00,39.0,-4.0, , ,,1987,51,7100.886426829431,,,,,
1987220N34283,ARLENE,1987-08-28 00:00:00,39.0,-4.0,10,1009,,1987,51,7100.886426829431,,,,,
1987282N15277,FLOYD,1987-10-09 06:00:00,15.0,-82.6,25,1004,,1987,87,1222.5826861033056,,,,,
1987282N15277,FLOYD,1987-10-09 09:00:00,14.8,-82.6, , ,,1987,87,1244.3872408139346,,,,,
1987282N15277,FLOYD,1987-10-09 12:00:00,14.5,-82.5,25,1003,,1987,87,1275.1167742251398,,,,,
1987282N15277,FLOYD,1987-10-09 15:00:00,14.2,-82.3, , ,,1987,87,1304.2542902664334,,,,,
1987282N15277,FLOYD,1987-10-09 18:00:00,14.1,-82.1,25,1001,,1987,87,1311.9013003086675,,,,,
1987282N15277,FLOYD,1987-10-09 21:00:00,14.2,-81.9, , ,,1987,87,1297.8781771499832,,,,,
1987282N15277,FLOYD,1987-10-10 00:00:00,14.4,-81.8,25,999,,1987,87,1274.427451441836,,,,,
1987282N15277,FLOYD,1987-10-10 03:00:00,14.8,-82.0, , ,,1987,87,1233.3277338562389,,,,,
1987282N15277,FLOYD,1987-10-10 06:00:00,15.3,-82.2,30,999,,1987,87,1181.8612331527445,,,,,
1987282N15277,FLOYD,1987-10-10 09:00:00,15.7,-82.1, , ,,1987,87,1136.2088507174176,,,,,
1987282N15277,FLOYD,1987-10-10 12:00:00,16.0,-82.2,35,999,,1987,87,1105.251999970552,,,,,
1987282N15277,FLOYD,1987-10-10 15:00:00,16.4,-82.8, , ,,1987,87,1075.4615749081304,,,,,
1987282N15277,FLOYD,1987-10-10 18:00:00,16.8,-83.5,35,999,,1987,87,1053.633169612832,,,,,
1987282N15277,FLOYD,1987-10-10 21:00:00,17.2,-83.8, , ,,1987,87,1022.4176215660052,,,,,
1987282N15277,FLOYD,1987-10-11 00:00:00,17.6,-83.9,40,999,,1987,87,984.9206920775412,,,,,
1987282N15277,FLOYD,1987-10-11 03:00:00,18.0,-84.1, , ,,1987,87,952.4288232069464,,,,,
1987282N15277,FLOYD,1987-10-11 06:00:00,18.4,-84.2,40,998,,1987,87,916.6729387844484,,,,,
1987282N15277,FLOYD,1987-10-11 09:00:00,18.9,-84.4, , ,,1987,87,877.0103857530117,,,,,
1987282N15277,FLOYD,1987-10-11 12:00:00,19.4,-84.5,45,997,,1987,87,834.1052092525756,,,,,
1987282N15277,FLOYD,1987-10-11 15:00:00,19.9,-84.5, , ,,1987,87,787.0807376886037,,,,,
1987282N15277,FLOYD,1987-10-11 18:00:00,20.5,-84.5,50,996,,1987,87,732.2305046628611,,,,,
1987282N15277,FLOYD,1987-10-11 21:00:00,21.1,-84.4, , ,,1987,87,672.9484156805178,,,,,
1987282N15277,FLOYD,1987-10-12 00:00:00,21.7,-84.3,55,995,,1987,87,615.4109087704215,,,,,
1987282N15277,FLOYD,1987-10-12 03:00:00,22.4,-84.2, , ,,1987,87,552.460354877659,,,,,
1987282N15277,FLOYD,1987-10-12 06:00:00,23.0,-84.0,60,994,,1987,87,492.95347035377534,,,,,
1987282N15277,FLOYD,1987-10-12 09:00:00,23.5,-83.5, , ,,1987,87,418.3670487231611,,,,,
1987282N15277,FLOYD,1987-10-12 12:00:00,24.0,-82.9,65,993,,1987,87,336.1446044392526,,,,,
1987282N15277,FLOYD,1987-10-12 15:00:00,24.4,-82.3, , ,,1987,87,260.76927363544416,,,,,
1987282N15277,FLOYD,1987-10-12 18:00:00,24.7,-81.5,65,993,,1987,87,176.78077074451386,,,,,
1987282N15277,FLOYD,1987-10-12 21:00:00,25.1,-80.5,65,993,,1987,87,79.82190667448383,,,,,
1987282N15277,FLOYD,1987-10-13 00:00:00,25.3,-79.9,60,993,,1987,87,59.100564056146105,,,,,
1987282N15277,FLOYD,1987-10-13 03:00:00,25.6,-79.1, , ,,1987,87,110.8778994467072,,,,,
1987282N15277,FLOYD,1987-10-13 06:00:00,26.0,-78.3,50,994,,1987,87,191.10445973210304,,,,,
1987282N15277,FLOYD,1987-10-13 09:00:00,26.5,-77.6, , ,,1987,87,271.443477610789,,,,,
1987282N15277,FLOYD,1987-10-13 12:00:00,27.0,-76.9,45,996,,1987,87,355.6306130459152,,,,,
1987282N15277,FLOYD,1987-10-13 15:00:00,27.5,-76.1, , ,,1987,87,450.2723181049436,,,,,
1987282N15277,FLOYD,1987-10-13 18:00:00,28.1,-75.4,40,997,,1987,87,541.4657730855085,,,,,
1987282N15277,FLOYD,1987-10-13 21:00:00,28.8,-74.7, , ,,1987,87,639.163512235012,,,,,
1987282N15277,FLOYD,1987-10-14 00:00:00,29.5,-74.0,40,998,,1987,87,737.9312788528032,,,,,
1988153N20275,UNNAMED,1988-05-31 12:00:00,20.3,-84.7,25, ,,1988,22,762.4909927868737,,,,,
1988153N20275,UNNAMED,1988-05-31 15:00:00,20.7,-84.3, , ,,1988,22,702.0001614157628,,,,,
1988153N20275,UNNAMED,1988-05-31 18:00:00,21.0,-84.0,25, ,,1988,22,656.7150857815127,,,,,
1988153N20275,UNNAMED,1988-05-31 21:00:00,21.0,-84.0, , ,,1988,22,656.7150857815127,,,,,
1988153N20275,UNNAMED,1988-06-01 00:00:00,21.0,-84.0,25, ,,1988,22,656.7150857815127,,,,,
1988153N20275,UNNAMED,1988-06-01 03:00:00,21.2,-83.8, , ,,1988,22,626.5684457851261,,,,,
1988153N20275,UNNAMED,1988-06-01 06:00:00,21.4,-83.6,25, ,,1988,22,596.4595437983696,,,,,
1988153N20275,UNNAMED,1988-06-01 09:00:00,21.4,-83.5, , ,,1988,22,590.588299250266,,,,,
1988153N20275,UNNAMED,1988-06-01 12:00:00,21.5,-83.4,25, ,,1988,22,575.5800889386711,,,,,
1988153N20275,UNNAMED,1988-06-01 15:00:00,22.0,-83.0, , ,,1988,22,506.3942469255634,,,,,
1988153N20275,UNNAMED,1988-06-01 18:00:00,22.5,-82.5,25, ,,1988,22,431.7169645514327,,,,,
1988153N20275,UNNAMED,1988-06-01 21:00:00,22.7,-82.3, , ,,1988,22,401.9723237102392,,,,,
1988153N20275,UNNAMED,1988-06-02 00:00:00,23.0,-82.0,25, ,,1988,22,357.5316618399556,,,,,
1988153N20275,UNNAMED,1988-06-02 03:00:00,23.5,-81.5, , ,,1988,22,284.1264367667273,,,,,
1988153N20275,UNNAMED,1988-06-02 06:00:00,24.0,-81.0,20, ,,1988,22,212.1778198490097,,,,,
1988153N20275,UNNAMED,1988-06-02 09:00:00,24.5,-80.5, , ,,1988,22,143.6842009260671,,,,,
1988153N20275,UNNAMED,1988-06-02 12:00:00,25.0,-80.0,20, ,,1988,22,86.86128873894148,,,,,
1988235N15317,CHRIS,1988-08-21 12:00:00,14.9,-43.3,25,1009,,1988,60,4015.976370498061,,,,,
1988235N15317,CHRIS,1988-08-21 15:00:00,14.7,-44.5, , ,,1988,60,3906.8803334456097,,,,,
1988235N15317,CHRIS,1988-08-21 18:00:00,14.6,-45.7,25,1009,,1988,60,3793.836120012634,,,,,
1988235N15317,CHRIS,1988-08-21 21:00:00,14.6,-46.8, , ,,1988,60,3686.3812846845817,,,,,
1988235N15317,CHRIS,1988-08-22 00:00:00,14.6,-47.8,25,1009,,1988,60,3589.0058502911197,,,,,
1988235N15317,CHRIS,1988-08-22 03:00:00,14.6,-48.9, , ,,1988,60,3482.2706498455022,,,,,
1988235N15317,CHRIS,1988-08-22 06:00:00,14.7,-49.9,25,1009,,1988,60,3380.70275014252,,,,,
1988235N15317,CHRIS,1988-08-22 09:00:00,14.7,-50.9, , ,,1988,60,3284.3611954121984,,,,,
1988235N15317,CHRIS,1988-08-22 12:00:00,14.8,-51.9,30,1009,,1988,60,3183.386063010159,,,,,
1988235N15317,CHRIS,1988-08-22 15:00:00,14.9,-53.0, , ,,1988,60,3073.181491079671,,,,,
1988235N15317,CHRIS,1988-08-22 18:00:00,15.1,-54.0,30,1009,,1988,60,2967.69957284672,,,,,
1988235N15317,CHRIS,1988-08-22 21:00:00,15.2,-54.9, , ,,1988,60,2877.1568802216693,,,,,
1988235N15317,CHRIS,1988-08-23 00:00:00,15.3,-55.7,30,1009,,1988,60,2796.341363727867,,,,,
1988235N15317,CHRIS,1988-08-23 03:00:00,15.4,-56.6, , ,,1988,60,2706.3937044258128,,,,,
1988235N15317,CHRIS,1988-08-23 06:00:00,15.6,-57.5,30,1009,,1988,60,2611.3460020035395,,,,,
1988235N15317,CHRIS,1988-08-23 09:00:00,15.8,-58.4, , ,,1988,60,2516.5424783610247,,,,,
1988235N15317,CHRIS,1988-08-23 12:00:00,16.0,-59.2,30,1009,,1988,60,2431.258655332563,,,,,
1988235N15317,CHRIS,1988-08-23 15:00:00,16.2,-60.1, , ,,1988,60,2336.9579309428946,,,,,
1988235N15317,CHRIS,1988-08-23 18:00:00,16.3,-61.0,30,1009,,1988,60,2248.6868764044493,,,,,
1988235N15317,CHRIS,1988-08-23 21:00:00,16.5,-61.7, , ,,1988,60,2173.3042877767143,,,,,
1988235N15317,CHRIS,1988-08-24 00:00:00,16.7,-62.4,30,1009,,1988,60,2098.0932012222024,,,,,
1988235N15317,CHRIS,1988-08-24 03:00:00,16.8,-63.1, , ,,1988,60,2028.9848266419408,,,,,
1988235N15317,CHRIS,1988-08-24 06:00:00,16.9,-63.8,30,1009,,1988,60,1960.242804668848,,,,,
1988235N15317,CHRIS,1988-08-24 09:00:00,17.0,-64.5, , ,,1988,60,1891.903494382424,,,,,
1988235N15317,CHRIS,1988-08-24 12:00:00,17.2,-65.2,30,1009,,1988,60,1817.746181488244,,,,,
1988235N15317,CHRIS,1988-08-24 15:00:00,17.4,-66.0, , ,,1988,60,1735.1440676411153,,,,,
1988235N15317,CHRIS,1988-08-24 18:00:00,17.5,-66.7,30,1009,,1988,60,1668.1031562585065,,,,,
1988235N15317,CHRIS,1988-08-24 21:00:00,17.6,-67.3, , ,,1988,60,1610.1669224719087,,,,,
1988235N15317,CHRIS,1988-08-25 00:00:00,17.8,-67.8,30,1009,,1988,60,1554.408459106955,,,,,
1988235N15317,CHRIS,1988-08-25 03:00:00,18.0,-68.3, , ,,1988,60,1498.783279581114,,,,,
1988235N15317,CHRIS,1988-08-25 06:00:00,18.2,-68.8,30,1009,,1988,60,1443.3010819274866,,,,,
1988235N15317,CHRIS,1988-08-25 09:00:00,18.3,-69.3, , ,,1988,60,1394.8553972130885,,,,,
1988235N15317,CHRIS,1988-08-25 12:00:00,18.5,-69.8,30,1008,,1988,60,1339.7669693094658,,,,,
1988235N15317,CHRIS,1988-08-25 15:00:00,18.8,-70.3, , ,,1988,60,1277.8322820770109,,,,,
1988235N15317,CHRIS,1988-08-25 18:00:00,19.1,-70.9,30,1008,,1988,60,1207.8668117315965,,,,,
1988235N15317,CHRIS,1988-08-25 21:00:00,19.4,-71.5, , ,,1988,60,1138.1093920933383,,,,,
1988235N15317,CHRIS,1988-08-26 00:00:00,19.8,-72.1,30,1008,,1988,60,1061.3808909334484,,,,,
1988235N15317,CHRIS,1988-08-26 03:00:00,20.1,-72.7, , ,,1988,60,992.0165962539428,,,,,
1988235N15317,CHRIS,1988-08-26 06:00:00,20.5,-73.2,30,1008,,1988,60,923.4803908291522,,,,,
1988235N15317,CHRIS,1988-08-26 09:00:00,21.0,-73.7, , ,,1988,60,847.8748225296697,,,,,
1988235N15317,CHRIS,1988-08-26 12:00:00,21.5,-74.2,30,1008,,1988,60,772.5364688188689,,,,,
1988235N15317,CHRIS,1988-08-26 15:00:00,22.0,-74.8, , ,,1988,60,689.4129294057129,,,,,
1988235N15317,CHRIS,1988-08-26 18:00:00,22.5,-75.4,30,1008,,1988,60,606.5195672040838,,,,,
1988235N15317,CHRIS,1988-08-26 21:00:00,22.9,-75.8, , ,,1988,60,546.9665216394683,,,,,
1988235N15317,CHRIS,1988-08-27 00:00:00,23.3,-76.2,30,1008,,1988,60,487.7831478845302,,,,,
1988235N15317,CHRIS,1988-08-27 03:00:00,23.7,-76.7, , ,,1988,60,420.5898526727627,,,,,
1988235N15317,CHRIS,1988-08-27 06:00:00,24.1,-77.2,30,1008,,1988,60,353.7423832660634,,,,,
1988235N15317,CHRIS,1988-08-27 09:00:00,24.5,-77.7, , ,,1988,60,287.4040796548252,,,,,
1988235N15317,CHRIS,1988-08-27 12:00:00,24.9,-78.1,30,1008,,1988,60,231.0342096769064,,,,,
1988235N15317,CHRIS,1988-08-27 15:00:00,25.3,-78.6, , ,,1988,60,167.76329461527328,,,,,
1988235N15317,CHRIS,1988-08-27 18:00:00,25.8,-79.0,30,1008,,1988,60,119.40697740651066,,,,,
1988235N15317,CHRIS,1988-08-27 21:00:00,26.3,-79.4, , ,,1988,60,99.20432730187456,,,,,
1988235N15317,CHRIS,1988-08-28 00:00:00,26.8,-79.7,30,1008,,1988,60,125.43396049761154,,,,,
1988235N15317,CHRIS,1988-08-28 03:00:00,27.4,-79.8, , ,,1988,60,186.28997056671167,,,,,
1988235N15317,CHRIS,1988-08-28 06:00:00,28.2,-80.0,40,1008,,1988,60,271.7917489094566,,,,,
1988235N15317,CHRIS,1988-08-28 09:00:00,29.4,-80.4, , ,,1988,60,405.0802487630817,,,,,
1988235N15317,CHRIS,1988-08-28 12:00:00,30.8,-80.8,45,1005,,1988,60,563.38631033776,,,,,
1988235N15317,CHRIS,1988-08-28 15:00:00,32.0,-80.9,40,1005,,1988,60,697.0796155622127,,,,,
1988235N15317,CHRIS,1988-08-28 18:00:00,32.8,-81.1,35,1006,,1988,60,787.5525373197958,,,,,
1988235N15317,CHRIS,1988-08-28 21:00:00,33.5,-81.2, , ,,1988,60,865.9435131421078,,,,,
1988235N15317,CHRIS,1988-08-29 00:00:00,34.1,-81.1,25,1008,,1988,60,931.2835177774984,,,,,
1988235N15317,CHRIS,1988-08-29 03:00:00,34.9,-80.9, , ,,1988,60,1018.3935470286372,,,,,
1988235N15317,CHRIS,1988-08-29 06:00:00,35.8,-80.6,20,1009,,1988,60,1116.8853994171627,,,,,
1988235N15317,CHRIS,1988-08-29 09:00:00,36.6,-80.2, , ,,1988,60,1205.1642243328354,,,,,
1988235N15317,CHRIS,1988-08-29 12:00:00,37.5,-79.5,20,1009,,1988,60,1306.869393321727,,,,,
1988235N15317,CHRIS,1988-08-29 15:00:00,38.3,-78.8, , ,,1988,60,1400.3015087198798,,,,,
1988235N15317,CHRIS,1988-08-29 18:00:00,39.2,-77.6,20,1010,,1988,60,1513.7186118898014,,,,,
1988235N15317,CHRIS,1988-08-29 21:00:00,40.2,-75.7, , ,,1988,60,1658.5915658271415,,,,,
1988235N15317,CHRIS,1988-08-30 00:00:00,41.2,-73.6,20,1008,,1988,60,1820.7963465608784,,,,,
1988235N15317,CHRIS,1988-08-30 03:00:00,42.4,-71.8, , ,,1988,60,2002.4521247413936,,,,,
1988235N15317,CHRIS,1988-08-30 06:00:00,43.5,-69.9,20,1008,,1988,60,2181.513977336628,,,,,
1988235N15317,CHRIS,1988-08-30 09:00:00,44.3,-67.5, , ,,1988,60,2356.6564728410453,,,,,
1988235N15317,CHRIS,1988-08-30 12:00:00,45.0,-65.0,25,1008,,1988,60,2534.60933194126,,,,,
1988235N15317,CHRIS,1988-08-30 15:00:00,45.7,-62.5, , ,,1988,60,2718.8847309264183,,,,,
1988235N15317,CHRIS,1988-08-30 18:00:00,46.5,-60.0,25,1008,,1988,60,2915.481752921461,,,,,
1990283N23281,MARCO,1990-10-09 12:00:00,22.5,-79.5,25,1004,,1990,98,369.4134447621471,,,,,
1990283N23281,MARCO,1990-10-09 15:00:00,22.5,-80.1, , ,,1990,98,362.8040591995148,,,,,
1990283N23281,MARCO,1990-10-09 18:00:00,22.7,-80.7,30,1002,,1990,98,344.32185947461056,,,,,
1990283N23281,MARCO,1990-10-09 21:00:00,23.1,-81.1, , ,,1990,98,309.9163816424141,,,,,
1990283N23281,MARCO,1990-10-10 00:00:00,23.5,-81.4,30,1000,,1990,98,279.56661392134896,,,,,
1990283N23281,MARCO,1990-10-10 03:00:00,23.8,-81.7, , ,,1990,98,266.0090492275021,,,,,
1990283N23281,MARCO,1990-10-10 06:00:00,24.1,-82.0,35,996,,1990,98,259.57609773877726,,,,,
1990283N23281,MARCO,1990-10-10 09:00:00,24.3,-82.2, , ,,1990,98,259.51850489515436,,,,,
1990283N23281,MARCO,1990-10-10 12:00:00,24.6,-82.4,40,998,,1990,98,257.0177702848345,,,,,
1990283N23281,MARCO,1990-10-10 15:00:00,24.9,-82.5, , ,,1990,98,250.98575436687617,,,,,
1990283N23281,MARCO,1990-10-10 18:00:00,25.2,-82.5,45,994,,1990,98,239.9611100802783,,,,,
1990283N23281,MARCO,1990-10-10 21:00:00,25.6,-82.6, , ,,1990,98,241.99428262909265,,,,,
1990283N23281,MARCO,1990-10-11 00:00:00,26.0,-82.6,50,993,,1990,98,242.3714613881542,,,,,
1990283N23281,MARCO,1990-10-11 03:00:00,26.3,-82.6, , ,,1990,98,247.94396534258888,,,,,
1990283N23281,MARCO,1990-10-11 06:00:00,26.7,-82.6,55,989,,1990,98,261.8770891788646,,,,,
1990283N23281,MARCO,1990-10-11 09:00:00,27.1,-82.7, , ,,1990,98,290.7084788764929,,,,,
1990283N23281,MARCO,1990-10-11 12:00:00,27.5,-82.8,50,994,,1990,98,323.35892498738775,,,,,
1990283N23281,MARCO,1990-10-11 15:00:00,27.9,-82.9, , ,,1990,98,358.7836764167033,,,,,
1990283N23281,MARCO,1990-10-11 18:00:00,28.3,-83.0,40,998,,1990,98,396.2360016466502,,,,,
1990283N23281,MARCO,1990-10-11 21:00:00,28.6,-83.1, , ,,1990,98,426.99425619141107,,,,,
1990283N23281,MARCO,1990-10-12 00:00:00,29.1,-83.1,30,999,,1990,98,469.1747389787867,,,,,
1990283N23281,MARCO,1990-10-12 03:00:00,29.9,-83.1, , ,,1990,98,541.7159733676325,,,,,
1990283N23281,MARCO,1990-10-12 06:00:00,30.7,-83.0,20,1004,,1990,98,614.1035007959301,,,,,
1990283N23281,MARCO,1990-10-12 09:00:00,31.4,-83.0, , ,,1990,98,684.2060415848629,,,,,
1990283N23281,MARCO,1990-10-12 12:00:00,32.0,-83.0,20,1005,,1990,98,745.5122177566828,,,,,
1990283N23281,MARCO,1990-10-12 15:00:00,32.7,-82.9, , ,,1990,98,814.9296138660284,,,,,
1990283N23281,MARCO,1990-10-12 18:00:00,33.2,-82.6,15,1005,,1990,98,859.2345520457957,,,,,
1990283N23281,MARCO,1990-10-12 21:00:00,33.5,-82.3, , ,,1990,98,884.1864587673979,,,,,
1990283N23281,MARCO,1990-10-13 00:00:00,33.7,-81.9,15,1006,,1990,98,897.9284329753642,,,,,
1990283N23281,MARCO,1990-10-13 03:00:00,33.8,-81.7, , ,,1990,98,905.5540579013336,,,,,
1990283N23281,MARCO,1990-10-13 06:00:00,33.8,-81.5,15,1007,,1990,98,902.662125984457,,,,,
1990283N23281,MARCO,1990-10-13 09:00:00,33.9,-81.3, , ,,1990,98,911.2086369634112,,,,,
1990283N23281,MARCO,1990-10-13 12:00:00,34.0,-81.0,15,1007,,1990,98,919.3538740209232,,,,,
1991181N26282,ANA,1991-06-29 12:00:00,25.9,-78.0,20,1012,,1991,32,219.90162928511543,,,,,
1991181N26282,ANA,1991-06-29 15:00:00,25.9,-78.5, , ,,1991,32,170.019150612536,,,,,
1991181N26282,ANA,1991-06-29 18:00:00,25.9,-79.0,20,1012,,1991,32,120.2678517680423,,,,,
1991181N26282,ANA,1991-06-29 21:00:00,25.9,-79.5, , ,,1991,32,70.92580069231019,,,,,
1991181N26282,ANA,1991-06-30 00:00:00,25.9,-80.0,20,1012,,1991,32,24.596485338424262,,,,,
1991181N26282,ANA,1991-06-30 03:00:00,25.9,-80.5, , ,,1991,32,34.466996040376,,,,,
1991181N26282,ANA,1991-06-30 06:00:00,26.0,-80.9,20,1012,,1991,32,75.64285602819785,,,,,
1991181N26282,ANA,1991-06-30 09:00:00,26.1,-81.4, , ,,1991,32,126.54003796989998,,,,,
1991181N26282,ANA,1991-06-30 12:00:00,26.2,-81.8,20,1012,,1991,32,167.9758490412882,,,,,
1991181N26282,ANA,1991-06-30 15:00:00,26.4,-82.1, , ,,1991,32,203.36102409106837,,,,,
1991181N26282,ANA,1991-06-30 18:00:00,26.7,-82.4,20,1012,,1991,32,243.71056278214365,,,,,
1991181N26282,ANA,1991-06-30 21:00:00,27.0,-82.6, , ,,1991,32,276.5907173795631,,,,,
1991181N26282,ANA,1991-07-01 00:00:00,27.3,-82.7,20,1012,,1991,32,302.5142604038082,,,,,
1991181N26282,ANA,1991-07-01 03:00:00,27.6,-82.7, , ,,1991,32,322.29450878521357,,,,,
1991181N26282,ANA,1991-07-01 06:00:00,28.0,-82.7,20,1012,,1991,32,351.8699476707639,,,,,
1991181N26282,ANA,1991-07-01 09:00:00,28.4,-82.6, , ,,1991,32,378.0060375180571,,,,,
1991181N26282,ANA,1991-07-01 12:00:00,28.7,-82.5,20,1012,,1991,32,398.50785826562463,,,,,
1991181N26282,ANA,1991-07-01 15:00:00,29.0,-82.4, , ,,1991,32,420.9198468877307,,,,,
1991181N26282,ANA,1991-07-01 18:00:00,29.3,-82.2,20,1012,,1991,32,440.4343996822016,,,,,
1991181N26282,ANA,1991-07-01 21:00:00,29.6,-81.9, , ,,1991,32,458.727159425248,,,,,
1991181N26282,ANA,1991-07-02 00:00:00,29.9,-81.6,20,1012,,1991,32,480.5251986644441,,,,,
1991181N26282,ANA,1991-07-02 03:00:00,30.2,-81.3, , ,,1991,32,505.360865665686,,,,,
1991181N26282,ANA,1991-07-02 06:00:00,30.4,-81.0,20,1012,,1991,32,521.8083936665723,,,,,
1991181N26282,ANA,1991-07-02 09:00:00,30.7,-80.7, , ,,1991,32,551.3637667861075,,,,,
1991181N26282,ANA,1991-07-02 12:00:00,30.9,-80.3,20,1012,,1991,32,571.4509063926549,,,,,
1991181N26282,ANA,1991-07-02 15:00:00,31.1,-80.0, , ,,1991,32,593.8876885135666,,,,,
1991181N26282,ANA,1991-07-02 18:00:00,31.3,-79.7,25,1012,,1991,32,617.6993951770727,,,,,
1991181N26282,ANA,1991-07-02 21:00:00,31.4,-79.4, , ,,1991,32,631.6923811124109,,,,,
1991181N26282,ANA,1991-07-03 00:00:00,31.5,-79.0,25,1011,,1991,32,648.5687790378425,,,,,
1991181N26282,ANA,1991-07-03 03:00:00,31.9,-78.3, , ,,1991,32,706.9436772084616,,,,,
1991181N26282,ANA,1991-07-03 06:00:00,32.5,-77.4,25,1010,,1991,32,796.7195916180149,,,,,
1991181N26282,ANA,1991-07-03 09:00:00,33.2,-76.4, , ,,1991,32,904.67085832802,,,,,
1991181N26282,ANA,1991-07-03 12:00:00,33.9,-75.4,30,1008,,1991,32,1015.784213197494,,,,,
1991181N26282,ANA,1991-07-03 15:00:00,34.6,-74.5, , ,,1991,32,1124.237291546205,,,,,
1991181N26282,ANA,1991-07-03 18:00:00,35.2,-73.4,30,1006,,1991,32,1234.0756864837597,,,,,
1991181N26282,ANA,1991-07-03 21:00:00,35.7,-72.1, , ,,1991,32,1347.6062337495327,,,,,
1991181N26282,ANA,1991-07-04 00:00:00,36.2,-70.7,40,1003,,1991,32,1469.9528208427562,,,,,
1991181N26282,ANA,1991-07-04 03:00:00,36.7,-69.3, , ,,1991,32,1595.0189641678942,,,,,
1991181N26282,ANA,1991-07-04 06:00:00,37.1,-67.8,45,1002,,1991,32,1720.6941063683585,,,,,
1991181N26282,ANA,1991-07-04 09:00:00,37.4,-66.3, , ,,1991,32,1841.5598474588496,,,,,
1991181N26282,ANA,1991-07-04 12:00:00,37.6,-64.7,45,1001,,1991,32,1965.109085196938,,,,,
1991181N26282,ANA,1991-07-04 15:00:00,37.8,-62.9, , ,,1991,32,2106.296507953709,,,,,
1991181N26282,ANA,1991-07-04 18:00:00,37.9,-61.1,45,1000,,1991,32,2245.0167977252913,,,,,
1991181N26282,ANA,1991-07-04 21:00:00,38.0,-59.3, , ,,1991,32,2387.235400495019,,,,,
1991181N26282,ANA,1991-07-05 00:00:00,38.0,-57.5,45,1001,,1991,32,2527.3987120296633,,,,,
1991181N26282,ANA,1991-07-05 03:00:00,37.8,-55.8, , ,,1991,32,2653.8274939075195,,,,,
1991181N26282,ANA,1991-07-05 06:00:00,37.5,-54.2,40,1003,,1991,32,2772.1407799185586,,,,,
1991181N26282,ANA,1991-07-05 09:00:00,37.2,-52.5, , ,,1991,32,2902.988812019319,,,,,
1991181N26282,ANA,1991-07-05 12:00:00,37.0,-50.7,35,1005,,1991,32,3049.3343626428114,,,,,
1991288N19274,FABIAN,1991-10-15 00:00:00,18.9,-85.7,25,1010,,1991,76,950.0072952936828,,,,,
1991288N19274,FABIAN,1991-10-15 03:00:00,19.2,-85.4, , ,,1991,76,904.5457581103892,,,,,
1991288N19274,FABIAN,1991-10-15 06:00:00,19.5,-85.1,30,1008,,1991,76,859.1519337902353,,,,,
1991288N19274,FABIAN,1991-10-15 09:00:00,19.9,-84.6, , ,,1991,76,792.8664459041585,,,,,
1991288N19274,FABIAN,1991-10-15 12:00:00,20.3,-84.1,35,1007,,1991,76,727.0353855092837,,,,,
1991288N19274,FABIAN,1991-10-15 15:00:00,20.8,-83.6, , ,,1991,76,652.2676112231218,,,,,
1991288N19274,FABIAN,1991-10-15 18:00:00,21.2,-83.1,40,1006,,1991,76,587.5250005457286,,,,,
1991288N19274,FABIAN,1991-10-15 21:00:00,21.5,-82.8,40,1004,,1991,76,543.2355057688543,,,,,
1991288N19274,FABIAN,1991-10-16 00:00:00,22.4,-81.8,40,1004,,1991,76,407.8859824293396,,,,,
1991288N19274,FABIAN,1991-10-16 03:00:00,23.2,-81.2, , ,,1991,76,302.5645800646641,,,,,
1991288N19274,FABIAN,1991-10-16 06:00:00,23.9,-80.8,40,1002,,1991,76,215.9174242864559,,,,,
1991288N19274,FABIAN,1991-10-16 08:34:00,24.5,-80.5,40,1002,,1991,76,143.6842009260671,,,,,
1991288N19274,FABIAN,1991-10-16 09:00:00,24.6,-80.4, , ,,1991,76,130.86300927062814,,,,,
1991288N19274,FABIAN,1991-10-16 12:00:00,25.2,-79.8,40,1007,,1991,76,73.80874452564571,,,,,
1991288N19274,FABIAN,1991-10-16 15:00:00,25.7,-79.3, , ,,1991,76,89.59379817733854,,,,,
1991288N19274,FABIAN,1991-10-16 18:00:00,26.5,-78.5,40,1009,,1991,76,187.7845680712689,,,,,
1991288N19274,FABIAN,1991-10-16 21:00:00,28.0,-77.2, , ,,1991,76,387.2572370560426,,,,,
1991288N19274,FABIAN,1991-10-17 00:00:00,30.0,-75.5,40,1009,,1991,76,659.2067722267533,,,,,
1992230N11325,ANDREW,1992-08-16 18:00:00,10.8,-35.5,25,1010,,1992,63,4974.534313086311,,,,,
1992230N11325,ANDREW,1992-08-16 21:00:00,11.0,-36.4, , ,,1992,63,4876.411349488937,,,,,
1992230N11325,ANDREW,1992-08-17 00:00:00,11.2,-37.4,30,1009,,1992,63,4768.557832443761,,,,,
1992230N11325,ANDREW,1992-08-17 03:00:00,11.4,-38.5, , ,,1992,63,4651.016387345711,,,,,
1992230N11325,ANDREW,1992-08-17 06:00:00,11.7,-39.6,30,1008,,1992,63,4528.715681612021,,,,,
1992230N11325,ANDREW,1992-08-17 09:00:00,12.0,-40.8, , ,,1992,63,4396.771396229194,,,,,
1992230N11325,ANDREW,1992-08-17 12:00:00,12.3,-42.0,35,1006,,1992,63,4264.981850142632,,,,,
1992230N11325,ANDREW,1992-08-17 15:00:00,12.7,-43.1, , ,,1992,63,4138.186065367336,,,,,
1992230N11325,ANDREW,1992-08-17 18:00:00,13.1,-44.2,35,1003,,1992,63,4011.538453067441,,,,,
1992230N11325,ANDREW,1992-08-17 21:00:00,13.4,-45.2, , ,,1992,63,3899.6334457888106,,,,,
1992230N11325,ANDREW,1992-08-18 00:00:00,13.6,-46.2,40,1002,,1992,63,3792.730544288032,,,,,
1992230N11325,ANDREW,1992-08-18 03:00:00,13.8,-47.1, , ,,1992,63,3695.659164824327,,,,,
1992230N11325,ANDREW,1992-08-18 06:00:00,14.1,-48.0,45,1001,,1992,63,3593.785169868444,,,,,
1992230N11325,ANDREW,1992-08-18 09:00:00,14.3,-48.9, , ,,1992,63,3496.9295758961116,,,,,
1992230N11325,ANDREW,1992-08-18 12:00:00,14.6,-49.9,45,1000,,1992,63,3385.6172292510005,,,,,
1992230N11325,ANDREW,1992-08-18 15:00:00,15.0,-50.9, , ,,1992,63,3269.5247590234467,,,,,
1992230N11325,ANDREW,1992-08-18 18:00:00,15.4,-51.8,45,1000,,1992,63,3163.229709223752,,,,,
1992230N11325,ANDREW,1992-08-18 21:00:00,15.8,-52.7, , ,,1992,63,3057.093494412945,,,,,
1992230N11325,ANDREW,1992-08-19 00:00:00,16.3,-53.5,45,1001,,1992,63,2955.9883662481957,,,,,
1992230N11325,ANDREW,1992-08-19 03:00:00,16.8,-54.4, , ,,1992,63,2845.534344173361,,,,,
1992230N11325,ANDREW,1992-08-19 06:00:00,17.2,-55.3,45,1002,,1992,63,2740.00187588584,,,,,
1992230N11325,ANDREW,1992-08-19 09:00:00,17.6,-56.1, , ,,1992,63,2644.321060718687,,,,,
1992230N11325,ANDREW,1992-08-19 12:00:00,18.0,-56.9,45,1005,,1992,63,2548.847248529156,,,,,
1992230N11325,ANDREW,1992-08-19 15:00:00,18.4,-57.6, , ,,1992,63,2463.2705511406,,,,,
1992230N11325,ANDREW,1992-08-19 18:00:00,18.8,-58.3,45,1007,,1992,63,2377.9459648092375,,,,,
1992230N11325,ANDREW,1992-08-19 21:00:00,19.3,-58.9, , ,,1992,63,2298.3934602043832,,,,,
1992230N11325,ANDREW,1992-08-20 00:00:00,19.8,-59.3,40,1011,,1992,63,2238.951463232111,,,,,
1992230N11325,ANDREW,1992-08-20 03:00:00,20.2,-59.7, , ,,1992,63,2184.132454774943,,,,,
1992230N11325,ANDREW,1992-08-20 06:00:00,20.7,-60.0,40,1013,,1992,63,2135.954575330598,,,,,
1992230N11325,ANDREW,1992-08-20 09:00:00,21.2,-60.3, , ,,1992,63,2088.758865593937,,,,,
1992230N11325,ANDREW,1992-08-20 12:00:00,21.7,-60.7,40,1015,,1992,63,2032.7139064682915,,,,,
1992230N11325,ANDREW,1992-08-20 15:00:00,22.1,-61.1, , ,,1992,63,1980.6998832999432,,,,,
1992230N11325,ANDREW,1992-08-20 18:00:00,22.5,-61.5,40,1014,,1992,63,1929.373395322241,,,,,
1992230N11325,ANDREW,1992-08-20 21:00:00,22.9,-61.9, , ,,1992,63,1878.786883158643,,,,,
1992230N11325,ANDREW,1992-08-21 00:00:00,23.2,-62.4,45,1014,,1992,63,1821.41858810831,,,,,
1992230N11325,ANDREW,1992-08-21 03:00:00,23.6,-62.9, , ,,1992,63,1762.2478602060917,,,,,
1992230N11325,ANDREW,1992-08-21 06:00:00,23.9,-63.3,45,1010,,1992,63,1715.950940046194,,,,,
1992230N11325,ANDREW,1992-08-21 09:00:00,24.2,-63.8, , ,,1992,63,1660.1817433152578,,,,,
1992230N11325,ANDREW,1992-08-21 12:00:00,24.4,-64.2,50,1007,,1992,63,1616.638978644714,,,,,
1992230N11325,ANDREW,1992-08-21 15:00:00,24.6,-64.5, , ,,1992,63,1583.3685836490758,,,,,
1992230N11325,ANDREW,1992-08-21 18:00:00,24.8,-64.9,50,1004,,1992,63,1540.367362417424,,,,,
1992230N11325,ANDREW,1992-08-21 21:00:00,25.1,-65.4, , ,,1992,63,1486.4450657542952,,,,,
1992230N11325,ANDREW,1992-08-22 00:00:00,25.3,-65.9,55,1000,,1992,63,1434.2165803138787,,,,,
1992230N11325,ANDREW,1992-08-22 03:00:00,25.5,-66.4, , ,,1992,63,1382.3504962660274,,,,,
1992230N11325,ANDREW,1992-08-22 06:00:00,25.6,-67.0,65,994,,1992,63,1321.5384020290278,,,,,
1992230N11325,ANDREW,1992-08-22 09:00:00,25.7,-67.6, , ,,1992,63,1260.8490382041266,,,,,
1992230N11325,ANDREW,1992-08-22 12:00:00,25.8,-68.3,80,981,,1992,63,1190.2927770962829,,,,,
1992230N11325,ANDREW,1992-08-22 15:00:00,25.8,-69.0, , ,,1992,63,1120.2719529748988,,,,,
1992230N11325,ANDREW,1992-08-22 18:00:00,25.7,-69.7,95,969,,1992,63,1050.700195964945,,,,,
1992230N11325,ANDREW,1992-08-22 21:00:00,25.6,-70.4, , ,,1992,63,981.188484435455,,,,,
1992230N11325,ANDREW,1992-08-23 00:00:00,25.6,-71.1,110,961,,1992,63,911.0981868537416,,,,,
1992230N11325,ANDREW,1992-08-23 03:00:00,25.5,-71.8, , ,,1992,63,841.6668015271189,,,,,
1992230N11325,ANDREW,1992-08-23 06:00:00,25.5,-72.5,130,947,,1992,63,771.5677709023892,,,,,
1992230N11325,ANDREW,1992-08-23 09:00:00,25.4,-73.3, , ,,1992,63,692.3043676777842,,,,,
1992230N11325,ANDREW,1992-08-23 12:00:00,25.4,-74.2,145,933,,1992,63,602.2407948327385,,,,,
1992230N11325,ANDREW,1992-08-23 15:00:00,25.4,-75.0, , ,,1992,63,522.2292409722706,,,,,
1992230N11325,ANDREW,1992-08-23 18:00:00,25.4,-75.8,150,922,,1992,63,442.2878022234511,,,,,
1992230N11325,ANDREW,1992-08-23 21:00:00,25.4,-76.6,140,923,,1992,63,362.4667505843427,,,,,
1992230N11325,ANDREW,1992-08-24 00:00:00,25.4,-77.5,125,930,,1992,63,272.9488051901912,,,,,
1992230N11325,ANDREW,1992-08-24 01:00:00,25.4,-77.8,130,931,,1992,63,243.23052359483353,,,,,
1992230N11325,ANDREW,1992-08-24 03:00:00,25.4,-78.4, , ,,1992,63,184.15279148318535,,,,,
1992230N11325,ANDREW,1992-08-24 06:00:00,25.4,-79.3,130,937,,1992,63,98.06943877032958,,,,,
1992230N11325,ANDREW,1992-08-24 08:40:00,25.5,-80.2,145,926,,1992,63,29.111321939308777,,,,,
1992230N11325,ANDREW,1992-08-24 09:00:00,25.5,-80.3, , ,,1992,63,31.055743188951546,,,,,
1992230N11325,ANDREW,1992-08-24 09:05:00,25.5,-80.3,145,922,,1992,63,31.055743188951546,,,,,
1992230N11325,ANDREW,1992-08-24 12:00:00,25.6,-81.2,115,951,,1992,63,102.6201830406974,,,,,
1992230N11325,ANDREW,1992-08-24 15:00:00,25.7,-82.1, , ,,1992,63,191.2643035432924,,,,,
1992230N11325,ANDREW,1992-08-24 18:00:00,25.8,-83.1,115,947,,1992,63,291.2147037364666,,,,,
1992230N11325,ANDREW,1992-08-24 21:00:00,26.0,-84.1, , ,,1992,63,391.8680314302512,,,,,
1992230N11325,ANDREW,1992-08-25 00:00:00,26.2,-85.0,115,943,,1992,63,483.05205832766967,,,,,
1992230N11325,ANDREW,1992-08-25 03:00:00,26.4,-85.9, , ,,1992,63,574.4428667361767,,,,,
1992230N11325,ANDREW,1992-08-25 06:00:00,26.6,-86.7,115,948,,1992,63,656.0119514334501,,,,,
1992230N11325,ANDREW,1992-08-25 09:00:00,26.9,-87.5, , ,,1992,63,739.1223598936773,,,,,
1992230N11325,ANDREW,1992-08-25 12:00:00,27.2,-88.2,120,946,,1992,63,812.7708038555191,,,,,
1992230N11325,ANDREW,1992-08-25 15:00:00,27.5,-88.9, , ,,1992,63,886.6812060832561,,,,,
1992230N11325,ANDREW,1992-08-25 18:00:00,27.8,-89.6,125,941,,1992,63,960.7474408179518,,,,,
1992230N11325,ANDREW,1992-08-25 21:00:00,28.1,-90.1, , ,,1992,63,1015.7312813390892,,,,,
1992230N11325,ANDREW,1992-08-26 00:00:00,28.5,-90.5,125,937,,1992,63,1064.1295525186115,,,,,
1992230N11325,ANDREW,1992-08-26 03:00:00,28.8,-90.9, , ,,1992,63,1110.3544252867443,,,,,
1992230N11325,ANDREW,1992-08-26 06:00:00,29.2,-91.3,120,955,,1992,63,1159.957324472693,,,,,
1992230N11325,ANDREW,1992-08-26 08:30:00,29.6,-91.5,100,956,,1992,63,1191.7744501554594,,,,,
1992230N11325,ANDREW,1992-08-26 09:00:00,29.7,-91.5, , ,,1992,63,1195.3066357231346,,,,,
1992230N11325,ANDREW,1992-08-26 12:00:00,30.1,-91.7,80,973,,1992,63,1228.3610521794617,,,,,
1992230N11325,ANDREW,1992-08-26 15:00:00,30.5,-91.7, , ,,1992,63,1244.5028254251408,,,,,
1992230N11325,ANDREW,1992-08-26 18:00:00,30.9,-91.6,50,991,,1992,63,1253.2854333872613,,,,,
1992230N11325,ANDREW,1992-08-26 21:00:00,31.2,-91.4, , ,,1992,63,1250.2585363731837,,,,,
1992230N11325,ANDREW,1992-08-27 00:00:00,31.5,-91.1,35,995,,1992,63,1240.1510522278124,,,,,
1992230N11325,ANDREW,1992-08-27 03:00:00,31.8,-90.8, , ,,1992,63,1231.7021052607574,,,,,
1992230N11325,ANDREW,1992-08-27 06:00:00,32.1,-90.5,30,997,,1992,63,1224.9411860152104,,,,,
1992230N11325,ANDREW,1992-08-27 09:00:00,32.4,-90.1, , ,,1992,63,1212.1841203626486,,,,,
1992230N11325,ANDREW,1992-08-27 12:00:00,32.8,-89.6,30,998,,1992,63,1201.0976786814613,,,,,
1992230N11325,ANDREW,1992-08-27 15:00:00,33.2,-89.1, , ,,1992,63,1193.8301892142258,,,,,
1992230N11325,ANDREW,1992-08-27 18:00:00,33.6,-88.4,25,999,,1992,63,1177.3839223299656,,,,,
1992230N11325,ANDREW,1992-08-27 21:00:00,34.0,-87.7, , ,,1992,63,1166.7002492436889,,,,,
1992230N11325,ANDREW,1992-08-28 00:00:00,34.4,-86.7,20,1000,,1992,63,1145.9371739299008,,,,,
1992230N11325,ANDREW,1992-08-28 03:00:00,34.9,-85.4, , ,,1992,63,1131.9290537690404,,,,,
1992230N11325,ANDREW,1992-08-28 06:00:00,35.4,-84.0,20,1000,,1992,63,1131.7466994970248,,,,,
1993152N22276,UNNAMED,1993-05-31 12:00:00,21.5,-84.0,25,1003,,1993,30,612.3272590200686,,,,,
1993152N22276,UNNAMED,1993-05-31 15:00:00,21.9,-83.0, , ,,1993,30,515.6757106806241,,,,,
1993152N22276,UNNAMED,1993-05-31 18:00:00,22.3,-82.0,25,1002,,1993,30,426.4637816047001,,,,,
1993152N22276,UNNAMED,1993-05-31 21:00:00,22.7,-81.1, , ,,1993,30,352.67615511043596,,,,,
1993152N22276,UNNAMED,1993-06-01 00:00:00,23.2,-80.3,25,1000,,1993,30,285.0583640812293,,,,,
1993152N22276,UNNAMED,1993-06-01 03:00:00,23.8,-79.6, , ,,1993,30,226.16396323227852,,,,,
1993152N22276,UNNAMED,1993-06-01 06:00:00,24.5,-79.0,25,1000,,1993,30,184.59727025075028,,,,,
1993152N22276,UNNAMED,1993-06-01 09:00:00,25.0,-78.3, , ,,1993,30,208.0692560792896,,,,,
1993152N22276,UNNAMED,1993-06-01 12:00:00,25.4,-77.5,30,999,,1993,30,272.9488051901912,,,,,
1993152N22276,UNNAMED,1993-06-01 15:00:00,25.8,-76.7, , ,,1993,30,349.6393199917667,,,,,
1993152N22276,UNNAMED,1993-06-01 18:00:00,26.1,-75.8,30,999,,1993,30,440.7669129131972,,,,,
1993152N22276,UNNAMED,1993-06-01 21:00:00,26.4,-74.9, , ,,1993,30,533.2089474509625,,,,,
1993152N22276,UNNAMED,1993-06-02 00:00:00,26.7,-74.0,30,999,,1993,30,626.2769099526167,,,,,
1993152N22276,UNNAMED,1993-06-02 03:00:00,27.3,-72.9, , ,,1993,30,745.1891980823883,,,,,
1993152N22276,UNNAMED,1993-06-02 06:00:00,27.8,-71.8,30,999,,1993,30,863.0966761083546,,,,,
1993152N22276,UNNAMED,1993-06-02 09:00:00,28.2,-70.8, , ,,1993,30,969.0178166894074,,,,,
1993152N22276,UNNAMED,1993-06-02 12:00:00,28.4,-69.9,35,999,,1993,30,1059.893612406299,,,,,
1993152N22276,UNNAMED,1993-06-02 15:00:00,28.5,-68.9, , ,,1993,30,1157.628576978568,,,,,
1993152N22276,UNNAMED,1993-06-02 18:00:00,28.5,-67.8,35,1000,,1993,30,1262.840012182393,,,,,
1993152N22276,UNNAMED,1993-06-02 21:00:00,28.6,-66.6, , ,,1993,30,1380.1043923990237,,,,,
1993152N22276,UNNAMED,1993-06-03 00:00:00,28.8,-65.3,35,1000,,1993,30,1508.8327117279696,,,,,
1994313N12278,GORDON,1994-11-08 12:00:00,11.9,-82.3,25,1009,,1994,105,1557.1335605799477,,,,,
1994313N12278,GORDON,1994-11-08 15:00:00,11.9,-82.4, , ,,1994,105,1558.6578189045233,,,,,
1994313N12278,GORDON,1994-11-08 18:00:00,12.0,-82.5,25,1008,,1994,105,1549.257620893356,,,,,
1994313N12278,GORDON,1994-11-08 21:00:00,12.1,-82.6, , ,,1994,105,1539.9500216298716,,,,,
1994313N12278,GORDON,1994-11-09 00:00:00,12.3,-82.8,30,1007,,1994,105,1521.6189131105157,,,,,
1994313N12278,GORDON,1994-11-09 03:00:00,12.4,-82.9, , ,,1994,105,1512.5985999626196,,,,,
1994313N12278,GORDON,1994-11-09 06:00:00,12.5,-83.0,30,1007,,1994,105,1503.677276942592,,,,,
1994313N12278,GORDON,1994-11-09 09:00:00,12.6,-83.1, , ,,1994,105,1494.8565893599891,,,,,
1994313N12278,GORDON,1994-11-09 12:00:00,12.8,-83.2,30,1007,,1994,105,1475.2553354528327,,,,,
1994313N12278,GORDON,1994-11-09 15:00:00,13.0,-83.3, , ,,1994,105,1455.8000703787231,,,,,
1994313N12278,GORDON,1994-11-09 18:00:00,13.2,-83.4,30,1007,,1994,105,1436.496429083464,,,,,
1994313N12278,GORDON,1994-11-09 21:00:00,13.4,-83.4, , ,,1994,105,1414.838690367051,,,,,
1994313N12278,GORDON,1994-11-10 00:00:00,13.6,-83.4,30,1007,,1994,105,1393.1989590037638,,,,,
1994313N12278,GORDON,1994-11-10 03:00:00,13.8,-83.4, , ,,1994,105,1371.578087500575,,,,,
1994313N12278,GORDON,1994-11-10 06:00:00,14.0,-83.4,30,1008,,1994,105,1349.976982208168,,,,,
1994313N12278,GORDON,1994-11-10 09:00:00,14.2,-83.3, , ,,1994,105,1325.8102418888564,,,,,
1994313N12278,GORDON,1994-11-10 12:00:00,14.3,-83.2,30,1008,,1994,105,1312.479873086989,,,,,
1994313N12278,GORDON,1994-11-10 15:00:00,14.4,-83.0, , ,,1994,105,1296.803741841147,,,,,
1994313N12278,GORDON,1994-11-10 18:00:00,14.6,-82.7,35,1006,,1994,105,1268.3101939891344,,,,,
1994313N12278,GORDON,1994-11-10 21:00:00,14.8,-82.5, , ,,1994,105,1242.3328880861204,,,,,
1994313N12278,GORDON,1994-11-11 00:00:00,15.1,-82.4,35,1006,,1994,105,1207.559635412876,,,,,
1994313N12278,GORDON,1994-11-11 03:00:00,15.4,-82.3, , ,,1994,105,1172.8030782218775,,,,,
1994313N12278,GORDON,1994-11-11 06:00:00,15.7,-82.3,35,1003,,1994,105,1140.01135391631,,,,,
1994313N12278,GORDON,1994-11-11 09:00:00,16.0,-82.3, , ,,1994,105,1107.2531170160587,,,,,
1994313N12278,GORDON,1994-11-11 12:00:00,16.3,-82.2,35,1005,,1994,105,1072.4729925229872,,,,,
1994313N12278,GORDON,1994-11-11 15:00:00,16.6,-81.9, , ,,1994,105,1033.9686844299115,,,,,
1994313N12278,GORDON,1994-11-11 18:00:00,16.9,-81.5,35,1004,,1994,105,994.6219496312924,,,,,
1994313N12278,GORDON,1994-11-11 21:00:00,17.1,-81.1, , ,,1994,105,967.7010548493058,,,,,
1994313N12278,GORDON,1994-11-12 00:00:00,17.2,-80.8,40,1000,,1994,105,954.0896466800434,,,,,
1994313N12278,GORDON,1994-11-12 03:00:00,17.3,-80.5, , ,,1994,105,941.4365655187516,,,,,
1994313N12278,GORDON,1994-11-12 06:00:00,17.4,-80.2,40,999,,1994,105,929.779003713146,,,,,
1994313N12278,GORDON,1994-11-12 09:00:00,17.5,-80.0, , ,,1994,105,918.8724762795767,,,,,
1994313N12278,GORDON,1994-11-12 12:00:00,17.5,-79.8,40,999,,1994,105,919.54907609104,,,,,
1994313N12278,GORDON,1994-11-12 15:00:00,17.4,-79.6, , ,,1994,105,931.784837884292,,,,,
1994313N12278,GORDON,1994-11-12 18:00:00,17.4,-79.2,35,999,,1994,105,935.4024545851304,,,,,
1994313N12278,GORDON,1994-11-12 21:00:00,17.4,-78.7, , ,,1994,105,942.4541146423192,,,,,
1994313N12278,GORDON,1994-11-13 00:00:00,17.6,-77.9,35,999,,1994,105,937.851524166951,,,,,
1994313N12278,GORDON,1994-11-13 03:00:00,17.9,-76.8,35,1000,,1994,105,941.5281857767194,,,,,
1994313N12278,GORDON,1994-11-13 06:00:00,18.3,-76.0,40,1001,,1994,105,935.2479396220318,,,,,
1994313N12278,GORDON,1994-11-13 09:00:00,19.2,-75.4, , ,,1994,105,879.958317278989,,,,,
1994313N12278,GORDON,1994-11-13 12:00:00,19.9,-75.0,40,1000,,1994,105,841.1454587600099,,,,,
1994313N12278,GORDON,1994-11-13 13:00:00,20.0,-74.9,40,1000,,1994,105,839.0139428455739,,,,,
1994313N12278,GORDON,1994-11-13 15:00:00,20.5,-74.9, , ,,1994,105,796.724635431745,,,,,
1994313N12278,GORDON,1994-11-13 18:00:00,21.5,-75.4,40,1001,,1994,105,680.1851884350435,,,,,
1994313N12278,GORDON,1994-11-13 21:00:00,21.9,-75.8, , ,,1994,105,619.5161206118438,,,,,
1994313N12278,GORDON,1994-11-14 00:00:00,22.1,-76.3,40,999,,1994,105,567.5777049392958,,,,,
1994313N12278,GORDON,1994-11-14 03:00:00,22.4,-76.9, , ,,1994,105,501.3448252376888,,,,,
1994313N12278,GORDON,1994-11-14 06:00:00,22.7,-77.5,45,998,,1994,105,436.3153977347976,,,,,
1994313N12278,GORDON,1994-11-14 09:00:00,23.0,-77.9, , ,,1994,105,384.915195217733,,,,,
1994313N12278,GORDON,1994-11-14 12:00:00,23.2,-78.3,45,997,,1994,105,343.19090456305236,,,,,
1994313N12278,GORDON,1994-11-14 15:00:00,23.3,-78.7, , ,,1994,105,312.56133051574034,,,,,
1994313N12278,GORDON,1994-11-14 18:00:00,23.4,-79.1,45,998,,1994,105,284.8664983125863,,,,,
1994313N12278,GORDON,1994-11-14 21:00:00,23.5,-79.5, , ,,1994,105,261.0278144971186,,,,,
1994313N12278,GORDON,1994-11-15 00:00:00,23.6,-79.9,45,998,,1994,105,242.1710699308243,,,,,
1994313N12278,GORDON,1994-11-15 03:00:00,23.7,-80.4, , ,,1994,105,230.21273781277247,,,,,
1994313N12278,GORDON,1994-11-15 06:00:00,23.9,-80.8,45,999,,1994,105,215.9174242864559,,,,,
1994313N12278,GORDON,1994-11-15 09:00:00,24.2,-81.2, , ,,1994,105,201.1982320256999,,,,,
1994313N12278,GORDON,1994-11-15 12:00:00,24.5,-81.6,45,999,,1994,105,199.4433290786098,,,,,
1994313N12278,GORDON,1994-11-15 13:00:00,24.6,-81.7,45,999,,1994,105,199.2935803293763,,,,,
1994313N12278,GORDON,1994-11-15 15:00:00,24.7,-81.9, , ,,1994,105,208.4662665409509,,,,,
1994313N12278,GORDON,1994-11-15 18:00:00,24.9,-82.1,45,998,,1994,105,214.3808128365259,,,,,
1994313N12278,GORDON,1994-11-15 21:00:00,25.2,-82.3, , ,,1994,105,220.63998130173593,,,,,
1994313N12278,GORDON,1994-11-16 00:00:00,25.4,-82.5,45,998,,1994,105,234.965699508449,,,,,
1994313N12278,GORDON,1994-11-16 03:00:00,25.5,-82.5, , ,,1994,105,233.2239681811356,,,,,
1994313N12278,GORDON,1994-11-16 06:00:00,25.7,-82.4,45,997,,1994,105,221.29743678994413,,,,,
1994313N12278,GORDON,1994-11-16 09:00:00,26.0,-82.2, , ,,1994,105,202.64302250466304,,,,,
1994313N12278,GORDON,1994-11-16 12:00:00,26.4,-82.0,45,995,,1994,105,194.033429696425,,,,,
1994313N12278,GORDON,1994-11-16 13:00:00,26.5,-81.9,45,996,,1994,105,189.2583366865299,,,,,
1994313N12278,GORDON,1994-11-16 15:00:00,26.7,-81.7, , ,,1994,105,183.0707884384791,,,,,
1994313N12278,GORDON,1994-11-16 18:00:00,27.1,-81.4,45,995,,1994,105,191.3546084655584,,,,,
1994313N12278,GORDON,1994-11-16 21:00:00,27.5,-80.8, , ,,1994,105,202.52232737817891,,,,,
1994313N12278,GORDON,1994-11-17 00:00:00,28.0,-80.0,55,993,,1994,105,249.61334754963676,,,,,
1994313N12278,GORDON,1994-11-17 03:00:00,28.5,-79.3, , ,,1994,105,317.01255456850345,,,,,
1994313N12278,GORDON,1994-11-17 06:00:00,29.0,-78.5,55,989,,1994,105,396.9249519437972,,,,,
1994313N12278,GORDON,1994-11-17 09:00:00,29.5,-77.6, , ,,1994,105,487.7883359820772,,,,,
1994313N12278,GORDON,1994-11-17 12:00:00,30.0,-76.7,60,987,,1994,105,582.9085710997057,,,,,
1994313N12278,GORDON,1994-11-17 15:00:00,30.7,-75.7, , ,,1994,105,703.5106520538831,,,,,
1994313N12278,GORDON,1994-11-17 18:00:00,31.5,-74.8,65,981,,1994,105,826.7814782432898,,,,,
1994313N12278,GORDON,1994-11-17 21:00:00,32.4,-74.3, , ,,1994,105,933.7525939477388,,,,,
1994313N12278,GORDON,1994-11-18 00:00:00,33.1,-74.2,75,980,,1994,105,1000.7859143869848,,,,,
1994313N12278,GORDON,1994-11-18 03:00:00,33.4,-74.3, , ,,1994,105,1022.2400838119348,,,,,
1994313N12278,GORDON,1994-11-18 06:00:00,33.5,-74.7,70,981,,1994,105,1010.5670101618869,,,,,
1994313N12278,GORDON,1994-11-18 09:00:00,33.7,-75.2, , ,,1994,105,1005.3386385468812,,,,,
1994313N12278,GORDON,1994-11-18 12:00:00,33.7,-75.7,70,984,,1994,105,983.1829097343374,,,,,
1994313N12278,GORDON,1994-11-18 15:00:00,33.5,-75.9, , ,,1994,105,954.9502743474384,,,,,
1994313N12278,GORDON,1994-11-18 18:00:00,33.2,-75.9,60,986,,1994,105,925.304305524316,,,,,
1994313N12278,GORDON,1994-11-18 21:00:00,32.9,-75.8, , ,,1994,105,900.4477636473246,,,,,
1994313N12278,GORDON,1994-11-19 00:00:00,32.5,-75.5,50,992,,1994,105,876.6885243389014,,,,,
1994313N12278,GORDON,1994-11-19 03:00:00,32.0,-75.2, , ,,1994,105,846.7086082131327,,,,,
1994313N12278,GORDON,1994-11-19 06:00:00,31.6,-75.0,45,996,,1994,105,823.1023269715574,,,,,
1994313N12278,GORDON,1994-11-19 09:00:00,31.3,-74.8, , ,,1994,105,810.0866219137861,,,,,
1994313N12278,GORDON,1994-11-19 12:00:00,31.1,-74.8,40,1000,,1994,105,793.6622868348526,,,,,
1994313N12278,GORDON,1994-11-19 15:00:00,30.8,-74.9, , ,,1994,105,762.8962441540917,,,,,
1994313N12278,GORDON,1994-11-19 18:00:00,30.4,-75.0,35,1005,,1994,105,724.6607013278463,,,,,
1994313N12278,GORDON,1994-11-19 21:00:00,30.1,-75.1, , ,,1994,105,694.7517742148331,,,,,
1994313N12278,GORDON,1994-11-20 00:00:00,29.8,-75.3,35,1007,,1994,105,658.0483172547337,,,,,
1994313N12278,GORDON,1994-11-20 03:00:00,29.3,-75.7, , ,,1994,105,592.3071238771223,,,,,
1994313N12278,GORDON,1994-11-20 06:00:00,28.9,-76.2,30,1008,,1994,105,526.478274804505,,,,,
1994313N12278,GORDON,1994-11-20 09:00:00,28.6,-76.7, , ,,1994,105,467.8155862114818,,,,,
1994313N12278,GORDON,1994-11-20 12:00:00,28.4,-77.2,30,1009,,1994,105,416.852768541122,,,,,
1994313N12278,GORDON,1994-11-20 15:00:00,28.3,-77.9, , ,,1994,105,362.1806524510605,,,,,
1994313N12278,GORDON,1994-11-20 18:00:00,28.2,-78.6,25,1009,,1994,105,313.660609391687,,,,,
1994313N12278,GORDON,1994-11-20 21:00:00,28.1,-79.2, , ,,1994,105,277.97255187314255,,,,,
1994313N12278,GORDON,1994-11-21 00:00:00,28.2,-79.8,25,1010,,1994,105,273.89149733969987,,,,,
1994313N12278,GORDON,1994-11-21 03:00:00,28.5,-80.6,25,1011,,1994,105,307.1520619805259,,,,,
1994313N12278,GORDON,1994-11-21 06:00:00,29.2,-81.5,20,1012,,1994,105,403.5032353840461,,,,,
1994313N12278,GORDON,1994-11-21 09:00:00,30.1,-82.0, , ,,1994,105,514.0379171771589,,,,,
1994313N12278,GORDON,1994-11-21 12:00:00,31.3,-81.8,20,1013,,1994,105,635.5263355734055,,,,,
1994313N12278,GORDON,1994-11-21 15:00:00,32.7,-81.0, , ,,1994,105,775.4700190533545,,,,,
1994313N12278,GORDON,1994-11-21 18:00:00,34.1,-79.8,20,1013,,1994,105,927.9423578185748,,,,,
1995212N22287,ERIN,1995-07-31 00:00:00,22.3,-73.2,45,1004,,1995,36,807.4737242661043,,,,,
1995212N22287,ERIN,1995-07-31 03:00:00,22.5,-73.4, , ,,1995,36,778.6294618099802,,,,,
1995212N22287,ERIN,1995-07-31 06:00:00,22.6,-73.6,50,1003,,1995,36,755.2754419975345,,,,,
1995212N22287,ERIN,1995-07-31 09:00:00,22.7,-73.8, , ,,1995,36,731.9342070487561,,,,,
1995212N22287,ERIN,1995-07-31 12:00:00,22.8,-73.9,55,999,,1995,36,717.592139226549,,,,,
1995212N22287,ERIN,1995-07-31 15:00:00,23.0,-74.1, , ,,1995,36,689.0384456154394,,,,,
1995212N22287,ERIN,1995-07-31 18:00:00,23.2,-74.3,60,997,,1995,36,660.6754751411771,,,,,
1995212N22287,ERIN,1995-07-31 21:00:00,23.4,-74.6, , ,,1995,36,623.3443827211127,,,,,
1995212N22287,ERIN,1995-08-01 00:00:00,23.6,-74.9,70,992,,1995,36,586.1369183430529,,,,,
1995212N22287,ERIN,1995-08-01 03:00:00,23.9,-75.3, , ,,1995,36,535.2469476835466,,,,,
1995212N22287,ERIN,1995-08-01 06:00:00,24.3,-75.7,75,988,,1995,36,480.8186955356892,,,,,
1995212N22287,ERIN,1995-08-01 09:00:00,24.9,-76.0, , ,,1995,36,432.0272188658667,,,,,
1995212N22287,ERIN,1995-08-01 12:00:00,25.5,-76.3,75,985,,1995,36,391.2349544952621,,,,,
1995212N22287,ERIN,1995-08-01 15:00:00,25.9,-76.9, , ,,1995,36,329.80915020580557,,,,,
1995212N22287,ERIN,1995-08-01 18:00:00,26.3,-77.7,75,980,,1995,36,256.0573444568414,,,,,
1995212N22287,ERIN,1995-08-01 21:00:00,26.6,-78.4, , ,,1995,36,201.63414242700784,,,,,
1995212N22287,ERIN,1995-08-02 00:00:00,26.9,-79.0,75,982,,1995,36,173.5707554389579,,,,,
1995212N22287,ERIN,1995-08-02 03:00:00,27.4,-80.3, , ,,1995,36,182.4880843359623,,,,,
1995212N22287,ERIN,1995-08-02 06:00:00,27.7,-80.4,75,985,,1995,36,216.51848881541073,,,,,
1995212N22287,ERIN,1995-08-02 06:15:00,27.7,-80.3,75,984,,1995,36,215.79678088011875,,,,,
1995212N22287,ERIN,1995-08-02 09:00:00,27.9,-80.5, , ,,1995,36,239.72624026590748,,,,,
1995212N22287,ERIN,1995-08-02 12:00:00,28.2,-81.9,50,990,,1995,36,319.6148301705922,,,,,
1995212N22287,ERIN,1995-08-02 15:00:00,28.4,-82.7, , ,,1995,36,384.3249904934224,,,,,
1995212N22287,ERIN,1995-08-02 18:00:00,28.6,-83.4,60,988,,1995,36,447.5143836289109,,,,,
1995212N22287,ERIN,1995-08-02 21:00:00,28.7,-84.1, , ,,1995,36,505.953791507329,,,,,
1995212N22287,ERIN,1995-08-03 00:00:00,28.8,-84.7,65,985,,1995,36,559.0445544133142,,,,,
1995212N22287,ERIN,1995-08-03 03:00:00,29.0,-85.2, , ,,1995,36,611.5858173409364,,,,,
1995212N22287,ERIN,1995-08-03 06:00:00,29.3,-85.7,70,979,,1995,36,670.4957165010643,,,,,
1995212N22287,ERIN,1995-08-03 09:00:00,29.5,-86.2, , ,,1995,36,723.067919999035,,,,,
1995212N22287,ERIN,1995-08-03 12:00:00,29.8,-86.6,80,974,,1995,36,773.7458241773398,,,,,
1995212N22287,ERIN,1995-08-03 13:30:00,30.0,-86.8,85,973,,1995,36,802.185738597461,,,,,
1995212N22287,ERIN,1995-08-03 15:00:00,30.2,-87.0, , ,,1995,36,830.6499815547213,,,,,
1995212N22287,ERIN,1995-08-03 16:00:00,30.3,-87.2,75,973,,1995,36,852.7746248888077,,,,,
1995212N22287,ERIN,1995-08-03 18:00:00,30.6,-87.5,65,985,,1995,36,895.4380580314958,,,,,
1995212N22287,ERIN,1995-08-03 21:00:00,31.0,-88.0, , ,,1995,36,960.112109587113,,,,,
1995212N22287,ERIN,1995-08-04 00:00:00,31.4,-88.5,45,997,,1995,36,1024.6616325671023,,,,,
1995212N22287,ERIN,1995-08-04 03:00:00,31.8,-88.8, , ,,1995,36,1073.822203141919,,,,,
1995212N22287,ERIN,1995-08-04 06:00:00,32.3,-89.1,35,1001,,1995,36,1129.937646230521,,,,,
1995212N22287,ERIN,1995-08-04 09:00:00,32.7,-89.4, , ,,1995,36,1179.5302829451384,,,,,
1995212N22287,ERIN,1995-08-04 12:00:00,33.2,-89.7,20,1003,,1995,36,1236.2730335495287,,,,,
1995212N22287,ERIN,1995-08-04 15:00:00,33.7,-90.0, , ,,1995,36,1293.3261740177463,,,,,
1995212N22287,ERIN,1995-08-04 18:00:00,34.1,-90.2,20,1003,,1995,36,1336.385293035869,,,,,
1995212N22287,ERIN,1995-08-04 21:00:00,34.5,-90.2, , ,,1995,36,1366.1236354419443,,,,,
1995212N22287,ERIN,1995-08-05 00:00:00,34.8,-90.2,20,1003,,1995,36,1388.936571398316,,,,,
1995212N22287,ERIN,1995-08-05 03:00:00,35.1,-90.2, , ,,1995,36,1412.1624780865525,,,,,
1995212N22287,ERIN,1995-08-05 06:00:00,35.4,-90.1,20,1003,,1995,36,1429.4504800059808,,,,,
1995212N22287,ERIN,1995-08-05 09:00:00,35.8,-90.0, , ,,1995,36,1455.5607829363405,,,,,
1995212N22287,ERIN,1995-08-05 12:00:00,36.3,-89.8,20,1003,,1995,36,1485.1875940614198,,,,,
1995212N22287,ERIN,1995-08-05 15:00:00,36.9,-89.4, , ,,1995,36,1514.3695174198765,,,,,
1995212N22287,ERIN,1995-08-05 18:00:00,37.5,-88.8,20,1003,,1995,36,1537.0552935127782,,,,,
1995212N22287,ERIN,1995-08-05 21:00:00,38.0,-87.9, , ,,1995,36,1541.7544176104022,,,,,
1995212N22287,ERIN,1995-08-06 00:00:00,38.4,-86.8,20,1003,,1995,36,1535.8965834858348,,,,,
1995212N22287,ERIN,1995-08-06 03:00:00,38.6,-85.9, , ,,1995,36,1524.3978292333068,,,,,
1995212N22287,ERIN,1995-08-06 06:00:00,38.7,-84.9,20,1005,,1995,36,1504.6721008247273,,,,,
1995212N22287,ERIN,1995-08-06 09:00:00,38.8,-83.6, , ,,1995,36,1484.4429606828282,,,,,
1995212N22287,ERIN,1995-08-06 12:00:00,38.8,-82.0,20,1008,,1995,36,1459.629813530408,,,,,
1995235N24281,JERRY,1995-08-22 18:00:00,23.7,-78.7,20,1010,,1995,50,274.3209775721545,,,,,
1995235N24281,JERRY,1995-08-22 21:00:00,23.9,-78.8, , ,,1995,50,250.1559741501409,,,,,
1995235N24281,JERRY,1995-08-23 00:00:00,24.2,-78.9,25,1009,,1995,50,217.04048098690748,,,,,
1995235N24281,JERRY,1995-08-23 03:00:00,24.6,-79.0, , ,,1995,50,176.26155886594591,,,,,
1995235N24281,JERRY,1995-08-23 06:00:00,25.2,-79.2,30,1008,,1995,50,117.52532463472907,,,,,
1995235N24281,JERRY,1995-08-23 09:00:00,25.8,-79.4, , ,,1995,50,79.39477904079807,,,,,
1995235N24281,JERRY,1995-08-23 12:00:00,26.4,-79.7,35,1008,,1995,50,86.31346282552819,,,,,
1995235N24281,JERRY,1995-08-23 15:00:00,26.8,-80.0, , ,,1995,50,117.02655675559022,,,,,
1995235N24281,JERRY,1995-08-23 18:00:00,27.0,-80.2,35,1006,,1995,50,137.69510038944597,,,,,
1995235N24281,JERRY,1995-08-23 21:00:00,27.2,-80.3, , ,,1995,50,160.29378578345458,,,,,
1995235N24281,JERRY,1995-08-24 00:00:00,27.3,-80.5,35,1005,,1995,50,173.77721589686774,,,,,
1995235N24281,JERRY,1995-08-24 03:00:00,27.5,-80.8, , ,,1995,50,202.52232737817891,,,,,
1995235N24281,JERRY,1995-08-24 06:00:00,27.7,-81.1,35,1005,,1995,50,233.63749721067745,,,,,
1995235N24281,JERRY,1995-08-24 09:00:00,28.0,-81.4, , ,,1995,50,276.22599673114047,,,,,
1995235N24281,JERRY,1995-08-24 12:00:00,28.4,-81.8,35,1004,,1995,50,333.77463203156674,,,,,
1995235N24281,JERRY,1995-08-24 15:00:00,28.6,-82.2, , ,,1995,50,372.8936632614426,,,,,
1995235N24281,JERRY,1995-08-24 18:00:00,28.8,-82.6,30,1002,,1995,50,413.2240101031609,,,,,
1995235N24281,JERRY,1995-08-24 21:00:00,28.9,-82.8, , ,,1995,50,433.7317737831738,,,,,
1995235N24281,JERRY,1995-08-25 00:00:00,29.0,-82.9,30,1002,,1995,50,448.470436521156,,,,,
1995235N24281,JERRY,1995-08-25 03:00:00,29.1,-83.1, , ,,1995,50,469.1747389787867,,,,,
1995235N24281,JERRY,1995-08-25 06:00:00,29.2,-83.3,30,1002,,1995,50,490.02920766754994,,,,,
1995235N24281,JERRY,1995-08-25 09:00:00,29.5,-83.3, , ,,1995,50,516.2196189768516,,,,,
1995235N24281,JERRY,1995-08-25 12:00:00,29.8,-83.3,25,1004,,1995,50,543.1947791214459,,,,,
1995235N24281,JERRY,1995-08-25 15:00:00,30.1,-83.2, , ,,1995,50,565.654306233989,,,,,
1995235N24281,JERRY,1995-08-25 18:00:00,30.4,-83.2,25,1005,,1995,50,594.1443032930521,,,,,
1995235N24281,JERRY,1995-08-25 21:00:00,30.5,-83.3, , ,,1995,50,608.597066541495,,,,,
1995235N24281,JERRY,1995-08-26 00:00:00,30.7,-83.4,25,1005,,1995,50,632.6070168635152,,,,,
1995235N24281,JERRY,1995-08-26 03:00:00,31.0,-83.5, , ,,1995,50,666.2390704494965,,,,,
1995235N24281,JERRY,1995-08-26 06:00:00,31.3,-83.7,20,1005,,1995,50,704.6448453236243,,,,,
1995235N24281,JERRY,1995-08-26 09:00:00,31.5,-83.8, , ,,1995,50,728.6566744496239,,,,,
1995235N24281,JERRY,1995-08-26 12:00:00,31.8,-83.9,20,1005,,1995,50,762.3532257190286,,,,,
1995235N24281,JERRY,1995-08-26 15:00:00,32.1,-84.0, , ,,1995,50,796.1116931785579,,,,,
1995235N24281,JERRY,1995-08-26 18:00:00,32.4,-84.0,20,1006,,1995,50,825.5317511526459,,,,,
1995235N24281,JERRY,1995-08-26 21:00:00,32.7,-84.0, , ,,1995,50,855.2393935144779,,,,,
1995235N24281,JERRY,1995-08-27 00:00:00,33.0,-84.0,20,1006,,1995,50,885.2056658608965,,,,,
1995235N24281,JERRY,1995-08-27 03:00:00,33.3,-84.0, , ,,1995,50,915.4051686244704,,,,,
1995235N24281,JERRY,1995-08-27 06:00:00,33.5,-83.9,20,1006,,1995,50,931.9086656444832,,,,,
1995235N24281,JERRY,1995-08-27 09:00:00,33.7,-83.8, , ,,1995,50,948.759639630368,,,,,
1995235N24281,JERRY,1995-08-27 12:00:00,33.8,-83.6,20,1006,,1995,50,952.2299438871308,,,,,
1995235N24281,JERRY,1995-08-27 15:00:00,33.9,-83.3, , ,,1995,50,953.1520994432366,,,,,
1995235N24281,JERRY,1995-08-27 18:00:00,33.9,-83.0,20,1006,,1995,50,944.4790639341396,,,,,
1995235N24281,JERRY,1995-08-27 21:00:00,33.9,-82.7, , ,,1995,50,936.6169135114108,,,,,
1995235N24281,JERRY,1995-08-28 00:00:00,33.8,-82.4,20,1006,,1995,50,918.7919460297496,,,,,
1998259N10335,GEORGES,1998-09-15 12:00:00,9.7,-25.1,30,1009,,1998,62,6055.858005051995,,,,,
1998259N10335,GEORGES,1998-09-15 15:00:00,9.7,-25.8, , ,,1998,62,5986.246837778493,,,,,
1998259N10335,GEORGES,1998-09-15 18:00:00,9.8,-26.5,30,1009,,1998,62,5911.994036640923,,,,,
1998259N10335,GEORGES,1998-09-15 21:00:00,9.9,-27.3, , ,,1998,62,5827.845003511297,,,,,
1998259N10335,GEORGES,1998-09-16 00:00:00,10.0,-28.1,30,1009,,1998,62,5743.743191940329,,,,,
1998259N10335,GEORGES,1998-09-16 03:00:00,10.1,-28.9, , ,,1998,62,5659.690878972233,,,,,
1998259N10335,GEORGES,1998-09-16 06:00:00,10.3,-29.7,30,1009,,1998,62,5570.9706238574,,,,,
1998259N10335,GEORGES,1998-09-16 09:00:00,10.4,-30.5, , ,,1998,62,5487.013374472898,,,,,
1998259N10335,GEORGES,1998-09-16 12:00:00,10.6,-31.3,35,1005,,1998,62,5398.3832434630995,,,,,
1998259N10335,GEORGES,1998-09-16 15:00:00,10.8,-32.1, , ,,1998,62,5309.801221354344,,,,,
1998259N10335,GEORGES,1998-09-16 18:00:00,11.0,-32.9,35,1003,,1998,62,5221.268504924834,,,,,
1998259N10335,GEORGES,1998-09-16 21:00:00,11.1,-33.7, , ,,1998,62,5137.510116277056,,,,,
1998259N10335,GEORGES,1998-09-17 00:00:00,11.3,-34.6,45,1000,,1998,62,5039.211053577458,,,,,
1998259N10335,GEORGES,1998-09-17 03:00:00,11.5,-35.4, , ,,1998,62,4950.838984827933,,,,,
1998259N10335,GEORGES,1998-09-17 06:00:00,11.7,-36.3,50,997,,1998,62,4852.669591711383,,,,,
1998259N10335,GEORGES,1998-09-17 09:00:00,11.9,-37.2, , ,,1998,62,4754.572378079683,,,,,
1998259N10335,GEORGES,1998-09-17 12:00:00,12.0,-38.1,55,994,,1998,62,4661.303945282299,,,,,
1998259N10335,GEORGES,1998-09-17 15:00:00,12.2,-39.0, , ,,1998,62,4563.363883423787,,,,,
1998259N10335,GEORGES,1998-09-17 18:00:00,12.3,-40.0,65,987,,1998,62,4460.487742577689,,,,,
1998259N10335,GEORGES,1998-09-17 21:00:00,12.4,-41.0, , ,,1998,62,4357.765054969411,,,,,
1998259N10335,GEORGES,1998-09-18 00:00:00,12.5,-42.0,70,984,,1998,62,4255.206766280683,,,,,
1998259N10335,GEORGES,1998-09-18 03:00:00,12.6,-43.0, , ,,1998,62,4152.824769521147,,,,,
1998259N10335,GEORGES,1998-09-18 06:00:00,12.8,-43.9,80,977,,1998,62,4055.417728589975,,,,,
1998259N10335,GEORGES,1998-09-18 09:00:00,12.9,-44.8, , ,,1998,62,3963.0598179758176,,,,,
1998259N10335,GEORGES,1998-09-18 12:00:00,13.1,-45.7,85,973,,1998,62,3865.880305286561,,,,,
1998259N10335,GEORGES,1998-09-18 15:00:00,13.3,-46.6, , ,,1998,62,3768.814342984171,,,,,
1998259N10335,GEORGES,1998-09-18 18:00:00,13.5,-47.4,90,970,,1998,62,3681.520009836493,,,,,
1998259N10335,GEORGES,1998-09-18 21:00:00,13.7,-48.2, , ,,1998,62,3594.315843667089,,,,,
1998259N10335,GEORGES,1998-09-19 00:00:00,13.9,-49.0,90,970,,1998,62,3507.2050597370417,,,,,
1998259N10335,GEORGES,1998-09-19 03:00:00,14.1,-49.8, , ,,1998,62,3420.191094014536,,,,,
1998259N10335,GEORGES,1998-09-19 06:00:00,14.4,-50.6,95,965,,1998,62,3328.222998975674,,,,,
1998259N10335,GEORGES,1998-09-19 09:00:00,14.6,-51.3, , ,,1998,62,3250.9795136562634,,,,,
1998259N10335,GEORGES,1998-09-19 12:00:00,14.9,-52.0,110,954,,1998,62,3168.764748632492,,,,,
1998259N10335,GEORGES,1998-09-19 15:00:00,15.2,-52.7, , ,,1998,62,3086.6352800814293,,,,,
1998259N10335,GEORGES,1998-09-19 18:00:00,15.4,-53.5,125,949,,1998,62,3000.038996164558,,,,,
1998259N10335,GEORGES,1998-09-19 21:00:00,15.6,-54.2, , ,,1998,62,2923.0987393985033,,,,,
1998259N10335,GEORGES,1998-09-20 00:00:00,15.7,-54.9,130,939,,1998,62,2851.314307065928,,,,,
1998259N10335,GEORGES,1998-09-20 03:00:00,15.9,-55.6, , ,,1998,62,2774.5560732957465,,,,,
1998259N10335,GEORGES,1998-09-20 06:00:00,16.0,-56.3,135,937,,1998,62,2703.0245811181276,,,,,
1998259N10335,GEORGES,1998-09-20 09:00:00,16.1,-57.0, , ,,1998,62,2631.6569855730504,,,,,
1998259N10335,GEORGES,1998-09-20 12:00:00,16.2,-57.7,130,939,,1998,62,2560.4648500857893,,,,,
1998259N10335,GEORGES,1998-09-20 15:00:00,16.3,-58.5, , ,,1998,62,2480.0963393999746,,,,,
1998259N10335,GEORGES,1998-09-20 18:00:00,16.4,-59.2,115,956,,1998,62,2409.334556410045,,,,,
1998259N10335,GEORGES,1998-09-20 21:00:00,16.5,-59.9, , ,,1998,62,2338.7941143903313,,,,,
1998259N10335,GEORGES,1998-09-21 00:00:00,16.7,-60.6,100,963,,1998,62,2262.958544202389,,,,,
1998259N10335,GEORGES,1998-09-21 03:00:00,16.9,-61.3, , ,,1998,62,2187.260864074593,,,,,
1998259N10335,GEORGES,1998-09-21 04:30:00,17.0,-61.7,100,966,,1998,62,2144.8675128081577,,,,,
1998259N10335,GEORGES,1998-09-21 06:00:00,17.1,-62.1,100,966,,1998,62,2102.5317269555185,,,,,
1998259N10335,GEORGES,1998-09-21 08:00:00,17.2,-62.6,100,966,,1998,62,2051.1126628909533,,,,,
1998259N10335,GEORGES,1998-09-21 09:00:00,17.2,-62.9, , ,,1998,62,2023.7495581993703,,,,,
1998259N10335,GEORGES,1998-09-21 12:00:00,17.4,-63.6,95,966,,1998,62,1948.654112308982,,,,,
1998259N10335,GEORGES,1998-09-21 15:00:00,17.6,-64.3, , ,,1998,62,1873.748251682192,,,,,
1998259N10335,GEORGES,1998-09-21 18:00:00,17.8,-65.0,90,970,,1998,62,1799.0472484278573,,,,,
1998259N10335,GEORGES,1998-09-21 21:00:00,18.0,-65.6, , ,,1998,62,1733.4895114087,,,,,
1998259N10335,GEORGES,1998-09-21 22:00:00,18.1,-65.8,100,968,,1998,62,1709.6787416235093,,,,,
1998259N10335,GEORGES,1998-09-22 00:00:00,18.2,-66.3,90,970,,1998,62,1659.1955284562034,,,,,
1998259N10335,GEORGES,1998-09-22 03:00:00,18.1,-66.9, , ,,1998,62,1612.503865977491,,,,,
1998259N10335,GEORGES,1998-09-22 06:00:00,18.0,-67.4,95,972,,1998,62,1575.4631224763484,,,,,
1998259N10335,GEORGES,1998-09-22 09:00:00,18.1,-67.8, , ,,1998,62,1534.623046999582,,,,,
1998259N10335,GEORGES,1998-09-22 12:00:00,18.2,-68.5,105,964,,1998,62,1468.5082632577794,,,,,
1998259N10335,GEORGES,1998-09-22 12:30:00,18.2,-68.7,105,962,,1998,62,1451.679237917337,,,,,
1998259N10335,GEORGES,1998-09-22 15:00:00,18.3,-69.3, , ,,1998,62,1394.8553972130885,,,,,
1998259N10335,GEORGES,1998-09-22 18:00:00,18.6,-69.7,95,970,,1998,62,1341.0694284680562,,,,,
1998259N10335,GEORGES,1998-09-22 21:00:00,18.7,-70.2, , ,,1998,62,1293.0167990781702,,,,,
1998259N10335,GEORGES,1998-09-23 00:00:00,18.8,-70.8,70,980,,1998,62,1237.3508648188315,,,,,
1998259N10335,GEORGES,1998-09-23 03:00:00,18.9,-71.4, , ,,1998,62,1182.4465619391538,,,,,
1998259N10335,GEORGES,1998-09-23 06:00:00,19.0,-72.1,65,990,,1998,62,1120.7728352035,,,,,
1998259N10335,GEORGES,1998-09-23 09:00:00,19.1,-72.7, , ,,1998,62,1067.9452832277586,,,,,
1998259N10335,GEORGES,1998-09-23 12:00:00,19.3,-73.3,65,996,,1998,62,1008.1662007177788,,,,,
1998259N10335,GEORGES,1998-09-23 15:00:00,19.5,-73.9, , ,,1998,62,949.256228227334,,,,,
1998259N10335,GEORGES,1998-09-23 18:00:00,19.8,-74.3,65,994,,1998,62,896.5234133317016,,,,,
1998259N10335,GEORGES,1998-09-23 21:00:00,20.0,-74.5, , ,,1998,62,866.0159508054061,,,,,
1998259N10335,GEORGES,1998-09-23 21:30:00,20.1,-74.5,65,993,,1998,62,857.6848603804222,,,,,
1998259N10335,GEORGES,1998-09-24 00:00:00,20.5,-74.9,65,992,,1998,62,796.724635431745,,,,,
1998259N10335,GEORGES,1998-09-24 03:00:00,20.7,-75.4, , ,,1998,62,745.8226872021245,,,,,
1998259N10335,GEORGES,1998-09-24 06:00:00,20.8,-76.0,65,991,,1998,62,698.2239858604245,,,,,
1998259N10335,GEORGES,1998-09-24 09:00:00,21.0,-76.6, , ,,1998,62,643.9021093381554,,,,,
1998259N10335,GEORGES,1998-09-24 12:00:00,21.3,-77.2,70,990,,1998,62,582.3119482927787,,,,,
1998259N10335,GEORGES,1998-09-24 15:00:00,21.6,-77.6, , ,,1998,62,532.6861749946917,,,,,
1998259N10335,GEORGES,1998-09-24 18:00:00,21.9,-78.0,75,989,,1998,62,483.7936078685524,,,,,
1998259N10335,GEORGES,1998-09-24 21:00:00,22.3,-78.5, , ,,1998,62,421.51113082845984,,,,,
1998259N10335,GEORGES,1998-09-25 00:00:00,22.7,-79.0,80,987,,1998,62,361.24980330723514,,,,,
1998259N10335,GEORGES,1998-09-25 03:00:00,23.1,-79.6, , ,,1998,62,301.96904418298215,,,,,
1998259N10335,GEORGES,1998-09-25 06:00:00,23.4,-80.2,85,986,,1998,62,262.61036696508404,,,,,
1998259N10335,GEORGES,1998-09-25 09:00:00,23.6,-80.8, , ,,1998,62,248.0992236578771,,,,,
1998259N10335,GEORGES,1998-09-25 12:00:00,23.9,-81.3,90,982,,1998,62,235.28450645222293,,,,,
1998259N10335,GEORGES,1998-09-25 15:00:00,24.4,-81.7, , ,,1998,62,214.46494483758545,,,,,
1998259N10335,GEORGES,1998-09-25 15:30:00,24.5,-81.8,90,981,,1998,62,214.22166550436148,,,,,
1998259N10335,GEORGES,1998-09-25 18:00:00,24.6,-82.4,90,975,,1998,62,257.0177702848345,,,,,
1998259N10335,GEORGES,1998-09-25 21:00:00,24.7,-82.9, , ,,1998,62,296.87986698693817,,,,,
1998259N10335,GEORGES,1998-09-26 00:00:00,24.8,-83.3,90,974,,1998,62,330.2917661156277,,,,,
1998259N10335,GEORGES,1998-09-26 03:00:00,25.0,-83.8, , ,,1998,62,372.2362502997668,,,,,
1998259N10335,GEORGES,1998-09-26 06:00:00,25.2,-84.2,90,975,,1998,62,407.14009077584075,,,,,
1998259N10335,GEORGES,1998-09-26 09:00:00,25.4,-84.7, , ,,1998,62,453.9133742328749,,,,,
1998259N10335,GEORGES,1998-09-26 12:00:00,25.7,-85.1,90,974,,1998,62,491.67001992003304,,,,,
1998259N10335,GEORGES,1998-09-26 15:00:00,25.9,-85.5, , ,,1998,62,531.456399449485,,,,,
1998259N10335,GEORGES,1998-09-26 18:00:00,26.2,-85.9,90,975,,1998,62,572.6082582096459,,,,,
1998259N10335,GEORGES,1998-09-26 21:00:00,26.6,-86.2, , ,,1998,62,606.6812413250858,,,,,
1998259N10335,GEORGES,1998-09-27 00:00:00,27.0,-86.5,95,969,,1998,62,643.2187663125097,,,,,
1998259N10335,GEORGES,1998-09-27 03:00:00,27.3,-86.9, , ,,1998,62,688.8326300001735,,,,,
1998259N10335,GEORGES,1998-09-27 06:00:00,27.6,-87.2,95,970,,1998,62,725.5494686572742,,,,,
1998259N10335,GEORGES,1998-09-27 09:00:00,27.9,-87.5, , ,,1998,62,762.9687002204935,,,,,
1998259N10335,GEORGES,1998-09-27 12:00:00,28.2,-87.8,95,962,,1998,62,800.9812759985662,,,,,
1998259N10335,GEORGES,1998-09-27 15:00:00,28.5,-88.1, , ,,1998,62,839.496343429505,,,,,
1998259N10335,GEORGES,1998-09-27 18:00:00,28.8,-88.3,95,962,,1998,62,869.3304250736787,,,,,
1998259N10335,GEORGES,1998-09-27 21:00:00,29.1,-88.4, , ,,1998,62,890.7667360135152,,,,,
1998259N10335,GEORGES,1998-09-28 00:00:00,29.3,-88.5,95,961,,1998,62,908.4456893676464,,,,,
1998259N10335,GEORGES,1998-09-28 03:00:00,29.5,-88.6, , ,,1998,62,926.389833859056,,,,,
1998259N10335,GEORGES,1998-09-28 06:00:00,29.8,-88.7,90,964,,1998,62,949.4361666477928,,,,,
1998259N10335,GEORGES,1998-09-28 09:00:00,30.2,-88.8, , ,,1998,62,978.3297435053206,,,,,
1998259N10335,GEORGES,1998-09-28 11:30:00,30.4,-88.9,90,964,,1998,62,997.4063446484118,,,,,
1998259N10335,GEORGES,1998-09-28 12:00:00,30.4,-88.9,90,965,,1998,62,997.4063446484118,,,,,
1998259N10335,GEORGES,1998-09-28 15:00:00,30.5,-88.9, , ,,1998,62,1002.8455335550384,,,,,
1998259N10335,GEORGES,1998-09-28 18:00:00,30.6,-88.9,65,984,,1998,62,1008.377236155006,,,,,
1998259N10335,GEORGES,1998-09-28 21:00:00,30.6,-89.0, , ,,1998,62,1016.6705136284336,,,,,
1998259N10335,GEORGES,1998-09-29 00:00:00,30.6,-89.0,50,986,,1998,62,1016.6705136284336,,,,,
1998259N10335,GEORGES,1998-09-29 03:00:00,30.6,-88.7, , ,,1998,62,991.8721544910676,,,,,
1998259N10335,GEORGES,1998-09-29 06:00:00,30.6,-88.4,40,992,,1998,62,967.328711550462,,,,,
1998259N10335,GEORGES,1998-09-29 09:00:00,30.8,-88.3, , ,,1998,62,971.2150118842618,,,,,
1998259N10335,GEORGES,1998-09-29 12:00:00,31.0,-88.1,30,994,,1998,62,967.8980640221922,,,,,
1998259N10335,GEORGES,1998-09-29 15:00:00,31.0,-87.8, , ,,1998,62,944.650600906383,,,,,
1998259N10335,GEORGES,1998-09-29 18:00:00,30.9,-87.5,30,996,,1998,62,915.0398627741724,,,,,
1998259N10335,GEORGES,1998-09-29 21:00:00,30.8,-87.2, , ,,1998,62,885.5015351483661,,,,,
1998259N10335,GEORGES,1998-09-30 00:00:00,30.8,-86.9,30,998,,1998,62,862.9743425014934,,,,,
1998259N10335,GEORGES,1998-09-30 03:00:00,30.7,-86.6, , ,,1998,62,833.7332729649911,,,,,
1998259N10335,GEORGES,1998-09-30 06:00:00,30.7,-86.3,30,1000,,1998,62,811.8682418613214,,,,,
1998259N10335,GEORGES,1998-09-30 09:00:00,30.7,-85.9, , ,,1998,62,783.4769186615179,,,,,
1998259N10335,GEORGES,1998-09-30 12:00:00,30.7,-85.4,25,1002,,1998,62,749.3516387711157,,,,,
1998259N10335,GEORGES,1998-09-30 15:00:00,30.7,-84.8, , ,,1998,62,710.6894082764443,,,,,
1998259N10335,GEORGES,1998-09-30 18:00:00,30.6,-84.2,25,1004,,1998,62,666.027049010969,,,,,
1998259N10335,GEORGES,1998-09-30 21:00:00,30.5,-83.6, , ,,1998,62,623.8318692061154,,,,,
1998259N10335,GEORGES,1998-10-01 00:00:00,30.5,-83.0,25,1006,,1998,62,594.4266211380757,,,,,
1998259N10335,GEORGES,1998-10-01 03:00:00,30.5,-82.4, , ,,1998,62,569.5910302126025,,,,,
1998259N10335,GEORGES,1998-10-01 06:00:00,30.5,-81.8,20,1008,,1998,62,549.9451874114428,,,,,
1998295N12284,MITCH,1998-10-22 00:00:00,11.6,-76.1,30,1002,,1998,88,1632.2389791801022,,,,,
1998295N12284,MITCH,1998-10-22 03:00:00,11.8,-76.6, , ,,1998,88,1597.5551988341683,,,,,
1998295N12284,MITCH,1998-10-22 06:00:00,11.9,-77.1,30,1002,,1998,88,1575.100224776154,,,,,
1998295N12284,MITCH,1998-10-22 09:00:00,12.0,-77.6, , ,,1998,88,1554.1818635959976,,,,,
1998295N12284,MITCH,1998-10-22 12:00:00,12.0,-77.9,30,1002,,1998,88,1548.9898473091662,,,,,
1998295N12284,MITCH,1998-10-22 15:00:00,11.8,-78.0, , ,,1998,88,1569.4103395296709,,,,,
1998295N12284,MITCH,1998-10-22 18:00:00,11.6,-77.9,35,1001,,1998,88,1592.9809351881115,,,,,
1998295N12284,MITCH,1998-10-22 21:00:00,11.6,-77.8, , ,,1998,88,1594.6000631245663,,,,,
1998295N12284,MITCH,1998-10-23 00:00:00,11.8,-77.6,40,1000,,1998,88,1576.1068131589943,,,,,
1998295N12284,MITCH,1998-10-23 03:00:00,12.0,-77.6, , ,,1998,88,1554.1818635959976,,,,,
1998295N12284,MITCH,1998-10-23 06:00:00,12.2,-77.6,45,999,,1998,88,1532.2657826407255,,,,,
1998295N12284,MITCH,1998-10-23 09:00:00,12.4,-77.7, , ,,1998,88,1508.510920503535,,,,,
1998295N12284,MITCH,1998-10-23 12:00:00,12.5,-77.8,45,999,,1998,88,1495.7589995514538,,,,,
1998295N12284,MITCH,1998-10-23 15:00:00,12.7,-77.9, , ,,1998,88,1472.0744227861562,,,,,
1998295N12284,MITCH,1998-10-23 18:00:00,12.9,-78.0,50,998,,1998,88,1448.4231587215377,,,,,
1998295N12284,MITCH,1998-10-23 21:00:00,13.1,-78.0, , ,,1998,88,1426.4493560992582,,,,,
1998295N12284,MITCH,1998-10-24 00:00:00,13.4,-77.9,55,997,,1998,88,1395.2592371227838,,,,,
1998295N12284,MITCH,1998-10-24 03:00:00,13.6,-77.8, , ,,1998,88,1375.1909872916508,,,,,
1998295N12284,MITCH,1998-10-24 06:00:00,13.9,-77.8,65,990,,1998,88,1342.362715523852,,,,,
1998295N12284,MITCH,1998-10-24 09:00:00,14.2,-77.8, , ,,1998,88,1309.5608339680784,,,,,
1998295N12284,MITCH,1998-10-24 12:00:00,14.5,-77.9,75,985,,1998,88,1274.7957702396757,,,,,
1998295N12284,MITCH,1998-10-24 15:00:00,14.8,-78.0, , ,,1998,88,1240.0473428604082,,,,,
1998295N12284,MITCH,1998-10-24 18:00:00,15.0,-78.1,90,980,,1998,88,1216.266468226902,,,,,
1998295N12284,MITCH,1998-10-24 21:00:00,15.2,-78.2, , ,,1998,88,1192.5210429944666,,,,,
1998295N12284,MITCH,1998-10-25 00:00:00,15.5,-78.4,100,965,,1998,88,1156.1262165308872,,,,,
1998295N12284,MITCH,1998-10-25 03:00:00,15.8,-78.6, , ,,1998,88,1119.9394991868603,,,,,
1998295N12284,MITCH,1998-10-25 06:00:00,16.0,-78.9,105,951,,1998,88,1093.6882357891718,,,,,
1998295N12284,MITCH,1998-10-25 09:00:00,16.1,-79.2, , ,,1998,88,1079.2419747244242,,,,,
1998295N12284,MITCH,1998-10-25 12:00:00,16.2,-79.6,115,945,,1998,88,1064.980466672284,,,,,
1998295N12284,MITCH,1998-10-25 15:00:00,16.3,-79.9, , ,,1998,88,1052.5274095917532,,,,,
1998295N12284,MITCH,1998-10-25 18:00:00,16.4,-80.3,125,926,,1998,88,1041.033880362937,,,,,
1998295N12284,MITCH,1998-10-25 21:00:00,16.4,-80.6, , ,,1998,88,1041.8319619658937,,,,,
1998295N12284,MITCH,1998-10-26 00:00:00,16.4,-81.0,130,923,,1998,88,1044.3345399564105,,,,,
1998295N12284,MITCH,1998-10-26 03:00:00,16.4,-81.4, , ,,1998,88,1048.4698337440343,,,,,
1998295N12284,MITCH,1998-10-26 06:00:00,16.4,-81.8,135,922,,1998,88,1054.2186038208606,,,,,
1998295N12284,MITCH,1998-10-26 09:00:00,16.5,-82.2, , ,,1998,88,1050.6403887537604,,,,,
1998295N12284,MITCH,1998-10-26 12:00:00,16.6,-82.6,145,914,,1998,88,1048.79500662757,,,,,
1998295N12284,MITCH,1998-10-26 15:00:00,16.7,-82.9, , ,,1998,88,1045.8678659700608,,,,,
1998295N12284,MITCH,1998-10-26 18:00:00,16.9,-83.1,155,905,,1998,88,1030.259988742929,,,,,
1998295N12284,MITCH,1998-10-26 21:00:00,17.1,-83.4, , ,,1998,88,1018.6229573057722,,,,,
1998295N12284,MITCH,1998-10-27 00:00:00,17.2,-83.8,155,910,,1998,88,1022.4176215660052,,,,,
1998295N12284,MITCH,1998-10-27 03:00:00,17.3,-84.1, , ,,1998,88,1023.8460499361024,,,,,
1998295N12284,MITCH,1998-10-27 06:00:00,17.3,-84.4,150,917,,1998,88,1036.4551907269586,,,,,
1998295N12284,MITCH,1998-10-27 09:00:00,17.2,-84.7, , ,,1998,88,1059.8691507290698,,,,,
1998295N12284,MITCH,1998-10-27 12:00:00,17.1,-85.0,150,922,,1998,88,1083.7942965906348,,,,,
1998295N12284,MITCH,1998-10-27 15:00:00,17.0,-85.2, , ,,1998,88,1103.309594344624,,,,,
1998295N12284,MITCH,1998-10-27 18:00:00,16.9,-85.4,145,928,,1998,88,1122.988117248697,,,,,
1998295N12284,MITCH,1998-10-27 21:00:00,16.8,-85.5, , ,,1998,88,1137.7934495595896,,,,,
1998295N12284,MITCH,1998-10-28 00:00:00,16.6,-85.6,140,933,,1998,88,1162.430631973766,,,,,
1998295N12284,MITCH,1998-10-28 03:00:00,16.4,-85.6, , ,,1998,88,1182.1313034363325,,,,,
1998295N12284,MITCH,1998-10-28 06:00:00,16.3,-85.6,130,938,,1998,88,1192.0147511477728,,,,,
1998295N12284,MITCH,1998-10-28 09:00:00,16.3,-85.6, , ,,1998,88,1192.0147511477728,,,,,
1998295N12284,MITCH,1998-10-28 12:00:00,16.3,-85.6,115,948,,1998,88,1192.0147511477728,,,,,
1998295N12284,MITCH,1998-10-28 15:00:00,16.3,-85.6, , ,,1998,88,1192.0147511477728,,,,,
1998295N12284,MITCH,1998-10-28 18:00:00,16.3,-85.7,95,959,,1998,88,1196.919930929025,,,,,
1998295N12284,MITCH,1998-10-28 21:00:00,16.3,-85.8, , ,,1998,88,1201.8943701997089,,,,,
1998295N12284,MITCH,1998-10-29 00:00:00,16.2,-85.8,85,970,,1998,88,1211.7243309878534,,,,,
1998295N12284,MITCH,1998-10-29 03:00:00,16.2,-85.8, , ,,1998,88,1211.7243309878534,,,,,
1998295N12284,MITCH,1998-10-29 06:00:00,16.1,-85.8,75,979,,1998,88,1221.5761416734158,,,,,
1998295N12284,MITCH,1998-10-29 09:00:00,16.0,-85.8, , ,,1998,88,1231.4492777851283,,,,,
1998295N12284,MITCH,1998-10-29 12:00:00,15.9,-85.7,70,987,,1998,88,1236.515849584383,,,,,
1998295N12284,MITCH,1998-10-29 15:00:00,15.9,-85.6, , ,,1998,88,1231.7568747358575,,,,,
1998295N12284,MITCH,1998-10-29 18:00:00,15.8,-85.6,60,994,,1998,88,1241.7419881379658,,,,,
1998295N12284,MITCH,1998-10-29 21:00:00,15.7,-85.6, , ,,1998,88,1251.745986598847,,,,,
1998295N12284,MITCH,1998-10-30 00:00:00,15.6,-85.7,55,995,,1998,88,1266.4229071364514,,,,,
1998295N12284,MITCH,1998-10-30 03:00:00,15.5,-85.8, , ,,1998,88,1281.1175439207614,,,,,
1998295N12284,MITCH,1998-10-30 06:00:00,15.4,-85.9,50,996,,1998,88,1295.8294136219788,,,,,
1998295N12284,MITCH,1998-10-30 09:00:00,15.3,-86.0, , ,,1998,88,1310.5580529604554,,,,,
1998295N12284,MITCH,1998-10-30 12:00:00,15.2,-86.1,45,997,,1998,88,1325.3030176533114,,,,,
1998295N12284,MITCH,1998-10-30 15:00:00,15.0,-86.3, , ,,1998,88,1354.8402350798883,,,,,
1998295N12284,MITCH,1998-10-30 18:00:00,14.9,-86.5,45,998,,1998,88,1374.5681375087352,,,,,
1998295N12284,MITCH,1998-10-30 21:00:00,14.8,-86.7, , ,,1998,88,1394.4269100099543,,,,,
1998295N12284,MITCH,1998-10-31 00:00:00,14.7,-87.0,45,999,,1998,88,1419.5791690017943,,,,,
1998295N12284,MITCH,1998-10-31 03:00:00,14.6,-87.3, , ,,1998,88,1445.0708471677176,,,,,
1998295N12284,MITCH,1998-10-31 06:00:00,14.5,-87.7,40,1000,,1998,88,1476.3749629624936,,,,,
1998295N12284,MITCH,1998-10-31 09:00:00,14.5,-88.1, , ,,1998,88,1498.8557976862817,,,,,
1998295N12284,MITCH,1998-10-31 12:00:00,14.5,-88.5,35,1000,,1998,88,1522.1440561420843,,,,,
1998295N12284,MITCH,1998-10-31 15:00:00,14.5,-88.8, , ,,1998,88,1540.1180551281757,,,,,
1998295N12284,MITCH,1998-10-31 18:00:00,14.6,-89.2,30,1001,,1998,88,1555.6865520171675,,,,,
1998295N12284,MITCH,1998-10-31 21:00:00,14.6,-89.6, , ,,1998,88,1581.1401617344238,,,,,
1998295N12284,MITCH,1998-11-01 00:00:00,14.6,-90.0,30,1002,,1998,88,1607.2685746176223,,,,,
1998295N12284,MITCH,1998-11-01 03:00:00,14.6,-90.4, , ,,1998,88,1634.039268694997,,,,,
1998295N12284,MITCH,1998-11-01 06:00:00,14.7,-90.8,25,1003,,1998,88,1652.920415401888,,,,,
1998295N12284,MITCH,1998-11-01 09:00:00,14.8,-91.2, , ,,1998,88,1672.6649163707757,,,,,
1998295N12284,MITCH,1998-11-01 12:00:00,14.9,-91.5,25,1005,,1998,88,1685.9688364191063,,,,,
1998295N12284,MITCH,1998-11-01 15:00:00,15.2,-91.9, , ,,1998,88,1691.162532399568,,,,,
1998295N12284,MITCH,1998-11-01 18:00:00,15.5,-92.2,25,1005,,1998,88,1690.2283645746038,,,,,
1998295N12284,MITCH,1998-11-01 21:00:00,15.9,-92.5, , ,,1998,88,1682.8803787472068,,,,,
1998295N12284,MITCH,1998-11-02 00:00:00,16.3,-92.7,20,1005,,1998,88,1669.0771224586158,,,,,
1998295N12284,MITCH,1998-11-02 03:00:00,16.7,-92.9, , ,,1998,88,1656.517247994021,,,,,
1998295N12284,MITCH,1998-11-02 06:00:00,17.1,-93.1,20,1005,,1998,88,1645.225755018646,,,,,
1998295N12284,MITCH,1998-11-02 09:00:00,17.5,-93.3, , ,,1998,88,1635.2253714106132,,,,,
1998295N12284,MITCH,1998-11-02 12:00:00,17.9,-93.4,20,1005,,1998,88,1617.8595019881136,,,,,
1998295N12284,MITCH,1998-11-02 15:00:00,18.3,-93.6, , ,,1998,88,1610.3511695799402,,,,,
1998295N12284,MITCH,1998-11-02 18:00:00,18.7,-93.7,20,1005,,1998,88,1595.2431359588456,,,,,
1998295N12284,MITCH,1998-11-02 21:00:00,19.0,-93.6, , ,,1998,88,1568.850895924053,,,,,
1998295N12284,MITCH,1998-11-03 00:00:00,19.2,-93.4,20,1003,,1998,88,1539.4029136407953,,,,,
1998295N12284,MITCH,1998-11-03 03:00:00,19.3,-93.1, , ,,1998,88,1506.6525976546454,,,,,
1998295N12284,MITCH,1998-11-03 06:00:00,19.3,-92.7,20,1003,,1998,88,1470.734117330637,,,,,
1998295N12284,MITCH,1998-11-03 09:00:00,19.3,-92.4, , ,,1998,88,1443.972040409932,,,,,
1998295N12284,MITCH,1998-11-03 12:00:00,19.4,-92.1,25,1002,,1998,88,1411.4073512321747,,,,,
1998295N12284,MITCH,1998-11-03 15:00:00,19.5,-91.8, , ,,1998,88,1378.8841884599644,,,,,
1998295N12284,MITCH,1998-11-03 18:00:00,19.6,-91.4,40,997,,1998,88,1337.5955444328529,,,,,
1998295N12284,MITCH,1998-11-03 21:00:00,19.8,-90.9, , ,,1998,88,1281.5829744683942,,,,,
1998295N12284,MITCH,1998-11-04 00:00:00,20.0,-90.6,35,997,,1998,88,1243.1635706563316,,,,,
1998295N12284,MITCH,1998-11-04 02:00:00,20.1,-90.5,35,998,,1998,88,1228.3566937163685,,,,,
1998295N12284,MITCH,1998-11-04 03:00:00,20.2,-90.3, , ,,1998,88,1204.7825449970169,,,,,
1998295N12284,MITCH,1998-11-04 06:00:00,20.8,-89.6,30,998,,1998,88,1107.5296396746544,,,,,
1998295N12284,MITCH,1998-11-04 09:00:00,21.3,-88.9, , ,,1998,88,1016.57950823047,,,,,
1998295N12284,MITCH,1998-11-04 12:00:00,21.8,-88.2,40,998,,1998,88,925.9963344036544,,,,,
1998295N12284,MITCH,1998-11-04 15:00:00,22.5,-87.4, , ,,1998,88,816.2382402025189,,,,,
1998295N12284,MITCH,1998-11-04 18:00:00,23.3,-86.5,40,993,,1998,88,694.2332457497689,,,,,
1998295N12284,MITCH,1998-11-04 21:00:00,24.1,-85.7, , ,,1998,88,585.272855802591,,,,,
1998295N12284,MITCH,1998-11-05 00:00:00,24.8,-84.8,45,993,,1998,88,475.4818769265888,,,,,
1998295N12284,MITCH,1998-11-05 03:00:00,25.3,-83.9, , ,,1998,88,375.5816447654184,,,,,
1998295N12284,MITCH,1998-11-05 06:00:00,25.6,-83.1,50,990,,1998,88,291.9826101862498,,,,,
1998295N12284,MITCH,1998-11-05 09:00:00,25.8,-82.6, , ,,1998,88,241.16020154864648,,,,,
1998295N12284,MITCH,1998-11-05 11:00:00,26.2,-81.9,55,989,,1998,88,177.56508451216348,,,,,
1998295N12284,MITCH,1998-11-05 12:00:00,26.6,-81.3,55,987,,1998,88,144.62827264614705,,,,,
1998295N12284,MITCH,1998-11-05 15:00:00,27.2,-79.7, , ,,1998,88,167.2538308990526,,,,,
1998295N12284,MITCH,1998-11-05 18:00:00,27.5,-78.3,50,992,,1998,88,269.6582377059171,,,,,
1998295N12284,MITCH,1998-11-05 21:00:00,28.6,-76.7, , ,,1998,88,467.8155862114818,,,,,
1998295N12284,MITCH,1998-11-06 00:00:00,30.0,-75.0,50,993,,1998,88,694.4354349916719,,,,,
1998295N12284,MITCH,1998-11-06 03:00:00,31.2,-73.5, , ,,1998,88,890.3539296107207,,,,,
1998295N12284,MITCH,1998-11-06 06:00:00,32.5,-72.0,50,992,,1998,88,1092.162778273894,,,,,
1998295N12284,MITCH,1998-11-06 09:00:00,33.8,-70.1, , ,,1998,88,1320.5319604938004,,,,,
1998295N12284,MITCH,1998-11-06 12:00:00,35.0,-68.0,50,990,,1998,88,1554.2347209227105,,,,,
1998295N12284,MITCH,1998-11-06 15:00:00,36.0,-65.6, , ,,1998,88,1794.9014432591214,,,,,
1998295N12284,MITCH,1998-11-06 18:00:00,37.0,-63.0,50,989,,1998,88,2049.755844345959,,,,,
1998295N12284,MITCH,1998-11-06 21:00:00,38.0,-60.5, , ,,1998,88,2295.836700600678,,,,,
1998295N12284,MITCH,1998-11-07 00:00:00,39.0,-58.0,50,990,,1998,88,2539.890039725641,,,,,
1998295N12284,MITCH,1998-11-07 03:00:00,40.0,-55.5, , ,,1998,88,2781.4740047325963,,,,,
1998295N12284,MITCH,1998-11-07 06:00:00,41.0,-53.0,50,992,,1998,88,3020.240323881434,,,,,
1998295N12284,MITCH,1998-11-07 09:00:00,41.7,-50.3, , ,,1998,88,3257.567229869164,,,,,
1998295N12284,MITCH,1998-11-07 12:00:00,42.5,-47.5,50,986,,1998,88,3505.02104727162,,,,,
1998295N12284,MITCH,1998-11-07 15:00:00,43.5,-44.7, , ,,1998,88,3757.318555772567,,,,,
1998295N12284,MITCH,1998-11-07 18:00:00,44.5,-42.0,60,972,,1998,88,3997.826837487916,,,,,
1998295N12284,MITCH,1998-11-07 21:00:00,45.5,-39.2, , ,,1998,88,4241.369368435033,,,,,
1998295N12284,MITCH,1998-11-08 00:00:00,46.5,-36.5,60,974,,1998,88,4472.706133962279,,,,,
1998295N12284,MITCH,1998-11-08 03:00:00,47.5,-33.8, , ,,1998,88,4699.110031938009,,,,,
1998295N12284,MITCH,1998-11-08 06:00:00,48.5,-31.0,60,972,,1998,88,4927.518173615622,,,,,
1998295N12284,MITCH,1998-11-08 09:00:00,49.1,-27.9, , ,,1998,88,5163.31641085458,,,,,
1998295N12284,MITCH,1998-11-08 12:00:00,50.0,-25.0,60,962,,1998,88,5386.318449027756,,,,,
1998295N12284,MITCH,1998-11-08 15:00:00,51.7,-22.8, , ,,1998,88,5567.25373315847,,,,,
1998295N12284,MITCH,1998-11-08 18:00:00,53.5,-20.5,60,956,,1998,88,5749.233991264358,,,,,
1998295N12284,MITCH,1998-11-08 21:00:00,54.6,-17.4, , ,,1998,88,5964.82261856641,,,,,
1998295N12284,MITCH,1998-11-09 00:00:00,55.5,-14.5,60,956,,1998,88,6157.644331917457,,,,,
1998295N12284,MITCH,1998-11-09 03:00:00,56.7,-12.1, , ,,1998,88,6314.391336981663,,,,,
1998295N12284,MITCH,1998-11-09 06:00:00,58.0,-10.5,60,956,,1998,88,6416.902155678994,,,,,
1998295N12284,MITCH,1998-11-09 09:00:00,59.5,-10.3, , ,,1998,88,6436.405451826426,,,,,
1998295N12284,MITCH,1998-11-09 12:00:00,61.0,-10.0,60,956,,1998,88,6462.999994271468,,,,,
1998295N12284,MITCH,1998-11-09 15:00:00,62.3,-8.1, , ,,1998,88,6571.577145819574,,,,,
1998295N12284,MITCH,1998-11-09 18:00:00,63.5,-5.0,55,960,,1998,88,6732.800008976636,,,,,
1999262N25272,HARVEY,1999-09-19 06:00:00,25.0,-87.8,30,1005,,1999,81,768.9031142755142,,,,,
1999262N25272,HARVEY,1999-09-19 09:00:00,25.2,-87.8, , ,,1999,81,766.1437287168105,,,,,
1999262N25272,HARVEY,1999-09-19 12:00:00,25.5,-87.8,30,1004,,1999,81,763.1961346375214,,,,,
1999262N25272,HARVEY,1999-09-19 15:00:00,25.8,-87.8, , ,,1999,81,761.6924802126886,,,,,
1999262N25272,HARVEY,1999-09-19 18:00:00,26.0,-87.8,30,1003,,1999,81,761.4967947589624,,,,,
1999262N25272,HARVEY,1999-09-19 21:00:00,26.2,-87.6, , ,,1999,81,742.006163727264,,,,,
1999262N25272,HARVEY,1999-09-20 00:00:00,26.3,-87.4,40,1002,,1999,81,722.595095260953,,,,,
1999262N25272,HARVEY,1999-09-20 03:00:00,26.4,-87.2, , ,,1999,81,703.4253739763377,,,,,
1999262N25272,HARVEY,1999-09-20 06:00:00,26.6,-86.9,40,1001,,1999,81,675.7660822351005,,,,,
1999262N25272,HARVEY,1999-09-20 09:00:00,26.8,-86.6, , ,,1999,81,649.1738079883003,,,,,
1999262N25272,HARVEY,1999-09-20 12:00:00,27.0,-86.3,40,998,,1999,81,623.7784604931219,,,,,
1999262N25272,HARVEY,1999-09-20 15:00:00,27.0,-85.9, , ,,1999,81,584.9929232777719,,,,,
1999262N25272,HARVEY,1999-09-20 18:00:00,27.0,-85.5,50,998,,1999,81,546.3569834541183,,,,,
1999262N25272,HARVEY,1999-09-20 21:00:00,27.1,-85.0, , ,,1999,81,501.3115202503743,,,,,
1999262N25272,HARVEY,1999-09-21 00:00:00,27.1,-84.6,50,995,,1999,81,463.4363819112696,,,,,
1999262N25272,HARVEY,1999-09-21 03:00:00,26.8,-84.2, , ,,1999,81,415.9414007546605,,,,,
1999262N25272,HARVEY,1999-09-21 06:00:00,26.5,-83.9,50,995,,1999,81,379.1658640474131,,,,,
1999262N25272,HARVEY,1999-09-21 08:00:00,26.3,-83.7,50,994,,1999,81,355.5833914133959,,,,,
1999262N25272,HARVEY,1999-09-21 09:00:00,26.2,-83.5, , ,,1999,81,334.2419238941455,,,,,
1999262N25272,HARVEY,1999-09-21 12:00:00,26.0,-82.8,50,996,,1999,81,262.26821379421756,,,,,
1999262N25272,HARVEY,1999-09-21 15:00:00,25.9,-82.1, , ,,1999,81,191.59822493775215,,,,,
1999262N25272,HARVEY,1999-09-21 17:00:00,25.9,-81.7,50,999,,1999,81,151.7283516882947,,,,,
1999262N25272,HARVEY,1999-09-21 18:00:00,25.9,-81.5,50,999,,1999,81,131.83037452808878,,,,,
1999262N25272,HARVEY,1999-09-21 21:00:00,26.2,-80.3, , ,,1999,81,49.92235658676704,,,,,
1999262N25272,HARVEY,1999-09-22 00:00:00,26.9,-78.6,40,1000,,1999,81,202.93933409590088,,,,,
1999286N16278,IRENE,1999-10-12 12:00:00,15.9,-82.0,20,1006,,1999,87,1112.5000563190454,,,,,
1999286N16278,IRENE,1999-10-12 15:00:00,16.2,-82.6, , ,,1999,87,1092.118734069351,,,,,
1999286N16278,IRENE,1999-10-12 18:00:00,16.4,-83.0,20,1006,,1999,87,1080.8518266616147,,,,,
1999286N16278,IRENE,1999-10-12 21:00:00,16.5,-83.2, , ,,1999,87,1075.9350497792605,,,,,
1999286N16278,IRENE,1999-10-13 00:00:00,16.7,-83.2,20,1005,,1999,87,1054.6117630138988,,,,,
1999286N16278,IRENE,1999-10-13 03:00:00,16.9,-83.3, , ,,1999,87,1036.4875682705429,,,,,
1999286N16278,IRENE,1999-10-13 06:00:00,17.3,-83.3,30,1004,,1999,87,994.1688073668204,,,,,
1999286N16278,IRENE,1999-10-13 09:00:00,17.8,-83.3, , ,,1999,87,941.54793563171,,,,,
1999286N16278,IRENE,1999-10-13 12:00:00,18.5,-83.4,35,1003,,1999,87,872.3387980755274,,,,,
1999286N16278,IRENE,1999-10-13 15:00:00,19.2,-83.5, , ,,1999,87,804.7939167222843,,,,,
1999286N16278,IRENE,1999-10-13 18:00:00,19.8,-83.6,45,1001,,1999,87,749.2431947221669,,,,,
1999286N16278,IRENE,1999-10-13 21:00:00,20.3,-83.6, , ,,1999,87,700.2293129843076,,,,,
1999286N16278,IRENE,1999-10-14 00:00:00,20.7,-83.6,55,999,,1999,87,661.7647238169496,,,,,
1999286N16278,IRENE,1999-10-14 03:00:00,20.9,-83.7, , ,,1999,87,648.4007154678169,,,,,
1999286N16278,IRENE,1999-10-14 06:00:00,21.0,-83.6,60,999,,1999,87,633.4312570898388,,,,,
1999286N16278,IRENE,1999-10-14 09:00:00,21.1,-83.3, , ,,1999,87,607.5909671751988,,,,,
1999286N16278,IRENE,1999-10-14 12:00:00,21.3,-82.9,60,997,,1999,87,567.7150068006266,,,,,
1999286N16278,IRENE,1999-10-14 15:00:00,21.7,-82.5, , ,,1999,87,509.06466801208495,,,,,
1999286N16278,IRENE,1999-10-14 18:00:00,22.4,-82.4,60,995,,1999,87,435.84186798977095,,,,,
1999286N16278,IRENE,1999-10-14 19:00:00,22.7,-82.5,60,986,,1999,87,413.10953570241475,,,,,
1999286N16278,IRENE,1999-10-14 21:00:00,23.0,-82.6, , ,,1999,87,392.1342796107302,,,,,
1999286N16278,IRENE,1999-10-15 00:00:00,23.1,-82.6,60,988,,1999,87,383.42905981487667,,,,,
1999286N16278,IRENE,1999-10-15 03:00:00,23.4,-82.4, , ,,1999,87,344.6864380778438,,,,,
1999286N16278,IRENE,1999-10-15 06:00:00,23.8,-82.2,65,988,,1999,87,297.7870978215926,,,,,
1999286N16278,IRENE,1999-10-15 09:00:00,24.0,-82.1, , ,,1999,87,274.62718854299146,,,,,
1999286N16278,IRENE,1999-10-15 12:00:00,24.4,-81.8,65,987,,1999,87,221.71091987700345,,,,,
1999286N16278,IRENE,1999-10-15 13:00:00,24.6,-81.6,65,987,,1999,87,191.74204661129215,,,,,
1999286N16278,IRENE,1999-10-15 15:00:00,24.9,-81.4, , ,,1999,87,154.6777093961669,,,,,
1999286N16278,IRENE,1999-10-15 18:00:00,25.1,-81.3,65,986,,1999,87,133.40904312296576,,,,,
1999286N16278,IRENE,1999-10-15 20:00:00,25.3,-81.1,70,987,,1999,87,104.59221917332344,,,,,
1999286N16278,IRENE,1999-10-15 21:00:00,25.5,-81.0, , ,,1999,87,86.09158306178176,,,,,
1999286N16278,IRENE,1999-10-16 00:00:00,26.1,-80.6,65,986,,1999,87,55.50966549724014,,,,,
1999286N16278,IRENE,1999-10-16 03:00:00,26.6,-80.3, , ,,1999,87,93.83790368143416,,,,,
1999286N16278,IRENE,1999-10-16 06:00:00,27.0,-80.2,65,985,,1999,87,137.69510038944597,,,,,
1999286N16278,IRENE,1999-10-16 09:00:00,27.4,-80.1, , ,,1999,87,182.39920447129472,,,,,
1999286N16278,IRENE,1999-10-16 12:00:00,27.8,-80.1,65,982,,1999,87,226.83170811279464,,,,,
1999286N16278,IRENE,1999-10-16 15:00:00,28.2,-80.0, , ,,1999,87,271.7917489094566,,,,,
1999286N16278,IRENE,1999-10-16 18:00:00,28.6,-79.9,65,984,,1999,87,316.92118614467785,,,,,
1999286N16278,IRENE,1999-10-16 21:00:00,29.0,-79.8, , ,,1999,87,362.1536555857165,,,,,
1999286N16278,IRENE,1999-10-17 00:00:00,29.4,-79.8,65,984,,1999,87,406.39810989281,,,,,
1999286N16278,IRENE,1999-10-17 03:00:00,29.8,-79.8, , ,,1999,87,450.6884809269702,,,,,
1999286N16278,IRENE,1999-10-17 06:00:00,30.2,-79.8,65,985,,1999,87,495.0124438665946,,,,,
1999286N16278,IRENE,1999-10-17 09:00:00,30.7,-79.8, , ,,1999,87,550.4522733777516,,,,,
1999286N16278,IRENE,1999-10-17 12:00:00,31.2,-79.7,65,984,,1999,87,606.6160615645266,,,,,
1999286N16278,IRENE,1999-10-17 15:00:00,31.7,-79.5, , ,,1999,87,663.739459801898,,,,,
1999286N16278,IRENE,1999-10-17 18:00:00,32.2,-79.0,70,978,,1999,87,725.2129485561334,,,,,
1999286N16278,IRENE,1999-10-17 21:00:00,32.8,-78.3, , ,,1999,87,803.7920154183643,,,,,
1999286N16278,IRENE,1999-10-18 00:00:00,33.4,-77.4,80,976,,1999,87,891.0935312734878,,,,,
1999286N16278,IRENE,1999-10-18 03:00:00,34.0,-76.4, , ,,1999,87,986.071896716144,,,,,
1999286N16278,IRENE,1999-10-18 06:00:00,34.8,-75.2,95,964,,1999,87,1113.0178623431302,,,,,
1999286N16278,IRENE,1999-10-18 07:56:00,35.4,-74.4,95,958,,1999,87,1206.0092998644795,,,,,
1999286N16278,IRENE,1999-10-18 09:00:00,35.8,-73.8, , ,,1999,87,1271.4941530735766,,,,,
1999286N16278,IRENE,1999-10-18 12:00:00,36.8,-71.6,90,960,,1999,87,1472.574036806101,,,,,
1999286N16278,IRENE,1999-10-18 15:00:00,37.9,-69.6, , ,,1999,87,1677.5298450618325,,,,,
1999286N16278,IRENE,1999-10-18 18:00:00,39.0,-67.4,80,968,,1999,87,1895.7456158571829,,,,,
1999286N16278,IRENE,1999-10-18 21:00:00,40.1,-64.6, , ,,1999,87,2151.860111957828,,,,,
1999286N16278,IRENE,1999-10-19 00:00:00,41.5,-61.0,80,968,,1999,87,2482.774551895086,,,,,
1999286N16278,IRENE,1999-10-19 03:00:00,43.2,-56.1, , ,,1999,87,2919.153854176094,,,,,
1999286N16278,IRENE,1999-10-19 06:00:00,44.9,-51.5,80,968,,1999,87,3331.062320032562,,,,,
1999286N16278,IRENE,1999-10-19 09:00:00,46.4,-49.2, , ,,1999,87,3568.904504253439,,,,,
1999286N16278,IRENE,1999-10-19 12:00:00,48.0,-48.0,80,968,,1999,87,3735.5207116570855,,,,,
1999286N16278,IRENE,1999-10-19 15:00:00,49.5,-46.6, , ,,1999,87,3907.7470235400106,,,,,
1999286N16278,IRENE,1999-10-19 18:00:00,51.0,-45.0,80,968,,1999,87,4089.627812108711,,,,,
2004223N11301,CHARLEY,2004-08-09 12:00:00,11.4,-59.2,30,1010,,2004,49,2721.2748603538125,,,,,
2004223N11301,CHARLEY,2004-08-09 15:00:00,11.5,-60.1, , ,,2004,49,2638.324813315876,,,,,
2004223N11301,CHARLEY,2004-08-09 18:00:00,11.7,-61.1,30,1009,,2004,49,2540.772938156503,,,,,
2004223N11301,CHARLEY,2004-08-09 21:00:00,11.9,-62.1, , ,,2004,49,2444.1797535405844,,,,,
2004223N11301,CHARLEY,2004-08-10 00:00:00,12.2,-63.2,30,1009,,2004,49,2333.12376108876,,,,,
2004223N11301,CHARLEY,2004-08-10 03:00:00,12.5,-64.2, , ,,2004,49,2231.088936001588,,,,,
2004223N11301,CHARLEY,2004-08-10 06:00:00,12.9,-65.3,35,1007,,2004,49,2114.5385616375725,,,,,
2004223N11301,CHARLEY,2004-08-10 09:00:00,13.3,-66.4, , ,,2004,49,1999.149039205664,,,,,
2004223N11301,CHARLEY,2004-08-10 12:00:00,13.8,-67.6,40,1004,,2004,49,1869.6027060449271,,,,,
2004223N11301,CHARLEY,2004-08-10 15:00:00,14.4,-68.7, , ,,2004,49,1740.4732613355632,,,,,
2004223N11301,CHARLEY,2004-08-10 18:00:00,14.9,-69.8,45,1000,,2004,49,1620.9164775982958,,,,,
2004223N11301,CHARLEY,2004-08-10 21:00:00,15.3,-70.8, , ,,2004,49,1518.4383462996277,,,,,
2004223N11301,CHARLEY,2004-08-11 00:00:00,15.6,-71.8,55,999,,2004,49,1426.8278696401171,,,,,
2004223N11301,CHARLEY,2004-08-11 03:00:00,15.8,-72.8, , ,,2004,49,1347.3200976386377,,,,,
2004223N11301,CHARLEY,2004-08-11 06:00:00,16.0,-73.7,55,999,,2004,49,1277.277663974607,,,,,
2004223N11301,CHARLEY,2004-08-11 09:00:00,16.1,-74.6, , ,,2004,49,1220.767872544379,,,,,
2004223N11301,CHARLEY,2004-08-11 12:00:00,16.3,-75.4,60,995,,2004,49,1163.3602328234977,,,,,
2004223N11301,CHARLEY,2004-08-11 15:00:00,16.5,-76.1, , ,,2004,49,1113.6116948847723,,,,,
2004223N11301,CHARLEY,2004-08-11 18:00:00,16.7,-76.8,65,993,,2004,49,1067.0044449752766,,,,,
2004223N11301,CHARLEY,2004-08-11 21:00:00,17.0,-77.5, , ,,2004,49,1013.2299112127708,,,,,
2004223N11301,CHARLEY,2004-08-12 00:00:00,17.4,-78.1,65,992,,2004,49,954.540645871518,,,,,
2004223N11301,CHARLEY,2004-08-12 03:00:00,17.8,-78.7, , ,,2004,49,898.5701731804934,,,,,
2004223N11301,CHARLEY,2004-08-12 06:00:00,18.2,-79.3,75,988,,2004,49,845.8251878448493,,,,,
2004223N11301,CHARLEY,2004-08-12 09:00:00,18.7,-80.0, , ,,2004,49,785.4728743540734,,,,,
2004223N11301,CHARLEY,2004-08-12 12:00:00,19.2,-80.7,80,984,,2004,49,731.4906299717344,,,,,
2004223N11301,CHARLEY,2004-08-12 15:00:00,19.8,-81.2, , ,,2004,49,670.909493801902,,,,,
2004223N11301,CHARLEY,2004-08-12 18:00:00,20.5,-81.6,90,980,,2004,49,602.5150368264713,,,,,
2004223N11301,CHARLEY,2004-08-12 21:00:00,21.1,-81.9, , ,,2004,49,546.8469121866536,,,,,
2004223N11301,CHARLEY,2004-08-13 00:00:00,21.7,-82.2,90,976,,2004,49,495.720205897374,,,,,
2004223N11301,CHARLEY,2004-08-13 03:00:00,22.4,-82.5, , ,,2004,49,441.1466064289553,,,,,
2004223N11301,CHARLEY,2004-08-13 04:30:00,22.7,-82.6,105,966,,2004,49,418.9351373411505,,,,,
2004223N11301,CHARLEY,2004-08-13 06:00:00,23.0,-82.6,105,966,,2004,49,392.1342796107302,,,,,
2004223N11301,CHARLEY,2004-08-13 09:00:00,23.7,-82.8, , ,,2004,49,349.1862534123364,,,,,
2004223N11301,CHARLEY,2004-08-13 12:00:00,24.4,-82.9,95,969,,2004,49,311.9410338439172,,,,,
2004223N11301,CHARLEY,2004-08-13 15:00:00,25.2,-82.7, , ,,2004,49,259.39662509468184,,,,,
2004223N11301,CHARLEY,2004-08-13 18:00:00,26.1,-82.4,125,947,,2004,49,223.99827137137936,,,,,
2004223N11301,CHARLEY,2004-08-13 19:45:00,26.6,-82.2,130,941,,2004,49,221.0067548851872,,,,,
2004223N11301,CHARLEY,2004-08-13 20:45:00,26.9,-82.1,125,942,,2004,49,228.4334351220516,,,,,
2004223N11301,CHARLEY,2004-08-13 21:00:00,27.0,-82.1, , ,,2004,49,234.70981257664673,,,,,
2004223N11301,CHARLEY,2004-08-14 00:00:00,28.1,-81.6,75,970,,2004,49,295.1065517698449,,,,,
2004223N11301,CHARLEY,2004-08-14 03:00:00,29.1,-81.2, , ,,2004,49,384.30004812490034,,,,,
2004223N11301,CHARLEY,2004-08-14 06:00:00,30.1,-80.8,75,993,,2004,49,486.0800736580898,,,,,
2004223N11301,CHARLEY,2004-08-14 09:00:00,31.2,-80.2, , ,,2004,49,604.7118999170478,,,,,
2004223N11301,CHARLEY,2004-08-14 12:00:00,32.3,-79.7,65,988,,2004,49,728.5931513352549,,,,,
2004223N11301,CHARLEY,2004-08-14 14:00:00,33.0,-79.4,70,992,,2004,49,808.5009762490399,,,,,
2004223N11301,CHARLEY,2004-08-14 15:00:00,33.4,-79.1, , ,,2004,49,855.858128550204,,,,,
2004223N11301,CHARLEY,2004-08-14 16:00:00,33.8,-78.7,65,997,,2004,49,905.30182955549,,,,,
2004223N11301,CHARLEY,2004-08-14 18:00:00,34.5,-78.1,60,1000,,2004,49,992.1808054219132,,,,,
2004223N11301,CHARLEY,2004-08-14 21:00:00,35.7,-77.0, , ,,2004,49,1146.2125342191562,,,,,
2004223N11301,CHARLEY,2004-08-15 00:00:00,36.9,-75.9,40,1012,,2004,49,1303.4482044557508,,,,,
2004223N11301,CHARLEY,2004-08-15 03:00:00,38.1,-74.9, , ,,2004,49,1459.2835986798077,,,,,
2004223N11301,CHARLEY,2004-08-15 06:00:00,39.3,-73.8,35,1014,,2004,49,1619.085761213883,,,,,
2004223N11301,CHARLEY,2004-08-15 09:00:00,40.3,-72.5, , ,,2004,49,1766.6366962102768,,,,,
2004223N11301,CHARLEY,2004-08-15 12:00:00,41.2,-71.1,30,1018,,2004,49,1909.8397337798249,,,,,
2004238N11325,FRANCES,2004-08-25 00:00:00,11.1,-35.2,25,1009,,2004,58,4989.5917036249775,,,,,
2004238N11325,FRANCES,2004-08-25 03:00:00,11.2,-36.0, , ,,2004,58,4906.059244476642,,,,,
2004238N11325,FRANCES,2004-08-25 06:00:00,11.2,-36.8,30,1008,,2004,58,4827.436103682921,,,,,
2004238N11325,FRANCES,2004-08-25 09:00:00,11.2,-37.6, , ,,2004,58,4748.9494440257295,,,,,
2004238N11325,FRANCES,2004-08-25 12:00:00,11.3,-38.3,30,1007,,2004,58,4675.488910207863,,,,,
2004238N11325,FRANCES,2004-08-25 15:00:00,11.4,-39.0, , ,,2004,58,4602.092819317975,,,,,
2004238N11325,FRANCES,2004-08-25 18:00:00,11.5,-39.8,35,1005,,2004,58,4518.99896316724,,,,,
2004238N11325,FRANCES,2004-08-25 21:00:00,11.7,-40.7, , ,,2004,58,4421.2993027881275,,,,,
2004238N11325,FRANCES,2004-08-26 00:00:00,11.9,-41.5,40,1003,,2004,58,4333.432002505509,,,,,
2004238N11325,FRANCES,2004-08-26 03:00:00,12.1,-42.2, , ,,2004,58,4255.367000536297,,,,,
2004238N11325,FRANCES,2004-08-26 06:00:00,12.3,-42.9,45,1000,,2004,58,4177.356222228828,,,,,
2004238N11325,FRANCES,2004-08-26 09:00:00,12.5,-43.7, , ,,2004,58,4089.688180409657,,,,,
2004238N11325,FRANCES,2004-08-26 12:00:00,12.8,-44.5,55,994,,2004,58,3997.1290486622306,,,,,
2004238N11325,FRANCES,2004-08-26 15:00:00,13.1,-45.2, , ,,2004,58,3914.352982030117,,,,,
2004238N11325,FRANCES,2004-08-26 18:00:00,13.3,-45.8,65,987,,2004,58,3846.278889191492,,,,,
2004238N11325,FRANCES,2004-08-26 21:00:00,13.5,-46.3, , ,,2004,58,3787.9415423196583,,,,,
2004238N11325,FRANCES,2004-08-27 00:00:00,13.7,-46.8,70,984,,2004,58,3729.640378896059,,,,,
2004238N11325,FRANCES,2004-08-27 03:00:00,13.9,-47.3, , ,,2004,58,3671.375984250918,,,,,
2004238N11325,FRANCES,2004-08-27 06:00:00,14.2,-47.8,75,980,,2004,58,3608.2707730224106,,,,,
2004238N11325,FRANCES,2004-08-27 09:00:00,14.4,-48.2, , ,,2004,58,3559.786109934242,,,,,
2004238N11325,FRANCES,2004-08-27 12:00:00,14.7,-48.5,90,970,,2004,58,3516.2306352167175,,,,,
2004238N11325,FRANCES,2004-08-27 15:00:00,15.1,-48.9, , ,,2004,58,3458.357266018463,,,,,
2004238N11325,FRANCES,2004-08-27 18:00:00,15.4,-49.3,100,962,,2004,58,3405.3769489995016,,,,,
2004238N11325,FRANCES,2004-08-27 21:00:00,15.6,-49.6, , ,,2004,58,3366.877174367452,,,,,
2004238N11325,FRANCES,2004-08-28 00:00:00,15.9,-50.0,100,962,,2004,58,3314.094760325695,,,,,
2004238N11325,FRANCES,2004-08-28 03:00:00,16.2,-50.4, , ,,2004,58,3261.439673657397,,,,,
2004238N11325,FRANCES,2004-08-28 06:00:00,16.6,-50.9,100,962,,2004,58,3194.696214145064,,,,,
2004238N11325,FRANCES,2004-08-28 09:00:00,16.9,-51.3, , ,,2004,58,3142.363169269669,,,,,
2004238N11325,FRANCES,2004-08-28 12:00:00,17.2,-51.6,105,958,,2004,58,3099.9661592262732,,,,,
2004238N11325,FRANCES,2004-08-28 15:00:00,17.5,-52.0, , ,,2004,58,3047.9432006746915,,,,,
2004238N11325,FRANCES,2004-08-28 18:00:00,17.7,-52.3,115,948,,2004,58,3010.0806848269367,,,,,
2004238N11325,FRANCES,2004-08-28 21:00:00,17.9,-52.6, , ,,2004,58,2972.287178053975,,,,,
2004238N11325,FRANCES,2004-08-29 00:00:00,18.1,-52.9,115,948,,2004,58,2934.5648078592335,,,,,
2004238N11325,FRANCES,2004-08-29 03:00:00,18.3,-53.2, , ,,2004,58,2896.9157931225486,,,,,
2004238N11325,FRANCES,2004-08-29 06:00:00,18.4,-53.6,115,948,,2004,58,2853.5565431883647,,,,,
2004238N11325,FRANCES,2004-08-29 09:00:00,18.5,-54.0, , ,,2004,58,2810.2173243479697,,,,,
2004238N11325,FRANCES,2004-08-29 12:00:00,18.6,-54.4,115,948,,2004,58,2766.8983135816125,,,,,
2004238N11325,FRANCES,2004-08-29 15:00:00,18.7,-54.7, , ,,2004,58,2733.4119037704404,,,,,
2004238N11325,FRANCES,2004-08-29 18:00:00,18.8,-55.0,110,948,,2004,58,2699.941443885079,,,,,
2004238N11325,FRANCES,2004-08-29 21:00:00,18.9,-55.4, , ,,2004,58,2656.6765101470064,,,,,
2004238N11325,FRANCES,2004-08-30 00:00:00,18.9,-55.8,105,954,,2004,58,2617.4643457831926,,,,,
2004238N11325,FRANCES,2004-08-30 03:00:00,18.9,-56.3, , ,,2004,58,2568.519805244172,,,,,
2004238N11325,FRANCES,2004-08-30 06:00:00,19.0,-56.8,100,958,,2004,58,2515.538373104107,,,,,
2004238N11325,FRANCES,2004-08-30 09:00:00,19.1,-57.4, , ,,2004,58,2452.8286381320477,,,,,
2004238N11325,FRANCES,2004-08-30 12:00:00,19.2,-58.1,100,956,,2004,58,2380.4287214931874,,,,,
2004238N11325,FRANCES,2004-08-30 15:00:00,19.3,-58.7, , ,,2004,58,2317.847541964705,,,,,
2004238N11325,FRANCES,2004-08-30 18:00:00,19.4,-59.3,110,948,,2004,58,2255.3287034970017,,,,,
2004238N11325,FRANCES,2004-08-30 21:00:00,19.5,-60.0, , ,,2004,58,2183.175753325417,,,,,
2004238N11325,FRANCES,2004-08-31 00:00:00,19.6,-60.7,110,946,,2004,58,2111.128934900645,,,,,
2004238N11325,FRANCES,2004-08-31 03:00:00,19.7,-61.4, , ,,2004,58,2039.1961799676897,,,,,
2004238N11325,FRANCES,2004-08-31 06:00:00,19.8,-62.1,115,950,,2004,58,1967.3864862878977,,,,,
2004238N11325,FRANCES,2004-08-31 09:00:00,19.9,-62.8, , ,,2004,58,1895.710113793426,,,,,
2004238N11325,FRANCES,2004-08-31 12:00:00,20.0,-63.5,120,949,,2004,58,1824.178825290851,,,,,
2004238N11325,FRANCES,2004-08-31 15:00:00,20.1,-64.3, , ,,2004,58,1743.272813455127,,,,,
2004238N11325,FRANCES,2004-08-31 18:00:00,20.3,-65.0,125,942,,2004,58,1667.5219031675315,,,,,
2004238N11325,FRANCES,2004-08-31 21:00:00,20.4,-65.7, , ,,2004,58,1596.4772984220915,,,,,
2004238N11325,FRANCES,2004-09-01 00:00:00,20.6,-66.4,120,941,,2004,58,1520.9499215719786,,,,,
2004238N11325,FRANCES,2004-09-01 03:00:00,20.8,-67.2, , ,,2004,58,1436.1125419182977,,,,,
2004238N11325,FRANCES,2004-09-01 06:00:00,21.0,-67.9,120,939,,2004,58,1360.8398584375502,,,,,
2004238N11325,FRANCES,2004-09-01 07:00:00,21.1,-68.1,120,935,,2004,58,1337.3261315793495,,,,,
2004238N11325,FRANCES,2004-09-01 09:00:00,21.2,-68.5, , ,,2004,58,1295.0594426481728,,,,,
2004238N11325,FRANCES,2004-09-01 12:00:00,21.4,-69.1,120,937,,2004,58,1229.3626384515717,,,,,
2004238N11325,FRANCES,2004-09-01 15:00:00,21.6,-69.8, , ,,2004,58,1154.4250841656642,,,,,
2004238N11325,FRANCES,2004-09-01 18:00:00,21.8,-70.4,120,941,,2004,58,1088.9255236967724,,,,,
2004238N11325,FRANCES,2004-09-01 21:00:00,22.0,-70.9, , ,,2004,58,1032.8009257838114,,,,,
2004238N11325,FRANCES,2004-09-02 00:00:00,22.2,-71.4,120,939,,2004,58,976.7394235582302,,,,,
2004238N11325,FRANCES,2004-09-02 03:00:00,22.5,-71.9, , ,,2004,58,915.9917871078906,,,,,
2004238N11325,FRANCES,2004-09-02 06:00:00,22.7,-72.5,125,937,,2004,58,850.7753991770415,,,,,
2004238N11325,FRANCES,2004-09-02 07:30:00,22.8,-72.8,125,936,,2004,58,818.2041118170056,,,,,
2004238N11325,FRANCES,2004-09-02 09:00:00,22.9,-73.1, , ,,2004,58,785.6583241247091,,,,,
2004238N11325,FRANCES,2004-09-02 12:00:00,23.2,-73.5,120,939,,2004,58,734.5234466079487,,,,,
2004238N11325,FRANCES,2004-09-02 15:00:00,23.5,-73.9, , ,,2004,58,683.7653772873606,,,,,
2004238N11325,FRANCES,2004-09-02 18:00:00,23.8,-74.3,115,948,,2004,58,633.4591486614482,,,,,
2004238N11325,FRANCES,2004-09-02 19:30:00,24.0,-74.5,110,948,,2004,58,606.5794917164607,,,,,
2004238N11325,FRANCES,2004-09-02 21:00:00,24.1,-74.7, , ,,2004,58,583.7044045222488,,,,,
2004238N11325,FRANCES,2004-09-03 00:00:00,24.2,-75.0,105,948,,2004,58,551.2996090115595,,,,,
2004238N11325,FRANCES,2004-09-03 03:00:00,24.3,-75.3, , ,,2004,58,518.9183231031056,,,,,
2004238N11325,FRANCES,2004-09-03 05:30:00,24.6,-75.6,100,954,,2004,58,479.7459281338651,,,,,
2004238N11325,FRANCES,2004-09-03 06:00:00,24.7,-75.7,100,954,,2004,58,466.95329663336935,,,,,
2004238N11325,FRANCES,2004-09-03 09:00:00,25.0,-76.0, , ,,2004,58,429.5285031895772,,,,,
2004238N11325,FRANCES,2004-09-03 10:00:00,25.1,-76.1,95,956,,2004,58,417.41699752893055,,,,,
2004238N11325,FRANCES,2004-09-03 12:00:00,25.3,-76.3,95,958,,2004,58,393.8367257581306,,,,,
2004238N11325,FRANCES,2004-09-03 15:00:00,25.5,-76.7, , ,,2004,58,351.26131614464265,,,,,
2004238N11325,FRANCES,2004-09-03 18:00:00,25.7,-77.1,90,960,,2004,58,309.7720536941122,,,,,
2004238N11325,FRANCES,2004-09-03 21:00:00,25.8,-77.3, , ,,2004,58,289.57289626957385,,,,,
2004238N11325,FRANCES,2004-09-04 00:00:00,26.0,-77.5,85,960,,2004,58,270.5898551298915,,,,,
2004238N11325,FRANCES,2004-09-04 03:00:00,26.2,-77.7, , ,,2004,58,253.79309604486048,,,,,
2004238N11325,FRANCES,2004-09-04 06:00:00,26.4,-77.9,85,960,,2004,58,239.6348206422641,,,,,
2004238N11325,FRANCES,2004-09-04 09:00:00,26.5,-78.1, , ,,2004,58,224.3770490625703,,,,,
2004238N11325,FRANCES,2004-09-04 10:00:00,26.6,-78.2,90,961,,2004,58,219.5240840119092,,,,,
2004238N11325,FRANCES,2004-09-04 12:00:00,26.8,-78.5,90,962,,2004,58,204.3988439646891,,,,,
2004238N11325,FRANCES,2004-09-04 15:00:00,26.9,-78.9, , ,,2004,58,180.53608924972028,,,,,
2004238N11325,FRANCES,2004-09-04 18:00:00,26.8,-79.1,90,962,,2004,58,158.6759827002583,,,,,
2004238N11325,FRANCES,2004-09-04 21:00:00,26.9,-79.2, , ,,2004,58,160.59174876758414,,,,,
2004238N11325,FRANCES,2004-09-05 00:00:00,27.0,-79.4,95,958,,2004,58,158.68250929238332,,,,,
2004238N11325,FRANCES,2004-09-05 03:00:00,27.2,-80.0, , ,,2004,58,161.06680806136268,,,,,
2004238N11325,FRANCES,2004-09-05 04:30:00,27.2,-80.2,90,960,,2004,58,159.93374516981788,,,,,
2004238N11325,FRANCES,2004-09-05 06:00:00,27.2,-80.2,90,960,,2004,58,159.93374516981788,,,,,
2004238N11325,FRANCES,2004-09-05 09:00:00,27.3,-80.4, , ,,2004,58,172.30053850757193,,,,,
2004238N11325,FRANCES,2004-09-05 12:00:00,27.4,-80.7,80,969,,2004,58,189.04964907242024,,,,,
2004238N11325,FRANCES,2004-09-05 15:00:00,27.6,-81.2, , ,,2004,58,227.63065732107756,,,,,
2004238N11325,FRANCES,2004-09-05 18:00:00,27.8,-81.7,60,975,,2004,58,271.62462518991265,,,,,
2004238N11325,FRANCES,2004-09-05 21:00:00,27.9,-82.0, , ,,2004,58,297.8538753376594,,,,,
2004238N11325,FRANCES,2004-09-06 00:00:00,28.1,-82.3,55,978,,2004,58,333.57537272175136,,,,,
2004238N11325,FRANCES,2004-09-06 03:00:00,28.3,-82.8, , ,,2004,58,382.5954958917262,,,,,
2004238N11325,FRANCES,2004-09-06 06:00:00,28.6,-83.3,55,981,,2004,58,440.5586136594266,,,,,
2004238N11325,FRANCES,2004-09-06 09:00:00,28.9,-83.6, , ,,2004,58,484.83354927426234,,,,,
2004238N11325,FRANCES,2004-09-06 12:00:00,29.2,-83.7,55,982,,2004,58,515.6224414723922,,,,,
2004238N11325,FRANCES,2004-09-06 15:00:00,29.6,-83.8, , ,,2004,58,555.2446047290073,,,,,
2004238N11325,FRANCES,2004-09-06 18:00:00,30.1,-84.0,50,982,,2004,58,610.3625956182514,,,,,
2004238N11325,FRANCES,2004-09-06 21:00:00,30.6,-84.3, , ,,2004,58,671.8475792184372,,,,,
2004238N11325,FRANCES,2004-09-07 00:00:00,31.0,-84.6,35,984,,2004,58,724.562570032212,,,,,
2004238N11325,FRANCES,2004-09-07 03:00:00,31.3,-84.8, , ,,2004,58,762.619379466151,,,,,
2004238N11325,FRANCES,2004-09-07 06:00:00,31.5,-85.0,30,988,,2004,58,791.8157520498468,,,,,
2004238N11325,FRANCES,2004-09-07 09:00:00,31.7,-85.1, , ,,2004,58,815.2425636152731,,,,,
2004238N11325,FRANCES,2004-09-07 12:00:00,32.0,-85.2,25,992,,2004,58,847.6241987861414,,,,,
2004238N11325,FRANCES,2004-09-07 15:00:00,32.2,-85.2, , ,,2004,58,865.6359007665577,,,,,
2004238N11325,FRANCES,2004-09-07 18:00:00,32.5,-85.1,25,996,,2004,58,887.7683678959953,,,,,
2004238N11325,FRANCES,2004-09-07 21:00:00,32.9,-84.9, , ,,2004,58,915.3079227176984,,,,,
2004238N11325,FRANCES,2004-09-08 00:00:00,33.4,-84.7,25,998,,2004,58,954.3867184517092,,,,,
2004238N11325,FRANCES,2004-09-08 03:00:00,33.8,-84.6, , ,,2004,58,989.5925572864704,,,,,
2004238N11325,FRANCES,2004-09-08 06:00:00,34.3,-84.3,25,1000,,2004,58,1028.2036897778564,,,,,
2004238N11325,FRANCES,2004-09-08 09:00:00,35.1,-83.8, , ,,2004,58,1094.23118400176,,,,,
2004238N11325,FRANCES,2004-09-08 12:00:00,36.1,-83.2,25,1001,,2004,58,1184.6352342082691,,,,,
2004238N11325,FRANCES,2004-09-08 15:00:00,37.0,-82.6, , ,,2004,58,1270.2402153322032,,,,,
2004238N11325,FRANCES,2004-09-08 18:00:00,37.8,-82.1,25,1002,,2004,58,1350.5993068742323,,,,,
2004238N11325,FRANCES,2004-09-08 21:00:00,38.2,-81.7, , ,,2004,58,1390.3096649729482,,,,,
2004238N11325,FRANCES,2004-09-09 00:00:00,38.7,-81.3,25,1001,,2004,58,1442.4093858361582,,,,,
2004238N11325,FRANCES,2004-09-09 03:00:00,39.5,-80.8, , ,,2004,58,1528.6792297939596,,,,,
2004238N11325,FRANCES,2004-09-09 06:00:00,40.5,-80.0,30,1001,,2004,58,1638.920276437936,,,,,
2004238N11325,FRANCES,2004-09-09 09:00:00,41.7,-78.9, , ,,2004,58,1776.218827538596,,,,,
2004238N11325,FRANCES,2004-09-09 12:00:00,42.8,-77.7,35,1001,,2004,58,1908.111201488764,,,,,
2004238N11325,FRANCES,2004-09-09 15:00:00,43.6,-76.7, , ,,2004,58,2008.5573227612365,,,,,
2004238N11325,FRANCES,2004-09-09 18:00:00,44.3,-75.7,30,1002,,2004,58,2100.6743027152247,,,,,
2004238N11325,FRANCES,2004-09-09 21:00:00,44.8,-74.6, , ,,2004,58,2175.5753770511083,,,,,
2004238N11325,FRANCES,2004-09-10 00:00:00,45.3,-73.3,25,1003,,2004,58,2258.138543808014,,,,,
2004238N11325,FRANCES,2004-09-10 03:00:00,45.8,-72.0, , ,,2004,58,2344.374831422453,,,,,
2004238N11325,FRANCES,2004-09-10 06:00:00,46.2,-70.5,20,1004,,2004,58,2429.769169919646,,,,,
2004238N11325,FRANCES,2004-09-10 09:00:00,46.4,-68.9, , ,,2004,58,2503.1806810247913,,,,,
2004238N11325,FRANCES,2004-09-10 12:00:00,46.6,-67.3,20,1005,,2004,58,2582.069413322683,,,,,
2004238N11325,FRANCES,2004-09-10 15:00:00,46.9,-65.7, , ,,2004,58,2675.116381249421,,,,,
2004238N11325,FRANCES,2004-09-10 18:00:00,47.2,-64.2,20,1005,,2004,58,2767.4306426869507,,,,,
2004247N10332,IVAN,2004-09-02 18:00:00,9.7,-27.6,25,1009,,2004,66,5807.499767957138,,,,,
2004247N10332,IVAN,2004-09-02 21:00:00,9.7,-28.1, , ,,2004,66,5757.918372469358,,,,,
2004247N10332,IVAN,2004-09-03 00:00:00,9.7,-28.7,30,1007,,2004,66,5698.464628302274,,,,,
2004247N10332,IVAN,2004-09-03 03:00:00,9.7,-29.4, , ,,2004,66,5629.165581474662,,,,,
2004247N10332,IVAN,2004-09-03 06:00:00,9.7,-30.3,35,1005,,2004,66,5540.1737329118305,,,,,
2004247N10332,IVAN,2004-09-03 09:00:00,9.6,-31.2, , ,,2004,66,5456.160516421329,,,,,
2004247N10332,IVAN,2004-09-03 12:00:00,9.5,-32.1,40,1003,,2004,66,5372.365887282818,,,,,
2004247N10332,IVAN,2004-09-03 15:00:00,9.4,-32.9, , ,,2004,66,5298.629062199579,,,,,
2004247N10332,IVAN,2004-09-03 18:00:00,9.3,-33.6,45,1000,,2004,66,5234.904828731562,,,,,
2004247N10332,IVAN,2004-09-03 21:00:00,9.2,-34.3, , ,,2004,66,5171.361488695381,,,,,
2004247N10332,IVAN,2004-09-04 00:00:00,9.1,-35.0,45,999,,2004,66,5108.0094808388185,,,,,
2004247N10332,IVAN,2004-09-04 03:00:00,9.0,-35.7, , ,,2004,66,5044.859679446726,,,,,
2004247N10332,IVAN,2004-09-04 06:00:00,8.9,-36.5,50,997,,2004,66,4972.208496419718,,,,,
2004247N10332,IVAN,2004-09-04 09:00:00,8.9,-37.3, , ,,2004,66,4894.591197055197,,,,,
2004247N10332,IVAN,2004-09-04 12:00:00,8.9,-38.2,50,997,,2004,66,4807.4981840908895,,,,,
2004247N10332,IVAN,2004-09-04 15:00:00,8.9,-39.1, , ,,2004,66,4720.660228554856,,,,,
2004247N10332,IVAN,2004-09-04 18:00:00,9.0,-39.9,55,994,,2004,66,4638.3125525552905,,,,,
2004247N10332,IVAN,2004-09-04 21:00:00,9.1,-40.6, , ,,2004,66,4565.69590013342,,,,,
2004247N10332,IVAN,2004-09-05 00:00:00,9.3,-41.4,60,991,,2004,66,4478.174236517252,,,,,
2004247N10332,IVAN,2004-09-05 03:00:00,9.4,-42.4, , ,,2004,66,4377.102136305182,,,,,
2004247N10332,IVAN,2004-09-05 06:00:00,9.5,-43.4,65,987,,2004,66,4276.308153326491,,,,,
2004247N10332,IVAN,2004-09-05 09:00:00,9.6,-44.3, , ,,2004,66,4185.288776133013,,,,,
2004247N10332,IVAN,2004-09-05 12:00:00,9.8,-45.1,85,977,,2004,66,4098.338392418235,,,,,
2004247N10332,IVAN,2004-09-05 15:00:00,10.0,-46.0, , ,,2004,66,4002.072243527429,,,,,
2004247N10332,IVAN,2004-09-05 18:00:00,10.2,-46.8,110,955,,2004,66,3915.3857225936217,,,,,
2004247N10332,IVAN,2004-09-05 21:00:00,10.4,-47.6, , ,,2004,66,3828.829097546742,,,,,
2004247N10332,IVAN,2004-09-06 00:00:00,10.6,-48.5,115,948,,2004,66,3733.054302478906,,,,,
2004247N10332,IVAN,2004-09-06 03:00:00,10.7,-49.5, , ,,2004,66,3633.9905694520385,,,,,
2004247N10332,IVAN,2004-09-06 06:00:00,10.8,-50.5,110,950,,2004,66,3535.3630507550943,,,,,
2004247N10332,IVAN,2004-09-06 09:00:00,10.9,-51.5, , ,,2004,66,3437.2079208749205,,,,,
2004247N10332,IVAN,2004-09-06 12:00:00,11.0,-52.5,110,955,,2004,66,3339.565294354401,,,,,
2004247N10332,IVAN,2004-09-06 15:00:00,11.2,-53.5, , ,,2004,66,3236.2939440112104,,,,,
2004247N10332,IVAN,2004-09-06 18:00:00,11.3,-54.4,90,969,,2004,66,3148.712367913879,,,,,
2004247N10332,IVAN,2004-09-06 21:00:00,11.3,-55.3, , ,,2004,66,3068.0136369792,,,,,
2004247N10332,IVAN,2004-09-07 00:00:00,11.2,-56.1,90,964,,2004,66,3003.4521873362587,,,,,
2004247N10332,IVAN,2004-09-07 03:00:00,11.2,-57.0, , ,,2004,66,2924.421836483568,,,,,
2004247N10332,IVAN,2004-09-07 06:00:00,11.3,-57.8,95,965,,2004,66,2848.1646544560317,,,,,
2004247N10332,IVAN,2004-09-07 09:00:00,11.4,-58.6, , ,,2004,66,2772.4519956834893,,,,,
2004247N10332,IVAN,2004-09-07 12:00:00,11.6,-59.4,100,963,,2004,66,2690.3565522191975,,,,,
2004247N10332,IVAN,2004-09-07 15:00:00,11.7,-60.3, , ,,2004,66,2607.3584487850353,,,,,
2004247N10332,IVAN,2004-09-07 18:00:00,11.8,-61.1,105,956,,2004,66,2533.5411713397375,,,,,
2004247N10332,IVAN,2004-09-07 21:00:00,11.9,-61.7, , ,,2004,66,2476.8392889781153,,,,,
2004247N10332,IVAN,2004-09-07 21:30:00,11.9,-61.8,110,952,,2004,66,2468.6484278252688,,,,,
2004247N10332,IVAN,2004-09-08 00:00:00,12.0,-62.6,115,950,,2004,66,2396.275894225997,,,,,
2004247N10332,IVAN,2004-09-08 03:00:00,12.1,-63.4, , ,,2004,66,2324.7832841676013,,,,,
2004247N10332,IVAN,2004-09-08 06:00:00,12.3,-64.1,120,946,,2004,66,2254.3192517127177,,,,,
2004247N10332,IVAN,2004-09-08 09:00:00,12.4,-64.8, , ,,2004,66,2192.2072120195185,,,,,
2004247N10332,IVAN,2004-09-08 12:00:00,12.6,-65.5,120,955,,2004,66,2122.940842319715,,,,,
2004247N10332,IVAN,2004-09-08 15:00:00,12.8,-66.3, , ,,2004,66,2046.8591523215448,,,,,
2004247N10332,IVAN,2004-09-08 18:00:00,13.0,-67.0,120,950,,2004,66,1979.034483992283,,,,,
2004247N10332,IVAN,2004-09-08 21:00:00,13.1,-67.7, , ,,2004,66,1920.3450878895835,,,,,
2004247N10332,IVAN,2004-09-09 00:00:00,13.3,-68.3,130,938,,2004,66,1861.2085897794705,,,,,
2004247N10332,IVAN,2004-09-09 03:00:00,13.5,-68.9, , ,,2004,66,1802.6730841382785,,,,,
2004247N10332,IVAN,2004-09-09 06:00:00,13.7,-69.5,140,925,,2004,66,1744.7931607108503,,,,,
2004247N10332,IVAN,2004-09-09 09:00:00,13.9,-70.2, , ,,2004,66,1681.1434980303711,,,,,
2004247N10332,IVAN,2004-09-09 12:00:00,14.2,-70.8,140,919,,2004,66,1615.923827418269,,,,,
2004247N10332,IVAN,2004-09-09 15:00:00,14.4,-71.4, , ,,2004,66,1560.4671875550116,,,,,
2004247N10332,IVAN,2004-09-09 18:00:00,14.7,-71.9,130,921,,2004,66,1502.6372030089694,,,,,
2004247N10332,IVAN,2004-09-09 21:00:00,14.9,-72.4, , ,,2004,66,1454.5884322309369,,,,,
2004247N10332,IVAN,2004-09-10 00:00:00,15.2,-72.8,130,923,,2004,66,1403.4277803952252,,,,,
2004247N10332,IVAN,2004-09-10 03:00:00,15.4,-73.3, , ,,2004,66,1356.507594197342,,,,,
2004247N10332,IVAN,2004-09-10 06:00:00,15.7,-73.8,125,930,,2004,66,1300.7316183250653,,,,,
2004247N10332,IVAN,2004-09-10 09:00:00,15.9,-74.2, , ,,2004,66,1260.481201760225,,,,,
2004247N10332,IVAN,2004-09-10 12:00:00,16.2,-74.7,125,934,,2004,66,1205.984327108986,,,,,
2004247N10332,IVAN,2004-09-10 15:00:00,16.5,-75.3, , ,,2004,66,1147.6885658896351,,,,,
2004247N10332,IVAN,2004-09-10 18:00:00,16.8,-75.8,120,940,,2004,66,1095.1907441697415,,,,,
2004247N10332,IVAN,2004-09-10 21:00:00,17.1,-76.1, , ,,2004,66,1051.9029760844933,,,,,
2004247N10332,IVAN,2004-09-11 00:00:00,17.3,-76.5,135,926,,2004,66,1015.2406155419158,,,,,
2004247N10332,IVAN,2004-09-11 03:00:00,17.4,-77.1, , ,,2004,66,983.0673481149583,,,,,
2004247N10332,IVAN,2004-09-11 03:30:00,17.4,-77.2,130,924,,2004,66,979.7624571749386,,,,,
2004247N10332,IVAN,2004-09-11 06:00:00,17.4,-77.6,130,923,,2004,66,967.532471280212,,,,,
2004247N10332,IVAN,2004-09-11 09:00:00,17.5,-78.0, , ,,2004,66,946.1128233406968,,,,,
2004247N10332,IVAN,2004-09-11 12:00:00,17.7,-78.4,125,925,,2004,66,915.2812208953436,,,,,
2004247N10332,IVAN,2004-09-11 15:00:00,17.9,-78.7, , ,,2004,66,887.6083635160207,,,,,
2004247N10332,IVAN,2004-09-11 18:00:00,18.0,-79.0,145,920,,2004,66,871.759111045583,,,,,
2004247N10332,IVAN,2004-09-11 21:00:00,18.1,-79.3, , ,,2004,66,856.8829657171796,,,,,
2004247N10332,IVAN,2004-09-12 00:00:00,18.2,-79.6,145,910,,2004,66,843.0292800283552,,,,,
2004247N10332,IVAN,2004-09-12 03:00:00,18.3,-80.0, , ,,2004,66,829.9381899333291,,,,,
2004247N10332,IVAN,2004-09-12 06:00:00,18.4,-80.4,135,915,,2004,66,818.8641737616039,,,,,
2004247N10332,IVAN,2004-09-12 09:00:00,18.6,-80.8, , ,,2004,66,798.7984699576858,,,,,
2004247N10332,IVAN,2004-09-12 12:00:00,18.8,-81.2,135,919,,2004,66,781.0127769546048,,,,,
2004247N10332,IVAN,2004-09-12 14:15:00,18.9,-81.5,130,920,,2004,66,774.7390517288962,,,,,
2004247N10332,IVAN,2004-09-12 15:00:00,18.9,-81.6, , ,,2004,66,776.5881492798563,,,,,
2004247N10332,IVAN,2004-09-12 18:00:00,19.1,-82.1,130,920,,2004,66,766.2289923637095,,,,,
2004247N10332,IVAN,2004-09-12 21:00:00,19.3,-82.5, , ,,2004,66,756.5479959443137,,,,,
2004247N10332,IVAN,2004-09-13 00:00:00,19.5,-82.8,140,916,,2004,66,745.8802979014694,,,,,
2004247N10332,IVAN,2004-09-13 03:00:00,19.7,-83.2, , ,,2004,66,741.1884146368438,,,,,
2004247N10332,IVAN,2004-09-13 06:00:00,19.9,-83.5,140,920,,2004,66,734.5871856522323,,,,,
2004247N10332,IVAN,2004-09-13 09:00:00,20.1,-83.8, , ,,2004,66,729.8592671200781,,,,,
2004247N10332,IVAN,2004-09-13 12:00:00,20.4,-84.1,140,915,,2004,66,717.6948278358557,,,,,
2004247N10332,IVAN,2004-09-13 15:00:00,20.6,-84.4, , ,,2004,66,717.1114614329437,,,,,
2004247N10332,IVAN,2004-09-13 18:00:00,20.9,-84.7,140,912,,2004,66,709.8629556168619,,,,,
2004247N10332,IVAN,2004-09-13 21:00:00,21.2,-84.8,140,910,,2004,66,691.351949252417,,,,,
2004247N10332,IVAN,2004-09-14 00:00:00,21.6,-85.1,140,914,,2004,66,680.9996454808877,,,,,
2004247N10332,IVAN,2004-09-14 01:00:00,21.7,-85.2,140,916,,2004,66,680.937417531924,,,,,
2004247N10332,IVAN,2004-09-14 03:00:00,22.0,-85.4, , ,,2004,66,674.6756077609876,,,,,
2004247N10332,IVAN,2004-09-14 06:00:00,22.4,-85.6,140,924,,2004,66,664.067441366765,,,,,
2004247N10332,IVAN,2004-09-14 09:00:00,22.7,-85.8, , ,,2004,66,662.6567864835317,,,,,
2004247N10332,IVAN,2004-09-14 12:00:00,23.0,-86.0,125,930,,2004,66,663.4594226046439,,,,,
2004247N10332,IVAN,2004-09-14 15:00:00,23.3,-86.2, , ,,2004,66,666.4621183647118,,,,,
2004247N10332,IVAN,2004-09-14 18:00:00,23.7,-86.5,120,931,,2004,66,676.9905846708922,,,,,
2004247N10332,IVAN,2004-09-14 21:00:00,24.2,-86.8, , ,,2004,66,688.2255604302562,,,,,
2004247N10332,IVAN,2004-09-15 00:00:00,24.7,-87.0,120,928,,2004,66,694.8272126353661,,,,,
2004247N10332,IVAN,2004-09-15 03:00:00,25.1,-87.2, , ,,2004,66,707.5163597775122,,,,,
2004247N10332,IVAN,2004-09-15 06:00:00,25.6,-87.4,120,935,,2004,66,722.4769168866112,,,,,
2004247N10332,IVAN,2004-09-15 09:00:00,26.1,-87.7, , ,,2004,66,751.6578631804208,,,,,
2004247N10332,IVAN,2004-09-15 12:00:00,26.7,-87.9,115,939,,2004,66,775.7674745171191,,,,,
2004247N10332,IVAN,2004-09-15 15:00:00,27.3,-88.1, , ,,2004,66,804.968199036694,,,,,
2004247N10332,IVAN,2004-09-15 18:00:00,27.9,-88.2,115,937,,2004,66,829.2120174335824,,,,,
2004247N10332,IVAN,2004-09-15 21:00:00,28.4,-88.2, , ,,2004,66,845.1360585629728,,,,,
2004247N10332,IVAN,2004-09-16 00:00:00,28.9,-88.2,110,931,,2004,66,864.3302789351578,,,,,
2004247N10332,IVAN,2004-09-16 03:00:00,29.4,-88.0, , ,,2004,66,869.1032742203848,,,,,
2004247N10332,IVAN,2004-09-16 06:00:00,30.0,-87.9,105,943,,2004,66,891.863408389457,,,,,
2004247N10332,IVAN,2004-09-16 06:50:00,30.2,-87.9,105,946,,2004,66,903.1979897059912,,,,,
2004247N10332,IVAN,2004-09-16 09:00:00,30.7,-87.8, , ,,2004,66,925.345910411345,,,,,
2004247N10332,IVAN,2004-09-16 12:00:00,31.4,-87.7,70,965,,2004,66,964.137922494073,,,,,
2004247N10332,IVAN,2004-09-16 15:00:00,32.0,-87.6, , ,,2004,66,1000.147848996162,,,,,
2004247N10332,IVAN,2004-09-16 18:00:00,32.5,-87.4,50,975,,2004,66,1024.859215718305,,,,,
2004247N10332,IVAN,2004-09-16 21:00:00,33.2,-87.0, , ,,2004,66,1056.919537288726,,,,,
2004247N10332,IVAN,2004-09-17 00:00:00,33.8,-86.5,30,986,,2004,66,1080.8568054350876,,,,,
2004247N10332,IVAN,2004-09-17 03:00:00,34.3,-86.2, , ,,2004,66,1111.1314943698228,,,,,
2004247N10332,IVAN,2004-09-17 06:00:00,34.7,-85.7,25,991,,2004,66,1125.4608370270528,,,,,
2004247N10332,IVAN,2004-09-17 09:00:00,35.1,-84.9, , ,,2004,66,1131.8283085529922,,,,,
2004247N10332,IVAN,2004-09-17 12:00:00,35.4,-84.0,20,994,,2004,66,1131.7466994970248,,,,,
2004247N10332,IVAN,2004-09-17 15:00:00,35.8,-83.2, , ,,2004,66,1152.416488780194,,,,,
2004247N10332,IVAN,2004-09-17 18:00:00,36.2,-82.3,20,996,,2004,66,1177.858309004601,,,,,
2004247N10332,IVAN,2004-09-17 21:00:00,36.6,-81.4, , ,,2004,66,1210.598172954465,,,,,
2004247N10332,IVAN,2004-09-18 00:00:00,37.0,-80.5,20,999,,2004,66,1249.9820653312477,,,,,
2004247N10332,IVAN,2004-09-18 03:00:00,37.4,-79.5, , ,,2004,66,1295.7658903325707,,,,,
2004247N10332,IVAN,2004-09-18 06:00:00,37.7,-78.5,15,998,,2004,66,1337.011354652193,,,,,
2004247N10332,IVAN,2004-09-18 09:00:00,38.1,-77.5, , ,,2004,66,1395.0799504680583,,,,,
2004247N10332,IVAN,2004-09-18 12:00:00,38.4,-76.7,15,1000,,2004,66,1442.9727878025442,,,,,
2004247N10332,IVAN,2004-09-18 15:00:00,38.3,-76.1, , ,,2004,66,1446.1153276078549,,,,,
2004247N10332,IVAN,2004-09-18 18:00:00,38.0,-75.5,25,1002,,2004,66,1430.5534122495856,,,,,
2004247N10332,IVAN,2004-09-18 21:00:00,37.8,-74.7, , ,,2004,66,1434.962403660978,,,,,
2004247N10332,IVAN,2004-09-19 00:00:00,37.5,-74.0,35,1003,,2004,66,1429.906274027055,,,,,
2004247N10332,IVAN,2004-09-19 03:00:00,36.8,-73.9, , ,,2004,66,1364.4002292221564,,,,,
2004247N10332,IVAN,2004-09-19 06:00:00,36.0,-74.0,35,1005,,2004,66,1281.872540645934,,,,,
2004247N10332,IVAN,2004-09-19 09:00:00,35.3,-74.2, , ,,2004,66,1205.2404081898494,,,,,
2004247N10332,IVAN,2004-09-19 12:00:00,34.5,-74.5,35,1008,,2004,66,1114.6789583442433,,,,,
2004247N10332,IVAN,2004-09-19 15:00:00,33.7,-75.1, , ,,2004,66,1009.987297833072,,,,,
2004247N10332,IVAN,2004-09-19 18:00:00,32.8,-75.8,35,1008,,2004,66,890.7685768771416,,,,,
2004247N10332,IVAN,2004-09-19 21:00:00,31.9,-76.7, , ,,2004,66,762.4626037981938,,,,,
2004247N10332,IVAN,2004-09-20 00:00:00,31.0,-77.5,35,1008,,2004,66,639.1619965559086,,,,,
2004247N10332,IVAN,2004-09-20 03:00:00,30.0,-78.1, , ,,2004,66,514.1366722606031,,,,,
2004247N10332,IVAN,2004-09-20 06:00:00,29.0,-78.5,35,1008,,2004,66,396.9249519437972,,,,,
2004247N10332,IVAN,2004-09-20 09:00:00,28.2,-78.6, , ,,2004,66,313.660609391687,,,,,
2004247N10332,IVAN,2004-09-20 12:00:00,27.5,-78.7,30,1009,,2004,66,243.6096567836715,,,,,
2004247N10332,IVAN,2004-09-20 15:00:00,26.9,-78.9, , ,,2004,66,180.53608924972028,,,,,
2004247N10332,IVAN,2004-09-20 18:00:00,26.4,-79.1,25,1009,,2004,66,130.10440633688043,,,,,
2004247N10332,IVAN,2004-09-20 21:00:00,26.2,-79.4, , ,,2004,66,92.9481473772582,,,,,
2004247N10332,IVAN,2004-09-21 00:00:00,26.1,-79.7,25,1009,,2004,66,61.91703452059365,,,,,
2004247N10332,IVAN,2004-09-21 03:00:00,26.0,-80.1, , ,,2004,66,28.04415495067796,,,,,
2004247N10332,IVAN,2004-09-21 06:00:00,25.9,-80.6,25,1009,,2004,66,43.65304060807893,,,,,
2004247N10332,IVAN,2004-09-21 09:00:00,25.9,-81.1, , ,,2004,66,92.18850137763886,,,,,
2004247N10332,IVAN,2004-09-21 12:00:00,25.8,-81.7,25,1009,,2004,66,151.07082670394715,,,,,
2004247N10332,IVAN,2004-09-21 15:00:00,25.5,-82.2, , ,,2004,66,203.41865217542912,,,,,
2004247N10332,IVAN,2004-09-21 18:00:00,25.2,-82.8,25,1010,,2004,66,269.1495269839568,,,,,
2004247N10332,IVAN,2004-09-21 21:00:00,24.9,-83.4, , ,,2004,66,336.359522321888,,,,,
2004247N10332,IVAN,2004-09-22 00:00:00,24.8,-84.1,25,1010,,2004,66,407.2209168396168,,,,,
2004247N10332,IVAN,2004-09-22 03:00:00,24.9,-85.1, , ,,2004,66,502.4774691528981,,,,,
2004247N10332,IVAN,2004-09-22 06:00:00,25.1,-86.1,25,1010,,2004,66,597.7962835751323,,,,,
2004247N10332,IVAN,2004-09-22 09:00:00,25.5,-86.8, , ,,2004,66,663.0630736645112,,,,,
2004247N10332,IVAN,2004-09-22 12:00:00,26.0,-87.3,25,1010,,2004,66,711.5277185615734,,,,,
2004247N10332,IVAN,2004-09-22 15:00:00,26.3,-88.0, , ,,2004,66,782.3287161727641,,,,,
2004247N10332,IVAN,2004-09-22 18:00:00,26.5,-88.6,30,1008,,2004,66,843.2379949716833,,,,,
2004247N10332,IVAN,2004-09-22 21:00:00,26.8,-89.0, , ,,2004,66,885.5558240902492,,,,,
2004247N10332,IVAN,2004-09-23 00:00:00,27.1,-89.5,35,1007,,2004,66,938.470322778008,,,,,
2004247N10332,IVAN,2004-09-23 03:00:00,27.5,-90.2, , ,,2004,66,1013.089404656141,,,,,
2004247N10332,IVAN,2004-09-23 06:00:00,27.9,-91.0,35,1007,,2004,66,1098.0497522876624,,,,,
2004247N10332,IVAN,2004-09-23 09:00:00,28.4,-91.7, , ,,2004,66,1175.9612070938103,,,,,
2004247N10332,IVAN,2004-09-23 12:00:00,28.9,-92.2,50,998,,2004,66,1235.7650421338656,,,,,
2004247N10332,IVAN,2004-09-23 15:00:00,29.1,-92.5, , ,,2004,66,1269.4108120357134,,,,,
2004247N10332,IVAN,2004-09-23 18:00:00,29.2,-92.7,40,1003,,2004,66,1290.9641007966804,,,,,
2004247N10332,IVAN,2004-09-23 21:00:00,29.4,-92.9, , ,,2004,66,1315.3276307526776,,,,,
2004247N10332,IVAN,2004-09-24 00:00:00,29.6,-93.2,30,1003,,2004,66,1349.151968108287,,,,,
2004247N10332,IVAN,2004-09-24 02:00:00,29.8,-93.6,30,1004,,2004,66,1392.3151395918867,,,,,
2004247N10332,IVAN,2004-09-24 03:00:00,29.9,-93.8, , ,,2004,66,1413.8872202798816,,,,,
2004247N10332,IVAN,2004-09-24 06:00:00,30.1,-94.2,25,1009,,2004,66,1457.0090889722794,,,,,
2004258N16300,JEANNE,2004-09-13 18:00:00,15.9,-60.0,25,1010,,2004,73,2363.1649076512267,,,,,
2004258N16300,JEANNE,2004-09-13 21:00:00,15.9,-60.3, , ,,2004,73,2335.6951061431646,,,,,
2004258N16300,JEANNE,2004-09-14 00:00:00,16.0,-60.7,25,1010,,2004,73,2293.3883026460735,,,,,
2004258N16300,JEANNE,2004-09-14 03:00:00,16.1,-61.2, , ,,2004,73,2242.0544287076814,,,,,
2004258N16300,JEANNE,2004-09-14 04:00:00,16.2,-61.3,30,1009,,2004,73,2227.1244113097027,,,,,
2004258N16300,JEANNE,2004-09-14 06:00:00,16.3,-61.5,30,1009,,2004,73,2203.114007693385,,,,,
2004258N16300,JEANNE,2004-09-14 09:00:00,16.4,-62.0, , ,,2004,73,2151.909181113328,,,,,
2004258N16300,JEANNE,2004-09-14 12:00:00,16.4,-62.6,35,1006,,2004,73,2097.816154262517,,,,,
2004258N16300,JEANNE,2004-09-14 15:00:00,16.5,-63.1, , ,,2004,73,2046.9929998972243,,,,,
2004258N16300,JEANNE,2004-09-14 18:00:00,16.7,-63.5,50,996,,2004,73,1999.137805288412,,,,,
2004258N16300,JEANNE,2004-09-14 21:00:00,16.9,-63.8, , ,,2004,73,1960.242804668848,,,,,
2004258N16300,JEANNE,2004-09-15 00:00:00,17.1,-64.0,55,996,,2004,73,1930.317739698628,,,,,
2004258N16300,JEANNE,2004-09-15 03:00:00,17.2,-64.4, , ,,2004,73,1888.5744830348433,,,,,
2004258N16300,JEANNE,2004-09-15 06:00:00,17.2,-64.8,55,994,,2004,73,1853.0400692817868,,,,,
2004258N16300,JEANNE,2004-09-15 09:00:00,17.4,-65.1, , ,,2004,73,1814.2072483128863,,,,,
2004258N16300,JEANNE,2004-09-15 12:00:00,17.6,-65.4,60,991,,2004,73,1775.4056831291998,,,,,
2004258N16300,JEANNE,2004-09-15 15:00:00,17.9,-65.9, , ,,2004,73,1712.8332042626746,,,,,
2004258N16300,JEANNE,2004-09-15 16:00:00,18.0,-66.0,60,991,,2004,73,1697.8990863729675,,,,,
2004258N16300,JEANNE,2004-09-15 18:00:00,18.1,-66.2,60,991,,2004,73,1674.1109978005904,,,,,
2004258N16300,JEANNE,2004-09-15 21:00:00,18.3,-66.6, , ,,2004,73,1626.566559381281,,,,,
2004258N16300,JEANNE,2004-09-16 00:00:00,18.5,-67.1,60,993,,2004,73,1570.239277864766,,,,,
2004258N16300,JEANNE,2004-09-16 03:00:00,18.6,-67.5, , ,,2004,73,1528.9281648658778,,,,,
2004258N16300,JEANNE,2004-09-16 06:00:00,18.6,-67.8,60,992,,2004,73,1502.693470671335,,,,,
2004258N16300,JEANNE,2004-09-16 09:00:00,18.6,-68.0, , ,,2004,73,1485.301233818,,,,,
2004258N16300,JEANNE,2004-09-16 11:00:00,18.6,-68.3,70,985,,2004,73,1459.3662728168122,,,,,
2004258N16300,JEANNE,2004-09-16 12:00:00,18.6,-68.5,70,984,,2004,73,1442.182898497945,,,,,
2004258N16300,JEANNE,2004-09-16 15:00:00,18.7,-68.9, , ,,2004,73,1401.5085660830375,,,,,
2004258N16300,JEANNE,2004-09-16 18:00:00,18.8,-69.0,65,988,,2004,73,1386.4535794698056,,,,,
2004258N16300,JEANNE,2004-09-16 21:00:00,19.0,-69.2, , ,,2004,73,1356.3808582832453,,,,,
2004258N16300,JEANNE,2004-09-17 00:00:00,19.2,-69.4,60,990,,2004,73,1326.3599125827134,,,,,
2004258N16300,JEANNE,2004-09-17 03:00:00,19.3,-69.6, , ,,2004,73,1302.8022979396894,,,,,
2004258N16300,JEANNE,2004-09-17 06:00:00,19.4,-69.9,55,990,,2004,73,1270.728775708715,,,,,
2004258N16300,JEANNE,2004-09-17 09:00:00,19.5,-70.3, , ,,2004,73,1230.258471969979,,,,,
2004258N16300,JEANNE,2004-09-17 12:00:00,19.7,-70.7,50,990,,2004,73,1183.3318667114645,,,,,
2004258N16300,JEANNE,2004-09-17 15:00:00,19.9,-71.2, , ,,2004,73,1128.1013817264873,,,,,
2004258N16300,JEANNE,2004-09-17 18:00:00,20.0,-71.6,30,1002,,2004,73,1088.106630479753,,,,,
2004258N16300,JEANNE,2004-09-17 21:00:00,20.1,-71.8, , ,,2004,73,1064.779468776812,,,,,
2004258N16300,JEANNE,2004-09-18 00:00:00,20.2,-72.0,40,1000,,2004,73,1041.4730381324296,,,,,
2004258N16300,JEANNE,2004-09-18 03:00:00,20.3,-72.3, , ,,2004,73,1010.0006965624564,,,,,
2004258N16300,JEANNE,2004-09-18 06:00:00,20.4,-72.5,45,1000,,2004,73,986.762302455964,,,,,
2004258N16300,JEANNE,2004-09-18 09:00:00,20.8,-72.7, , ,,2004,73,943.0031921117449,,,,,
2004258N16300,JEANNE,2004-09-18 12:00:00,21.2,-72.8,45,1000,,2004,73,908.3025012848492,,,,,
2004258N16300,JEANNE,2004-09-18 15:00:00,21.5,-72.6, , ,,2004,73,906.7020366600716,,,,,
2004258N16300,JEANNE,2004-09-18 18:00:00,21.7,-72.3,40,1005,,2004,73,921.2626694215002,,,,,
2004258N16300,JEANNE,2004-09-18 21:00:00,21.9,-72.2, , ,,2004,73,919.0175642606182,,,,,
2004258N16300,JEANNE,2004-09-19 00:00:00,22.2,-72.2,40,1002,,2004,73,903.0960571310424,,,,,
2004258N16300,JEANNE,2004-09-19 03:00:00,22.5,-72.2, , ,,2004,73,888.1359943559736,,,,,
2004258N16300,JEANNE,2004-09-19 06:00:00,22.8,-72.3,40,1002,,2004,73,864.8115469221647,,,,,
2004258N16300,JEANNE,2004-09-19 09:00:00,23.1,-72.4, , ,,2004,73,842.3218693120169,,,,,
2004258N16300,JEANNE,2004-09-19 12:00:00,23.5,-72.5,40,1000,,2004,73,816.956222369114,,,,,
2004258N16300,JEANNE,2004-09-19 15:00:00,23.9,-72.4, , ,,2004,73,812.9454291359485,,,,,
2004258N16300,JEANNE,2004-09-19 18:00:00,24.2,-72.3,45,996,,2004,73,814.0196822022102,,,,,
2004258N16300,JEANNE,2004-09-19 21:00:00,24.5,-72.2, , ,,2004,73,816.5265751075334,,,,,
2004258N16300,JEANNE,2004-09-20 00:00:00,24.8,-72.1,50,994,,2004,73,820.4515381665274,,,,,
2004258N16300,JEANNE,2004-09-20 03:00:00,25.1,-72.1, , ,,2004,73,815.7760421032392,,,,,
2004258N16300,JEANNE,2004-09-20 06:00:00,25.5,-72.0,55,992,,2004,73,821.6382909443618,,,,,
2004258N16300,JEANNE,2004-09-20 09:00:00,26.1,-71.9, , ,,2004,73,829.8931279140628,,,,,
2004258N16300,JEANNE,2004-09-20 12:00:00,26.6,-71.7,60,989,,2004,73,852.3194002350992,,,,,
2004258N16300,JEANNE,2004-09-20 15:00:00,27.0,-71.6, , ,,2004,73,866.6932498068405,,,,,
2004258N16300,JEANNE,2004-09-20 18:00:00,27.2,-71.4,75,984,,2004,73,889.3244938546693,,,,,
2004258N16300,JEANNE,2004-09-20 21:00:00,27.3,-71.1, , ,,2004,73,920.3002996535866,,,,,
2004258N16300,JEANNE,2004-09-21 00:00:00,27.4,-70.8,75,982,,2004,73,951.280112119842,,,,,
2004258N16300,JEANNE,2004-09-21 03:00:00,27.5,-70.5, , ,,2004,73,982.2607957425874,,,,,
2004258N16300,JEANNE,2004-09-21 06:00:00,27.6,-70.2,75,972,,2004,73,1013.239581073886,,,,,
2004258N16300,JEANNE,2004-09-21 09:00:00,27.6,-69.8, , ,,2004,73,1052.1608640483985,,,,,
2004258N16300,JEANNE,2004-09-21 12:00:00,27.6,-69.5,75,972,,2004,73,1081.387684207314,,,,,
2004258N16300,JEANNE,2004-09-21 15:00:00,27.5,-69.3, , ,,2004,73,1099.3539061845886,,,,,
2004258N16300,JEANNE,2004-09-21 18:00:00,27.4,-69.2,75,972,,2004,73,1107.727344331596,,,,,
2004258N16300,JEANNE,2004-09-21 21:00:00,27.3,-69.0, , ,,2004,73,1126.0754903231186,,,,,
2004258N16300,JEANNE,2004-09-22 00:00:00,27.2,-68.9,80,972,,2004,73,1134.7710554963817,,,,,
2004258N16300,JEANNE,2004-09-22 03:00:00,27.0,-68.8, , ,,2004,73,1142.713012623498,,,,,
2004258N16300,JEANNE,2004-09-22 06:00:00,26.8,-68.7,85,968,,2004,73,1151.1457551204733,,,,,
2004258N16300,JEANNE,2004-09-22 09:00:00,26.6,-68.6, , ,,2004,73,1160.0587877704384,,,,,
2004258N16300,JEANNE,2004-09-22 12:00:00,26.5,-68.5,85,968,,2004,73,1169.6660869485097,,,,,
2004258N16300,JEANNE,2004-09-22 15:00:00,26.4,-68.6, , ,,2004,73,1159.4827406768163,,,,,
2004258N16300,JEANNE,2004-09-22 18:00:00,26.2,-68.8,85,967,,2004,73,1139.3742856623253,,,,,
2004258N16300,JEANNE,2004-09-22 21:00:00,25.9,-68.9, , ,,2004,73,1129.8935317131843,,,,,
2004258N16300,JEANNE,2004-09-23 00:00:00,25.7,-69.0,85,966,,2004,73,1120.7577885070452,,,,,
2004258N16300,JEANNE,2004-09-23 03:00:00,25.6,-69.1, , ,,2004,73,1111.341658471191,,,,,
2004258N16300,JEANNE,2004-09-23 06:00:00,25.5,-69.3,85,966,,2004,73,1092.016737568517,,,,,
2004258N16300,JEANNE,2004-09-23 09:00:00,25.5,-69.4, , ,,2004,73,1082.00344656824,,,,,
2004258N16300,JEANNE,2004-09-23 12:00:00,25.5,-69.6,80,966,,2004,73,1061.976602491742,,,,,
2004258N16300,JEANNE,2004-09-23 15:00:00,25.6,-69.8, , ,,2004,73,1041.2617453212288,,,,,
2004258N16300,JEANNE,2004-09-23 18:00:00,25.8,-70.0,75,966,,2004,73,1020.2285838717216,,,,,
2004258N16300,JEANNE,2004-09-23 21:00:00,25.9,-70.2, , ,,2004,73,999.9040779957404,,,,,
2004258N16300,JEANNE,2004-09-24 00:00:00,26.0,-70.4,70,966,,2004,73,979.7255783920276,,,,,
2004258N16300,JEANNE,2004-09-24 03:00:00,26.1,-70.8, , ,,2004,73,939.730282659286,,,,,
2004258N16300,JEANNE,2004-09-24 06:00:00,26.1,-71.2,75,969,,2004,73,899.7885018496623,,,,,
2004258N16300,JEANNE,2004-09-24 09:00:00,26.1,-71.7, , ,,2004,73,849.8627497392946,,,,,
2004258N16300,JEANNE,2004-09-24 12:00:00,26.2,-72.2,80,969,,2004,73,800.1990942157864,,,,,
2004258N16300,JEANNE,2004-09-24 15:00:00,26.3,-72.6, , ,,2004,73,760.7818003663019,,,,,
2004258N16300,JEANNE,2004-09-24 18:00:00,26.4,-73.1,85,968,,2004,73,711.7294805611186,,,,,
2004258N16300,JEANNE,2004-09-24 21:00:00,26.4,-73.7, , ,,2004,73,652.1528938098849,,,,,
2004258N16300,JEANNE,2004-09-25 00:00:00,26.4,-74.3,85,964,,2004,73,592.6386029397086,,,,,
2004258N16300,JEANNE,2004-09-25 03:00:00,26.4,-74.9, , ,,2004,73,533.2089474509625,,,,,
2004258N16300,JEANNE,2004-09-25 06:00:00,26.5,-75.6,90,960,,2004,73,465.6627206980115,,,,,
2004258N16300,JEANNE,2004-09-25 09:00:00,26.5,-76.3, , ,,2004,73,397.0775385578223,,,,,
2004258N16300,JEANNE,2004-09-25 12:00:00,26.6,-76.9,100,957,,2004,73,341.43549097753805,,,,,
2004258N16300,JEANNE,2004-09-25 14:00:00,26.7,-77.3,100,956,,2004,73,306.719152633486,,,,,
2004258N16300,JEANNE,2004-09-25 15:00:00,26.8,-77.5, , ,,2004,73,292.14561598287526,,,,,
2004258N16300,JEANNE,2004-09-25 18:00:00,26.9,-78.2,105,952,,2004,73,235.4138409642237,,,,,
2004258N16300,JEANNE,2004-09-25 21:00:00,27.0,-78.8, , ,,2004,73,195.39712384670037,,,,,
2004258N16300,JEANNE,2004-09-26 00:00:00,27.1,-79.4,105,951,,2004,73,168.40566179915388,,,,,
2004258N16300,JEANNE,2004-09-26 03:00:00,27.2,-80.0, , ,,2004,73,161.06680806136268,,,,,
2004258N16300,JEANNE,2004-09-26 04:00:00,27.2,-80.2,105,950,,2004,73,159.93374516981788,,,,,
2004258N16300,JEANNE,2004-09-26 06:00:00,27.3,-80.6,95,953,,2004,73,175.8052661860844,,,,,
2004258N16300,JEANNE,2004-09-26 09:00:00,27.5,-81.1, , ,,2004,73,213.329104743334,,,,,
2004258N16300,JEANNE,2004-09-26 12:00:00,27.7,-81.6,75,965,,2004,73,256.9191513304498,,,,,
2004258N16300,JEANNE,2004-09-26 15:00:00,28.0,-82.0, , ,,2004,73,306.7559594378276,,,,,
2004258N16300,JEANNE,2004-09-26 18:00:00,28.3,-82.3,55,970,,2004,73,351.07290385978433,,,,,
2004258N16300,JEANNE,2004-09-26 21:00:00,28.8,-82.5, , ,,2004,73,407.6149119184569,,,,,
2004258N16300,JEANNE,2004-09-27 00:00:00,29.3,-82.7,45,978,,2004,73,464.6764754036699,,,,,
2004258N16300,JEANNE,2004-09-27 03:00:00,29.7,-83.0, , ,,2004,73,517.7910873135874,,,,,
2004258N16300,JEANNE,2004-09-27 06:00:00,30.1,-83.3,40,981,,2004,73,570.843448777331,,,,,
2004258N16300,JEANNE,2004-09-27 09:00:00,30.6,-83.7, , ,,2004,73,638.383657148512,,,,,
2004258N16300,JEANNE,2004-09-27 12:00:00,31.1,-83.9,35,987,,2004,73,695.4442141003217,,,,,
2004258N16300,JEANNE,2004-09-27 15:00:00,31.8,-83.8, , ,,2004,73,757.7905575099,,,,,
2004258N16300,JEANNE,2004-09-27 18:00:00,32.5,-83.6,30,993,,2004,73,818.982370658695,,,,,
2004258N16300,JEANNE,2004-09-27 21:00:00,32.9,-83.4, , ,,2004,73,852.3504031252882,,,,,
2004258N16300,JEANNE,2004-09-28 00:00:00,33.2,-83.2,25,998,,2004,73,876.7254714272533,,,,,
2004258N16300,JEANNE,2004-09-28 03:00:00,33.6,-82.9, , ,,2004,73,909.882041691285,,,,,
2004258N16300,JEANNE,2004-09-28 06:00:00,34.1,-82.4,20,999,,2004,73,951.19725580958,,,,,
2004258N16300,JEANNE,2004-09-28 09:00:00,34.7,-81.8, , ,,2004,73,1005.7822101054884,,,,,
2004258N16300,JEANNE,2004-09-28 12:00:00,35.4,-81.0,20,1000,,2004,73,1074.5055587265176,,,,,
2004258N16300,JEANNE,2004-09-28 15:00:00,36.4,-79.8, , ,,2004,73,1183.509747448904,,,,,
2004258N16300,JEANNE,2004-09-28 18:00:00,37.3,-78.4,25,999,,2004,73,1294.1102614912456,,,,,
2004258N16300,JEANNE,2004-09-28 21:00:00,37.9,-77.3, , ,,2004,73,1376.8676854703438,,,,,
2004258N16300,JEANNE,2004-09-29 00:00:00,38.3,-76.4,25,999,,2004,73,1438.8955355546066,,,,,
2004258N16300,JEANNE,2004-09-29 03:00:00,38.6,-75.6, , ,,2004,73,1490.9446795271642,,,,,
2004258N16300,JEANNE,2004-09-29 06:00:00,38.8,-74.7,35,999,,2004,73,1538.131420840989,,,,,
2004258N16300,JEANNE,2004-09-29 09:00:00,38.7,-73.7, , ,,2004,73,1561.7433650833411,,,,,
2004258N16300,JEANNE,2004-09-29 12:00:00,38.5,-72.5,35,999,,2004,73,1589.3164525255363,,,,,
2005236N23285,KATRINA,2005-08-23 18:00:00,23.1,-75.1,30,1008,,2005,61,594.3200194487822,,,,,
2005236N23285,KATRINA,2005-08-23 21:00:00,23.2,-75.4, , ,,2005,61,562.317988232294,,,,,
2005236N23285,KATRINA,2005-08-24 00:00:00,23.4,-75.7,30,1007,,2005,61,524.5918411145672,,,,,
2005236N23285,KATRINA,2005-08-24 03:00:00,23.6,-76.0, , ,,2005,61,486.9334357061321,,,,,
2005236N23285,KATRINA,2005-08-24 06:00:00,23.8,-76.2,30,1007,,2005,61,458.2019015886869,,,,,
2005236N23285,KATRINA,2005-08-24 09:00:00,24.1,-76.4, , ,,2005,61,424.6159300213981,,,,,
2005236N23285,KATRINA,2005-08-24 12:00:00,24.5,-76.5,35,1006,,2005,61,397.22657460230835,,,,,
2005236N23285,KATRINA,2005-08-24 15:00:00,25.0,-76.7, , ,,2005,61,360.8601310810645,,,,,
2005236N23285,KATRINA,2005-08-24 18:00:00,25.4,-76.9,40,1003,,2005,61,332.5833301315039,,,,,
2005236N23285,KATRINA,2005-08-24 21:00:00,25.8,-77.3, , ,,2005,61,289.57289626957385,,,,,
2005236N23285,KATRINA,2005-08-25 00:00:00,26.0,-77.7,45,1000,,2005,61,250.68617600380924,,,,,
2005236N23285,KATRINA,2005-08-25 03:00:00,26.1,-78.1, , ,,2005,61,212.5329756625368,,,,,
2005236N23285,KATRINA,2005-08-25 06:00:00,26.1,-78.4,50,997,,2005,61,183.0844902388979,,,,,
2005236N23285,KATRINA,2005-08-25 09:00:00,26.2,-78.7, , ,,2005,61,156.87784420095466,,,,,
2005236N23285,KATRINA,2005-08-25 12:00:00,26.2,-79.0,55,994,,2005,61,128.71243045890046,,,,,
2005236N23285,KATRINA,2005-08-25 15:00:00,26.2,-79.3, , ,,2005,61,101.59481202055416,,,,,
2005236N23285,KATRINA,2005-08-25 18:00:00,26.2,-79.6,60,988,,2005,61,76.6455418745736,,,,,
2005236N23285,KATRINA,2005-08-25 21:00:00,26.1,-79.9, , ,,2005,61,47.60805035587961,,,,,
2005236N23285,KATRINA,2005-08-25 22:30:00,26.0,-80.1,70,984,,2005,61,28.04415495067796,,,,,
2005236N23285,KATRINA,2005-08-26 00:00:00,25.9,-80.3,70,983,,2005,61,18.808556108512555,,,,,
2005236N23285,KATRINA,2005-08-26 03:00:00,25.7,-80.8, , ,,2005,61,61.30794538310236,,,,,
2005236N23285,KATRINA,2005-08-26 06:00:00,25.4,-81.3,65,987,,2005,61,118.19959254502898,,,,,
2005236N23285,KATRINA,2005-08-26 09:00:00,25.2,-81.7, , ,,2005,61,163.76765433271953,,,,,
2005236N23285,KATRINA,2005-08-26 12:00:00,25.1,-82.0,75,979,,2005,61,195.91847357027913,,,,,
2005236N23285,KATRINA,2005-08-26 15:00:00,25.0,-82.3, , ,,2005,61,228.0975236087035,,,,,
2005236N23285,KATRINA,2005-08-26 18:00:00,24.9,-82.6,85,968,,2005,61,260.30269636118936,,,,,
2005236N23285,KATRINA,2005-08-26 21:00:00,24.7,-82.9, , ,,2005,61,296.87986698693817,,,,,
2005236N23285,KATRINA,2005-08-27 00:00:00,24.6,-83.3,90,959,,2005,61,338.38230603042086,,,,,
2005236N23285,KATRINA,2005-08-27 03:00:00,24.5,-83.7, , ,,2005,61,379.9930426618168,,,,,
2005236N23285,KATRINA,2005-08-27 06:00:00,24.4,-84.0,95,950,,2005,61,412.3066430673444,,,,,
2005236N23285,KATRINA,2005-08-27 09:00:00,24.4,-84.4, , ,,2005,61,450.01362855828233,,,,,
2005236N23285,KATRINA,2005-08-27 12:00:00,24.4,-84.7,100,942,,2005,61,478.56833192834034,,,,,
2005236N23285,KATRINA,2005-08-27 15:00:00,24.4,-85.0, , ,,2005,61,507.31404142506904,,,,,
2005236N23285,KATRINA,2005-08-27 18:00:00,24.5,-85.3,100,948,,2005,61,532.9864946846064,,,,,
2005236N23285,KATRINA,2005-08-27 21:00:00,24.6,-85.6, , ,,2005,61,559.2860782425236,,,,,
2005236N23285,KATRINA,2005-08-28 00:00:00,24.8,-85.9,100,941,,2005,61,583.7561389602319,,,,,
2005236N23285,KATRINA,2005-08-28 03:00:00,25.0,-86.3, , ,,2005,61,619.4005218912389,,,,,
2005236N23285,KATRINA,2005-08-28 06:00:00,25.2,-86.7,125,930,,2005,61,656.1956986020543,,,,,
2005236N23285,KATRINA,2005-08-28 09:00:00,25.4,-87.2, , ,,2005,61,703.9553077364914,,,,,
2005236N23285,KATRINA,2005-08-28 12:00:00,25.7,-87.7,145,909,,2005,61,752.0201708744239,,,,,
2005236N23285,KATRINA,2005-08-28 15:00:00,26.0,-88.2, , ,,2005,61,801.4729789622781,,,,,
2005236N23285,KATRINA,2005-08-28 18:00:00,26.3,-88.6,150,902,,2005,61,842.0852343873913,,,,,
2005236N23285,KATRINA,2005-08-28 21:00:00,26.7,-88.9, , ,,2005,61,874.6565326404736,,,,,
2005236N23285,KATRINA,2005-08-29 00:00:00,27.2,-89.2,140,905,,2005,61,910.505883617132,,,,,
2005236N23285,KATRINA,2005-08-29 03:00:00,27.7,-89.4, , ,,2005,61,939.2659566103248,,,,,
2005236N23285,KATRINA,2005-08-29 06:00:00,28.2,-89.6,125,913,,2005,61,970.5768347422494,,,,,
2005236N23285,KATRINA,2005-08-29 09:00:00,28.8,-89.6, , ,,2005,61,988.867787487269,,,,,
2005236N23285,KATRINA,2005-08-29 11:10:00,29.3,-89.6,110,920,,2005,61,1007.212502319074,,,,,
2005236N23285,KATRINA,2005-08-29 12:00:00,29.5,-89.6,110,923,,2005,61,1015.3040959904338,,,,,
2005236N23285,KATRINA,2005-08-29 14:45:00,30.2,-89.6,105,928,,2005,61,1046.8304079359602,,,,,
2005236N23285,KATRINA,2005-08-29 15:00:00,30.3,-89.6, , ,,2005,61,1051.7239095831858,,,,,
2005236N23285,KATRINA,2005-08-29 18:00:00,31.1,-89.6,80,948,,2005,61,1094.1273605428498,,,,,
2005236N23285,KATRINA,2005-08-29 21:00:00,31.9,-89.4, , ,,2005,61,1126.3157116603345,,,,,
2005236N23285,KATRINA,2005-08-30 00:00:00,32.6,-89.1,50,961,,2005,61,1150.6687654836912,,,,,
2005236N23285,KATRINA,2005-08-30 03:00:00,33.3,-88.9, , ,,2005,61,1187.476813087803,,,,,
2005236N23285,KATRINA,2005-08-30 06:00:00,34.1,-88.6,40,978,,2005,61,1230.2678843353365,,,,,
2005236N23285,KATRINA,2005-08-30 09:00:00,34.9,-88.3, , ,,2005,61,1278.7619369980698,,,,,
2005236N23285,KATRINA,2005-08-30 12:00:00,35.6,-88.0,30,985,,2005,61,1323.3600571135912,,,,,
2005236N23285,KATRINA,2005-08-30 15:00:00,36.3,-87.6, , ,,2005,61,1366.8414928660284,,,,,
2005236N23285,KATRINA,2005-08-30 18:00:00,37.0,-87.0,30,990,,2005,61,1405.8226032755235,,,,,
2005236N23285,KATRINA,2005-08-30 21:00:00,37.8,-86.3, , ,,2005,61,1456.8681145989826,,,,,
2005236N23285,KATRINA,2005-08-31 00:00:00,38.6,-85.3,30,994,,2005,61,1505.609376587221,,,,,
2005236N23285,KATRINA,2005-08-31 03:00:00,39.4,-84.2, , ,,2005,61,1561.838542955222,,,,,
2005236N23285,KATRINA,2005-08-31 06:00:00,40.1,-82.9,25,996,,2005,61,1614.0213989303977,,,,,
2005249N26281,OPHELIA,2005-09-06 06:00:00,25.8,-78.6,25,1009,,2005,68,159.43815079081057,,,,,
2005249N26281,OPHELIA,2005-09-06 09:00:00,26.1,-78.4, , ,,2005,68,183.0844902388979,,,,,
2005249N26281,OPHELIA,2005-09-06 12:00:00,26.3,-78.3,25,1010,,2005,68,198.2675075239565,,,,,
2005249N26281,OPHELIA,2005-09-06 15:00:00,26.5,-78.3, , ,,2005,68,205.9258716204479,,,,,
2005249N26281,OPHELIA,2005-09-06 16:00:00,26.6,-78.3,25,1010,,2005,68,210.5326925867398,,,,,
2005249N26281,OPHELIA,2005-09-06 18:00:00,26.8,-78.3,25,1010,,2005,68,221.13967251214345,,,,,
2005249N26281,OPHELIA,2005-09-06 21:00:00,27.1,-78.4, , ,,2005,68,232.32142667220285,,,,,
2005249N26281,OPHELIA,2005-09-07 00:00:00,27.4,-78.5,30,1006,,2005,68,247.9631594581816,,,,,
2005249N26281,OPHELIA,2005-09-07 03:00:00,27.6,-78.6, , ,,2005,68,258.4408929064813,,,,,
2005249N26281,OPHELIA,2005-09-07 06:00:00,27.9,-78.8,35,1003,,2005,68,274.9566747004289,,,,,
2005249N26281,OPHELIA,2005-09-07 09:00:00,28.3,-79.0, , ,,2005,68,305.9304903694645,,,,,
2005249N26281,OPHELIA,2005-09-07 12:00:00,28.7,-79.2,40,1000,,2005,68,341.1167376930882,,,,,
2005249N26281,OPHELIA,2005-09-07 15:00:00,28.8,-79.3, , ,,2005,68,349.1453946011357,,,,,
2005249N26281,OPHELIA,2005-09-07 18:00:00,28.8,-79.3,45,997,,2005,68,349.1453946011357,,,,,
2005249N26281,OPHELIA,2005-09-07 21:00:00,28.8,-79.3, , ,,2005,68,349.1453946011357,,,,,
2005249N26281,OPHELIA,2005-09-08 00:00:00,28.8,-79.3,45,994,,2005,68,349.1453946011357,,,,,
2005249N26281,OPHELIA,2005-09-08 03:00:00,28.8,-79.5, , ,,2005,68,344.68900801258405,,,,,
2005249N26281,OPHELIA,2005-09-08 06:00:00,28.7,-79.6,50,994,,2005,68,331.9200289687639,,,,,
2005249N26281,OPHELIA,2005-09-08 09:00:00,28.6,-79.6, , ,,2005,68,320.98551649446745,,,,,
2005249N26281,OPHELIA,2005-09-08 12:00:00,28.6,-79.6,55,988,,2005,68,320.98551649446745,,,,,
2005249N26281,OPHELIA,2005-09-08 15:00:00,28.6,-79.6, , ,,2005,68,320.98551649446745,,,,,
2005249N26281,OPHELIA,2005-09-08 18:00:00,28.6,-79.5,60,988,,2005,68,322.93520667436763,,,,,
2005249N26281,OPHELIA,2005-09-08 21:00:00,28.6,-79.4, , ,,2005,68,325.174114518679,,,,,
2005249N26281,OPHELIA,2005-09-09 00:00:00,28.6,-79.3,65,990,,2005,68,327.69631063787864,,,,,
2005249N26281,OPHELIA,2005-09-09 03:00:00,28.7,-79.3, , ,,2005,68,338.40811792632155,,,,,
2005249N26281,OPHELIA,2005-09-09 06:00:00,28.9,-79.3,55,990,,2005,68,359.90586113974246,,,,,
2005249N26281,OPHELIA,2005-09-09 09:00:00,29.1,-79.2, , ,,2005,68,383.8843729229351,,,,,
2005249N26281,OPHELIA,2005-09-09 12:00:00,29.3,-79.1,55,983,,2005,68,407.8954728244215,,,,,
2005249N26281,OPHELIA,2005-09-09 15:00:00,29.5,-78.9, , ,,2005,68,434.7117556001682,,,,,
2005249N26281,OPHELIA,2005-09-09 18:00:00,29.8,-78.5,65,983,,2005,68,478.8686024258856,,,,,
2005249N26281,OPHELIA,2005-09-09 21:00:00,30.0,-78.0, , ,,2005,68,518.1418619206295,,,,,
2005249N26281,OPHELIA,2005-09-10 00:00:00,30.2,-77.5,60,983,,2005,68,559.7850725704152,,,,,
2005249N26281,OPHELIA,2005-09-10 03:00:00,30.5,-77.1, , ,,2005,68,607.7942117111013,,,,,
2005249N26281,OPHELIA,2005-09-10 06:00:00,30.9,-76.9,60,984,,2005,68,655.8300872386168,,,,,
2005249N26281,OPHELIA,2005-09-10 09:00:00,31.2,-76.7, , ,,2005,68,694.244454214207,,,,,
2005249N26281,OPHELIA,2005-09-10 12:00:00,31.5,-76.6,65,976,,2005,68,727.8857960441716,,,,,
2005249N26281,OPHELIA,2005-09-10 15:00:00,31.6,-76.4, , ,,2005,68,747.0173376314333,,,,,
2005249N26281,OPHELIA,2005-09-10 18:00:00,31.7,-76.2,70,977,,2005,68,766.3090072627828,,,,,
2005249N26281,OPHELIA,2005-09-10 21:00:00,31.8,-76.0, , ,,2005,68,785.747448094687,,,,,
2005249N26281,OPHELIA,2005-09-11 00:00:00,31.8,-75.9,70,977,,2005,68,790.8482948619293,,,,,
2005249N26281,OPHELIA,2005-09-11 03:00:00,31.8,-75.9, , ,,2005,68,790.8482948619293,,,,,
2005249N26281,OPHELIA,2005-09-11 06:00:00,31.7,-75.9,75,978,,2005,68,781.5439295780558,,,,,
2005249N26281,OPHELIA,2005-09-11 09:00:00,31.7,-75.8, , ,,2005,68,786.7978088949459,,,,,
2005249N26281,OPHELIA,2005-09-11 12:00:00,31.6,-75.7,70,978,,2005,68,783.0160397300789,,,,,
2005249N26281,OPHELIA,2005-09-11 15:00:00,31.5,-75.8, , ,,2005,68,768.4712381038999,,,,,
2005249N26281,OPHELIA,2005-09-11 18:00:00,31.4,-75.9,65,978,,2005,68,753.9244235578386,,,,,
2005249N26281,OPHELIA,2005-09-11 21:00:00,31.3,-76.0, , ,,2005,68,739.3759076365915,,,,,
2005249N26281,OPHELIA,2005-09-12 00:00:00,31.2,-76.2,60,980,,2005,68,719.4881203044588,,,,,
2005249N26281,OPHELIA,2005-09-12 03:00:00,31.2,-76.4, , ,,2005,68,709.0951769754781,,,,,
2005249N26281,OPHELIA,2005-09-12 06:00:00,31.2,-76.6,60,985,,2005,68,699.0933668365616,,,,,
2005249N26281,OPHELIA,2005-09-12 09:00:00,31.3,-76.7, , ,,2005,68,703.868252628487,,,,,
2005249N26281,OPHELIA,2005-09-12 12:00:00,31.5,-76.9,55,988,,2005,68,714.2693701537466,,,,,
2005249N26281,OPHELIA,2005-09-12 15:00:00,31.6,-77.1, , ,,2005,68,715.7245957426545,,,,,
2005249N26281,OPHELIA,2005-09-12 18:00:00,31.7,-77.3,60,989,,2005,68,717.8951179137765,,,,,
2005249N26281,OPHELIA,2005-09-12 21:00:00,31.8,-77.5, , ,,2005,68,720.7729403830817,,,,,
2005249N26281,OPHELIA,2005-09-13 00:00:00,31.8,-77.7,60,989,,2005,68,713.9221267218827,,,,,
2005249N26281,OPHELIA,2005-09-13 03:00:00,31.8,-77.8, , ,,2005,68,710.6720537281956,,,,,
2005249N26281,OPHELIA,2005-09-13 06:00:00,31.9,-77.9,60,990,,2005,68,718.0661241808015,,,,,
2005249N26281,OPHELIA,2005-09-13 09:00:00,32.0,-78.0, , ,,2005,68,725.6918219207646,,,,,
2005249N26281,OPHELIA,2005-09-13 12:00:00,32.1,-78.0,60,989,,2005,68,736.2961199099551,,,,,
2005249N26281,OPHELIA,2005-09-13 15:00:00,32.2,-78.1, , ,,2005,68,744.2028766535312,,,,,
2005249N26281,OPHELIA,2005-09-13 18:00:00,32.3,-78.1,60,988,,2005,68,754.8773669268465,,,,,
2005249N26281,OPHELIA,2005-09-13 21:00:00,32.4,-78.1, , ,,2005,68,765.5644670667294,,,,,
2005249N26281,OPHELIA,2005-09-14 00:00:00,32.6,-78.1,65,985,,2005,68,786.9744414046908,,,,,
2005249N26281,OPHELIA,2005-09-14 03:00:00,32.7,-78.1, , ,,2005,68,797.6963554179893,,,,,
2005249N26281,OPHELIA,2005-09-14 06:00:00,32.9,-78.0,70,980,,2005,68,821.6188814296812,,,,,
2005249N26281,OPHELIA,2005-09-14 09:00:00,33.1,-77.9, , ,,2005,68,845.5498338714059,,,,,
2005249N26281,OPHELIA,2005-09-14 12:00:00,33.4,-77.7,75,980,,2005,68,882.7625537763832,,,,,
2005249N26281,OPHELIA,2005-09-14 15:00:00,33.7,-77.6, , ,,2005,68,917.3795148329972,,,,,
2005249N26281,OPHELIA,2005-09-14 18:00:00,33.9,-77.5,75,979,,2005,68,941.3311092402548,,,,,
2005249N26281,OPHELIA,2005-09-14 21:00:00,34.1,-77.2, , ,,2005,68,970.813072382066,,,,,
2005249N26281,OPHELIA,2005-09-15 00:00:00,34.2,-76.9,75,979,,2005,68,990.2283948711084,,,,,
2005249N26281,OPHELIA,2005-09-15 03:00:00,34.4,-76.6, , ,,2005,68,1020.5893170702556,,,,,
2005249N26281,OPHELIA,2005-09-15 06:00:00,34.5,-76.3,70,982,,2005,68,1040.9779316127042,,,,,
2005249N26281,OPHELIA,2005-09-15 09:00:00,34.6,-76.0, , ,,2005,68,1061.8493445637682,,,,,
2005249N26281,OPHELIA,2005-09-15 12:00:00,34.7,-75.8,65,984,,2005,68,1079.397881806482,,,,,
2005249N26281,OPHELIA,2005-09-15 15:00:00,34.7,-75.7, , ,,2005,68,1083.1729504784892,,,,,
2005249N26281,OPHELIA,2005-09-15 18:00:00,34.7,-75.6,65,986,,2005,68,1087.019407713689,,,,,
2005249N26281,OPHELIA,2005-09-15 21:00:00,34.6,-75.4, , ,,2005,68,1084.9486353903785,,,,,
2005249N26281,OPHELIA,2005-09-16 00:00:00,34.6,-75.1,60,987,,2005,68,1097.44741274976,,,,,
2005249N26281,OPHELIA,2005-09-16 03:00:00,34.6,-74.9, , ,,2005,68,1106.1170851445104,,,,,
2005249N26281,OPHELIA,2005-09-16 06:00:00,34.7,-74.8,55,993,,2005,68,1120.2695887326229,,,,,
2005249N26281,OPHELIA,2005-09-16 09:00:00,35.0,-74.6, , ,,2005,68,1158.2935940048797,,,,,
2005249N26281,OPHELIA,2005-09-16 12:00:00,35.4,-74.4,50,995,,2005,68,1206.0092998644795,,,,,
2005249N26281,OPHELIA,2005-09-16 15:00:00,35.9,-74.0, , ,,2005,68,1272.1662048601222,,,,,
2005249N26281,OPHELIA,2005-09-16 18:00:00,36.4,-73.6,55,993,,2005,68,1338.2425329172247,,,,,
2005249N26281,OPHELIA,2005-09-16 21:00:00,36.8,-73.2, , ,,2005,68,1394.6189455121842,,,,,
2005249N26281,OPHELIA,2005-09-17 00:00:00,37.3,-72.7,55,995,,2005,68,1465.0728378272586,,,,,
2005249N26281,OPHELIA,2005-09-17 03:00:00,38.0,-72.1, , ,,2005,68,1559.0215903013004,,,,,
2005249N26281,OPHELIA,2005-09-17 06:00:00,38.7,-71.4,50,1000,,2005,68,1657.368996864637,,,,,
2005249N26281,OPHELIA,2005-09-17 09:00:00,39.3,-70.6, , ,,2005,68,1750.9611236551823,,,,,
2005249N26281,OPHELIA,2005-09-17 12:00:00,40.0,-69.7,50,997,,2005,68,1858.637481150845,,,,,
2005249N26281,OPHELIA,2005-09-17 15:00:00,40.8,-68.6, , ,,2005,68,1985.1362715671944,,,,,
2005249N26281,OPHELIA,2005-09-17 18:00:00,41.6,-67.3,50,995,,2005,68,2121.666931024138,,,,,
2005249N26281,OPHELIA,2005-09-17 21:00:00,42.4,-66.1, , ,,2005,68,2253.0531168676457,,,,,
2005249N26281,OPHELIA,2005-09-18 00:00:00,43.2,-64.9,45,996,,2005,68,2384.0972516387437,,,,,
2005249N26281,OPHELIA,2005-09-18 03:00:00,44.0,-63.8, , ,,2005,68,2509.342270004254,,,,,
2005249N26281,OPHELIA,2005-09-18 06:00:00,44.8,-62.6,45,1000,,2005,68,2639.240508083631,,,,,
2005249N26281,OPHELIA,2005-09-18 09:00:00,45.5,-61.4, , ,,2005,68,2760.3788659546426,,,,,
2005249N26281,OPHELIA,2005-09-18 12:00:00,46.2,-59.9,45,1000,,2005,68,2897.3300981158263,,,,,
2005249N26281,OPHELIA,2005-09-18 15:00:00,46.8,-58.1, , ,,2005,68,3043.102714531977,,,,,
2005249N26281,OPHELIA,2005-09-18 18:00:00,47.4,-56.2,45,999,,2005,68,3195.050208031207,,,,,
2005249N26281,OPHELIA,2005-09-18 21:00:00,47.9,-54.2, , ,,2005,68,3346.25603742186,,,,,
2005249N26281,OPHELIA,2005-09-19 00:00:00,48.4,-52.3,45,1000,,2005,68,3492.237346252411,,,,,
2005249N26281,OPHELIA,2005-09-19 03:00:00,48.7,-50.5, , ,,2005,68,3619.879585076536,,,,,
2005249N26281,OPHELIA,2005-09-19 06:00:00,49.0,-48.8,45,1001,,2005,68,3742.308235529748,,,,,
2005249N26281,OPHELIA,2005-09-19 09:00:00,49.3,-47.3, , ,,2005,68,3852.7984188339447,,,,,
2005249N26281,OPHELIA,2005-09-19 12:00:00,49.5,-45.7,45,1000,,2005,68,3964.315282837053,,,,,
2005249N26281,OPHELIA,2005-09-19 15:00:00,49.7,-43.9, , ,,2005,68,4089.280048749046,,,,,
2005249N26281,OPHELIA,2005-09-19 18:00:00,50.0,-42.1,45,999,,2005,68,4219.786942447654,,,,,
2005249N26281,OPHELIA,2005-09-19 21:00:00,50.4,-40.3, , ,,2005,68,4354.784056125083,,,,,
2005249N26281,OPHELIA,2005-09-20 00:00:00,50.9,-38.5,45,998,,2005,68,4493.325210312662,,,,,
2005249N26281,OPHELIA,2005-09-20 03:00:00,51.2,-36.6, , ,,2005,68,4629.074624426682,,,,,
2005249N26281,OPHELIA,2005-09-20 06:00:00,51.5,-34.7,40,1000,,2005,68,4764.47315183363,,,,,
2005249N26281,OPHELIA,2005-09-20 09:00:00,51.8,-32.6, , ,,2005,68,4912.498055193135,,,,,
2005249N26281,OPHELIA,2005-09-20 12:00:00,52.2,-30.5,40,1003,,2005,68,5062.969325629158,,,,,
2005249N26281,OPHELIA,2005-09-20 15:00:00,52.5,-28.5, , ,,2005,68,5202.814696374239,,,,,
2005249N26281,OPHELIA,2005-09-20 18:00:00,52.8,-26.5,40,1001,,2005,68,5341.7866995759105,,,,,
2005249N26281,OPHELIA,2005-09-20 21:00:00,53.2,-24.3, , ,,2005,68,5494.975724438128,,,,,
2005249N26281,OPHELIA,2005-09-21 00:00:00,53.8,-22.0,40,998,,2005,68,5656.472821967564,,,,,
2005249N26281,OPHELIA,2005-09-21 03:00:00,54.5,-19.7, , ,,2005,68,5816.240402406019,,,,,
2005249N26281,OPHELIA,2005-09-21 06:00:00,55.3,-17.7,35,998,,2005,68,5954.411890360923,,,,,
2005249N26281,OPHELIA,2005-09-21 09:00:00,56.4,-16.0, , ,,2005,68,6073.512407188233,,,,,
2005249N26281,OPHELIA,2005-09-21 12:00:00,57.6,-14.6,35,998,,2005,68,6171.486171348602,,,,,
2005249N26281,OPHELIA,2005-09-21 15:00:00,58.7,-13.3, , ,,2005,68,6259.063581373418,,,,,
2005249N26281,OPHELIA,2005-09-21 18:00:00,59.8,-11.9,35,996,,2005,68,6349.008823461601,,,,,
2005249N26281,OPHELIA,2005-09-21 21:00:00,60.8,-10.2, , ,,2005,68,6450.725719041402,,,,,
2005249N26281,OPHELIA,2005-09-22 00:00:00,61.7,-8.4,35,993,,2005,68,6552.632237736683,,,,,
2005249N26281,OPHELIA,2005-09-22 03:00:00,62.6,-6.4, , ,,2005,68,6660.226839444551,,,,,
2005249N26281,OPHELIA,2005-09-22 06:00:00,63.6,-4.5,35,993,,2005,68,6757.678624147566,,,,,
2005249N26281,OPHELIA,2005-09-22 09:00:00,64.6,-2.7, , ,,2005,68,6844.848645386313,,,,,
2005249N26281,OPHELIA,2005-09-22 12:00:00,65.6,-1.0,35,994,,2005,68,6922.15849089537,,,,,
2005249N26281,OPHELIA,2005-09-22 15:00:00,66.6,0.4, , ,,2005,68,6981.227916371689,,,,,
2005249N26281,OPHELIA,2005-09-22 18:00:00,67.5,1.9,30,995,,2005,68,7041.171038260409,,,,,
2005249N26281,OPHELIA,2005-09-22 21:00:00,68.2,4.0, , ,,2005,68,7123.402161718526,,,,,
2005249N26281,OPHELIA,2005-09-23 00:00:00,68.8,6.6,30,997,,2005,68,7221.880192263227,,,,,
2005261N21290,RITA,2005-09-18 00:00:00,21.3,-69.9,25,1009,,2005,80,1160.0339675517318,,,,,
2005261N21290,RITA,2005-09-18 03:00:00,21.5,-70.3, , ,,2005,80,1113.0364437745914,,,,,
2005261N21290,RITA,2005-09-18 06:00:00,21.6,-70.7,25,1009,,2005,80,1071.171337864009,,,,,
2005261N21290,RITA,2005-09-18 09:00:00,21.7,-71.1, , ,,2005,80,1029.3861198888694,,,,,
2005261N21290,RITA,2005-09-18 12:00:00,21.9,-71.5,30,1007,,2005,80,982.4842389099736,,,,,
2005261N21290,RITA,2005-09-18 15:00:00,22.1,-71.9, , ,,2005,80,935.6355073639596,,,,,
2005261N21290,RITA,2005-09-18 18:00:00,22.2,-72.3,35,1005,,2005,80,893.9825030703975,,,,,
2005261N21290,RITA,2005-09-18 21:00:00,22.3,-72.7, , ,,2005,80,852.4291520246719,,,,,
2005261N21290,RITA,2005-09-19 00:00:00,22.4,-73.0,45,1002,,2005,80,820.0041433607977,,,,,
2005261N21290,RITA,2005-09-19 03:00:00,22.5,-73.4, , ,,2005,80,778.6294618099802,,,,,
2005261N21290,RITA,2005-09-19 06:00:00,22.6,-73.8,50,999,,2005,80,737.3885783771901,,,,,
2005261N21290,RITA,2005-09-19 09:00:00,22.7,-74.2, , ,,2005,80,696.3004229017545,,,,,
2005261N21290,RITA,2005-09-19 12:00:00,22.8,-74.7,55,997,,2005,80,646.6485744047604,,,,,
2005261N21290,RITA,2005-09-19 15:00:00,22.9,-75.3, , ,,2005,80,588.8954676918742,,,,,
2005261N21290,RITA,2005-09-19 18:00:00,23.1,-75.9,60,994,,2005,80,525.6553244852079,,,,,
2005261N21290,RITA,2005-09-19 21:00:00,23.2,-76.5, , ,,2005,80,469.7581933058129,,,,,
2005261N21290,RITA,2005-09-20 00:00:00,23.3,-77.2,60,992,,2005,80,408.0379320637476,,,,,
2005261N21290,RITA,2005-09-20 03:00:00,23.4,-78.0, , ,,2005,80,343.6147817152369,,,,,
2005261N21290,RITA,2005-09-20 06:00:00,23.5,-78.8,60,990,,2005,80,288.1551866030225,,,,,
2005261N21290,RITA,2005-09-20 09:00:00,23.6,-79.6, , ,,2005,80,247.69408846349336,,,,,
2005261N21290,RITA,2005-09-20 12:00:00,23.7,-80.3,70,985,,2005,80,229.5108377802347,,,,,
2005261N21290,RITA,2005-09-20 15:00:00,23.8,-81.0, , ,,2005,80,232.88929249500592,,,,,
2005261N21290,RITA,2005-09-20 18:00:00,23.9,-81.6,85,975,,2005,80,251.0887862076623,,,,,
2005261N21290,RITA,2005-09-20 21:00:00,24.0,-82.2, , ,,2005,80,281.788259012323,,,,,
2005261N21290,RITA,2005-09-21 00:00:00,24.1,-82.7,95,967,,2005,80,313.2019119382097,,,,,
2005261N21290,RITA,2005-09-21 03:00:00,24.2,-83.3, , ,,2005,80,358.1724821010328,,,,,
2005261N21290,RITA,2005-09-21 06:00:00,24.2,-84.0,110,955,,2005,80,421.2628138627846,,,,,
2005261N21290,RITA,2005-09-21 09:00:00,24.2,-84.6, , ,,2005,80,477.00360863131414,,,,,
2005261N21290,RITA,2005-09-21 12:00:00,24.2,-85.2,120,941,,2005,80,533.7719340292467,,,,,
2005261N21290,RITA,2005-09-21 15:00:00,24.2,-85.7, , ,,2005,80,581.6462460762722,,,,,
2005261N21290,RITA,2005-09-21 18:00:00,24.3,-86.2,145,920,,2005,80,626.7015805927066,,,,,
2005261N21290,RITA,2005-09-21 21:00:00,24.4,-86.6, , ,,2005,80,662.8131699163915,,,,,
2005261N21290,RITA,2005-09-22 00:00:00,24.5,-86.9,150,897,,2005,80,689.6381272060883,,,,,
2005261N21290,RITA,2005-09-22 03:00:00,24.7,-87.3,155,895,,2005,80,724.5718953580661,,,,,
2005261N21290,RITA,2005-09-22 06:00:00,24.8,-87.6,155,897,,2005,80,752.3882470925054,,,,,
2005261N21290,RITA,2005-09-22 09:00:00,25.0,-87.9, , ,,2005,80,778.8847584432019,,,,,
2005261N21290,RITA,2005-09-22 12:00:00,25.2,-88.3,140,908,,2005,80,816.1542005748098,,,,,
2005261N21290,RITA,2005-09-22 15:00:00,25.4,-88.7, , ,,2005,80,854.1307054106284,,,,,
2005261N21290,RITA,2005-09-22 18:00:00,25.6,-89.1,125,913,,2005,80,892.7137484676086,,,,,
2005261N21290,RITA,2005-09-22 21:00:00,25.8,-89.5, , ,,2005,80,931.8180211635208,,,,,
2005261N21290,RITA,2005-09-23 00:00:00,26.0,-89.9,120,915,,2005,80,971.3709103757792,,,,,
2005261N21290,RITA,2005-09-23 03:00:00,26.2,-90.3, , ,,2005,80,1011.3103962731462,,,,,
2005261N21290,RITA,2005-09-23 06:00:00,26.5,-90.7,115,924,,2005,80,1051.940914096764,,,,,
2005261N21290,RITA,2005-09-23 09:00:00,26.8,-91.1, , ,,2005,80,1093.3249301930418,,,,,
2005261N21290,RITA,2005-09-23 12:00:00,27.1,-91.5,115,927,,2005,80,1135.3665595904838,,,,,
2005261N21290,RITA,2005-09-23 15:00:00,27.4,-91.9, , ,,2005,80,1177.982215461212,,,,,
2005261N21290,RITA,2005-09-23 18:00:00,27.8,-92.3,110,930,,2005,80,1222.5787242486504,,,,,
2005261N21290,RITA,2005-09-23 21:00:00,28.2,-92.7, , ,,2005,80,1268.1138267879037,,,,,
2005261N21290,RITA,2005-09-24 00:00:00,28.6,-93.0,105,931,,2005,80,1304.8871757814943,,,,,
2005261N21290,RITA,2005-09-24 03:00:00,29.0,-93.3, , ,,2005,80,1342.5517603860628,,,,,
2005261N21290,RITA,2005-09-24 06:00:00,29.4,-93.6,100,935,,2005,80,1381.0245539043974,,,,,
2005261N21290,RITA,2005-09-24 07:40:00,29.7,-93.7,100,937,,2005,80,1398.696248320373,,,,,
2005261N21290,RITA,2005-09-24 09:00:00,29.9,-93.8, , ,,2005,80,1413.8872202798816,,,,,
2005261N21290,RITA,2005-09-24 12:00:00,30.5,-94.1,65,949,,2005,80,1460.696364406425,,,,,
2005261N21290,RITA,2005-09-24 15:00:00,31.1,-94.2, , ,,2005,80,1491.2945296323958,,,,,
2005261N21290,RITA,2005-09-24 18:00:00,31.6,-94.1,45,974,,2005,80,1502.3856652130444,,,,,
2005261N21290,RITA,2005-09-24 21:00:00,32.2,-94.1, , ,,2005,80,1528.7093364207562,,,,,
2005261N21290,RITA,2005-09-25 00:00:00,32.7,-94.0,35,982,,2005,80,1544.0728362990878,,,,,
2005261N21290,RITA,2005-09-25 03:00:00,33.2,-93.9, , ,,2005,80,1561.382249659456,,,,,
2005261N21290,RITA,2005-09-25 06:00:00,33.7,-93.6,30,989,,2005,80,1564.644556700968,,,,,
2005261N21290,RITA,2005-09-25 09:00:00,34.2,-93.1, , ,,2005,80,1555.276426248196,,,,,
2005261N21290,RITA,2005-09-25 12:00:00,34.7,-92.5,25,995,,2005,80,1542.3971721352284,,,,,
2005261N21290,RITA,2005-09-25 15:00:00,35.2,-92.0, , ,,2005,80,1541.024110399077,,,,,
2005261N21290,RITA,2005-09-25 18:00:00,35.8,-91.4,25,1000,,2005,80,1544.4601613828602,,,,,
2005261N21290,RITA,2005-09-25 21:00:00,36.3,-90.8, , ,,2005,80,1545.3099173209694,,,,,
2005261N21290,RITA,2005-09-26 00:00:00,37.0,-90.1,20,1003,,2005,80,1561.9500050786726,,,,,
2005261N21290,RITA,2005-09-26 03:00:00,38.1,-89.1, , ,,2005,80,1607.063165816272,,,,,
2005261N21290,RITA,2005-09-26 06:00:00,39.5,-88.0,20,1006,,2005,80,1691.839674151494,,,,,
2005278N27280,TAMMY,2005-10-05 06:00:00,27.3,-79.7,35,1006,,2005,90,177.9103386390775,,,,,
2005278N27280,TAMMY,2005-10-05 09:00:00,27.8,-79.9, , ,,2005,90,228.4917689997504,,,,,
2005278N27280,TAMMY,2005-10-05 12:00:00,28.3,-80.2,40,1004,,2005,90,282.2472505514253,,,,,
2005278N27280,TAMMY,2005-10-05 15:00:00,28.9,-80.5, , ,,2005,90,350.28797200104384,,,,,
2005278N27280,TAMMY,2005-10-05 18:00:00,29.5,-80.9,45,1001,,2005,90,421.4904233337909,,,,,
2005278N27280,TAMMY,2005-10-05 21:00:00,30.1,-81.1, , ,,2005,90,490.5717249983429,,,,,
2005278N27280,TAMMY,2005-10-05 23:00:00,30.4,-81.4,45,1002,,2005,90,529.1870552411394,,,,,
2005278N27280,TAMMY,2005-10-06 00:00:00,30.5,-81.6,45,1002,,2005,90,544.6512882554617,,,,,
2005278N27280,TAMMY,2005-10-06 03:00:00,30.9,-82.2, , ,,2005,90,604.1759837423411,,,,,
2005278N27280,TAMMY,2005-10-06 06:00:00,31.3,-82.8,35,1005,,2005,90,666.3873399871993,,,,,
2005278N27280,TAMMY,2005-10-06 09:00:00,31.7,-83.7, , ,,2005,90,743.5125617943188,,,,,
2005278N27280,TAMMY,2005-10-06 12:00:00,31.8,-84.6,25,1005,,2005,90,796.8943178880907,,,,,
2005278N27280,TAMMY,2005-10-06 15:00:00,31.6,-85.4, , ,,2005,90,824.0857825649098,,,,,
2005278N27280,TAMMY,2005-10-06 18:00:00,31.2,-85.8,15,1006,,2005,90,815.8711748690214,,,,,
2005278N27280,TAMMY,2005-10-06 21:00:00,30.8,-85.8, , ,,2005,90,784.2378244008123,,,,,
2005278N27280,TAMMY,2005-10-07 00:00:00,30.3,-85.6,10,1005,,2005,90,732.1950457857148,,,,,
2005289N18282,WILMA,2005-10-15 18:00:00,17.6,-78.5,25,1004,,2005,97,924.181055596812,,,,,
2005289N18282,WILMA,2005-10-15 21:00:00,17.6,-78.7, , ,,2005,97,920.505065758729,,,,,
2005289N18282,WILMA,2005-10-16 00:00:00,17.6,-78.8,25,1004,,2005,97,918.8354267683336,,,,,
2005289N18282,WILMA,2005-10-16 03:00:00,17.5,-78.9, , ,,2005,97,928.2877802035356,,,,,
2005289N18282,WILMA,2005-10-16 06:00:00,17.5,-79.0,30,1003,,2005,97,926.8610882674568,,,,,
2005289N18282,WILMA,2005-10-16 09:00:00,17.5,-79.1, , ,,2005,97,925.5473425113202,,,,,
2005289N18282,WILMA,2005-10-16 12:00:00,17.5,-79.2,30,1003,,2005,97,924.3470250649846,,,,,
2005289N18282,WILMA,2005-10-16 15:00:00,17.5,-79.3, , ,,2005,97,923.2605788294858,,,,,
2005289N18282,WILMA,2005-10-16 18:00:00,17.5,-79.4,30,1002,,2005,97,922.288406676094,,,,,
2005289N18282,WILMA,2005-10-16 21:00:00,17.5,-79.5, , ,,2005,97,921.4308707116596,,,,,
2005289N18282,WILMA,2005-10-17 00:00:00,17.4,-79.6,30,1001,,2005,97,931.784837884292,,,,,
2005289N18282,WILMA,2005-10-17 03:00:00,17.2,-79.6, , ,,2005,97,953.9795222252848,,,,,
2005289N18282,WILMA,2005-10-17 06:00:00,16.9,-79.6,35,1000,,2005,97,987.275259830446,,,,,
2005289N18282,WILMA,2005-10-17 09:00:00,16.6,-79.6, , ,,2005,97,1020.5750632936276,,,,,
2005289N18282,WILMA,2005-10-17 12:00:00,16.3,-79.7,40,999,,2005,97,1053.3264358315903,,,,,
2005289N18282,WILMA,2005-10-17 15:00:00,16.1,-79.7, , ,,2005,97,1075.5413784478949,,,,,
2005289N18282,WILMA,2005-10-17 18:00:00,16.0,-79.8,45,997,,2005,97,1086.211819563193,,,,,
2005289N18282,WILMA,2005-10-17 21:00:00,15.9,-79.9, , ,,2005,97,1096.9887732066404,,,,,
2005289N18282,WILMA,2005-10-18 00:00:00,15.8,-79.9,55,988,,2005,97,1108.104320400783,,,,,
2005289N18282,WILMA,2005-10-18 03:00:00,15.7,-79.9, , ,,2005,97,1119.219945193683,,,,,
2005289N18282,WILMA,2005-10-18 06:00:00,15.7,-79.9,60,982,,2005,97,1119.219945193683,,,,,
2005289N18282,WILMA,2005-10-18 09:00:00,15.9,-80.0, , ,,2005,97,1096.7515199946238,,,,,
2005289N18282,WILMA,2005-10-18 12:00:00,16.2,-80.3,65,979,,2005,97,1063.2716754481007,,,,,
2005289N18282,WILMA,2005-10-18 15:00:00,16.4,-80.7, , ,,2005,97,1042.3037640299033,,,,,
2005289N18282,WILMA,2005-10-18 18:00:00,16.6,-81.1,75,975,,2005,97,1023.0638767406804,,,,,
2005289N18282,WILMA,2005-10-18 21:00:00,16.6,-81.5, , ,,2005,97,1027.6968515976014,,,,,
2005289N18282,WILMA,2005-10-19 00:00:00,16.6,-81.8,130,946,,2005,97,1032.2485855617151,,,,,
2005289N18282,WILMA,2005-10-19 03:00:00,16.8,-82.0, , ,,2005,97,1013.903279573539,,,,,
2005289N18282,WILMA,2005-10-19 06:00:00,17.0,-82.2,150,892,,2005,97,996.136813092267,,,,,
2005289N18282,WILMA,2005-10-19 09:00:00,17.2,-82.5, , ,,2005,97,981.438672025484,,,,,
2005289N18282,WILMA,2005-10-19 12:00:00,17.3,-82.8,160,882,,2005,97,978.7109869675608,,,,,
2005289N18282,WILMA,2005-10-19 15:00:00,17.3,-83.1, , ,,2005,97,987.6907077669418,,,,,
2005289N18282,WILMA,2005-10-19 18:00:00,17.4,-83.4,140,892,,2005,97,987.03635224226,,,,,
2005289N18282,WILMA,2005-10-19 21:00:00,17.6,-83.7, , ,,2005,97,977.0870021678746,,,,,
2005289N18282,WILMA,2005-10-20 00:00:00,17.9,-84.0,135,892,,2005,97,958.301182347066,,,,,
2005289N18282,WILMA,2005-10-20 03:00:00,18.0,-84.4, , ,,2005,97,965.91069785465,,,,,
2005289N18282,WILMA,2005-10-20 06:00:00,18.1,-84.7,130,901,,2005,97,970.3339516759796,,,,,
2005289N18282,WILMA,2005-10-20 09:00:00,18.2,-85.0, , ,,2005,97,975.8238211310916,,,,,
2005289N18282,WILMA,2005-10-20 12:00:00,18.3,-85.2,130,910,,2005,97,976.8870389250144,,,,,
2005289N18282,WILMA,2005-10-20 15:00:00,18.4,-85.4, , ,,2005,97,978.49433461505,,,,,
2005289N18282,WILMA,2005-10-20 18:00:00,18.6,-85.5,130,917,,2005,97,965.5486800730548,,,,,
2005289N18282,WILMA,2005-10-20 21:00:00,18.8,-85.6, , ,,2005,97,953.040386736812,,,,,
2005289N18282,WILMA,2005-10-21 00:00:00,19.1,-85.8,130,924,,2005,97,938.2771880451548,,,,,
2005289N18282,WILMA,2005-10-21 03:00:00,19.3,-86.0, , ,,2005,97,933.5447402254248,,,,,
2005289N18282,WILMA,2005-10-21 06:00:00,19.5,-86.1,130,930,,2005,97,922.973227210862,,,,,
2005289N18282,WILMA,2005-10-21 09:00:00,19.8,-86.2, , ,,2005,97,904.593263143348,,,,,
2005289N18282,WILMA,2005-10-21 12:00:00,20.1,-86.4,125,929,,2005,97,894.4112834568232,,,,,
2005289N18282,WILMA,2005-10-21 15:00:00,20.2,-86.6, , ,,2005,97,901.2301451781104,,,,,
2005289N18282,WILMA,2005-10-21 18:00:00,20.3,-86.7,120,926,,2005,97,900.9943456975384,,,,,
2005289N18282,WILMA,2005-10-21 21:00:00,20.6,-86.8, , ,,2005,97,886.078248946127,,,,,
2005289N18282,WILMA,2005-10-21 21:45:00,20.6,-86.8,130,927,,2005,97,886.078248946127,,,,,
2005289N18282,WILMA,2005-10-22 00:00:00,20.6,-86.8,120,930,,2005,97,886.078248946127,,,,,
2005289N18282,WILMA,2005-10-22 03:00:00,20.8,-86.9, , ,,2005,97,879.3902138672138,,,,,
2005289N18282,WILMA,2005-10-22 03:30:00,20.8,-86.9,115,933,,2005,97,879.3902138672138,,,,,
2005289N18282,WILMA,2005-10-22 06:00:00,20.8,-87.0,110,935,,2005,97,887.361119088803,,,,,
2005289N18282,WILMA,2005-10-22 09:00:00,20.9,-87.1, , ,,2005,97,888.3687236260902,,,,,
2005289N18282,WILMA,2005-10-22 12:00:00,21.0,-87.1,100,947,,2005,97,881.4441013478083,,,,,
2005289N18282,WILMA,2005-10-22 15:00:00,21.1,-87.1, , ,,2005,97,874.6054710821771,,,,,
2005289N18282,WILMA,2005-10-22 18:00:00,21.3,-87.1,85,958,,2005,97,861.1943553491825,,,,,
2005289N18282,WILMA,2005-10-22 21:00:00,21.5,-87.1, , ,,2005,97,848.1520812494363,,,,,
2005289N18282,WILMA,2005-10-23 00:00:00,21.6,-87.0,85,960,,2005,97,833.2924660832756,,,,,
2005289N18282,WILMA,2005-10-23 03:00:00,21.7,-86.9, , ,,2005,97,818.4526845782079,,,,,
2005289N18282,WILMA,2005-10-23 06:00:00,21.8,-86.8,85,962,,2005,97,803.6336059157721,,,,,
2005289N18282,WILMA,2005-10-23 09:00:00,22.1,-86.5, , ,,2005,97,759.31024593519,,,,,
2005289N18282,WILMA,2005-10-23 12:00:00,22.4,-86.1,85,961,,2005,97,706.5801394839448,,,,,
2005289N18282,WILMA,2005-10-23 15:00:00,22.7,-85.8, , ,,2005,97,662.6567864835317,,,,,
2005289N18282,WILMA,2005-10-23 18:00:00,23.1,-85.4,90,963,,2005,97,604.5642411573326,,,,,
2005289N18282,WILMA,2005-10-23 21:00:00,23.5,-84.9, , ,,2005,97,538.19247540005,,,,,
2005289N18282,WILMA,2005-10-24 00:00:00,24.0,-84.3,95,958,,2005,97,458.3401355275655,,,,,
2005289N18282,WILMA,2005-10-24 03:00:00,24.5,-83.8, , ,,2005,97,389.36533342261265,,,,,
2005289N18282,WILMA,2005-10-24 06:00:00,25.0,-83.1,110,953,,2005,97,304.184324509564,,,,,
2005289N18282,WILMA,2005-10-24 09:00:00,25.6,-82.3, , ,,2005,97,212.0268664041677,,,,,
2005289N18282,WILMA,2005-10-24 10:30:00,25.9,-81.7,105,950,,2005,97,151.7283516882947,,,,,
2005289N18282,WILMA,2005-10-24 12:00:00,26.2,-81.0,95,950,,2005,97,94.34793021820794,,,,,
2005289N18282,WILMA,2005-10-24 15:00:00,27.0,-79.9, , ,,2005,97,140.72720676500128,,,,,
2005289N18282,WILMA,2005-10-24 18:00:00,28.0,-78.8,105,955,,2005,97,284.59675138658093,,,,,
2005289N18282,WILMA,2005-10-24 21:00:00,28.9,-77.5, , ,,2005,97,438.68499427474774,,,,,
2005289N18282,WILMA,2005-10-25 00:00:00,30.1,-76.0,110,955,,2005,97,634.1370038327937,,,,,
2005289N18282,WILMA,2005-10-25 03:00:00,31.6,-74.1, , ,,2005,97,879.7407101403753,,,,,
2005289N18282,WILMA,2005-10-25 06:00:00,33.3,-72.0,100,963,,2005,97,1152.698783554785,,,,,
2005289N18282,WILMA,2005-10-25 09:00:00,35.0,-70.0, , ,,2005,97,1416.4048152455523,,,,,
2005289N18282,WILMA,2005-10-25 12:00:00,36.8,-67.9,90,970,,2005,97,1691.3433804970396,,,,,
2005289N18282,WILMA,2005-10-25 15:00:00,38.8,-65.7, , ,,2005,97,1984.2920648088905,,,,,
2005289N18282,WILMA,2005-10-25 18:00:00,40.5,-63.5,75,976,,2005,97,2250.770117120668,,,,,
2005289N18282,WILMA,2005-10-25 21:00:00,41.7,-61.6, , ,,2005,97,2458.458210162191,,,,,
2005289N18282,WILMA,2005-10-26 00:00:00,42.5,-60.0,60,978,,2005,97,2616.8751541328147,,,,,
2005289N18282,WILMA,2005-10-26 03:00:00,43.3,-58.7, , ,,2005,97,2755.118161488097,,,,,
2005289N18282,WILMA,2005-10-26 06:00:00,44.0,-57.5,55,982,,2005,97,2879.1054909606137,,,,,
2005289N18282,WILMA,2005-10-26 09:00:00,44.6,-56.3, , ,,2005,97,2995.5342139657496,,,,,
2005289N18282,WILMA,2005-10-26 12:00:00,45.0,-55.0,50,986,,2005,97,3104.777656192886,,,,,
2005289N18282,WILMA,2005-10-26 15:00:00,45.3,-53.6, , ,,2005,97,3214.2898185247186,,,,,
2005289N18282,WILMA,2005-10-26 18:00:00,45.5,-52.0,40,990,,2005,97,3331.5689177081063,,,,,
2006237N13298,ERNESTO,2006-08-24 18:00:00,12.7,-61.6,30,1008,,2006,57,2427.61314847442,,,,,
2006237N13298,ERNESTO,2006-08-24 21:00:00,12.9,-62.3, , ,,2006,57,2355.0278373628207,,,,,
2006237N13298,ERNESTO,2006-08-25 00:00:00,13.0,-63.0,30,1007,,2006,57,2290.065241185458,,,,,
2006237N13298,ERNESTO,2006-08-25 03:00:00,13.1,-63.7, , ,,2006,57,2225.720823411462,,,,,
2006237N13298,ERNESTO,2006-08-25 06:00:00,13.3,-64.4,30,1005,,2006,57,2154.537694137871,,,,,
2006237N13298,ERNESTO,2006-08-25 09:00:00,13.5,-65.1, , ,,2006,57,2083.8388974941568,,,,,
2006237N13298,ERNESTO,2006-08-25 12:00:00,13.7,-65.8,35,1005,,2006,57,2013.6689173678624,,,,,
2006237N13298,ERNESTO,2006-08-25 15:00:00,13.9,-66.5, , ,,2006,57,1944.078106159157,,,,,
2006237N13298,ERNESTO,2006-08-25 18:00:00,14.0,-67.1,35,1004,,2006,57,1890.6155023338429,,,,,
2006237N13298,ERNESTO,2006-08-25 21:00:00,14.1,-67.7, , ,,2006,57,1837.8408703222003,,,,,
2006237N13298,ERNESTO,2006-08-26 00:00:00,14.3,-68.3,40,1002,,2006,57,1777.5812571642523,,,,,
2006237N13298,ERNESTO,2006-08-26 03:00:00,14.4,-68.9, , ,,2006,57,1726.214334367137,,,,,
2006237N13298,ERNESTO,2006-08-26 06:00:00,14.6,-69.5,45,999,,2006,57,1667.218231951077,,,,,
2006237N13298,ERNESTO,2006-08-26 09:00:00,14.8,-70.0, , ,,2006,57,1615.692786291313,,,,,
2006237N13298,ERNESTO,2006-08-26 12:00:00,15.1,-70.4,50,997,,2006,57,1562.6669382662622,,,,,
2006237N13298,ERNESTO,2006-08-26 15:00:00,15.4,-70.8, , ,,2006,57,1509.751662149375,,,,,
2006237N13298,ERNESTO,2006-08-26 18:00:00,15.7,-71.2,55,997,,2006,57,1456.9543588512756,,,,,
2006237N13298,ERNESTO,2006-08-26 21:00:00,16.0,-71.6, , ,,2006,57,1404.283385130645,,,,,
2006237N13298,ERNESTO,2006-08-27 00:00:00,16.3,-72.0,55,995,,2006,57,1351.748232540791,,,,,
2006237N13298,ERNESTO,2006-08-27 03:00:00,16.6,-72.4, , ,,2006,57,1299.3597476512225,,,,,
2006237N13298,ERNESTO,2006-08-27 06:00:00,16.9,-72.7,65,992,,2006,57,1253.4948818650523,,,,,
2006237N13298,ERNESTO,2006-08-27 09:00:00,17.2,-73.1, , ,,2006,57,1201.3473708559784,,,,,
2006237N13298,ERNESTO,2006-08-27 12:00:00,17.4,-73.4,55,997,,2006,57,1164.607043686173,,,,,
2006237N13298,ERNESTO,2006-08-27 15:00:00,17.6,-73.7, , ,,2006,57,1128.005603827225,,,,,
2006237N13298,ERNESTO,2006-08-27 18:00:00,17.8,-74.0,45,1002,,2006,57,1091.5541852252052,,,,,
2006237N13298,ERNESTO,2006-08-27 21:00:00,18.0,-74.3, , ,,2006,57,1055.2653555806164,,,,,
2006237N13298,ERNESTO,2006-08-28 00:00:00,18.3,-74.6,40,1003,,2006,57,1009.891999026142,,,,,
2006237N13298,ERNESTO,2006-08-28 03:00:00,18.7,-74.9, , ,,2006,57,955.3339269383392,,,,,
2006237N13298,ERNESTO,2006-08-28 06:00:00,19.1,-75.2,40,1004,,2006,57,900.8172380488102,,,,,
2006237N13298,ERNESTO,2006-08-28 09:00:00,19.6,-75.3, , ,,2006,57,849.0697197533003,,,,,
2006237N13298,ERNESTO,2006-08-28 11:15:00,19.9,-75.5,35,1005,,2006,57,809.7542451558703,,,,,
2006237N13298,ERNESTO,2006-08-28 12:00:00,20.0,-75.6,35,1005,,2006,57,794.632916888994,,,,,
2006237N13298,ERNESTO,2006-08-28 15:00:00,20.4,-76.0, , ,,2006,57,734.2297487749121,,,,,
2006237N13298,ERNESTO,2006-08-28 18:00:00,20.8,-76.4,35,1007,,2006,57,673.9708537351939,,,,,
2006237N13298,ERNESTO,2006-08-28 21:00:00,21.2,-76.9, , ,,2006,57,608.1949361266551,,,,,
2006237N13298,ERNESTO,2006-08-29 00:00:00,21.6,-77.4,35,1007,,2006,57,543.0575201865256,,,,,
2006237N13298,ERNESTO,2006-08-29 03:00:00,22.0,-78.0, , ,,2006,57,473.91306663096367,,,,,
2006237N13298,ERNESTO,2006-08-29 06:00:00,22.4,-78.5,40,1006,,2006,57,411.3548111052132,,,,,
2006237N13298,ERNESTO,2006-08-29 09:00:00,22.8,-78.9, , ,,2006,57,354.39155383565526,,,,,
2006237N13298,ERNESTO,2006-08-29 12:00:00,23.2,-79.3,40,1006,,2006,57,298.79930730850253,,,,,
2006237N13298,ERNESTO,2006-08-29 15:00:00,23.5,-79.6, , ,,2006,57,258.50414252677166,,,,,
2006237N13298,ERNESTO,2006-08-29 18:00:00,23.9,-79.9,40,1005,,2006,57,209.0951997103036,,,,,
2006237N13298,ERNESTO,2006-08-29 21:00:00,24.3,-80.2, , ,,2006,57,162.53572377621978,,,,,
2006237N13298,ERNESTO,2006-08-30 00:00:00,24.7,-80.4,40,1004,,2006,57,119.89866466965688,,,,,
2006237N13298,ERNESTO,2006-08-30 03:00:00,24.9,-80.6,40,1003,,2006,57,104.22995417583414,,,,,
2006237N13298,ERNESTO,2006-08-30 05:00:00,25.2,-80.7,40,1003,,2006,57,80.64284368595573,,,,,
2006237N13298,ERNESTO,2006-08-30 06:00:00,25.3,-80.8,40,1003,,2006,57,79.74757746023728,,,,,
2006237N13298,ERNESTO,2006-08-30 09:00:00,25.7,-81.0, , ,,2006,57,81.24681501006549,,,,,
2006237N13298,ERNESTO,2006-08-30 12:00:00,26.1,-81.0,35,1002,,2006,57,89.14532335688355,,,,,
2006237N13298,ERNESTO,2006-08-30 15:00:00,26.5,-81.0, , ,,2006,57,115.10473188630505,,,,,
2006237N13298,ERNESTO,2006-08-30 18:00:00,27.0,-80.9,35,1001,,2006,57,154.71219773199996,,,,,
2006237N13298,ERNESTO,2006-08-30 21:00:00,27.5,-80.8, , ,,2006,57,202.52232737817891,,,,,
2006237N13298,ERNESTO,2006-08-31 00:00:00,28.1,-80.7,35,1000,,2006,57,264.8420507231791,,,,,
2006237N13298,ERNESTO,2006-08-31 03:00:00,28.7,-80.6, , ,,2006,57,329.20636664754113,,,,,
2006237N13298,ERNESTO,2006-08-31 06:00:00,29.4,-80.4,45,999,,2006,57,405.0802487630817,,,,,
2006237N13298,ERNESTO,2006-08-31 09:00:00,30.0,-80.2, , ,,2006,57,471.2781461769441,,,,,
2006237N13298,ERNESTO,2006-08-31 12:00:00,30.6,-79.9,55,995,,2006,57,538.7532570072746,,,,,
2006237N13298,ERNESTO,2006-08-31 15:00:00,31.2,-79.6, , ,,2006,57,607.4674520915459,,,,,
2006237N13298,ERNESTO,2006-08-31 18:00:00,31.9,-79.2,60,993,,2006,57,689.3391993583923,,,,,
2006237N13298,ERNESTO,2006-08-31 21:00:00,32.6,-78.8, , ,,2006,57,772.2689622134644,,,,,
2006237N13298,ERNESTO,2006-09-01 00:00:00,33.2,-78.4,60,988,,2006,57,845.0414262452693,,,,,
2006237N13298,ERNESTO,2006-09-01 03:00:00,33.8,-78.1, , ,,2006,57,916.259893134514,,,,,
2006237N13298,ERNESTO,2006-09-01 03:40:00,33.9,-78.1,60,985,,2006,57,927.086432821799,,,,,
2006237N13298,ERNESTO,2006-09-01 06:00:00,34.5,-78.0,50,985,,2006,57,994.1674169243246,,,,,
2006237N13298,ERNESTO,2006-09-01 09:00:00,35.2,-77.8, , ,,2006,57,1074.1135215383338,,,,,
2006237N13298,ERNESTO,2006-09-01 12:00:00,35.8,-77.6,30,991,,2006,57,1143.1963012590256,,,,,
2006237N13298,ERNESTO,2006-09-01 15:00:00,36.3,-77.4, , ,,2006,57,1201.4440102295175,,,,,
2006237N13298,ERNESTO,2006-09-01 18:00:00,36.6,-77.2,40,997,,2006,57,1238.1084739741525,,,,,
2006237N13298,ERNESTO,2006-09-01 21:00:00,36.9,-77.1, , ,,2006,57,1272.6326733521305,,,,,
2006237N13298,ERNESTO,2006-09-02 00:00:00,37.1,-77.0,40,1002,,2006,57,1296.3743717619552,,,,,
2006237N13298,ERNESTO,2006-09-02 03:00:00,37.3,-76.9, , ,,2006,57,1320.1206831567013,,,,,
2006237N13298,ERNESTO,2006-09-02 06:00:00,37.6,-76.8,40,1005,,2006,57,1354.6271269463048,,,,,
2006237N13298,ERNESTO,2006-09-02 09:00:00,37.9,-76.7, , ,,2006,57,1389.124717605321,,,,,
2006237N13298,ERNESTO,2006-09-02 12:00:00,38.2,-76.7,40,1007,,2006,57,1421.4176629225526,,,,,
2006237N13298,ERNESTO,2006-09-02 15:00:00,38.5,-76.7, , ,,2006,57,1453.757945093632,,,,,
2006237N13298,ERNESTO,2006-09-02 18:00:00,38.9,-76.7,40,1010,,2006,57,1496.9466518280735,,,,,
2006237N13298,ERNESTO,2006-09-02 21:00:00,39.3,-76.7, , ,,2006,57,1540.2074265218698,,,,,
2006237N13298,ERNESTO,2006-09-03 00:00:00,39.9,-76.7,35,1012,,2006,57,1605.22096385662,,,,,
2006237N13298,ERNESTO,2006-09-03 03:00:00,40.5,-76.9, , ,,2006,57,1666.8861290220798,,,,,
2006237N13298,ERNESTO,2006-09-03 06:00:00,41.3,-77.1,25,1014,,2006,57,1751.0499169400423,,,,,
2006237N13298,ERNESTO,2006-09-03 09:00:00,42.2,-77.4, , ,,2006,57,1845.5995398543832,,,,,
2006237N13298,ERNESTO,2006-09-03 12:00:00,43.1,-77.5,20,1014,,2006,57,1943.3826691042295,,,,,
2006237N13298,ERNESTO,2006-09-03 15:00:00,43.9,-77.4, , ,,2006,57,2032.5902230678512,,,,,
2006237N13298,ERNESTO,2006-09-03 18:00:00,44.5,-77.0,20,1015,,2006,57,2103.2764447290433,,,,,
2006237N13298,ERNESTO,2006-09-03 21:00:00,45.1,-76.5, , ,,2006,57,2175.5590887470794,,,,,
2006237N13298,ERNESTO,2006-09-04 00:00:00,45.6,-75.8,20,1015,,2006,57,2240.39442806599,,,,,
2006237N13298,ERNESTO,2006-09-04 03:00:00,46.1,-75.1, , ,,2006,57,2306.265043302985,,,,,
2006237N13298,ERNESTO,2006-09-04 06:00:00,46.5,-74.4,20,1014,,2006,57,2362.2772024259925,,,,,
2008229N18293,FAY,2008-08-15 12:00:00,18.4,-67.4,30,1011,,2008,54,1550.082313734657,,,,,
2008229N18293,FAY,2008-08-15 14:30:00,18.5,-68.4,35,1009,,2008,54,1457.230668170708,,,,,
2008229N18293,FAY,2008-08-15 15:00:00,18.5,-68.5, , ,,2008,54,1448.6825187475206,,,,,
2008229N18293,FAY,2008-08-15 18:00:00,18.5,-68.8,35,1009,,2008,54,1423.1750883168963,,,,,
2008229N18293,FAY,2008-08-15 21:00:00,18.5,-69.4, , ,,2008,54,1372.8152178428743,,,,,
2008229N18293,FAY,2008-08-16 00:00:00,18.6,-70.2,40,1008,,2008,54,1300.0686314427387,,,,,
2008229N18293,FAY,2008-08-16 03:00:00,18.6,-70.8, , ,,2008,54,1251.8787427083855,,,,,
2008229N18293,FAY,2008-08-16 06:00:00,18.7,-71.4,40,1008,,2008,54,1197.3714285648723,,,,,
2008229N18293,FAY,2008-08-16 09:00:00,18.8,-72.0, , ,,2008,54,1143.761687430657,,,,,
2008229N18293,FAY,2008-08-16 11:45:00,18.8,-72.8,40,1007,,2008,54,1084.6696714498016,,,,,
2008229N18293,FAY,2008-08-16 12:00:00,18.8,-72.9,40,1007,,2008,54,1077.496088044677,,,,,
2008229N18293,FAY,2008-08-16 15:00:00,18.9,-73.9, , ,,2008,54,1000.0670452728532,,,,,
2008229N18293,FAY,2008-08-16 18:00:00,19.1,-74.6,40,1007,,2008,54,937.2445878066468,,,,,
2008229N18293,FAY,2008-08-16 21:00:00,19.2,-75.2, , ,,2008,54,891.5968367813307,,,,,
2008229N18293,FAY,2008-08-17 00:00:00,19.3,-75.7,45,1005,,2008,54,853.6586310847924,,,,,
2008229N18293,FAY,2008-08-17 03:00:00,19.4,-76.3, , ,,2008,54,812.2803539666822,,,,,
2008229N18293,FAY,2008-08-17 06:00:00,19.6,-76.9,45,1004,,2008,54,763.7514144947511,,,,,
2008229N18293,FAY,2008-08-17 09:00:00,19.9,-77.4,45,1003,,2008,54,711.7447640477519,,,,,
2008229N18293,FAY,2008-08-17 12:00:00,20.0,-78.1,45,1003,,2008,54,675.5167226152474,,,,,
2008229N18293,FAY,2008-08-17 15:00:00,20.3,-78.9, , ,,2008,54,621.5173579957153,,,,,
2008229N18293,FAY,2008-08-17 18:00:00,20.7,-79.6,45,1006,,2008,54,566.071152809669,,,,,
2008229N18293,FAY,2008-08-17 21:00:00,20.9,-80.0, , ,,2008,54,540.9506343085536,,,,,
2008229N18293,FAY,2008-08-18 00:00:00,21.1,-80.3,45,1001,,2008,54,518.4748229746342,,,,,
2008229N18293,FAY,2008-08-18 03:00:00,21.4,-80.6, , ,,2008,54,486.7783407580536,,,,,
2008229N18293,FAY,2008-08-18 06:00:00,21.9,-80.8,45,1003,,2008,54,433.8321294918672,,,,,
2008229N18293,FAY,2008-08-18 07:00:00,22.1,-80.8,45,1003,,2008,54,411.82557216055255,,,,,
2008229N18293,FAY,2008-08-18 09:00:00,22.5,-80.9, , ,,2008,54,369.7331839666329,,,,,
2008229N18293,FAY,2008-08-18 12:00:00,23.2,-81.2,50,1002,,2008,54,302.5645800646641,,,,,
2008229N18293,FAY,2008-08-18 15:00:00,23.8,-81.5, , ,,2008,54,254.99184463130263,,,,,
2008229N18293,FAY,2008-08-18 18:00:00,24.3,-81.7,50,1000,,2008,54,222.49654629618416,,,,,
2008229N18293,FAY,2008-08-18 20:30:00,24.5,-81.8,50,998,,2008,54,214.22166550436148,,,,,
2008229N18293,FAY,2008-08-18 21:00:00,24.6,-81.8, , ,,2008,54,207.05879720896849,,,,,
2008229N18293,FAY,2008-08-19 00:00:00,25.0,-81.9,50,997,,2008,54,191.3696339033383,,,,,
2008229N18293,FAY,2008-08-19 03:00:00,25.2,-81.9, , ,,2008,54,182.4862710582358,,,,,
2008229N18293,FAY,2008-08-19 06:00:00,25.5,-81.8,55,994,,2008,54,163.8312158977323,,,,,
2008229N18293,FAY,2008-08-19 08:45:00,25.9,-81.6,55,991,,2008,54,141.7751964286338,,,,,
2008229N18293,FAY,2008-08-19 09:00:00,25.9,-81.6, , ,,2008,54,141.7751964286338,,,,,
2008229N18293,FAY,2008-08-19 12:00:00,26.4,-81.4,55,988,,2008,54,139.99089049481356,,,,,
2008229N18293,FAY,2008-08-19 15:00:00,26.7,-81.2, , ,,2008,54,144.90654231797964,,,,,
2008229N18293,FAY,2008-08-19 18:00:00,27.0,-81.1,60,986,,2008,54,164.75311538762358,,,,,
2008229N18293,FAY,2008-08-19 21:00:00,27.3,-81.0, , ,,2008,54,189.00428883898823,,,,,
2008229N18293,FAY,2008-08-20 00:00:00,27.5,-80.9,55,988,,2008,54,205.70786576575088,,,,,
2008229N18293,FAY,2008-08-20 03:00:00,27.8,-80.7, , ,,2008,54,232.19411705174656,,,,,
2008229N18293,FAY,2008-08-20 06:00:00,28.0,-80.6,50,992,,2008,54,252.15814915358263,,,,,
2008229N18293,FAY,2008-08-20 09:00:00,28.2,-80.6, , ,,2008,54,274.12651544094945,,,,,
2008229N18293,FAY,2008-08-20 12:00:00,28.4,-80.6,45,994,,2008,54,296.1352598120843,,,,,
2008229N18293,FAY,2008-08-20 15:00:00,28.6,-80.6, , ,,2008,54,318.176003324262,,,,,
2008229N18293,FAY,2008-08-20 18:00:00,28.7,-80.6,45,997,,2008,54,329.20636664754113,,,,,
2008229N18293,FAY,2008-08-20 21:00:00,28.8,-80.5, , ,,2008,54,339.21318471195275,,,,,
2008229N18293,FAY,2008-08-21 00:00:00,28.9,-80.5,50,993,,2008,54,350.28797200104384,,,,,
2008229N18293,FAY,2008-08-21 03:00:00,29.0,-80.6, , ,,2008,54,362.33012172967904,,,,,
2008229N18293,FAY,2008-08-21 06:00:00,29.1,-80.7,50,993,,2008,54,374.5734298438647,,,,,
2008229N18293,FAY,2008-08-21 09:00:00,29.2,-80.7, , ,,2008,54,385.5926528378836,,,,,
2008229N18293,FAY,2008-08-21 12:00:00,29.2,-80.7,50,993,,2008,54,385.5926528378836,,,,,
2008229N18293,FAY,2008-08-21 15:00:00,29.3,-80.8, , ,,2008,54,397.98268803132726,,,,,
2008229N18293,FAY,2008-08-21 18:00:00,29.3,-81.0,55,993,,2008,54,401.4260142044335,,,,,
2008229N18293,FAY,2008-08-21 19:00:00,29.3,-81.1,55,993,,2008,54,403.4980328180187,,,,,
2008229N18293,FAY,2008-08-21 21:00:00,29.3,-81.2, , ,,2008,54,405.7989840531351,,,,,
2008229N18293,FAY,2008-08-22 00:00:00,29.3,-81.2,50,994,,2008,54,405.7989840531351,,,,,
2008229N18293,FAY,2008-08-22 03:00:00,29.4,-81.5, , ,,2008,54,424.59738331312934,,,,,
2008229N18293,FAY,2008-08-22 06:00:00,29.5,-81.9,50,995,,2008,54,448.43011048572686,,,,,
2008229N18293,FAY,2008-08-22 09:00:00,29.5,-82.2, , ,,2008,54,460.3285514367877,,,,,
2008229N18293,FAY,2008-08-22 12:00:00,29.6,-82.4,45,996,,2008,54,478.96100592009935,,,,,
2008229N18293,FAY,2008-08-22 15:00:00,29.7,-82.7, , ,,2008,54,502.6625897318693,,,,,
2008229N18293,FAY,2008-08-22 18:00:00,29.8,-83.0,40,997,,2008,54,527.1594600653591,,,,,
2008229N18293,FAY,2008-08-22 21:00:00,29.8,-83.4, , ,,2008,54,548.7881594572312,,,,,
2008229N18293,FAY,2008-08-23 00:00:00,29.7,-83.8,45,996,,2008,54,563.7299807289467,,,,,
2008229N18293,FAY,2008-08-23 03:00:00,29.8,-84.4, , ,,2008,54,610.6397201432617,,,,,
2008229N18293,FAY,2008-08-23 06:00:00,29.8,-84.7,45,997,,2008,54,631.0025938410032,,,,,
2008229N18293,FAY,2008-08-23 06:15:00,29.8,-84.7,45,997,,2008,54,631.0025938410032,,,,,
2008229N18293,FAY,2008-08-23 09:00:00,29.8,-84.9, , ,,2008,54,644.9700209194187,,,,,
2008229N18293,FAY,2008-08-23 12:00:00,30.0,-85.2,40,998,,2008,54,681.2999718864289,,,,,
2008229N18293,FAY,2008-08-23 15:00:00,30.2,-85.5, , ,,2008,54,717.6099506520039,,,,,
2008229N18293,FAY,2008-08-23 18:00:00,30.5,-85.9,40,999,,2008,54,768.4544210504273,,,,,
2008229N18293,FAY,2008-08-23 21:00:00,30.7,-86.3, , ,,2008,54,811.8682418613214,,,,,
2008229N18293,FAY,2008-08-24 00:00:00,30.8,-86.7,30,999,,2008,54,848.1875419067152,,,,,
2008229N18293,FAY,2008-08-24 03:00:00,30.9,-87.2, , ,,2008,54,892.31692824083,,,,,
2008229N18293,FAY,2008-08-24 06:00:00,31.1,-87.7,30,999,,2008,54,943.644814500288,,,,,
2008229N18293,FAY,2008-08-24 09:00:00,31.5,-88.0, , ,,2008,54,993.3558288704996,,,,,
2008229N18293,FAY,2008-08-24 12:00:00,31.8,-88.4,30,1000,,2008,54,1043.7288775776733,,,,,
2008229N18293,FAY,2008-08-24 15:00:00,31.7,-89.1, , ,,2008,54,1090.3361579609634,,,,,
2008229N18293,FAY,2008-08-24 18:00:00,31.5,-89.7,30,1001,,2008,54,1125.3769554348205,,,,,
2008229N18293,FAY,2008-08-24 21:00:00,31.4,-90.0, , ,,2008,54,1143.846127799022,,,,,
2008229N18293,FAY,2008-08-25 00:00:00,31.3,-90.0,30,1001,,2008,54,1138.195187187673,,,,,
2008229N18293,FAY,2008-08-25 03:00:00,31.3,-90.0, , ,,2008,54,1138.195187187673,,,,,
2008229N18293,FAY,2008-08-25 06:00:00,31.5,-89.9,30,1002,,2008,54,1141.483607830431,,,,,
2008229N18293,FAY,2008-08-25 09:00:00,31.7,-89.7, , ,,2008,54,1137.366796397485,,,,,
2008229N18293,FAY,2008-08-25 12:00:00,32.0,-89.4,25,1002,,2008,54,1132.7249121254442,,,,,
2008229N18293,FAY,2008-08-25 15:00:00,32.2,-89.2, , ,,2008,54,1130.6599730187545,,,,,
2008229N18293,FAY,2008-08-25 18:00:00,32.4,-89.0,25,1002,,2008,54,1129.4223721958174,,,,,
2008229N18293,FAY,2008-08-25 21:00:00,32.5,-88.8, , ,,2008,54,1121.8794327726368,,,,,
2008229N18293,FAY,2008-08-26 00:00:00,32.7,-88.6,20,1002,,2008,54,1122.0664972138914,,,,,
2008229N18293,FAY,2008-08-26 03:00:00,33.0,-88.3, , ,,2008,54,1123.9039372950226,,,,,
2008229N18293,FAY,2008-08-26 06:00:00,33.3,-87.9,20,1003,,2008,54,1121.1600082500788,,,,,
2008229N18293,FAY,2008-08-26 09:00:00,33.6,-87.5, , ,,2008,54,1120.894427005636,,,,,
2008229N18293,FAY,2008-08-26 12:00:00,33.9,-87.2,20,1003,,2008,54,1128.8252567719244,,,,,
2008229N18293,FAY,2008-08-26 15:00:00,34.3,-86.9, , ,,2008,54,1147.5010245299136,,,,,
2008229N18293,FAY,2008-08-26 18:00:00,34.6,-86.5,20,1004,,2008,54,1154.0997155844325,,,,,
2008229N18293,FAY,2008-08-26 21:00:00,34.8,-86.1, , ,,2008,54,1153.4680617467875,,,,,
2008229N18293,FAY,2008-08-27 00:00:00,35.0,-85.8,15,1005,,2008,54,1159.0194544662752,,,,,
2008229N18293,FAY,2008-08-27 03:00:00,35.2,-85.4, , ,,2008,54,1161.6054914026995,,,,,
2008229N18293,FAY,2008-08-27 06:00:00,35.5,-85.1,15,1006,,2008,54,1179.8199830802002,,,,,
2008229N18293,FAY,2008-08-27 09:00:00,35.8,-84.8, , ,,2008,54,1199.4443693168032,,,,,
2008229N18293,FAY,2008-08-27 12:00:00,36.1,-84.4,15,1007,,2008,54,1217.2446772156222,,,,,
2008229N18293,FAY,2008-08-27 15:00:00,36.5,-84.0, , ,,2008,54,1247.5204531609998,,,,,
2008229N18293,FAY,2008-08-27 18:00:00,36.9,-83.6,15,1008,,2008,54,1279.8518386593455,,,,,
2008229N18293,FAY,2008-08-27 21:00:00,37.2,-83.4, , ,,2008,54,1307.507334928525,,,,,
2008229N18293,FAY,2008-08-28 00:00:00,37.4,-83.2,15,1009,,2008,54,1324.8944974924464,,,,,
2008229N18293,FAY,2008-08-28 03:00:00,37.6,-82.9, , ,,2008,54,1340.8829792116433,,,,,
2008229N18293,FAY,2008-08-28 06:00:00,37.7,-82.6,15,1010,,2008,54,1346.7237363766958,,,,,
2010203N22286,BONNIE,2010-07-22 06:00:00,21.5,-73.8,30,1009,,2010,38,805.0865553179774,,,,,
2010203N22286,BONNIE,2010-07-22 09:00:00,21.6,-74.1, , ,,2010,38,773.7202137280104,,,,,
2010203N22286,BONNIE,2010-07-22 12:00:00,21.7,-74.4,30,1008,,2010,38,742.487223954957,,,,,
2010203N22286,BONNIE,2010-07-22 15:00:00,21.9,-74.6, , ,,2010,38,712.4933411993212,,,,,
2010203N22286,BONNIE,2010-07-22 18:00:00,22.2,-74.9,30,1007,,2010,38,667.6175945590461,,,,,
2010203N22286,BONNIE,2010-07-22 21:00:00,22.7,-75.3, , ,,2010,38,601.5157263515275,,,,,
2010203N22286,BONNIE,2010-07-22 23:15:00,23.0,-75.7,35,1006,,2010,38,548.7944459585011,,,,,
2010203N22286,BONNIE,2010-07-23 00:00:00,23.1,-75.9,35,1006,,2010,38,525.6553244852079,,,,,
2010203N22286,BONNIE,2010-07-23 03:00:00,23.4,-76.7, , ,,2010,38,439.9955320064388,,,,,
2010203N22286,BONNIE,2010-07-23 05:15:00,23.7,-77.5,40,1005,,2010,38,355.59738773212683,,,,,
2010203N22286,BONNIE,2010-07-23 06:00:00,23.8,-77.8,40,1005,,2010,38,325.3863130754137,,,,,
2010203N22286,BONNIE,2010-07-23 09:00:00,24.2,-78.9, , ,,2010,38,217.04048098690748,,,,,
2010203N22286,BONNIE,2010-07-23 12:00:00,24.8,-79.7,35,1006,,2010,38,117.81496022957197,,,,,
2010203N22286,BONNIE,2010-07-23 14:30:00,25.4,-80.2,35,1007,,2010,38,40.227612666629895,,,,,
2010203N22286,BONNIE,2010-07-23 15:00:00,25.5,-80.3, , ,,2010,38,31.055743188951546,,,,,
2010203N22286,BONNIE,2010-07-23 18:00:00,25.8,-81.1,30,1008,,2010,38,91.03487400129283,,,,,
2010203N22286,BONNIE,2010-07-23 21:00:00,26.1,-81.8, , ,,2010,38,165.15969660511195,,,,,
2010203N22286,BONNIE,2010-07-24 00:00:00,26.3,-82.6,30,1010,,2010,38,247.94396534258888,,,,,
2010203N22286,BONNIE,2010-07-24 03:00:00,26.5,-83.5, , ,,2010,38,340.29501904956504,,,,,
2010203N22286,BONNIE,2010-07-24 06:00:00,26.7,-84.4,30,1013,,2010,38,432.49015824631806,,,,,
2010203N22286,BONNIE,2010-07-24 09:00:00,27.1,-85.2, , ,,2010,38,520.3576334273756,,,,,
2010203N22286,BONNIE,2010-07-24 12:00:00,27.5,-85.9,25,1013,,2010,38,599.3265130909863,,,,,
2010203N22286,BONNIE,2010-07-24 15:00:00,27.8,-86.5, , ,,2010,38,665.8406098105254,,,,,
2010203N22286,BONNIE,2010-07-24 18:00:00,28.1,-87.1,25,1013,,2010,38,732.3900908993833,,,,,
2010203N22286,BONNIE,2010-07-24 21:00:00,28.3,-87.7, , ,,2010,38,795.22870943621,,,,,
2010203N22286,BONNIE,2010-07-25 00:00:00,28.6,-88.3,25,1012,,2010,38,861.6228122901446,,,,,
2010203N22286,BONNIE,2010-07-25 03:00:00,28.9,-88.9, , ,,2010,38,927.9611580118864,,,,,
2010203N22286,BONNIE,2010-07-25 06:00:00,29.2,-89.5,25,1012,,2010,38,994.2212724276671,,,,,
2010203N22286,BONNIE,2010-07-25 09:00:00,29.5,-90.1, , ,,2010,38,1060.38579846757,,,,,
2010203N22286,BONNIE,2010-07-25 12:00:00,29.8,-90.5,20,1012,,2010,38,1108.4470286726753,,,,,
2010203N22286,BONNIE,2010-07-25 15:00:00,30.0,-90.8, , ,,2010,38,1143.5200920877178,,,,,
2010203N22286,BONNIE,2010-07-25 18:00:00,30.1,-91.0,15,1014,,2010,38,1165.522529104216,,,,,
2010271N19276,NICOLE,2010-09-28 00:00:00,19.4,-84.1,25,1003,,2010,65,813.1085723673818,,,,,
2010271N19276,NICOLE,2010-09-28 03:00:00,19.6,-83.8, , ,,2010,65,778.6270877558042,,,,,
2010271N19276,NICOLE,2010-09-28 06:00:00,19.8,-83.5,30,1003,,2010,65,744.524291046196,,,,,
2010271N19276,NICOLE,2010-09-28 09:00:00,20.1,-83.2, , ,,2010,65,700.797423623043,,,,,
2010271N19276,NICOLE,2010-09-28 12:00:00,20.4,-83.0,35,1001,,2010,65,661.7182545865237,,,,,
2010271N19276,NICOLE,2010-09-28 15:00:00,20.7,-82.8, , ,,2010,65,622.6835386828834,,,,,
2010271N19276,NICOLE,2010-09-28 18:00:00,21.0,-82.7,40,999,,2010,65,588.0647795980371,,,,,
2010271N19276,NICOLE,2010-09-28 21:00:00,21.2,-82.5, , ,,2010,65,559.1597869197087,,,,,
2010271N19276,NICOLE,2010-09-29 00:00:00,21.4,-82.2,35,997,,2010,65,526.3793345724656,,,,,
2010271N19276,NICOLE,2010-09-29 03:00:00,21.6,-81.9, , ,,2010,65,494.35188400957,,,,,
2010271N19276,NICOLE,2010-09-29 06:00:00,21.7,-81.6,35,996,,2010,65,473.8280907957247,,,,,
2010271N19276,NICOLE,2010-09-29 09:00:00,21.8,-81.3, , ,,2010,65,454.7155737438811,,,,,
2010271N19276,NICOLE,2010-09-29 12:00:00,21.9,-81.0,40,995,,2010,65,437.1948373444763,,,,,
2010271N19276,NICOLE,2010-09-29 15:00:00,22.2,-80.5,40,995,,2010,65,397.2782136383199,,,,,
2010271N19276,NICOLE,2010-09-29 18:00:00,23.3,-80.1,40,994,,2010,65,273.88598700549454,,,,,
2010271N19276,NICOLE,2010-09-29 21:00:00,24.1,-79.8, , ,,2010,65,188.94841527250512,,,,,
2010271N19276,NICOLE,2010-09-30 00:00:00,24.7,-79.6,40,994,,2010,65,132.21365013150125,,,,,
2010271N19276,NICOLE,2010-09-30 03:00:00,25.4,-79.3, , ,,2010,65,98.06943877032958,,,,,
2010271N19276,NICOLE,2010-09-30 06:00:00,26.1,-79.0,40,995,,2010,65,124.9751492085668,,,,,
2010271N19276,NICOLE,2010-09-30 09:00:00,26.8,-78.7, , ,,2010,65,188.28207735849247,,,,,
2010271N19276,NICOLE,2010-09-30 12:00:00,27.4,-78.5,40,996,,2010,65,247.9631594581816,,,,,
2011214N15299,EMILY,2011-08-02 00:00:00,14.9,-61.4,40,1007,,2011,45,2297.2539804494836,,,,,
2011214N15299,EMILY,2011-08-02 03:00:00,15.0,-62.0, , ,,2011,45,2238.0471021847447,,,,,
2011214N15299,EMILY,2011-08-02 06:00:00,15.1,-62.5,40,1007,,2011,45,2187.8457760577585,,,,,
2011214N15299,EMILY,2011-08-02 09:00:00,15.2,-63.0, , ,,2011,45,2137.8313846174847,,,,,
2011214N15299,EMILY,2011-08-02 12:00:00,15.4,-63.6,40,1006,,2011,45,2072.782930482167,,,,,
2011214N15299,EMILY,2011-08-02 15:00:00,15.5,-64.2, , ,,2011,45,2014.6037953610032,,,,,
2011214N15299,EMILY,2011-08-02 18:00:00,15.7,-64.8,40,1005,,2011,45,1950.0054662221291,,,,,
2011214N15299,EMILY,2011-08-02 21:00:00,15.8,-65.5, , ,,2011,45,1884.090853378539,,,,,
2011214N15299,EMILY,2011-08-03 00:00:00,16.0,-66.2,45,1004,,2011,45,1811.784746752144,,,,,
2011214N15299,EMILY,2011-08-03 03:00:00,16.1,-67.0, , ,,2011,45,1738.905993691247,,,,,
2011214N15299,EMILY,2011-08-03 06:00:00,16.3,-67.7,45,1003,,2011,45,1667.7592806740056,,,,,
2011214N15299,EMILY,2011-08-03 09:00:00,16.5,-68.4, , ,,2011,45,1597.1761631277634,,,,,
2011214N15299,EMILY,2011-08-03 12:00:00,16.6,-69.1,45,1003,,2011,45,1534.8481802621131,,,,,
2011214N15299,EMILY,2011-08-03 15:00:00,16.7,-69.8, , ,,2011,45,1473.5917249720894,,,,,
2011214N15299,EMILY,2011-08-03 18:00:00,16.8,-70.3,45,1003,,2011,45,1428.2833972736537,,,,,
2011214N15299,EMILY,2011-08-03 21:00:00,16.9,-70.5, , ,,2011,45,1405.5020979406308,,,,,
2011214N15299,EMILY,2011-08-04 00:00:00,16.9,-70.7,45,1003,,2011,45,1390.834276898674,,,,,
2011214N15299,EMILY,2011-08-04 03:00:00,16.9,-71.0, , ,,2011,45,1369.1228492197142,,,,,
2011214N15299,EMILY,2011-08-04 06:00:00,16.9,-71.3,45,1004,,2011,45,1347.7748041125735,,,,,
2011214N15299,EMILY,2011-08-04 09:00:00,17.1,-71.7, , ,,2011,45,1303.0191710138174,,,,,
2011214N15299,EMILY,2011-08-04 12:00:00,17.3,-72.2,45,1006,,2011,45,1251.6571919287878,,,,,
2011214N15299,EMILY,2011-08-04 15:00:00,17.6,-72.8, , ,,2011,45,1185.5074362758169,,,,,
2011214N15299,EMILY,2011-08-04 18:00:00,17.9,-73.4,30,1009,,2011,45,1120.02070438983,,,,,
2011214N15299,EMILY,2011-08-04 21:00:00,18.3,-74.0, , ,,2011,45,1046.33755162994,,,,,
2011214N15299,EMILY,2011-08-05 00:00:00,18.8,-74.6,25,1010,,2011,45,964.1695847159544,,,,,
2011214N15299,EMILY,2011-08-05 03:00:00,19.3,-75.1, , ,,2011,45,888.4159331756924,,,,,
2011214N15299,EMILY,2011-08-05 06:00:00,19.8,-75.5,25,1011,,2011,45,818.828569160255,,,,,
2011214N15299,EMILY,2011-08-05 09:00:00,20.4,-75.9, , ,,2011,45,740.242774757937,,,,,
2011214N15299,EMILY,2011-08-05 12:00:00,21.0,-76.3,25,1011,,2011,45,661.7957434455724,,,,,
2011214N15299,EMILY,2011-08-05 15:00:00,21.7,-76.6, , ,,2011,45,581.0003973705033,,,,,
2011214N15299,EMILY,2011-08-05 18:00:00,22.4,-76.9,25,1012,,2011,45,501.3448252376888,,,,,
2011214N15299,EMILY,2011-08-05 21:00:00,23.0,-77.2, , ,,2011,45,431.37297921918776,,,,,
2011214N15299,EMILY,2011-08-06 00:00:00,23.6,-77.4,25,1012,,2011,45,370.5752361930167,,,,,
2011214N15299,EMILY,2011-08-06 03:00:00,24.1,-77.7, , ,,2011,45,311.86832977510363,,,,,
2011214N15299,EMILY,2011-08-06 06:00:00,24.6,-77.9,25,1012,,2011,45,264.3239274704079,,,,,
2011214N15299,EMILY,2011-08-06 09:00:00,25.1,-78.0, , ,,2011,45,232.07007964664388,,,,,
2011214N15299,EMILY,2011-08-06 12:00:00,25.6,-78.1,25,1011,,2011,45,210.38941973792492,,,,,
2011214N15299,EMILY,2011-08-06 15:00:00,26.0,-78.2, , ,,2011,45,201.0165764683133,,,,,
2011214N15299,EMILY,2011-08-06 18:00:00,26.4,-78.2,30,1011,,2011,45,211.2051496570777,,,,,
2011214N15299,EMILY,2011-08-06 21:00:00,26.8,-78.2, , ,,2011,45,229.70166173587415,,,,,
2011214N15299,EMILY,2011-08-07 00:00:00,27.2,-78.1,35,1010,,2011,45,262.52245467313503,,,,,
2011214N15299,EMILY,2011-08-07 03:00:00,27.8,-77.8, , ,,2011,45,328.2221878949217,,,,,
2011214N15299,EMILY,2011-08-07 06:00:00,28.4,-77.4,35,1009,,2011,45,403.0296014033856,,,,,
2011214N15299,EMILY,2011-08-07 09:00:00,29.1,-77.0, , ,,2011,45,486.79047286089354,,,,,
2011214N15299,EMILY,2011-08-07 12:00:00,29.7,-76.4,30,1009,,2011,45,575.2750703944522,,,,,
2011214N15299,EMILY,2011-08-07 15:00:00,30.2,-75.7, , ,,2011,45,661.7465167011675,,,,,
2011214N15299,EMILY,2011-08-07 18:00:00,30.7,-74.8,30,1009,,2011,45,761.6948955976891,,,,,
2012234N16315,ISAAC,2012-08-20 12:00:00,15.7,-44.8,25,1010,,2012,52,3833.075017175118,,,,,
2012234N16315,ISAAC,2012-08-20 15:00:00,15.7,-45.8, , ,,2012,52,3734.528117186365,,,,,
2012234N16315,ISAAC,2012-08-20 18:00:00,15.6,-46.8,30,1009,,2012,52,3640.637309870771,,,,,
2012234N16315,ISAAC,2012-08-20 21:00:00,15.4,-47.7, , ,,2012,52,3561.4640531111045,,,,,
2012234N16315,ISAAC,2012-08-21 00:00:00,15.2,-48.5,30,1008,,2012,52,3492.595008298877,,,,,
2012234N16315,ISAAC,2012-08-21 03:00:00,15.0,-49.3, , ,,2012,52,3424.257960441131,,,,,
2012234N16315,ISAAC,2012-08-21 06:00:00,14.9,-50.1,30,1007,,2012,52,3351.620099880836,,,,,
2012234N16315,ISAAC,2012-08-21 09:00:00,14.9,-50.9, , ,,2012,52,3274.442666528046,,,,,
2012234N16315,ISAAC,2012-08-21 12:00:00,15.0,-51.6,30,1006,,2012,52,3202.15062503225,,,,,
2012234N16315,ISAAC,2012-08-21 15:00:00,15.1,-52.3, , ,,2012,52,3129.974814178352,,,,,
2012234N16315,ISAAC,2012-08-21 18:00:00,15.2,-53.1,35,1005,,2012,52,3048.3606285740116,,,,,
2012234N16315,ISAAC,2012-08-21 21:00:00,15.3,-53.9, , ,,2012,52,2966.9325363587295,,,,,
2012234N16315,ISAAC,2012-08-22 00:00:00,15.4,-54.8,40,1004,,2012,52,2876.211951333298,,,,,
2012234N16315,ISAAC,2012-08-22 03:00:00,15.5,-55.7, , ,,2012,52,2785.7840435970343,,,,,
2012234N16315,ISAAC,2012-08-22 06:00:00,15.7,-56.6,45,1003,,2012,52,2690.366304438344,,,,,
2012234N16315,ISAAC,2012-08-22 09:00:00,15.8,-57.6, , ,,2012,52,2591.1609029745596,,,,,
2012234N16315,ISAAC,2012-08-22 12:00:00,15.9,-58.6,45,1004,,2012,52,2492.449519819764,,,,,
2012234N16315,ISAAC,2012-08-22 15:00:00,16.0,-59.5, , ,,2012,52,2403.518477496781,,,,,
2012234N16315,ISAAC,2012-08-22 18:00:00,16.1,-60.4,45,1004,,2012,52,2315.059350781481,,,,,
2012234N16315,ISAAC,2012-08-22 21:00:00,16.0,-61.2, , ,,2012,52,2247.926053818678,,,,,
2012234N16315,ISAAC,2012-08-23 00:00:00,15.7,-62.0,45,1004,,2012,52,2194.058548355578,,,,,
2012234N16315,ISAAC,2012-08-23 03:00:00,15.3,-62.7, , ,,2012,52,2157.4573511434883,,,,,
2012234N16315,ISAAC,2012-08-23 06:00:00,15.0,-63.4,45,1004,,2012,52,2116.594719233708,,,,,
2012234N16315,ISAAC,2012-08-23 09:00:00,15.0,-64.2, , ,,2012,52,2048.5830593425862,,,,,
2012234N16315,ISAAC,2012-08-23 12:00:00,15.1,-65.0,45,1003,,2012,52,1974.652947942771,,,,,
2012234N16315,ISAAC,2012-08-23 15:00:00,15.3,-65.7, , ,,2012,52,1902.62896429199,,,,,
2012234N16315,ISAAC,2012-08-23 18:00:00,15.6,-66.4,45,1003,,2012,52,1823.8155930007697,,,,,
2012234N16315,ISAAC,2012-08-23 21:00:00,15.7,-67.1, , ,,2012,52,1759.9838581529375,,,,,
2012234N16315,ISAAC,2012-08-24 00:00:00,15.7,-67.8,45,1002,,2012,52,1704.5616616797563,,,,,
2012234N16315,ISAAC,2012-08-24 03:00:00,15.5,-68.5, , ,,2012,52,1666.1479365729404,,,,,
2012234N16315,ISAAC,2012-08-24 06:00:00,15.4,-69.1,45,998,,2012,52,1629.4106327647958,,,,,
2012234N16315,ISAAC,2012-08-24 09:00:00,15.5,-69.8, , ,,2012,52,1570.535654050899,,,,,
2012234N16315,ISAAC,2012-08-24 12:00:00,15.7,-70.4,50,995,,2012,52,1511.470260274743,,,,,
2012234N16315,ISAAC,2012-08-24 15:00:00,16.1,-70.9, , ,,2012,52,1442.9193016636518,,,,,
2012234N16315,ISAAC,2012-08-24 18:00:00,16.6,-71.2,55,993,,2012,52,1379.8825055813284,,,,,
2012234N16315,ISAAC,2012-08-24 21:00:00,16.9,-71.5, , ,,2012,52,1333.7533220610965,,,,,
2012234N16315,ISAAC,2012-08-25 00:00:00,17.3,-71.8,55,992,,2012,52,1279.2736794136888,,,,,
2012234N16315,ISAAC,2012-08-25 03:00:00,17.8,-72.2, , ,,2012,52,1209.524302332124,,,,,
2012234N16315,ISAAC,2012-08-25 06:00:00,18.3,-72.7,55,991,,2012,52,1132.853540856257,,,,,
2012234N16315,ISAAC,2012-08-25 09:00:00,19.0,-73.3, , ,,2012,52,1032.6959247722205,,,,,
2012234N16315,ISAAC,2012-08-25 12:00:00,19.6,-73.9,50,997,,2012,52,940.9794193496994,,,,,
2012234N16315,ISAAC,2012-08-25 15:00:00,20.1,-74.5,50,997,,2012,52,857.6848603804222,,,,,
2012234N16315,ISAAC,2012-08-25 18:00:00,20.8,-75.2,50,997,,2012,52,751.051318390988,,,,,
2012234N16315,ISAAC,2012-08-25 21:00:00,21.3,-75.9, , ,,2012,52,661.3705595016087,,,,,
2012234N16315,ISAAC,2012-08-26 00:00:00,21.8,-76.7,50,997,,2012,52,565.87433520725,,,,,
2012234N16315,ISAAC,2012-08-26 03:00:00,22.3,-77.5, , ,,2012,52,472.0801356276785,,,,,
2012234N16315,ISAAC,2012-08-26 06:00:00,22.7,-78.3,55,995,,2012,52,390.75010651541976,,,,,
2012234N16315,ISAAC,2012-08-26 09:00:00,23.1,-79.2, , ,,2012,52,312.5310705165361,,,,,
2012234N16315,ISAAC,2012-08-26 12:00:00,23.4,-80.0,55,995,,2012,52,263.32408557757424,,,,,
2012234N16315,ISAAC,2012-08-26 15:00:00,23.6,-80.7, , ,,2012,52,245.79213587901327,,,,,
2012234N16315,ISAAC,2012-08-26 18:00:00,23.7,-81.4,50,992,,2012,52,259.69779085287604,,,,,
2012234N16315,ISAAC,2012-08-26 21:00:00,23.9,-82.0, , ,,2012,52,275.94478889777855,,,,,
2012234N16315,ISAAC,2012-08-27 00:00:00,24.2,-82.6,50,990,,2012,52,298.43758501304694,,,,,
2012234N16315,ISAAC,2012-08-27 03:00:00,24.6,-83.1, , ,,2012,52,319.874801427044,,,,,
2012234N16315,ISAAC,2012-08-27 06:00:00,25.0,-83.6,50,989,,2012,52,352.7023872157496,,,,,
2012234N16315,ISAAC,2012-08-27 09:00:00,25.4,-84.2, , ,,2012,52,403.99399901474726,,,,,
2012234N16315,ISAAC,2012-08-27 12:00:00,25.7,-84.7,55,987,,2012,52,451.6129674155808,,,,,
2012234N16315,ISAAC,2012-08-27 15:00:00,26.0,-85.2, , ,,2012,52,501.7020069210168,,,,,
2012234N16315,ISAAC,2012-08-27 18:00:00,26.3,-85.7,60,982,,2012,52,553.5535791640353,,,,,
2012234N16315,ISAAC,2012-08-27 21:00:00,26.5,-86.2, , ,,2012,52,605.3293847005835,,,,,
2012234N16315,ISAAC,2012-08-28 00:00:00,26.8,-86.7,60,979,,2012,52,658.9840774485632,,,,,
2012234N16315,ISAAC,2012-08-28 03:00:00,27.1,-87.2, , ,,2012,52,713.3997509724235,,,,,
2012234N16315,ISAAC,2012-08-28 06:00:00,27.4,-87.6,60,978,,2012,52,758.733778624455,,,,,
2012234N16315,ISAAC,2012-08-28 09:00:00,27.7,-88.0, , ,,2012,52,804.6590076767135,,,,,
2012234N16315,ISAAC,2012-08-28 12:00:00,28.0,-88.3,65,975,,2012,52,841.5889947996034,,,,,
2012234N16315,ISAAC,2012-08-28 15:00:00,28.3,-88.6, , ,,2012,52,879.0834138397258,,,,,
2012234N16315,ISAAC,2012-08-28 18:00:00,28.6,-88.8,70,972,,2012,52,907.7897474913052,,,,,
2012234N16315,ISAAC,2012-08-28 21:00:00,28.8,-89.1, , ,,2012,52,942.6196781118122,,,,,
2012234N16315,ISAAC,2012-08-29 00:00:00,28.9,-89.4,70,967,,2012,52,973.8637953031848,,,,,
2012234N16315,ISAAC,2012-08-29 03:00:00,29.0,-89.7,70,965,,2012,52,1005.0797297366216,,,,,
2012234N16315,ISAAC,2012-08-29 06:00:00,29.1,-90.0,70,966,,2012,52,1036.2673200703332,,,,,
2012234N16315,ISAAC,2012-08-29 08:00:00,29.2,-90.2,70,966,,2012,52,1058.23203326387,,,,,
2012234N16315,ISAAC,2012-08-29 09:00:00,29.2,-90.3, , ,,2012,52,1067.4264048414848,,,,,
2012234N16315,ISAAC,2012-08-29 12:00:00,29.4,-90.5,65,968,,2012,52,1092.9853968107384,,,,,
2012234N16315,ISAAC,2012-08-29 15:00:00,29.5,-90.7, , ,,2012,52,1114.9390290171586,,,,,
2012234N16315,ISAAC,2012-08-29 18:00:00,29.7,-90.8,60,973,,2012,52,1131.5682631686,,,,,
2012234N16315,ISAAC,2012-08-29 21:00:00,29.9,-90.9, , ,,2012,52,1148.433075949962,,,,,
2012234N16315,ISAAC,2012-08-30 00:00:00,30.1,-91.1,55,977,,2012,52,1174.4600059374009,,,,,
2012234N16315,ISAAC,2012-08-30 03:00:00,30.3,-91.3, , ,,2012,52,1200.5825533085847,,,,,
2012234N16315,ISAAC,2012-08-30 06:00:00,30.6,-91.5,55,982,,2012,52,1231.1185983254402,,,,,
2012234N16315,ISAAC,2012-08-30 09:00:00,30.9,-91.7, , ,,2012,52,1261.9893167085545,,,,,
2012234N16315,ISAAC,2012-08-30 12:00:00,31.3,-91.9,45,987,,2012,52,1297.8979548568936,,,,,
2012234N16315,ISAAC,2012-08-30 15:00:00,31.7,-92.1, , ,,2012,52,1334.455521694503,,,,,
2012234N16315,ISAAC,2012-08-30 18:00:00,32.1,-92.4,35,993,,2012,52,1379.943541386683,,,,,
2012234N16315,ISAAC,2012-08-30 21:00:00,32.6,-92.6, , ,,2012,52,1422.8856552101593,,,,,
2012234N16315,ISAAC,2012-08-31 00:00:00,33.1,-92.9,30,998,,2012,52,1474.773789680473,,,,,
2012234N16315,ISAAC,2012-08-31 03:00:00,33.7,-93.2, , ,,2012,52,1533.0116795837284,,,,,
2012234N16315,ISAAC,2012-08-31 06:00:00,34.3,-93.5,25,1000,,2012,52,1592.100683293671,,,,,
2012234N16315,ISAAC,2012-08-31 09:00:00,35.0,-93.8, , ,,2012,52,1658.219231224113,,,,,
2012234N16315,ISAAC,2012-08-31 12:00:00,35.6,-94.0,20,1001,,2012,52,1711.5495250728704,,,,,
2012234N16315,ISAAC,2012-08-31 15:00:00,36.2,-94.1, , ,,2012,52,1758.6194556867054,,,,,
2012234N16315,ISAAC,2012-08-31 18:00:00,36.8,-94.1,20,1003,,2012,52,1799.9133623515197,,,,,
2012234N16315,ISAAC,2012-08-31 21:00:00,37.3,-94.1, , ,,2012,52,1835.438251918923,,,,,
2012234N16315,ISAAC,2012-09-01 00:00:00,37.8,-93.9,20,1004,,2012,52,1858.827085465478,,,,,
2012234N16315,ISAAC,2012-09-01 03:00:00,38.1,-93.6, , ,,2012,52,1862.2106273223455,,,,,
2012234N16315,ISAAC,2012-09-01 06:00:00,38.4,-93.3,20,1005,,2012,52,1866.7403779106328,,,,,
2013204N11340,DORIAN,2013-07-22 18:00:00,11.3,-20.0,25,1009,,2013,36,6492.357365985358,,,,,
2013204N11340,DORIAN,2013-07-22 21:00:00,11.4,-20.5, , ,,2013,36,6437.91478414782,,,,,
2013204N11340,DORIAN,2013-07-23 00:00:00,11.5,-20.9,25,1009,,2013,36,6393.4869529525295,,,,,
2013204N11340,DORIAN,2013-07-23 03:00:00,11.6,-21.3, , ,,2013,36,6349.068489470991,,,,,
2013204N11340,DORIAN,2013-07-23 06:00:00,11.7,-21.8,25,1009,,2013,36,6294.656742008463,,,,,
2013204N11340,DORIAN,2013-07-23 09:00:00,11.8,-22.3, , ,,2013,36,6240.256282326715,,,,,
2013204N11340,DORIAN,2013-07-23 12:00:00,12.0,-22.8,25,1009,,2013,36,6181.4918949761495,,,,,
2013204N11340,DORIAN,2013-07-23 15:00:00,12.2,-23.3, , ,,2013,36,6122.763030953208,,,,,
2013204N11340,DORIAN,2013-07-23 18:00:00,12.4,-23.9,25,1008,,2013,36,6054.069435964231,,,,,
2013204N11340,DORIAN,2013-07-23 21:00:00,12.7,-24.6, , ,,2013,36,5971.101075696055,,,,,
2013204N11340,DORIAN,2013-07-24 00:00:00,13.0,-25.4,30,1007,,2013,36,5878.218252136795,,,,,
2013204N11340,DORIAN,2013-07-24 03:00:00,13.3,-26.2, , ,,2013,36,5785.424904286667,,,,,
2013204N11340,DORIAN,2013-07-24 06:00:00,13.5,-27.1,35,1006,,2013,36,5686.949082976041,,,,,
2013204N11340,DORIAN,2013-07-24 09:00:00,13.7,-28.0, , ,,2013,36,5588.522581160685,,,,,
2013204N11340,DORIAN,2013-07-24 12:00:00,13.9,-29.0,40,1005,,2013,36,5480.152226142789,,,,,
2013204N11340,DORIAN,2013-07-24 15:00:00,14.1,-29.9, , ,,2013,36,5381.830317022427,,,,,
2013204N11340,DORIAN,2013-07-24 18:00:00,14.4,-30.8,45,1004,,2013,36,5279.402153651617,,,,,
2013204N11340,DORIAN,2013-07-24 21:00:00,14.7,-31.6, , ,,2013,36,5187.069124245854,,,,,
2013204N11340,DORIAN,2013-07-25 00:00:00,14.9,-32.4,45,1004,,2013,36,5098.932377998877,,,,,
2013204N11340,DORIAN,2013-07-25 03:00:00,15.1,-33.2, , ,,2013,36,5010.848796507965,,,,,
2013204N11340,DORIAN,2013-07-25 06:00:00,15.3,-33.9,50,1002,,2013,36,4932.805677903956,,,,,
2013204N11340,DORIAN,2013-07-25 09:00:00,15.5,-34.7, , ,,2013,36,4844.829850506057,,,,,
2013204N11340,DORIAN,2013-07-25 12:00:00,15.7,-35.5,50,1002,,2013,36,4756.910394896715,,,,,
2013204N11340,DORIAN,2013-07-25 15:00:00,15.8,-36.3, , ,,2013,36,4673.050103822532,,,,,
2013204N11340,DORIAN,2013-07-25 18:00:00,16.0,-37.1,50,1003,,2013,36,4585.225134567845,,,,,
2013204N11340,DORIAN,2013-07-25 21:00:00,16.2,-37.9, , ,,2013,36,4497.459498700459,,,,,
2013204N11340,DORIAN,2013-07-26 00:00:00,16.4,-38.7,45,1005,,2013,36,4409.754326424806,,,,,
2013204N11340,DORIAN,2013-07-26 03:00:00,16.6,-39.7, , ,,2013,36,4302.171161431004,,,,,
2013204N11340,DORIAN,2013-07-26 06:00:00,16.9,-40.7,45,1006,,2013,36,4190.763455334843,,,,,
2013204N11340,DORIAN,2013-07-26 09:00:00,17.1,-41.7, , ,,2013,36,4083.3506086720145,,,,,
2013204N11340,DORIAN,2013-07-26 12:00:00,17.3,-42.8,45,1008,,2013,36,3966.058446746983,,,,,
2013204N11340,DORIAN,2013-07-26 15:00:00,17.5,-43.9, , ,,2013,36,3848.857595146131,,,,,
2013204N11340,DORIAN,2013-07-26 18:00:00,17.6,-45.0,40,1010,,2013,36,3735.5912418507023,,,,,
2013204N11340,DORIAN,2013-07-26 21:00:00,17.7,-46.1, , ,,2013,36,3622.423769284468,,,,,
2013204N11340,DORIAN,2013-07-27 00:00:00,17.8,-47.1,35,1012,,2013,36,3519.284621320876,,,,,
2013204N11340,DORIAN,2013-07-27 03:00:00,17.9,-48.2, , ,,2013,36,3406.3297862754084,,,,,
2013204N11340,DORIAN,2013-07-27 06:00:00,18.0,-49.2,35,1012,,2013,36,3303.397240038584,,,,,
2013204N11340,DORIAN,2013-07-27 09:00:00,18.1,-50.2, , ,,2013,36,3200.5747912610946,,,,,
2013204N11340,DORIAN,2013-07-27 12:00:00,18.3,-51.1,35,1012,,2013,36,3103.791676430713,,,,,
2013204N11340,DORIAN,2013-07-27 15:00:00,18.4,-52.1, , ,,2013,36,3001.173172321242,,,,,
2013204N11340,DORIAN,2013-07-27 18:00:00,18.6,-53.0,35,1012,,2013,36,2904.565510880415,,,,,
2013204N11340,DORIAN,2013-07-27 21:00:00,18.8,-54.0, , ,,2013,36,2798.2092389822956,,,,,
2013204N11340,DORIAN,2013-07-28 00:00:00,19.0,-54.9,35,1012,,2013,36,2701.7983275679053,,,,,
2013204N11340,DORIAN,2013-07-28 03:00:00,19.2,-55.9, , ,,2013,36,2595.6648960563625,,,,,
2013204N11340,DORIAN,2013-07-28 06:00:00,19.4,-56.8,35,1013,,2013,36,2499.4617706029267,,,,,
2013204N11340,DORIAN,2013-07-28 09:00:00,19.6,-57.7, , ,,2013,36,2403.361782673501,,,,,
2013204N11340,DORIAN,2013-07-28 12:00:00,19.8,-58.6,35,1013,,2013,36,2307.367694937296,,,,,
2013204N11340,DORIAN,2013-07-28 15:00:00,20.0,-59.5, , ,,2013,36,2211.4824825078063,,,,,
2013204N11340,DORIAN,2013-07-28 18:00:00,20.1,-60.3,30,1013,,2013,36,2129.4181295911376,,,,,
2013204N11340,DORIAN,2013-07-28 21:00:00,20.3,-61.2, , ,,2013,36,2033.7509070866147,,,,,
2013204N11340,DORIAN,2013-07-29 00:00:00,20.4,-62.0,25,1014,,2013,36,1951.928198160824,,,,,
2013204N11340,DORIAN,2013-07-29 03:00:00,20.5,-62.9, , ,,2013,36,1860.56741098127,,,,,
2013204N11340,DORIAN,2013-07-29 06:00:00,20.6,-63.7,25,1014,,2013,36,1779.087242958144,,,,,
2013204N11340,DORIAN,2013-07-29 09:00:00,20.7,-64.5, , ,,2013,36,1697.7927325844853,,,,,
2013204N11340,DORIAN,2013-07-29 12:00:00,20.8,-65.3,25,1015,,2013,36,1616.7059329999593,,,,,
2013204N11340,DORIAN,2013-07-29 15:00:00,20.9,-66.1, , ,,2013,36,1535.853314816212,,,,,
2013204N11340,DORIAN,2013-07-29 18:00:00,21.0,-66.9,25,1015,,2013,36,1455.2669551567474,,,,,
2013204N11340,DORIAN,2013-07-29 21:00:00,21.1,-67.7, , ,,2013,36,1374.9861258215626,,,,,
2013204N11340,DORIAN,2013-07-30 00:00:00,21.3,-68.5,25,1015,,2013,36,1290.3451680478086,,,,,
2013204N11340,DORIAN,2013-07-30 03:00:00,21.4,-69.2, , ,,2013,36,1220.0154151538843,,,,,
2013204N11340,DORIAN,2013-07-30 06:00:00,21.5,-69.8,25,1015,,2013,36,1159.2813680050303,,,,,
2013204N11340,DORIAN,2013-07-30 09:00:00,21.6,-70.4, , ,,2013,36,1098.7767629645996,,,,,
2013204N11340,DORIAN,2013-07-30 12:00:00,21.7,-71.0,25,1015,,2013,36,1038.5351640484191,,,,,
2013204N11340,DORIAN,2013-07-30 15:00:00,21.8,-71.6, , ,,2013,36,978.5981038323416,,,,,
2013204N11340,DORIAN,2013-07-30 18:00:00,21.9,-72.2,25,1015,,2013,36,919.0175642606182,,,,,
2013204N11340,DORIAN,2013-07-30 21:00:00,22.0,-72.8, , ,,2013,36,859.8594146530929,,,,,
2013204N11340,DORIAN,2013-07-31 00:00:00,22.1,-73.3,25,1015,,2013,36,809.9731398168348,,,,,
2013204N11340,DORIAN,2013-07-31 03:00:00,22.2,-73.9, , ,,2013,36,751.7862998199149,,,,,
2013204N11340,DORIAN,2013-07-31 06:00:00,22.4,-74.4,25,1015,,2013,36,696.5850125226569,,,,,
2013204N11340,DORIAN,2013-07-31 09:00:00,22.5,-74.9, , ,,2013,36,647.8824852657324,,,,,
2013204N11340,DORIAN,2013-07-31 12:00:00,22.6,-75.3,25,1015,,2013,36,608.0320839780805,,,,,
2013204N11340,DORIAN,2013-07-31 15:00:00,22.7,-75.6, , ,,2013,36,576.7025438206796,,,,,
2013204N11340,DORIAN,2013-07-31 18:00:00,22.8,-75.9,25,1015,,2013,36,545.5342473014118,,,,,
2013204N11340,DORIAN,2013-07-31 21:00:00,22.9,-76.2, , ,,2013,36,514.5526595212004,,,,,
2013204N11340,DORIAN,2013-08-01 00:00:00,23.0,-76.5,25,1014,,2013,36,483.7895406966893,,,,,
2013204N11340,DORIAN,2013-08-01 03:00:00,23.1,-76.7, , ,,2013,36,460.9985379147798,,,,,
2013204N11340,DORIAN,2013-08-01 06:00:00,23.3,-77.0,25,1013,,2013,36,423.2565076498315,,,,,
2013204N11340,DORIAN,2013-08-01 09:00:00,23.5,-77.3, , ,,2013,36,385.5679806332976,,,,,
2013204N11340,DORIAN,2013-08-01 12:00:00,23.7,-77.7,25,1013,,2013,36,340.4073457538174,,,,,
2013204N11340,DORIAN,2013-08-01 15:00:00,23.9,-78.1, , ,,2013,36,295.6472085434506,,,,,
2013204N11340,DORIAN,2013-08-01 18:00:00,24.2,-78.4,25,1013,,2013,36,250.53537795235832,,,,,
2013204N11340,DORIAN,2013-08-01 21:00:00,24.5,-78.7, , ,,2013,36,205.51006845808104,,,,,
2013204N11340,DORIAN,2013-08-02 00:00:00,24.9,-79.0,25,1013,,2013,36,153.3872087160638,,,,,
2013204N11340,DORIAN,2013-08-02 03:00:00,25.3,-79.2, , ,,2013,36,111.97603141401856,,,,,
2013204N11340,DORIAN,2013-08-02 06:00:00,25.7,-79.3,25,1013,,2013,36,89.59379817733854,,,,,
2013204N11340,DORIAN,2013-08-02 09:00:00,26.1,-79.4, , ,,2013,36,87.6612292398153,,,,,
2013204N11340,DORIAN,2013-08-02 12:00:00,26.5,-79.4,25,1013,,2013,36,113.96315132734172,,,,,
2013204N11340,DORIAN,2013-08-02 15:00:00,26.9,-79.4, , ,,2013,36,149.15456428847853,,,,,
2013204N11340,DORIAN,2013-08-02 18:00:00,27.4,-79.4,25,1013,,2013,36,198.45677669093772,,,,,
2013204N11340,DORIAN,2013-08-02 21:00:00,27.9,-79.4, , ,,2013,36,250.4095383982543,,,,,
2013204N11340,DORIAN,2013-08-03 00:00:00,28.4,-79.3,30,1013,,2013,36,306.35978444412393,,,,,
2013204N11340,DORIAN,2013-08-03 03:00:00,28.9,-79.2, , ,,2013,36,362.4491521588702,,,,,
2013204N11340,DORIAN,2013-08-03 06:00:00,29.4,-79.1,30,1013,,2013,36,418.6181408711328,,,,,
2013204N11340,DORIAN,2013-08-03 09:00:00,29.9,-79.0, , ,,2013,36,474.83527216870687,,,,,
2013204N11340,DORIAN,2013-08-03 12:00:00,30.3,-78.8,30,1013,,2013,36,522.7815830328185,,,,,
2013204N11340,DORIAN,2013-08-03 15:00:00,30.7,-78.5, , ,,2013,36,573.554272095099,,,,,
2013204N11340,DORIAN,2013-08-03 18:00:00,31.1,-78.1,30,1013,,2013,36,627.7991817825664,,,,,
2013204N11340,DORIAN,2013-08-03 21:00:00,31.5,-77.7, , ,,2013,36,682.7749741297881,,,,,
2013204N11340,DORIAN,2013-08-04 00:00:00,31.8,-77.2,30,1012,,2013,36,731.9007563910286,,,,,
2013204N11340,DORIAN,2013-08-04 03:00:00,32.1,-76.5, , ,,2013,36,790.9129755610053,,,,,
2013204N11340,DORIAN,2013-08-04 06:00:00,32.4,-75.6,30,1011,,2013,36,862.2725166382037,,,,,
2014180N32282,ARTHUR,2014-06-28 18:00:00,32.0,-78.2,20,1017,,2014,36,720.2165955367028,,,,,
2014180N32282,ARTHUR,2014-06-28 21:00:00,31.6,-78.0, , ,,2014,36,683.4376904510099,,,,,
2014180N32282,ARTHUR,2014-06-29 00:00:00,31.2,-77.8,20,1017,,2014,36,648.2628645074483,,,,,
2014180N32282,ARTHUR,2014-06-29 03:00:00,30.8,-77.6, , ,,2014,36,614.9741722618031,,,,,
2014180N32282,ARTHUR,2014-06-29 06:00:00,30.5,-77.4,20,1017,,2014,36,593.6841861795928,,,,,
2014180N32282,ARTHUR,2014-06-29 09:00:00,30.2,-77.3, , ,,2014,36,569.3123249418121,,,,,
2014180N32282,ARTHUR,2014-06-29 12:00:00,30.0,-77.2,20,1016,,2014,36,555.4233349230457,,,,,
2014180N32282,ARTHUR,2014-06-29 15:00:00,29.8,-77.2, , ,,2014,36,536.8375206179388,,,,,
2014180N32282,ARTHUR,2014-06-29 18:00:00,29.7,-77.2,25,1015,,2014,36,527.6503579069077,,,,,
2014180N32282,ARTHUR,2014-06-29 21:00:00,29.6,-77.3, , ,,2014,36,513.0127158726999,,,,,
2014180N32282,ARTHUR,2014-06-30 00:00:00,29.5,-77.5,25,1014,,2014,36,493.0126263681223,,,,,
2014180N32282,ARTHUR,2014-06-30 03:00:00,29.4,-77.7, , ,,2014,36,473.22707384421955,,,,,
2014180N32282,ARTHUR,2014-06-30 06:00:00,29.2,-78.0,25,1013,,2014,36,439.19586521385406,,,,,
2014180N32282,ARTHUR,2014-06-30 09:00:00,29.0,-78.2, , ,,2014,36,410.26504859511755,,,,,
2014180N32282,ARTHUR,2014-06-30 12:00:00,28.7,-78.4,25,1011,,2014,36,371.6456390652914,,,,,
2014180N32282,ARTHUR,2014-06-30 15:00:00,28.4,-78.6, , ,,2014,36,333.00342678066886,,,,,
2014180N32282,ARTHUR,2014-06-30 18:00:00,28.1,-78.7,30,1010,,2014,36,299.1152581539515,,,,,
2014180N32282,ARTHUR,2014-06-30 21:00:00,27.9,-78.8, , ,,2014,36,274.9566747004289,,,,,
2014180N32282,ARTHUR,2014-07-01 00:00:00,27.7,-78.9,30,1008,,2014,36,250.81538933718457,,,,,
2014180N32282,ARTHUR,2014-07-01 03:00:00,27.6,-79.0, , ,,2014,36,236.22517292674345,,,,,
2014180N32282,ARTHUR,2014-07-01 06:00:00,27.5,-79.1,30,1007,,2014,36,221.668100627458,,,,,
2014180N32282,ARTHUR,2014-07-01 09:00:00,27.5,-79.2, , ,,2014,36,216.97565117446183,,,,,
2014180N32282,ARTHUR,2014-07-01 12:00:00,27.5,-79.2,35,1005,,2014,36,216.97565117446183,,,,,
2014180N32282,ARTHUR,2014-07-01 15:00:00,27.6,-79.3, , ,,2014,36,222.78442631561416,,,,,
2014180N32282,ARTHUR,2014-07-01 18:00:00,27.7,-79.3,40,1003,,2014,36,233.01369621860744,,,,,
2014180N32282,ARTHUR,2014-07-01 21:00:00,27.8,-79.3, , ,,2014,36,243.32105266858628,,,,,
2014180N32282,ARTHUR,2014-07-02 00:00:00,27.9,-79.2,45,999,,2014,36,257.3251627205802,,,,,
2014180N32282,ARTHUR,2014-07-02 03:00:00,28.0,-79.1, , ,,2014,36,271.4183997071631,,,,,
2014180N32282,ARTHUR,2014-07-02 06:00:00,28.2,-79.1,50,995,,2014,36,291.9096806418308,,,,,
2014180N32282,ARTHUR,2014-07-02 09:00:00,28.4,-79.0, , ,,2014,36,316.1980824067325,,,,,
2014180N32282,ARTHUR,2014-07-02 12:00:00,28.7,-79.0,55,995,,2014,36,347.31550230789503,,,,,
2014180N32282,ARTHUR,2014-07-02 15:00:00,29.0,-79.0, , ,,2014,36,378.8142083603094,,,,,
2014180N32282,ARTHUR,2014-07-02 18:00:00,29.4,-79.1,60,994,,2014,36,418.6181408711328,,,,,
2014180N32282,ARTHUR,2014-07-02 21:00:00,29.7,-79.2, , ,,2014,36,448.6591930517952,,,,,
2014180N32282,ARTHUR,2014-07-03 00:00:00,30.1,-79.2,65,987,,2014,36,492.13037021148546,,,,,
2014180N32282,ARTHUR,2014-07-03 03:00:00,30.5,-79.2, , ,,2014,36,535.7665438764174,,,,,
2014180N32282,ARTHUR,2014-07-03 06:00:00,30.9,-79.1,70,984,,2014,36,581.2478330894032,,,,,
2014180N32282,ARTHUR,2014-07-03 09:00:00,31.3,-79.0, , ,,2014,36,626.7242172417045,,,,,
2014180N32282,ARTHUR,2014-07-03 12:00:00,31.8,-78.8,80,981,,2014,36,684.9688848102287,,,,,
2014180N32282,ARTHUR,2014-07-03 15:00:00,32.3,-78.6, , ,,2014,36,743.281390112538,,,,,
2014180N32282,ARTHUR,2014-07-03 18:00:00,32.9,-78.3,80,978,,2014,36,814.60087432277,,,,,
2014180N32282,ARTHUR,2014-07-03 21:00:00,33.4,-77.9, , ,,2014,36,877.6958079171607,,,,,
2014180N32282,ARTHUR,2014-07-04 00:00:00,34.0,-77.3,85,975,,2014,36,957.404435339928,,,,,
2014180N32282,ARTHUR,2014-07-04 03:00:00,34.6,-76.7, , ,,2014,36,1038.286164837602,,,,,
2014180N32282,ARTHUR,2014-07-04 03:15:00,34.7,-76.6,85,974,,2014,36,1051.8568565653186,,,,,
2014180N32282,ARTHUR,2014-07-04 06:00:00,35.3,-76.0,85,973,,2014,36,1133.7123315528609,,,,,
2014180N32282,ARTHUR,2014-07-04 08:00:00,35.8,-75.5,85,973,,2014,36,1202.3820669175775,,,,,
2014180N32282,ARTHUR,2014-07-04 09:00:00,36.0,-75.2, , ,,2014,36,1233.5733294678728,,,,,
2014180N32282,ARTHUR,2014-07-04 12:00:00,36.8,-74.4,80,976,,2014,36,1344.3991868376984,,,,,
2014180N32282,ARTHUR,2014-07-04 15:00:00,37.6,-73.5, , ,,2014,36,1459.6477181716584,,,,,
2014180N32282,ARTHUR,2014-07-04 18:00:00,38.4,-72.4,70,978,,2014,36,1583.9238868893317,,,,,
2014180N32282,ARTHUR,2014-07-04 21:00:00,39.3,-71.1, , ,,2014,36,1727.6337641908228,,,,,
2014180N32282,ARTHUR,2014-07-05 00:00:00,40.2,-69.7,65,976,,2014,36,1876.9485979893925,,,,,
2014180N32282,ARTHUR,2014-07-05 03:00:00,41.2,-68.5, , ,,2014,36,2026.071861951415,,,,,
2014180N32282,ARTHUR,2014-07-05 06:00:00,42.3,-67.6,60,981,,2014,36,2168.937142507126,,,,,
2014180N32282,ARTHUR,2014-07-05 09:00:00,43.2,-67.0, , ,,2014,36,2278.702635787015,,,,,
2014180N32282,ARTHUR,2014-07-05 12:00:00,44.1,-66.5,60,982,,2014,36,2383.3953981819527,,,,,
2014180N32282,ARTHUR,2014-07-05 15:00:00,45.0,-65.9, , ,,2014,36,2492.4180643207833,,,,,
2014180N32282,ARTHUR,2014-07-05 18:00:00,45.9,-65.3,55,980,,2014,36,2601.01297212763,,,,,
2014180N32282,ARTHUR,2014-07-05 21:00:00,46.6,-64.7, , ,,2014,36,2691.1309087025043,,,,,
2014180N32282,ARTHUR,2014-07-06 00:00:00,47.1,-64.0,50,981,,2014,36,2767.449650334796,,,,,
2014180N32282,ARTHUR,2014-07-06 03:00:00,47.4,-63.3, , ,,2014,36,2825.9283424915316,,,,,
2014180N32282,ARTHUR,2014-07-06 06:00:00,47.6,-62.4,45,982,,2014,36,2885.2656367117143,,,,,
2014180N32282,ARTHUR,2014-07-06 09:00:00,48.0,-61.3, , ,,2014,36,2971.9655513977236,,,,,
2014180N32282,ARTHUR,2014-07-06 12:00:00,48.5,-60.2,40,986,,2014,36,3067.3789334770636,,,,,
2014180N32282,ARTHUR,2014-07-06 15:00:00,49.3,-59.1, , ,,2014,36,3187.2860910909812,,,,,
2014180N32282,ARTHUR,2014-07-06 18:00:00,50.3,-58.1,35,989,,2014,36,3317.6736707228447,,,,,
2014180N32282,ARTHUR,2014-07-06 21:00:00,51.3,-57.2, , ,,2014,36,3442.1186673414136,,,,,
2014180N32282,ARTHUR,2014-07-07 00:00:00,52.3,-56.4,35,988,,2014,36,3560.835017545957,,,,,
2014180N32282,ARTHUR,2014-07-07 03:00:00,53.3,-55.8, , ,,2014,36,3669.540582590829,,,,,
2014180N32282,ARTHUR,2014-07-07 06:00:00,54.2,-55.4,35,985,,2014,36,3760.7577822434737,,,,,
2014180N32282,ARTHUR,2014-07-07 09:00:00,55.1,-55.0, , ,,2014,36,3851.872026128064,,,,,
2014180N32282,ARTHUR,2014-07-07 12:00:00,56.0,-54.7,35,984,,2014,36,3938.6959199178737,,,,,
2014180N32282,ARTHUR,2014-07-07 15:00:00,56.7,-54.4, , ,,2014,36,4009.0038405441055,,,,,
2014180N32282,ARTHUR,2014-07-07 18:00:00,57.3,-54.2,40,985,,2014,36,4066.9291518210734,,,,,
2014180N32282,ARTHUR,2014-07-07 21:00:00,57.7,-54.1, , ,,2014,36,4104.255612019936,,,,,
2014180N32282,ARTHUR,2014-07-08 00:00:00,58.1,-54.1,45,988,,2014,36,4137.777503414569,,,,,
2014180N32282,ARTHUR,2014-07-08 03:00:00,58.5,-54.3, , ,,2014,36,4163.937952819937,,,,,
2014180N32282,ARTHUR,2014-07-08 06:00:00,58.9,-54.7,40,991,,2014,36,4183.271040005848,,,,,
2014180N32282,ARTHUR,2014-07-08 09:00:00,59.2,-55.4, , ,,2014,36,4184.172850884751,,,,,
2014180N32282,ARTHUR,2014-07-08 12:00:00,59.4,-56.1,35,993,,2014,36,4177.510240527038,,,,,
2014180N32282,ARTHUR,2014-07-08 15:00:00,59.7,-56.7, , ,,2014,36,4184.174397684282,,,,,
2014180N32282,ARTHUR,2014-07-08 18:00:00,60.0,-57.0,30,995,,2014,36,4201.491387340049,,,,,
2014180N32282,ARTHUR,2014-07-08 21:00:00,60.2,-57.0, , ,,2014,36,4219.6422967472645,,,,,
2014180N32282,ARTHUR,2014-07-09 00:00:00,60.3,-56.7,30,997,,2014,36,4238.294049850315,,,,,
2014180N32282,ARTHUR,2014-07-09 03:00:00,60.2,-56.5, , ,,2014,36,4235.714207753676,,,,,
2014180N32282,ARTHUR,2014-07-09 06:00:00,60.1,-56.2,25,1001,,2014,36,4236.533128498689,,,,,
2014180N32282,ARTHUR,2014-07-09 09:00:00,60.0,-56.0, , ,,2014,36,4234.220344157108,,,,,
2014180N32282,ARTHUR,2014-07-09 12:00:00,59.8,-55.7,25,1005,,2014,36,4226.545765623768,,,,,
2014180N32282,ARTHUR,2014-07-09 15:00:00,59.6,-55.4, , ,,2014,36,4219.19814063028,,,,,
2014180N32282,ARTHUR,2014-07-09 18:00:00,59.5,-55.0,25,1008,,2014,36,4224.401586599643,,,,,
2015126N27281,ANA,2015-05-06 06:00:00,26.8,-79.2,25,1016,,2015,27,152.0099368097839,,,,,
2015126N27281,ANA,2015-05-06 09:00:00,27.5,-78.9, , ,,2015,27,232.04757292249556,,,,,
2015126N27281,ANA,2015-05-06 12:00:00,28.2,-78.5,25,1015,,2015,27,318.7574001371414,,,,,
2015126N27281,ANA,2015-05-06 15:00:00,29.0,-78.1, , ,,2015,27,415.086101872946,,,,,
2015126N27281,ANA,2015-05-06 18:00:00,29.7,-77.8,25,1014,,2015,27,497.1406726532827,,,,,
2015126N27281,ANA,2015-05-06 21:00:00,30.4,-77.6, , ,,2015,27,574.9686310448217,,,,,
2015126N27281,ANA,2015-05-07 00:00:00,30.8,-77.5,30,1012,,2015,27,619.0743459470683,,,,,
2015126N27281,ANA,2015-05-07 03:00:00,30.8,-77.6, , ,,2015,27,614.9741722618031,,,,,
2015126N27281,ANA,2015-05-07 06:00:00,30.7,-77.8,35,1010,,2015,27,596.9647186641112,,,,,
2015126N27281,ANA,2015-05-07 09:00:00,30.6,-77.7, , ,,2015,27,590.7781774407249,,,,,
2015126N27281,ANA,2015-05-07 12:00:00,30.6,-77.5,40,1008,,2015,27,599.1382032922576,,,,,
2015126N27281,ANA,2015-05-07 15:00:00,30.9,-77.5, , ,,2015,27,629.1001372805428,,,,,
2015126N27281,ANA,2015-05-07 18:00:00,31.2,-77.5,40,1005,,2015,27,659.387308485164,,,,,
2015126N27281,ANA,2015-05-07 21:00:00,31.3,-77.5, , ,,2015,27,669.5476922430473,,,,,
2015126N27281,ANA,2015-05-08 00:00:00,31.4,-77.6,40,1003,,2015,27,676.0282252023785,,,,,
2015126N27281,ANA,2015-05-08 03:00:00,31.5,-77.6, , ,,2015,27,686.3060570839774,,,,,
2015126N27281,ANA,2015-05-08 06:00:00,31.5,-77.6,40,1002,,2015,27,686.3060570839774,,,,,
2015126N27281,ANA,2015-05-08 09:00:00,31.5,-77.6, , ,,2015,27,686.3060570839774,,,,,
2015126N27281,ANA,2015-05-08 12:00:00,31.5,-77.5,40,1000,,2015,27,689.9568868604214,,,,,
2015126N27281,ANA,2015-05-08 15:00:00,31.5,-77.4, , ,,2015,27,693.7255703648464,,,,,
2015126N27281,ANA,2015-05-08 18:00:00,31.6,-77.4,45,999,,2015,27,703.9131981404618,,,,,
2015126N27281,ANA,2015-05-08 21:00:00,31.7,-77.3, , ,,2015,27,717.8951179137765,,,,,
2015126N27281,ANA,2015-05-09 00:00:00,31.9,-77.3,50,998,,2015,27,738.2921355176666,,,,,
2015126N27281,ANA,2015-05-09 03:00:00,32.0,-77.4, , ,,2015,27,744.929226780298,,,,,
2015126N27281,ANA,2015-05-09 06:00:00,32.2,-77.5,50,998,,2015,27,762.192712864619,,,,,
2015126N27281,ANA,2015-05-09 09:00:00,32.4,-77.6, , ,,2015,27,779.8424750241445,,,,,
2015126N27281,ANA,2015-05-09 12:00:00,32.5,-77.8,50,1001,,2015,27,784.3761837734808,,,,,
2015126N27281,ANA,2015-05-09 15:00:00,32.6,-77.9, , ,,2015,27,792.1946795594739,,,,,
2015126N27281,ANA,2015-05-09 18:00:00,32.7,-78.0,45,1001,,2015,27,800.2143817217445,,,,,
2015126N27281,ANA,2015-05-09 21:00:00,32.9,-78.1, , ,,2015,27,819.1718215824018,,,,,
2015126N27281,ANA,2015-05-10 00:00:00,33.1,-78.3,45,1001,,2015,27,836.242897674748,,,,,
2015126N27281,ANA,2015-05-10 03:00:00,33.3,-78.5, , ,,2015,27,854.0076463145022,,,,,
2015126N27281,ANA,2015-05-10 06:00:00,33.5,-78.6,40,1002,,2015,27,874.0654891000687,,,,,
2015126N27281,ANA,2015-05-10 09:00:00,33.7,-78.8, , ,,2015,27,892.8381475425655,,,,,
2015126N27281,ANA,2015-05-10 10:00:00,33.8,-78.8,40,1002,,2015,27,903.8221069821914,,,,,
2015126N27281,ANA,2015-05-10 12:00:00,33.9,-78.8,35,1002,,2015,27,914.8093194234232,,,,,
2015126N27281,ANA,2015-05-10 15:00:00,34.1,-78.8, , ,,2015,27,936.7930454247114,,,,,
2015126N27281,ANA,2015-05-10 18:00:00,34.3,-78.7,30,1006,,2015,27,960.1758672904232,,,,,
2015126N27281,ANA,2015-05-10 21:00:00,34.5,-78.6, , ,,2015,27,983.5932219657792,,,,,
2015126N27281,ANA,2015-05-11 00:00:00,34.7,-78.5,30,1009,,2015,27,1007.042053014844,,,,,
2015126N27281,ANA,2015-05-11 03:00:00,35.1,-78.3, , ,,2015,27,1054.0232402900542,,,,,
2015126N27281,ANA,2015-05-11 06:00:00,35.5,-78.0,30,1010,,2015,27,1102.870242847251,,,,,
2015126N27281,ANA,2015-05-11 09:00:00,35.8,-77.7, , ,,2015,27,1141.1762966953463,,,,,
2015126N27281,ANA,2015-05-11 12:00:00,36.2,-77.3,30,1012,,2015,27,1192.790486545579,,,,,
2015126N27281,ANA,2015-05-11 15:00:00,36.6,-76.8, , ,,2015,27,1247.3464133181085,,,,,
2015126N27281,ANA,2015-05-11 18:00:00,37.0,-76.3,30,1012,,2015,27,1302.7489082490354,,,,,
2015126N27281,ANA,2015-05-11 21:00:00,37.5,-75.8, , ,,2015,27,1369.3866889295416,,,,,
2015126N27281,ANA,2015-05-12 00:00:00,38.1,-75.1,30,1012,,2015,27,1452.988763696026,,,,,
2015126N27281,ANA,2015-05-12 03:00:00,38.7,-74.2, , ,,2015,27,1544.1392583130555,,,,,
2015126N27281,ANA,2015-05-12 06:00:00,39.3,-73.1,25,1011,,2015,27,1644.2252350068934,,,,,
2015126N27281,ANA,2015-05-12 09:00:00,40.0,-72.0, , ,,2015,27,1756.3231413683711,,,,,
2015126N27281,ANA,2015-05-12 12:00:00,40.8,-70.7,25,1009,,2015,27,1887.826827822093,,,,,
2015126N27281,ANA,2015-05-12 15:00:00,41.8,-69.0, , ,,2015,27,2057.3902535300526,,,,,
2015126N27281,ANA,2015-05-12 18:00:00,43.0,-67.0,25,1005,,2015,27,2260.735530181559,,,,,
2016242N24279,HERMINE,2016-08-28 18:00:00,23.8,-81.4,30,1009,,2016,57,249.91309046288464,,,,,
2016242N24279,HERMINE,2016-08-28 21:00:00,23.6,-81.9, , ,,2016,57,295.90441296825736,,,,,
2016242N24279,HERMINE,2016-08-29 00:00:00,23.4,-82.4,30,1007,,2016,57,344.6864380778438,,,,,
2016242N24279,HERMINE,2016-08-29 03:00:00,23.4,-82.9, , ,,2016,57,379.38935002406345,,,,,
2016242N24279,HERMINE,2016-08-29 06:00:00,23.4,-83.3,30,1007,,2016,57,409.53351817645694,,,,,
2016242N24279,HERMINE,2016-08-29 09:00:00,23.4,-83.7, , ,,2016,57,441.32695573196736,,,,,
2016242N24279,HERMINE,2016-08-29 12:00:00,23.5,-84.0,30,1007,,2016,57,459.7522531122696,,,,,
2016242N24279,HERMINE,2016-08-29 15:00:00,23.6,-84.3, , ,,2016,57,479.60730200697026,,,,,
2016242N24279,HERMINE,2016-08-29 18:00:00,23.7,-84.6,30,1005,,2016,57,500.7174707165251,,,,,
2016242N24279,HERMINE,2016-08-29 21:00:00,23.8,-85.0, , ,,2016,57,532.1162062589699,,,,,
2016242N24279,HERMINE,2016-08-30 00:00:00,23.8,-85.4,30,1003,,2016,57,569.1811116491588,,,,,
2016242N24279,HERMINE,2016-08-30 03:00:00,23.8,-85.8, , ,,2016,57,606.6672796470026,,,,,
2016242N24279,HERMINE,2016-08-30 06:00:00,23.8,-86.2,30,1003,,2016,57,644.5009146656657,,,,,
2016242N24279,HERMINE,2016-08-30 09:00:00,23.8,-86.5, , ,,2016,57,673.0687581615482,,,,,
2016242N24279,HERMINE,2016-08-30 12:00:00,23.9,-86.8,30,1003,,2016,57,698.1507786829947,,,,,
2016242N24279,HERMINE,2016-08-30 15:00:00,23.9,-87.1, , ,,2016,57,727.108219548407,,,,,
2016242N24279,HERMINE,2016-08-30 18:00:00,24.0,-87.3,30,1003,,2016,57,743.1885992774886,,,,,
2016242N24279,HERMINE,2016-08-30 21:00:00,24.0,-87.6, , ,,2016,57,772.4095925207412,,,,,
2016242N24279,HERMINE,2016-08-31 00:00:00,24.1,-87.8,30,1003,,2016,57,788.9583953094908,,,,,
2016242N24279,HERMINE,2016-08-31 03:00:00,24.2,-87.9, , ,,2016,57,795.9583537165203,,,,,
2016242N24279,HERMINE,2016-08-31 06:00:00,24.4,-88.0,35,1003,,2016,57,800.6740551999701,,,,,
2016242N24279,HERMINE,2016-08-31 09:00:00,24.6,-88.0, , ,,2016,57,796.1402299772103,,,,,
2016242N24279,HERMINE,2016-08-31 12:00:00,24.8,-87.9,40,1003,,2016,57,782.24489052583,,,,,
2016242N24279,HERMINE,2016-08-31 15:00:00,24.9,-87.8, , ,,2016,57,770.5186910906757,,,,,
2016242N24279,HERMINE,2016-08-31 18:00:00,25.1,-87.7,45,1002,,2016,57,757.4534161290524,,,,,
2016242N24279,HERMINE,2016-08-31 21:00:00,25.3,-87.5, , ,,2016,57,734.9831016042937,,,,,
2016242N24279,HERMINE,2016-09-01 00:00:00,25.5,-87.2,50,999,,2016,57,703.1146464425809,,,,,
2016242N24279,HERMINE,2016-09-01 03:00:00,25.7,-87.0, , ,,2016,57,681.93080192011,,,,,
2016242N24279,HERMINE,2016-09-01 06:00:00,26.0,-86.8,55,995,,2016,57,661.5609516768018,,,,,
2016242N24279,HERMINE,2016-09-01 09:00:00,26.4,-86.5, , ,,2016,57,633.9340348206961,,,,,
2016242N24279,HERMINE,2016-09-01 12:00:00,26.9,-86.2,60,991,,2016,57,611.928777537414,,,,,
2016242N24279,HERMINE,2016-09-01 15:00:00,27.4,-85.9, , ,,2016,57,596.0737491529575,,,,,
2016242N24279,HERMINE,2016-09-01 18:00:00,27.9,-85.5,65,988,,2016,57,577.7976318047417,,,,,
2016242N24279,HERMINE,2016-09-01 21:00:00,28.4,-85.2, , ,,2016,57,576.0233823903341,,,,,
2016242N24279,HERMINE,2016-09-02 00:00:00,29.0,-84.8,70,983,,2016,57,580.1413354636936,,,,,
2016242N24279,HERMINE,2016-09-02 03:00:00,29.4,-84.5, , ,,2016,57,586.3739397867931,,,,,
2016242N24279,HERMINE,2016-09-02 05:30:00,30.1,-84.1,70,981,,2016,57,616.4269716456248,,,,,
2016242N24279,HERMINE,2016-09-02 06:00:00,30.3,-84.0,65,982,,2016,57,627.8708558179047,,,,,
2016242N24279,HERMINE,2016-09-02 08:00:00,30.6,-83.8,60,984,,2016,57,643.7093257641789,,,,,
2016242N24279,HERMINE,2016-09-02 09:00:00,30.8,-83.6, , ,,2016,57,651.9979638443527,,,,,
2016242N24279,HERMINE,2016-09-02 12:00:00,31.4,-82.8,50,989,,2016,57,676.6283788188009,,,,,
2016242N24279,HERMINE,2016-09-02 15:00:00,31.9,-82.0, , ,,2016,57,704.8685524402997,,,,,
2016242N24279,HERMINE,2016-09-02 18:00:00,32.4,-81.2,50,990,,2016,57,744.6049824464112,,,,,
2016242N24279,HERMINE,2016-09-02 21:00:00,33.0,-80.2, , ,,2016,57,804.8626286690752,,,,,
2016242N24279,HERMINE,2016-09-03 00:00:00,33.6,-79.2,50,991,,2016,57,876.8136600844656,,,,,
2016242N24279,HERMINE,2016-09-03 03:00:00,34.3,-78.2, , ,,2016,57,968.5139365665406,,,,,
2016242N24279,HERMINE,2016-09-03 06:00:00,34.9,-77.2,55,993,,2016,57,1055.7528835462108,,,,,
2016242N24279,HERMINE,2016-09-03 09:00:00,35.4,-76.3, , ,,2016,57,1134.3368089495773,,,,,
2016242N24279,HERMINE,2016-09-03 12:00:00,35.8,-75.5,60,995,,2016,57,1202.3820669175775,,,,,
2016242N24279,HERMINE,2016-09-03 15:00:00,35.9,-74.8, , ,,2016,57,1238.716496039642,,,,,
2016242N24279,HERMINE,2016-09-03 18:00:00,36.0,-74.1,60,997,,2016,57,1277.5280014564105,,,,,
2016242N24279,HERMINE,2016-09-03 21:00:00,36.1,-73.3, , ,,2016,57,1323.2674237907218,,,,,
2016242N24279,HERMINE,2016-09-04 00:00:00,36.3,-72.6,60,998,,2016,57,1375.896738710455,,,,,
2016242N24279,HERMINE,2016-09-04 03:00:00,36.5,-71.9, , ,,2016,57,1429.8614284321577,,,,,
2016242N24279,HERMINE,2016-09-04 06:00:00,36.7,-71.3,60,998,,2016,57,1479.5798184580156,,,,,
2016242N24279,HERMINE,2016-09-04 09:00:00,36.8,-70.7, , ,,2016,57,1521.2914572944337,,,,,
2016242N24279,HERMINE,2016-09-04 12:00:00,36.9,-70.1,60,998,,2016,57,1563.9486791642908,,,,,
2016242N24279,HERMINE,2016-09-04 15:00:00,37.0,-69.5, , ,,2016,57,1607.4677461859917,,,,,
2016242N24279,HERMINE,2016-09-04 18:00:00,37.0,-69.0,60,998,,2016,57,1637.5965200764213,,,,,
2016242N24279,HERMINE,2016-09-04 21:00:00,37.1,-68.6, , ,,2016,57,1670.2126449674363,,,,,
2016242N24279,HERMINE,2016-09-05 00:00:00,37.2,-68.4,60,997,,2016,57,1690.5617934316408,,,,,
2016242N24279,HERMINE,2016-09-05 03:00:00,37.5,-68.2, , ,,2016,57,1726.754389097613,,,,,
2016242N24279,HERMINE,2016-09-05 06:00:00,37.8,-68.2,60,996,,2016,57,1750.7636547213126,,,,,
2016242N24279,HERMINE,2016-09-05 09:00:00,38.2,-68.3, , ,,2016,57,1777.3282152589418,,,,,
2016242N24279,HERMINE,2016-09-05 12:00:00,38.6,-68.5,55,995,,2016,57,1798.9845958008684,,,,,
2016242N24279,HERMINE,2016-09-05 15:00:00,38.9,-68.8, , ,,2016,57,1807.6821933727144,,,,,
2016242N24279,HERMINE,2016-09-05 18:00:00,39.2,-69.3,55,995,,2016,57,1806.9550170623424,,,,,
2016242N24279,HERMINE,2016-09-05 21:00:00,39.4,-69.8, , ,,2016,57,1799.192597565789,,,,,
2016242N24279,HERMINE,2016-09-06 00:00:00,39.5,-70.3,55,995,,2016,57,1783.7825312138834,,,,,
2016242N24279,HERMINE,2016-09-06 03:00:00,39.6,-70.8, , ,,2016,57,1769.5912552707916,,,,,
2016242N24279,HERMINE,2016-09-06 06:00:00,39.6,-71.2,50,996,,2016,57,1751.5206137985676,,,,,
2016242N24279,HERMINE,2016-09-06 09:00:00,39.6,-71.5, , ,,2016,57,1738.365787846069,,,,,
2016242N24279,HERMINE,2016-09-06 12:00:00,39.5,-71.8,45,997,,2016,57,1715.88433720898,,,,,
2016242N24279,HERMINE,2016-09-06 15:00:00,39.5,-72.1, , ,,2016,57,1703.3505466757524,,,,,
2016242N24279,HERMINE,2016-09-06 18:00:00,39.5,-72.3,40,998,,2016,57,1695.1983286526572,,,,,
2016242N24279,HERMINE,2016-09-06 21:00:00,39.4,-72.4, , ,,2016,57,1681.350213424598,,,,,
2016242N24279,HERMINE,2016-09-07 00:00:00,39.2,-72.5,35,1000,,2016,57,1657.670973986342,,,,,
2016242N24279,HERMINE,2016-09-07 03:00:00,39.1,-72.5, , ,,2016,57,1647.855660528626,,,,,
2016242N24279,HERMINE,2016-09-07 06:00:00,39.0,-72.4,35,1002,,2016,57,1642.1744068404375,,,,,
2016242N24279,HERMINE,2016-09-07 09:00:00,39.1,-72.4, , ,,2016,57,1651.9437601293848,,,,,
2016242N24279,HERMINE,2016-09-07 12:00:00,39.3,-72.3,30,1004,,2016,57,1675.6036878985556,,,,,
2016242N24279,HERMINE,2016-09-07 15:00:00,39.4,-72.2, , ,,2016,57,1689.4773763424407,,,,,
2016242N24279,HERMINE,2016-09-07 18:00:00,39.5,-72.1,30,1007,,2016,57,1703.3505466757524,,,,,
2016242N24279,HERMINE,2016-09-07 21:00:00,39.5,-72.0, , ,,2016,57,1707.4880481876378,,,,,
2016242N24279,HERMINE,2016-09-08 00:00:00,39.6,-71.8,25,1008,,2016,57,1725.5610504242716,,,,,
2016242N24279,HERMINE,2016-09-08 03:00:00,39.7,-71.6, , ,,2016,57,1743.6935763743686,,,,,
2016242N24279,HERMINE,2016-09-08 06:00:00,39.9,-71.3,25,1009,,2016,57,1775.7915268421348,,,,,
2016242N24279,HERMINE,2016-09-08 09:00:00,40.2,-71.0, , ,,2016,57,1817.500407169128,,,,,
2016242N24279,HERMINE,2016-09-08 12:00:00,40.6,-70.7,25,1010,,2016,57,1868.7124891267931,,,,,
2016242N24279,HERMINE,2016-09-08 15:00:00,41.1,-70.4, , ,,2016,57,1929.3763158556412,,,,,
2016242N24279,HERMINE,2016-09-08 18:00:00,41.7,-70.0,20,1010,,2016,57,2003.7517487432608,,,,,
2016257N27280,JULIA,2016-09-13 06:00:00,27.3,-80.2,30,1010,,2016,68,171.053100760339,,,,,
2016257N27280,JULIA,2016-09-13 09:00:00,27.6,-80.4, , ,,2016,68,205.4534810244442,,,,,
2016257N27280,JULIA,2016-09-13 12:00:00,28.0,-80.7,35,1010,,2016,68,253.93889602438296,,,,,
2016257N27280,JULIA,2016-09-13 15:00:00,28.5,-81.0, , ,,2016,68,314.8105068770513,,,,,
2016257N27280,JULIA,2016-09-13 18:00:00,29.0,-81.2,45,1010,,2016,68,373.5830309452936,,,,,
2016257N27280,JULIA,2016-09-13 21:00:00,29.4,-81.4, , ,,2016,68,421.71091561315666,,,,,
2016257N27280,JULIA,2016-09-14 00:00:00,29.8,-81.5,45,1010,,2016,68,467.103958110151,,,,,
2016257N27280,JULIA,2016-09-14 03:00:00,30.1,-81.6, , ,,2016,68,501.8256702180776,,,,,
2016257N27280,JULIA,2016-09-14 06:00:00,30.5,-81.7,40,1011,,2016,68,547.2168852007595,,,,,
2016257N27280,JULIA,2016-09-14 09:00:00,30.9,-81.7, , ,,2016,68,590.0908783961504,,,,,
2016257N27280,JULIA,2016-09-14 12:00:00,31.3,-81.5,40,1011,,2016,68,628.9326706067563,,,,,
2016257N27280,JULIA,2016-09-14 15:00:00,31.6,-81.1, , ,,2016,68,655.1971100228961,,,,,
2016257N27280,JULIA,2016-09-14 18:00:00,31.8,-80.7,40,1009,,2016,68,673.2493897066306,,,,,
2016257N27280,JULIA,2016-09-14 21:00:00,31.9,-80.4, , ,,2016,68,682.848518188074,,,,,
2016257N27280,JULIA,2016-09-15 00:00:00,31.9,-80.1,40,1007,,2016,68,682.6062884027156,,,,,
2016257N27280,JULIA,2016-09-15 03:00:00,31.9,-79.8, , ,,2016,68,683.6121026340485,,,,,
2016257N27280,JULIA,2016-09-15 06:00:00,31.9,-79.5,40,1007,,2016,68,685.8604637261282,,,,,
2016257N27280,JULIA,2016-09-15 09:00:00,31.9,-79.1, , ,,2016,68,690.7691674134217,,,,,
2016257N27280,JULIA,2016-09-15 12:00:00,31.9,-78.7,40,1007,,2016,68,697.8182729861345,,,,,
2016257N27280,JULIA,2016-09-15 15:00:00,31.9,-78.3, , ,,2016,68,706.9436772084616,,,,,
2016257N27280,JULIA,2016-09-15 18:00:00,31.9,-77.9,40,1007,,2016,68,718.0661241808015,,,,,
2016257N27280,JULIA,2016-09-15 21:00:00,31.7,-77.5, , ,,2016,68,710.4755108997173,,,,,
2016257N27280,JULIA,2016-09-16 00:00:00,31.5,-77.2,40,1007,,2016,68,701.6088320778732,,,,,
2016257N27280,JULIA,2016-09-16 03:00:00,31.3,-76.9, , ,,2016,68,694.6245490647156,,,,,
2016257N27280,JULIA,2016-09-16 06:00:00,31.2,-76.6,40,1008,,2016,68,699.0933668365616,,,,,
2016257N27280,JULIA,2016-09-16 09:00:00,31.1,-76.2, , ,,2016,68,710.2751360924416,,,,,
2016257N27280,JULIA,2016-09-16 12:00:00,31.1,-75.9,40,1008,,2016,68,726.78425016492,,,,,
2016257N27280,JULIA,2016-09-16 15:00:00,31.0,-75.7, , ,,2016,68,729.452533715811,,,,,
2016257N27280,JULIA,2016-09-16 18:00:00,30.9,-75.7,40,1008,,2016,68,720.7377269655566,,,,,
2016257N27280,JULIA,2016-09-16 21:00:00,30.6,-75.8, , ,,2016,68,688.8445625335419,,,,,
2016257N27280,JULIA,2016-09-17 00:00:00,30.4,-76.0,30,1009,,2016,68,659.4944791720079,,,,,
2016257N27280,JULIA,2016-09-17 03:00:00,30.3,-76.1, , ,,2016,68,644.8106378696775,,,,,
2016257N27280,JULIA,2016-09-17 06:00:00,30.3,-76.1,30,1009,,2016,68,644.8106378696775,,,,,
2016257N27280,JULIA,2016-09-17 09:00:00,30.2,-76.2, , ,,2016,68,630.1210399243903,,,,,
2016257N27280,JULIA,2016-09-17 12:00:00,30.2,-76.2,30,1010,,2016,68,630.1210399243903,,,,,
2016257N27280,JULIA,2016-09-17 15:00:00,30.3,-76.2, , ,,2016,68,638.7505493097136,,,,,
2016257N27280,JULIA,2016-09-17 18:00:00,30.4,-76.3,30,1010,,2016,68,641.5763811747821,,,,,
2016257N27280,JULIA,2016-09-17 21:00:00,30.5,-76.3, , ,,2016,68,650.439336026376,,,,,
2016257N27280,JULIA,2016-09-18 00:00:00,30.7,-76.4,30,1010,,2016,68,662.8345443401004,,,,,
2016257N27280,JULIA,2016-09-18 03:00:00,30.9,-76.5, , ,,2016,68,675.8966147748362,,,,,
2016257N27280,JULIA,2016-09-18 06:00:00,31.1,-76.6,25,1010,,2016,68,689.5869646399481,,,,,
2016257N27280,JULIA,2016-09-18 09:00:00,31.4,-76.8, , ,,2016,68,708.9290697331048,,,,,
2016257N27280,JULIA,2016-09-18 12:00:00,31.7,-77.0,25,1010,,2016,68,729.85858934987,,,,,
2016257N27280,JULIA,2016-09-18 15:00:00,31.9,-77.4, , ,,2016,68,734.6376127879288,,,,,
2016257N27280,JULIA,2016-09-18 18:00:00,32.0,-77.8,25,1010,,2016,68,731.6434450229319,,,,,
2016257N27280,JULIA,2016-09-18 21:00:00,32.1,-78.1, , ,,2016,68,733.5415467526352,,,,,
2016257N27280,JULIA,2016-09-19 00:00:00,32.2,-78.3,30,1010,,2016,68,739.1313774576703,,,,,
2016257N27280,JULIA,2016-09-19 03:00:00,32.3,-78.3, , ,,2016,68,749.883254856904,,,,,
2016257N27280,JULIA,2016-09-19 06:00:00,32.4,-78.2,30,1011,,2016,68,763.0472893934693,,,,,
2016257N27280,JULIA,2016-09-19 09:00:00,32.6,-78.0, , ,,2016,68,789.5293367815547,,,,,
2016257N27280,JULIA,2016-09-19 12:00:00,32.8,-77.7,30,1011,,2016,68,818.9997610836597,,,,,
2016257N27280,JULIA,2016-09-19 15:00:00,33.0,-77.4, , ,,2016,68,848.9892979923785,,,,,
2016257N27280,JULIA,2016-09-19 18:00:00,33.2,-77.0,30,1011,,2016,68,882.7698942032104,,,,,
2016257N27280,JULIA,2016-09-19 21:00:00,33.4,-76.7, , ,,2016,68,913.8130345160891,,,,,
2016257N27280,JULIA,2016-09-20 00:00:00,33.6,-76.5,30,1011,,2016,68,941.5127104756726,,,,,
2016257N27280,JULIA,2016-09-20 03:00:00,33.9,-76.3, , ,,2016,68,979.4687139184164,,,,,
2016257N27280,JULIA,2016-09-20 06:00:00,34.3,-76.1,30,1011,,2016,68,1027.5998393269656,,,,,
2016257N27280,JULIA,2016-09-20 09:00:00,34.7,-76.0, , ,,2016,68,1072.064924272761,,,,,
2016257N27280,JULIA,2016-09-20 12:00:00,35.0,-76.0,25,1011,,2016,68,1102.8156079404912,,,,,
2016257N27280,JULIA,2016-09-20 15:00:00,35.3,-76.1, , ,,2016,68,1130.3726457925668,,,,,
2016257N27280,JULIA,2016-09-20 18:00:00,35.5,-76.3,25,1011,,2016,68,1144.779394548032,,,,,
2016257N27280,JULIA,2016-09-20 21:00:00,35.6,-76.6, , ,,2016,68,1146.36069789084,,,,,
2016257N27280,JULIA,2016-09-21 00:00:00,35.6,-76.9,25,1011,,2016,68,1138.1370503395856,,,,,
2016257N27280,JULIA,2016-09-21 03:00:00,35.5,-77.2, , ,,2016,68,1119.8636244067322,,,,,
2016257N27280,JULIA,2016-09-21 06:00:00,35.4,-77.4,20,1012,,2016,68,1104.3922483237202,,,,,
2016273N13300,MATTHEW,2016-09-28 12:00:00,13.4,-59.8,50,1009,,2016,75,2534.4312102009367,,,,,
2016273N13300,MATTHEW,2016-09-28 15:00:00,13.5,-60.5, , ,,2016,75,2466.778705753655,,,,,
2016273N13300,MATTHEW,2016-09-28 18:00:00,13.6,-61.2,50,1008,,2016,75,2399.5505885641983,,,,,
2016273N13300,MATTHEW,2016-09-28 21:00:00,13.8,-61.9, , ,,2016,75,2325.9722782396916,,,,,
2016273N13300,MATTHEW,2016-09-29 00:00:00,13.9,-62.6,55,1004,,2016,75,2259.5867841115764,,,,,
2016273N13300,MATTHEW,2016-09-29 03:00:00,14.0,-63.3, , ,,2016,75,2193.733855776915,,,,,
2016273N13300,MATTHEW,2016-09-29 06:00:00,14.0,-64.0,55,1002,,2016,75,2135.6259926731273,,,,,
2016273N13300,MATTHEW,2016-09-29 09:00:00,14.0,-64.8, , ,,2016,75,2070.3586662238167,,,,,
2016273N13300,MATTHEW,2016-09-29 12:00:00,14.1,-65.5,60,995,,2016,75,2006.810487853276,,,,,
2016273N13300,MATTHEW,2016-09-29 15:00:00,14.2,-66.2, , ,,2016,75,1944.0425487863624,,,,,
2016273N13300,MATTHEW,2016-09-29 18:00:00,14.2,-66.9,65,993,,2016,75,1889.962431427532,,,,,
2016273N13300,MATTHEW,2016-09-29 21:00:00,14.2,-67.5, , ,,2016,75,1844.636873646746,,,,,
2016273N13300,MATTHEW,2016-09-30 00:00:00,14.2,-68.1,70,987,,2016,75,1800.337446082582,,,,,
2016273N13300,MATTHEW,2016-09-30 03:00:00,14.1,-68.7, , ,,2016,75,1765.521792750566,,,,,
2016273N13300,MATTHEW,2016-09-30 06:00:00,14.0,-69.3,85,979,,2016,75,1732.2837864866767,,,,,
2016273N13300,MATTHEW,2016-09-30 09:00:00,13.9,-69.9, , ,,2016,75,1700.720640259936,,,,,
2016273N13300,MATTHEW,2016-09-30 12:00:00,13.8,-70.4,100,968,,2016,75,1677.2671710153766,,,,,
2016273N13300,MATTHEW,2016-09-30 15:00:00,13.6,-70.8, , ,,2016,75,1670.447407800676,,,,,
2016273N13300,MATTHEW,2016-09-30 18:00:00,13.5,-71.2,120,955,,2016,75,1655.5739922263372,,,,,
2016273N13300,MATTHEW,2016-09-30 21:00:00,13.4,-71.6, , ,,2016,75,1641.6766962703675,,,,,
2016273N13300,MATTHEW,2016-10-01 00:00:00,13.4,-71.9,145,942,,2016,75,1624.7556872950856,,,,,
2016273N13300,MATTHEW,2016-10-01 03:00:00,13.4,-72.2, , ,,2016,75,1608.266882541289,,,,,
2016273N13300,MATTHEW,2016-10-01 06:00:00,13.4,-72.5,140,942,,2016,75,1592.223762509018,,,,,
2016273N13300,MATTHEW,2016-10-01 09:00:00,13.4,-72.8, , ,,2016,75,1576.6399839282149,,,,,
2016273N13300,MATTHEW,2016-10-01 12:00:00,13.4,-73.1,135,944,,2016,75,1561.5293492319345,,,,,
2016273N13300,MATTHEW,2016-10-01 15:00:00,13.4,-73.2, , ,,2016,75,1556.6000164526831,,,,,
2016273N13300,MATTHEW,2016-10-01 18:00:00,13.4,-73.3,130,942,,2016,75,1551.725318066605,,,,,
2016273N13300,MATTHEW,2016-10-01 21:00:00,13.4,-73.4, , ,,2016,75,1546.9057722915445,,,,,
2016273N13300,MATTHEW,2016-10-02 00:00:00,13.5,-73.5,130,940,,2016,75,1532.1523932295895,,,,,
2016273N13300,MATTHEW,2016-10-02 03:00:00,13.6,-73.7, , ,,2016,75,1512.7064547394004,,,,,
2016273N13300,MATTHEW,2016-10-02 06:00:00,13.7,-73.9,125,941,,2016,75,1493.3920514388751,,,,,
2016273N13300,MATTHEW,2016-10-02 09:00:00,13.8,-74.1, , ,,2016,75,1474.21393253804,,,,,
2016273N13300,MATTHEW,2016-10-02 12:00:00,14.0,-74.3,130,947,,2016,75,1445.033619117835,,,,,
2016273N13300,MATTHEW,2016-10-02 15:00:00,14.1,-74.5, , ,,2016,75,1426.100169204613,,,,,
2016273N13300,MATTHEW,2016-10-02 18:00:00,14.2,-74.7,135,945,,2016,75,1407.318352962349,,,,,
2016273N13300,MATTHEW,2016-10-02 21:00:00,14.3,-74.9, , ,,2016,75,1388.6938590822742,,,,,
2016273N13300,MATTHEW,2016-10-03 00:00:00,14.5,-75.0,130,944,,2016,75,1364.024379119153,,,,,
2016273N13300,MATTHEW,2016-10-03 03:00:00,14.7,-75.0, , ,,2016,75,1343.5130885820022,,,,,
2016273N13300,MATTHEW,2016-10-03 06:00:00,14.9,-75.0,125,942,,2016,75,1323.056781575095,,,,,
2016273N13300,MATTHEW,2016-10-03 09:00:00,15.1,-75.0, , ,,2016,75,1302.658048866054,,,,,
2016273N13300,MATTHEW,2016-10-03 12:00:00,15.4,-75.0,125,941,,2016,75,1272.1739588537612,,,,,
2016273N13300,MATTHEW,2016-10-03 15:00:00,15.6,-75.0, , ,,2016,75,1251.9315572378766,,,,,
2016273N13300,MATTHEW,2016-10-03 18:00:00,15.9,-74.9,125,938,,2016,75,1226.304641511635,,,,,
2016273N13300,MATTHEW,2016-10-03 21:00:00,16.2,-74.8, , ,,2016,75,1201.1278668570474,,,,,
2016273N13300,MATTHEW,2016-10-04 00:00:00,16.6,-74.6,130,934,,2016,75,1171.701542544975,,,,,
2016273N13300,MATTHEW,2016-10-04 03:00:00,17.0,-74.5, , ,,2016,75,1138.188209549889,,,,,
2016273N13300,MATTHEW,2016-10-04 06:00:00,17.5,-74.4,130,934,,2016,75,1096.0743270003422,,,,,
2016273N13300,MATTHEW,2016-10-04 09:00:00,18.0,-74.3, , ,,2016,75,1055.2653555806164,,,,,
2016273N13300,MATTHEW,2016-10-04 11:00:00,18.3,-74.3,130,935,,2016,75,1027.8125215610737,,,,,
2016273N13300,MATTHEW,2016-10-04 12:00:00,18.4,-74.3,125,937,,2016,75,1018.7392196425122,,,,,
2016273N13300,MATTHEW,2016-10-04 15:00:00,18.8,-74.3, , ,,2016,75,982.8628676298456,,,,,
2016273N13300,MATTHEW,2016-10-04 18:00:00,19.3,-74.3,120,947,,2016,75,939.0445296673702,,,,,
2016273N13300,MATTHEW,2016-10-04 21:00:00,19.7,-74.3, , ,,2016,75,904.9150006509136,,,,,
2016273N13300,MATTHEW,2016-10-05 00:00:00,20.1,-74.3,115,949,,2016,75,871.7126273464513,,,,,
2016273N13300,MATTHEW,2016-10-05 03:00:00,20.4,-74.3, , ,,2016,75,847.4849654990849,,,,,
2016273N13300,MATTHEW,2016-10-05 06:00:00,20.7,-74.4,110,960,,2016,75,816.464929721553,,,,,
2016273N13300,MATTHEW,2016-10-05 09:00:00,21.0,-74.6, , ,,2016,75,778.2916607256487,,,,,
2016273N13300,MATTHEW,2016-10-05 12:00:00,21.4,-74.8,105,962,,2016,75,732.7237098693619,,,,,
2016273N13300,MATTHEW,2016-10-05 15:00:00,21.8,-75.1, , ,,2016,75,679.9256993479561,,,,,
2016273N13300,MATTHEW,2016-10-05 18:00:00,22.2,-75.4,105,963,,2016,75,627.4632816783413,,,,,
2016273N13300,MATTHEW,2016-10-05 21:00:00,22.6,-75.7, , ,,2016,75,575.4164467353651,,,,,
2016273N13300,MATTHEW,2016-10-06 00:00:00,23.0,-76.0,105,960,,2016,75,523.895757914153,,,,,
2016273N13300,MATTHEW,2016-10-06 03:00:00,23.4,-76.3, , ,,2016,75,473.0580348383205,,,,,
2016273N13300,MATTHEW,2016-10-06 06:00:00,23.8,-76.7,110,952,,2016,75,414.5155627159217,,,,,
2016273N13300,MATTHEW,2016-10-06 09:00:00,24.2,-77.1, , ,,2016,75,356.72782584976966,,,,,
2016273N13300,MATTHEW,2016-10-06 12:00:00,24.7,-77.5,120,937,,2016,75,295.36712209699573,,,,,
2016273N13300,MATTHEW,2016-10-06 15:00:00,25.2,-77.9, , ,,2016,75,238.3720930068276,,,,,
2016273N13300,MATTHEW,2016-10-06 18:00:00,25.7,-78.3,120,937,,2016,75,189.62263745414273,,,,,
2016273N13300,MATTHEW,2016-10-06 21:00:00,26.2,-78.7, , ,,2016,75,156.87784420095466,,,,,
2016273N13300,MATTHEW,2016-10-07 00:00:00,26.7,-79.0,115,937,,2016,75,158.16528858032848,,,,,
2016273N13300,MATTHEW,2016-10-07 03:00:00,27.2,-79.4, , ,,2016,75,178.29208776537595,,,,,
2016273N13300,MATTHEW,2016-10-07 06:00:00,27.7,-79.7,110,939,,2016,75,220.992941604746,,,,,
2016273N13300,MATTHEW,2016-10-07 09:00:00,28.3,-80.0, , ,,2016,75,282.8845148681006,,,,,
2016273N13300,MATTHEW,2016-10-07 12:00:00,28.9,-80.3,105,944,,2016,75,349.1266089848629,,,,,
2016273N13300,MATTHEW,2016-10-07 15:00:00,29.3,-80.6, , ,,2016,75,395.4932969231878,,,,,
2016273N13300,MATTHEW,2016-10-07 18:00:00,29.7,-80.7,100,946,,2016,75,440.7642298358773,,,,,
2016273N13300,MATTHEW,2016-10-07 21:00:00,30.2,-80.7, , ,,2016,75,496.03078814986054,,,,,
2016273N13300,MATTHEW,2016-10-08 00:00:00,30.7,-80.6,95,949,,2016,75,550.566510292786,,,,,
2016273N13300,MATTHEW,2016-10-08 03:00:00,31.1,-80.6, , ,,2016,75,594.9305743540302,,,,,
2016273N13300,MATTHEW,2016-10-08 06:00:00,31.6,-80.6,85,953,,2016,75,650.4074757443494,,,,,
2016273N13300,MATTHEW,2016-10-08 09:00:00,32.1,-80.5,85,957,,2016,75,705.4234813322379,,,,,
2016273N13300,MATTHEW,2016-10-08 12:00:00,32.5,-79.9,80,963,,2016,75,749.79944611388,,,,,
2016273N13300,MATTHEW,2016-10-08 15:00:00,33.0,-79.5,75,967,,2016,75,807.6413929678077,,,,,
2016273N13300,MATTHEW,2016-10-08 18:00:00,33.5,-79.0,70,973,,2016,75,868.1130133111003,,,,,
2016273N13300,MATTHEW,2016-10-08 21:00:00,33.7,-78.2, , ,,2016,75,903.3422848840491,,,,,
2016273N13300,MATTHEW,2016-10-09 00:00:00,33.9,-77.3,70,981,,2016,75,946.8153698019116,,,,,
2016273N13300,MATTHEW,2016-10-09 03:00:00,34.3,-76.6, , ,,2016,75,1010.1962674478234,,,,,
2016273N13300,MATTHEW,2016-10-09 06:00:00,34.7,-76.0,70,983,,2016,75,1072.064924272761,,,,,
2016273N13300,MATTHEW,2016-10-09 09:00:00,34.9,-75.3, , ,,2016,75,1118.912025693047,,,,,
2016273N13300,MATTHEW,2016-10-09 12:00:00,35.0,-74.5,65,984,,2016,75,1162.7454235459468,,,,,
2016273N13300,MATTHEW,2016-10-09 15:00:00,35.1,-73.7, , ,,2016,75,1209.8592245714558,,,,,
2016273N13300,MATTHEW,2016-10-09 18:00:00,35.2,-72.8,60,987,,2016,75,1265.179236236217,,,,,
2016273N13300,MATTHEW,2016-10-09 21:00:00,35.3,-71.9, , ,,2016,75,1323.760877856426,,,,,
2016273N13300,MATTHEW,2016-10-10 00:00:00,35.3,-71.1,55,990,,2016,75,1370.8345723702162,,,,,
2017212N28275,EMILY,2017-07-30 18:00:00,28.4,-85.4,30,1009,,2017,54,593.1432789713286,,,,,
2017212N28275,EMILY,2017-07-30 21:00:00,28.2,-85.0, , ,,2017,54,548.1159414933953,,,,,
2017212N28275,EMILY,2017-07-31 00:00:00,28.0,-84.6,35,1008,,2017,54,503.0226701577713,,,,,
2017212N28275,EMILY,2017-07-31 03:00:00,27.8,-84.3, , ,,2017,54,466.51331100059355,,,,,
2017212N28275,EMILY,2017-07-31 06:00:00,27.7,-83.9,40,1006,,2017,54,426.6624213773121,,,,,
2017212N28275,EMILY,2017-07-31 09:00:00,27.6,-83.5, , ,,2017,54,387.03450620316505,,,,,
2017212N28275,EMILY,2017-07-31 12:00:00,27.5,-83.1,45,1003,,2017,54,347.71865526897665,,,,,
2017212N28275,EMILY,2017-07-31 14:45:00,27.5,-82.7,50,1001,,2017,54,315.44725091514016,,,,,
2017212N28275,EMILY,2017-07-31 15:00:00,27.5,-82.7, , ,,2017,54,315.44725091514016,,,,,
2017212N28275,EMILY,2017-07-31 18:00:00,27.5,-82.2,35,1005,,2017,54,277.8487873378926,,,,,
2017212N28275,EMILY,2017-07-31 21:00:00,27.5,-81.7, , ,,2017,54,244.6051680764773,,,,,
2017212N28275,EMILY,2017-08-01 00:00:00,27.5,-81.3,30,1006,,2017,54,222.4705997600081,,,,,
2017212N28275,EMILY,2017-08-01 03:00:00,27.6,-80.8, , ,,2017,54,213.1531220681758,,,,,
2017212N28275,EMILY,2017-08-01 06:00:00,27.8,-80.4,30,1008,,2017,54,227.5888057083892,,,,,
2017212N28275,EMILY,2017-08-01 09:00:00,28.2,-80.0, , ,,2017,54,271.7917489094566,,,,,
2017212N28275,EMILY,2017-08-01 12:00:00,28.7,-79.5,30,1010,,2017,54,333.80412181206475,,,,,
2017212N28275,EMILY,2017-08-01 15:00:00,29.2,-79.0, , ,,2017,54,399.9807349733246,,,,,
2017212N28275,EMILY,2017-08-01 18:00:00,29.7,-78.6,30,1010,,2017,54,465.0813171025304,,,,,
2017212N28275,EMILY,2017-08-01 21:00:00,30.2,-78.3, , ,,2017,54,527.2910746057149,,,,,
2017212N28275,EMILY,2017-08-02 00:00:00,30.7,-78.1,30,1011,,2017,54,586.0654975786726,,,,,
2017242N16333,IRMA,2017-08-30 00:00:00,16.1,-26.9,30,1008,,2017,66,5601.565453976853,,,,,
2017242N16333,IRMA,2017-08-30 03:00:00,16.1,-27.6, , ,,2017,66,5531.465505750639,,,,,
2017242N16333,IRMA,2017-08-30 06:00:00,16.2,-28.3,35,1007,,2017,66,5457.500137898502,,,,,
2017242N16333,IRMA,2017-08-30 09:00:00,16.3,-29.0, , ,,2017,66,5383.550185506063,,,,,
2017242N16333,IRMA,2017-08-30 12:00:00,16.3,-29.7,45,1006,,2017,66,5313.457205330943,,,,,
2017242N16333,IRMA,2017-08-30 15:00:00,16.3,-30.3, , ,,2017,66,5253.382640080831,,,,,
2017242N16333,IRMA,2017-08-30 18:00:00,16.3,-30.8,50,1004,,2017,66,5203.325179870508,,,,,
2017242N16333,IRMA,2017-08-30 21:00:00,16.3,-31.3, , ,,2017,66,5153.272851467486,,,,,
2017242N16333,IRMA,2017-08-31 00:00:00,16.3,-31.7,55,999,,2017,66,5113.235251701141,,,,,
2017242N16333,IRMA,2017-08-31 03:00:00,16.3,-32.1, , ,,2017,66,5073.201921025152,,,,,
2017242N16333,IRMA,2017-08-31 06:00:00,16.4,-32.5,65,994,,2017,66,5029.315187259037,,,,,
2017242N16333,IRMA,2017-08-31 09:00:00,16.5,-32.9, , ,,2017,66,4985.443393991066,,,,,
2017242N16333,IRMA,2017-08-31 12:00:00,16.7,-33.4,80,983,,2017,66,4927.765657985585,,,,,
2017242N16333,IRMA,2017-08-31 15:00:00,16.9,-33.8, , ,,2017,66,4880.155814859512,,,,,
2017242N16333,IRMA,2017-08-31 18:00:00,17.1,-34.2,95,970,,2017,66,4832.608414414722,,,,,
2017242N16333,IRMA,2017-08-31 21:00:00,17.3,-34.6, , ,,2017,66,4785.124937759288,,,,,
2017242N16333,IRMA,2017-09-01 00:00:00,17.5,-35.1,100,967,,2017,66,4727.697677364228,,,,,
2017242N16333,IRMA,2017-09-01 03:00:00,17.7,-35.6, , ,,2017,66,4670.336659976624,,,,,
2017242N16333,IRMA,2017-09-01 06:00:00,17.9,-36.1,100,967,,2017,66,4613.04349990585,,,,,
2017242N16333,IRMA,2017-09-01 09:00:00,18.1,-36.7, , ,,2017,66,4545.8100585560305,,,,,
2017242N16333,IRMA,2017-09-01 12:00:00,18.4,-37.3,100,967,,2017,66,4475.123797039212,,,,,
2017242N16333,IRMA,2017-09-01 15:00:00,18.6,-37.9, , ,,2017,66,4408.071154543946,,,,,
2017242N16333,IRMA,2017-09-01 18:00:00,18.8,-38.5,100,967,,2017,66,4341.093963860437,,,,,
2017242N16333,IRMA,2017-09-01 21:00:00,19.0,-39.1, , ,,2017,66,4274.194152608303,,,,,
2017242N16333,IRMA,2017-09-02 00:00:00,19.1,-39.7,100,967,,2017,66,4210.74231244,,,,,
2017242N16333,IRMA,2017-09-02 03:00:00,19.1,-40.4, , ,,2017,66,4140.677203863837,,,,,
2017242N16333,IRMA,2017-09-02 06:00:00,19.1,-41.1,100,967,,2017,66,4070.626156675103,,,,,
2017242N16333,IRMA,2017-09-02 09:00:00,19.0,-41.8, , ,,2017,66,4004.005693059304,,,,,
2017242N16333,IRMA,2017-09-02 12:00:00,18.9,-42.6,95,973,,2017,66,3927.4525945233017,,,,,
2017242N16333,IRMA,2017-09-02 15:00:00,18.8,-43.4, , ,,2017,66,3850.985028047397,,,,,
2017242N16333,IRMA,2017-09-02 18:00:00,18.7,-44.1,95,973,,2017,66,3784.598706259868,,,,,
2017242N16333,IRMA,2017-09-02 21:00:00,18.6,-44.8, , ,,2017,66,3718.307019459888,,,,,
2017242N16333,IRMA,2017-09-03 00:00:00,18.5,-45.5,95,973,,2017,66,3652.1206131218546,,,,,
2017242N16333,IRMA,2017-09-03 03:00:00,18.4,-46.1, , ,,2017,66,3596.00706295987,,,,,
2017242N16333,IRMA,2017-09-03 06:00:00,18.2,-46.7,95,973,,2017,66,3543.7411130566534,,,,,
2017242N16333,IRMA,2017-09-03 09:00:00,18.0,-47.3, , ,,2017,66,3491.72079620378,,,,,
2017242N16333,IRMA,2017-09-03 12:00:00,17.9,-47.9,100,969,,2017,66,3436.061922277284,,,,,
2017242N16333,IRMA,2017-09-03 15:00:00,17.7,-48.5, , ,,2017,66,3384.503532405858,,,,,
2017242N16333,IRMA,2017-09-03 18:00:00,17.6,-49.2,100,965,,2017,66,3319.3209902824374,,,,,
2017242N16333,IRMA,2017-09-03 21:00:00,17.4,-49.8, , ,,2017,66,3268.31679000872,,,,,
2017242N16333,IRMA,2017-09-04 00:00:00,17.3,-50.4,100,959,,2017,66,3213.4411763257235,,,,,
2017242N16333,IRMA,2017-09-04 03:00:00,17.1,-51.0, , ,,2017,66,3163.0477314223244,,,,,
2017242N16333,IRMA,2017-09-04 06:00:00,17.0,-51.5,105,952,,2017,66,3118.4310008370885,,,,,
2017242N16333,IRMA,2017-09-04 09:00:00,16.9,-52.0, , ,,2017,66,3073.993982119722,,,,,
2017242N16333,IRMA,2017-09-04 12:00:00,16.8,-52.6,110,945,,2017,66,3020.01792300428,,,,,
2017242N16333,IRMA,2017-09-04 15:00:00,16.7,-53.2, , ,,2017,66,2966.3006352545367,,,,,
2017242N16333,IRMA,2017-09-04 18:00:00,16.7,-53.9,115,944,,2017,66,2898.5197030325007,,,,,
2017242N16333,IRMA,2017-09-04 21:00:00,16.6,-54.5, , ,,2017,66,2845.320954909208,,,,,
2017242N16333,IRMA,2017-09-05 00:00:00,16.6,-55.1,125,943,,2017,66,2787.6061540432183,,,,,
2017242N16333,IRMA,2017-09-05 03:00:00,16.6,-55.7, , ,,2017,66,2730.0658488886647,,,,,
2017242N16333,IRMA,2017-09-05 06:00:00,16.6,-56.4,135,933,,2017,66,2663.1723685120314,,,,,
2017242N16333,IRMA,2017-09-05 09:00:00,16.6,-57.1, , ,,2017,66,2596.554163325955,,,,,
2017242N16333,IRMA,2017-09-05 12:00:00,16.7,-57.8,150,929,,2017,66,2525.1176625946605,,,,,
2017242N16333,IRMA,2017-09-05 15:00:00,16.8,-58.5, , ,,2017,66,2453.8521584656814,,,,,
2017242N16333,IRMA,2017-09-05 18:00:00,16.9,-59.2,155,926,,2017,66,2382.7705359383676,,,,,
2017242N16333,IRMA,2017-09-05 21:00:00,17.1,-59.9, , ,,2017,66,2306.623407783721,,,,,
2017242N16333,IRMA,2017-09-06 00:00:00,17.3,-60.6,155,915,,2017,66,2230.5904160929776,,,,,
2017242N16333,IRMA,2017-09-06 03:00:00,17.6,-61.1, , ,,2017,66,2168.0852777053724,,,,,
2017242N16333,IRMA,2017-09-06 05:45:00,17.7,-61.8,155,914,,2017,66,2097.4919431024464,,,,,
2017242N16333,IRMA,2017-09-06 06:00:00,17.7,-61.9,155,914,,2017,66,2088.1862890067187,,,,,
2017242N16333,IRMA,2017-09-06 09:00:00,17.9,-62.7, , ,,2017,66,2003.2354499033504,,,,,
2017242N16333,IRMA,2017-09-06 11:15:00,18.1,-63.1,155,914,,2017,66,1955.4542863277195,,,,,
2017242N16333,IRMA,2017-09-06 12:00:00,18.1,-63.3,155,915,,2017,66,1936.9557483485655,,,,,
2017242N16333,IRMA,2017-09-06 15:00:00,18.3,-64.1, , ,,2017,66,1852.3585213605195,,,,,
2017242N16333,IRMA,2017-09-06 16:30:00,18.5,-64.4,155,915,,2017,66,1813.8685401145983,,,,,
2017242N16333,IRMA,2017-09-06 18:00:00,18.6,-64.7,150,916,,2017,66,1780.8451770669114,,,,,
2017242N16333,IRMA,2017-09-06 21:00:00,18.9,-65.4, , ,,2017,66,1700.2462073824497,,,,,
2017242N16333,IRMA,2017-09-07 00:00:00,19.2,-66.2,150,916,,2017,66,1610.614025821499,,,,,
2017242N16333,IRMA,2017-09-07 03:00:00,19.5,-66.9, , ,,2017,66,1530.2668651231756,,,,,
2017242N16333,IRMA,2017-09-07 06:00:00,19.7,-67.6,145,920,,2017,66,1455.552992420895,,,,,
2017242N16333,IRMA,2017-09-07 09:00:00,19.9,-68.3, , ,,2017,66,1381.0486899202556,,,,,
2017242N16333,IRMA,2017-09-07 12:00:00,20.2,-69.0,145,921,,2017,66,1301.1037289156218,,,,,
2017242N16333,IRMA,2017-09-07 15:00:00,20.5,-69.7, , ,,2017,66,1221.297209882615,,,,,
2017242N16333,IRMA,2017-09-07 18:00:00,20.7,-70.4,145,922,,2017,66,1147.3605597875987,,,,,
2017242N16333,IRMA,2017-09-07 21:00:00,20.9,-71.1, , ,,2017,66,1073.728549884034,,,,,
2017242N16333,IRMA,2017-09-08 00:00:00,21.1,-71.8,140,919,,2017,66,1000.4496299969672,,,,,
2017242N16333,IRMA,2017-09-08 03:00:00,21.4,-72.5, , ,,2017,66,921.4449499632218,,,,,
2017242N16333,IRMA,2017-09-08 05:00:00,21.5,-73.0,135,924,,2017,66,872.2458368467081,,,,,
2017242N16333,IRMA,2017-09-08 06:00:00,21.5,-73.2,135,925,,2017,66,855.2237793731491,,,,,
2017242N16333,IRMA,2017-09-08 09:00:00,21.6,-73.9, , ,,2017,66,790.126596164651,,,,,
2017242N16333,IRMA,2017-09-08 12:00:00,21.8,-74.7,135,927,,2017,66,711.402520426243,,,,,
2017242N16333,IRMA,2017-09-08 15:00:00,21.9,-75.4, , ,,2017,66,649.4426188648649,,,,,
2017242N16333,IRMA,2017-09-08 18:00:00,22.0,-76.0,140,925,,2017,66,597.0695073488038,,,,,
2017242N16333,IRMA,2017-09-08 21:00:00,22.0,-76.6, , ,,2017,66,555.1990949470527,,,,,
2017242N16333,IRMA,2017-09-09 00:00:00,22.1,-77.2,145,924,,2017,66,508.12334034678065,,,,,
2017242N16333,IRMA,2017-09-09 03:00:00,22.3,-77.9,145,924,,2017,66,449.7895403765838,,,,,
2017242N16333,IRMA,2017-09-09 06:00:00,22.4,-78.3,130,930,,2017,66,420.2327857228224,,,,,
2017242N16333,IRMA,2017-09-09 09:00:00,22.5,-78.8, , ,,2017,66,389.2032691555737,,,,,
2017242N16333,IRMA,2017-09-09 12:00:00,22.7,-79.3,110,941,,2017,66,352.2457575358705,,,,,
2017242N16333,IRMA,2017-09-09 15:00:00,22.9,-79.8, , ,,2017,66,320.67224422199155,,,,,
2017242N16333,IRMA,2017-09-09 18:00:00,23.1,-80.2,95,938,,2017,66,295.96870015881814,,,,,
2017242N16333,IRMA,2017-09-09 21:00:00,23.3,-80.6, , ,,2017,66,276.8248303881644,,,,,
2017242N16333,IRMA,2017-09-10 00:00:00,23.4,-80.9,100,932,,2017,66,272.1958120819894,,,,,
2017242N16333,IRMA,2017-09-10 03:00:00,23.5,-81.1, , ,,2017,66,267.7165806904713,,,,,
2017242N16333,IRMA,2017-09-10 06:00:00,23.7,-81.3,115,930,,2017,66,255.1089839408892,,,,,
2017242N16333,IRMA,2017-09-10 09:00:00,24.0,-81.4, , ,,2017,66,230.70661603210823,,,,,
2017242N16333,IRMA,2017-09-10 12:00:00,24.5,-81.5,115,931,,2017,66,192.4187942999413,,,,,
2017242N16333,IRMA,2017-09-10 13:00:00,24.7,-81.5,115,931,,2017,66,176.78077074451386,,,,,
2017242N16333,IRMA,2017-09-10 15:00:00,25.1,-81.6, , ,,2017,66,159.40688411313246,,,,,
2017242N16333,IRMA,2017-09-10 18:00:00,25.6,-81.7,100,936,,2017,66,152.20354252308172,,,,,
2017242N16333,IRMA,2017-09-10 19:30:00,25.9,-81.7,100,936,,2017,66,151.7283516882947,,,,,
2017242N16333,IRMA,2017-09-10 21:00:00,26.2,-81.7, , ,,2017,66,158.43682094440737,,,,,
2017242N16333,IRMA,2017-09-11 00:00:00,26.8,-81.7,80,942,,2017,66,189.57629272625397,,,,,
2017242N16333,IRMA,2017-09-11 03:00:00,27.5,-81.9, , ,,2017,66,257.26702585422316,,,,,
2017242N16333,IRMA,2017-09-11 06:00:00,28.2,-82.2,65,961,,2017,66,336.30048251848314,,,,,
2017242N16333,IRMA,2017-09-11 09:00:00,28.9,-82.4, , ,,2017,66,411.5017010685965,,,,,
2017242N16333,IRMA,2017-09-11 12:00:00,29.6,-82.7,50,970,,2017,66,493.06447772736226,,,,,
2017242N16333,IRMA,2017-09-11 15:00:00,30.3,-83.1, , ,,2017,66,579.7003998723537,,,,,
2017242N16333,IRMA,2017-09-11 18:00:00,30.9,-83.5,45,980,,2017,66,656.619056302563,,,,,
2017242N16333,IRMA,2017-09-11 21:00:00,31.4,-83.9, , ,,2017,66,723.8531547184731,,,,,
2017242N16333,IRMA,2017-09-12 00:00:00,31.9,-84.4,35,986,,2017,66,795.9829482170923,,,,,
2017242N16333,IRMA,2017-09-12 03:00:00,32.4,-85.0, , ,,2017,66,873.3136317369281,,,,,
2017242N16333,IRMA,2017-09-12 06:00:00,32.9,-85.6,25,997,,2017,66,950.8668139724068,,,,,
2017242N16333,IRMA,2017-09-12 09:00:00,33.3,-86.3, , ,,2017,66,1025.0779136606957,,,,,
2017242N16333,IRMA,2017-09-12 12:00:00,33.8,-86.9,20,1000,,2017,66,1102.9787647717342,,,,,
2017242N16333,IRMA,2017-09-12 15:00:00,34.3,-87.5, , ,,2017,66,1180.8295318486746,,,,,
2017242N16333,IRMA,2017-09-12 18:00:00,34.8,-88.1,15,1003,,2017,66,1258.5898453834868,,,,,
2017242N16333,IRMA,2017-09-12 21:00:00,35.2,-88.5, , ,,2017,66,1316.0852699601069,,,,,
2017242N16333,IRMA,2017-09-13 00:00:00,35.6,-88.9,15,1004,,2017,66,1373.466648165663,,,,,
2017242N16333,IRMA,2017-09-13 03:00:00,35.9,-89.2, , ,,2017,66,1416.4260498775286,,,,,
2017242N16333,IRMA,2017-09-13 06:00:00,36.2,-89.5,15,1004,,2017,66,1459.3184546008697,,,,,
2017242N16333,IRMA,2017-09-13 09:00:00,36.5,-89.8, , ,,2017,66,1502.1427373695171,,,,,
2017242N16333,IRMA,2017-09-13 12:00:00,36.8,-90.1,15,1005,,2017,66,1544.8978167417447,,,,,
2018246N22283,GORDON,2018-09-02 18:00:00,22.4,-77.0,25,1012,,2018,73,494.6396642896195,,,,,
2018246N22283,GORDON,2018-09-02 21:00:00,22.8,-77.6, , ,,2018,73,421.23741525190667,,,,,
2018246N22283,GORDON,2018-09-03 00:00:00,23.3,-78.2,25,1011,,2018,73,339.8727198651138,,,,,
2018246N22283,GORDON,2018-09-03 03:00:00,23.8,-78.8, , ,,2018,73,259.46289002256333,,,,,
2018246N22283,GORDON,2018-09-03 06:00:00,24.2,-79.4,30,1009,,2018,73,191.1124714491117,,,,,
2018246N22283,GORDON,2018-09-03 09:00:00,24.6,-80.0,35,1008,,2018,73,130.60897552087246,,,,,
2018246N22283,GORDON,2018-09-03 11:15:00,25.0,-80.5,45,1006,,2018,73,90.17905247215585,,,,,
2018246N22283,GORDON,2018-09-03 12:00:00,25.1,-80.7,45,1006,,2018,73,89.54366281744889,,,,,
2018246N22283,GORDON,2018-09-03 13:15:00,25.2,-80.9,45,1006,,2018,73,94.62820456948842,,,,,
2018246N22283,GORDON,2018-09-03 15:00:00,25.4,-81.2, , ,,2018,73,108.82215880955984,,,,,
2018246N22283,GORDON,2018-09-03 18:00:00,25.8,-81.9,50,1004,,2018,73,171.0888351241536,,,,,
2018246N22283,GORDON,2018-09-03 21:00:00,26.2,-82.6, , ,,2018,73,245.59780185453437,,,,,
2018246N22283,GORDON,2018-09-04 00:00:00,26.6,-83.3,55,1003,,2018,73,323.85081109324574,,,,,
2018246N22283,GORDON,2018-09-04 03:00:00,26.9,-84.1, , ,,2018,73,409.510032475934,,,,,
2018246N22283,GORDON,2018-09-04 06:00:00,27.2,-84.9,55,1002,,2018,73,495.0964813250378,,,,,
2018246N22283,GORDON,2018-09-04 09:00:00,27.6,-85.6, , ,,2018,73,574.8236416955211,,,,,
2018246N22283,GORDON,2018-09-04 12:00:00,28.1,-86.2,55,1001,,2018,73,649.7885934146428,,,,,
2018246N22283,GORDON,2018-09-04 15:00:00,28.5,-86.7, , ,,2018,73,712.2346832308804,,,,,
2018246N22283,GORDON,2018-09-04 18:00:00,28.9,-87.2,60,1000,,2018,73,775.0437401218942,,,,,
2018246N22283,GORDON,2018-09-04 21:00:00,29.3,-87.6, , ,,2018,73,829.4101395469339,,,,,
2018246N22283,GORDON,2018-09-05 00:00:00,29.8,-88.0,60,999,,2018,73,889.4122656569831,,,,,
2018246N22283,GORDON,2018-09-05 03:00:00,30.4,-88.5, , ,,2018,73,964.0685943003818,,,,,
2018246N22283,GORDON,2018-09-05 03:15:00,30.4,-88.5,60,996,,2018,73,964.0685943003818,,,,,
2018246N22283,GORDON,2018-09-05 06:00:00,30.9,-88.9,45,1002,,2018,73,1025.512329392939,,,,,
2018246N22283,GORDON,2018-09-05 09:00:00,31.4,-89.4, , ,,2018,73,1095.3890430041463,,,,,
2018246N22283,GORDON,2018-09-05 12:00:00,31.9,-89.8,30,1007,,2018,73,1157.4981057874077,,,,,
2018246N22283,GORDON,2018-09-05 15:00:00,32.2,-90.1, , ,,2018,73,1199.573496144836,,,,,
2018246N22283,GORDON,2018-09-05 18:00:00,32.5,-90.4,25,1012,,2018,73,1241.653484560575,,,,,
2018246N22283,GORDON,2018-09-05 21:00:00,32.8,-90.7, , ,,2018,73,1283.7299468004492,,,,,
2018246N22283,GORDON,2018-09-06 00:00:00,33.0,-90.9,20,1013,,2018,73,1311.7753842661496,,,,,
2018246N22283,GORDON,2018-09-06 03:00:00,33.3,-91.2, , ,,2018,73,1353.830422597988,,,,,
2018246N22283,GORDON,2018-09-06 06:00:00,33.5,-91.4,20,1014,,2018,73,1381.8558182691122,,,,,
2018246N22283,GORDON,2018-09-06 09:00:00,33.7,-91.6, , ,,2018,73,1409.8702975342862,,,,,
2018246N22283,GORDON,2018-09-06 12:00:00,33.9,-91.7,15,1014,,2018,73,1430.4110904475704,,,,,
2018246N22283,GORDON,2018-09-06 15:00:00,34.1,-91.8, , ,,2018,73,1451.029623743694,,,,,
2018246N22283,GORDON,2018-09-06 18:00:00,34.2,-91.9,15,1014,,2018,73,1465.0505759708342,,,,,
2018246N22283,GORDON,2018-09-06 21:00:00,34.3,-92.0, , ,,2018,73,1479.0672685495997,,,,,
2018246N22283,GORDON,2018-09-07 00:00:00,34.4,-92.0,15,1014,,2018,73,1485.7499394725478,,,,,
2018246N22283,GORDON,2018-09-07 03:00:00,34.5,-92.1, , ,,2018,73,1499.7731737924032,,,,,
2018246N22283,GORDON,2018-09-07 06:00:00,34.6,-92.1,15,1014,,2018,73,1506.5181535536278,,,,,
2018246N22283,GORDON,2018-09-07 09:00:00,34.8,-92.2, , ,,2018,73,1527.351805570181,,,,,
2018246N22283,GORDON,2018-09-07 12:00:00,35.0,-92.2,15,1014,,2018,73,1541.1097961910225,,,,,
2018246N22283,GORDON,2018-09-07 15:00:00,35.2,-92.2, , ,,2018,73,1555.0603088447751,,,,,
2018246N22283,GORDON,2018-09-07 18:00:00,35.5,-92.3,15,1014,,2018,73,1583.2752295421851,,,,,
2019204N25283,UNNAMED,2019-07-22 12:00:00,24.6,-77.4,25,1013,,2019,38,309.19634390579773,,,,,
2019204N25283,UNNAMED,2019-07-22 15:00:00,24.8,-77.9, , ,,2019,38,254.02715138918313,,,,,
2019204N25283,UNNAMED,2019-07-22 18:00:00,25.0,-78.4,25,1013,,2019,38,198.9353969078469,,,,,
2019204N25283,UNNAMED,2019-07-22 21:00:00,25.3,-78.9, , ,,2019,38,139.41144303445498,,,,,
2019204N25283,UNNAMED,2019-07-23 00:00:00,25.7,-79.3,25,1013,,2019,38,89.59379817733854,,,,,
2019204N25283,UNNAMED,2019-07-23 03:00:00,26.2,-79.5, , ,,2019,38,84.59926456681684,,,,,
2019204N25283,UNNAMED,2019-07-23 06:00:00,26.9,-79.6,30,1013,,2019,38,139.63859948302652,,,,,
2019204N25283,UNNAMED,2019-07-23 09:00:00,27.7,-79.8, , ,,2019,38,219.0126812059977,,,,,
2019204N25283,UNNAMED,2019-07-23 12:00:00,28.6,-80.0,30,1014,,2019,38,316.1740716587218,,,,,
2019236N10314,DORIAN,2019-08-24 06:00:00,10.3,-46.4,25,1011,,2019,53,3947.4212684397576,,,,,
2019236N10314,DORIAN,2019-08-24 09:00:00,10.3,-46.9, , ,,2019,53,3900.300807224612,,,,,
2019236N10314,DORIAN,2019-08-24 12:00:00,10.4,-47.5,30,1010,,2019,53,3838.214797471077,,,,,
2019236N10314,DORIAN,2019-08-24 15:00:00,10.5,-48.1, , ,,2019,53,3776.2339840301834,,,,,
2019236N10314,DORIAN,2019-08-24 18:00:00,10.6,-48.7,35,1008,,2019,53,3714.3629137609896,,,,,
2019236N10314,DORIAN,2019-08-24 21:00:00,10.7,-49.3, , ,,2019,53,3652.6064140090302,,,,,
2019236N10314,DORIAN,2019-08-25 00:00:00,10.8,-49.9,35,1008,,2019,53,3590.9696151764347,,,,,
2019236N10314,DORIAN,2019-08-25 03:00:00,10.9,-50.4, , ,,2019,53,3538.720150391493,,,,,
2019236N10314,DORIAN,2019-08-25 06:00:00,11.0,-51.0,35,1008,,2019,53,3477.3101723153063,,,,,
2019236N10314,DORIAN,2019-08-25 09:00:00,11.1,-51.6, , ,,2019,53,3416.036018434347,,,,,
2019236N10314,DORIAN,2019-08-25 12:00:00,11.2,-52.3,40,1007,,2019,53,3345.734097304927,,,,,
2019236N10314,DORIAN,2019-08-25 15:00:00,11.3,-52.9, , ,,2019,53,3284.785237646664,,,,,
2019236N10314,DORIAN,2019-08-25 18:00:00,11.4,-53.5,45,1007,,2019,53,3223.994792377272,,,,,
2019236N10314,DORIAN,2019-08-25 21:00:00,11.5,-54.1, , ,,2019,53,3163.3708592551084,,,,,
2019236N10314,DORIAN,2019-08-26 00:00:00,11.6,-54.7,45,1007,,2019,53,3102.9221207807545,,,,,
2019236N10314,DORIAN,2019-08-26 03:00:00,11.7,-55.4, , ,,2019,53,3033.682514688325,,,,,
2019236N10314,DORIAN,2019-08-26 06:00:00,11.9,-56.0,45,1006,,2019,53,2967.3074298293736,,,,,
2019236N10314,DORIAN,2019-08-26 09:00:00,12.0,-56.6, , ,,2019,53,2907.426893748225,,,,,
2019236N10314,DORIAN,2019-08-26 12:00:00,12.2,-57.2,45,1006,,2019,53,2841.314890512677,,,,,
2019236N10314,DORIAN,2019-08-26 15:00:00,12.4,-57.8, , ,,2019,53,2775.325803123271,,,,,
2019236N10314,DORIAN,2019-08-26 18:00:00,12.6,-58.3,45,1006,,2019,53,2718.2653426251527,,,,,
2019236N10314,DORIAN,2019-08-26 21:00:00,12.8,-58.8, , ,,2019,53,2661.2777195071885,,,,,
2019236N10314,DORIAN,2019-08-27 00:00:00,13.0,-59.2,45,1005,,2019,53,2613.1256395717396,,,,,
2019236N10314,DORIAN,2019-08-27 01:30:00,13.1,-59.4,45,1005,,2019,53,2589.063311132039,,,,,
2019236N10314,DORIAN,2019-08-27 03:00:00,13.2,-59.6, , ,,2019,53,2565.010253043061,,,,,
2019236N10314,DORIAN,2019-08-27 06:00:00,13.5,-60.2,45,1005,,2019,53,2492.907700562747,,,,,
2019236N10314,DORIAN,2019-08-27 09:00:00,13.7,-60.5, , ,,2019,53,2453.607829323589,,,,,
2019236N10314,DORIAN,2019-08-27 11:00:00,14.0,-60.9,45,1005,,2019,53,2399.06156093355,,,,,
2019236N10314,DORIAN,2019-08-27 12:00:00,14.2,-61.2,45,1005,,2019,53,2359.8146680673117,,,,,
2019236N10314,DORIAN,2019-08-27 15:00:00,14.7,-61.7, , ,,2019,53,2283.6463918068225,,,,,
2019236N10314,DORIAN,2019-08-27 18:00:00,15.0,-62.0,45,1004,,2019,53,2238.0471021847447,,,,,
2019236N10314,DORIAN,2019-08-27 21:00:00,15.4,-62.4, , ,,2019,53,2177.3747764539025,,,,,
2019236N10314,DORIAN,2019-08-28 00:00:00,15.7,-62.8,50,1003,,2019,53,2123.154997058983,,,,,
2019236N10314,DORIAN,2019-08-28 03:00:00,16.0,-63.2, , ,,2019,53,2068.997420504589,,,,,
2019236N10314,DORIAN,2019-08-28 06:00:00,16.4,-63.5,55,1001,,2019,53,2017.525089400144,,,,,
2019236N10314,DORIAN,2019-08-28 09:00:00,16.8,-63.9, , ,,2019,53,1957.4113559011948,,,,,
2019236N10314,DORIAN,2019-08-28 12:00:00,17.3,-64.2,60,999,,2019,53,1900.4456590407897,,,,,
2019236N10314,DORIAN,2019-08-28 15:00:00,17.7,-64.5, , ,,2019,53,1849.8749681308184,,,,,
2019236N10314,DORIAN,2019-08-28 15:30:00,17.8,-64.6,65,995,,2019,53,1835.026765408008,,,,,
2019236N10314,DORIAN,2019-08-28 18:00:00,18.4,-65.1,70,993,,2019,53,1755.3593996548664,,,,,
2019236N10314,DORIAN,2019-08-28 21:00:00,18.9,-65.5, , ,,2019,53,1691.0800996461912,,,,,
2019236N10314,DORIAN,2019-08-29 00:00:00,19.2,-65.7,75,989,,2019,53,1656.4853608166015,,,,,
2019236N10314,DORIAN,2019-08-29 03:00:00,19.6,-66.0, , ,,2019,53,1607.696100890731,,,,,
2019236N10314,DORIAN,2019-08-29 06:00:00,20.0,-66.3,75,988,,2019,53,1559.38992607175,,,,,
2019236N10314,DORIAN,2019-08-29 09:00:00,20.5,-66.6, , ,,2019,53,1506.80687373984,,,,,
2019236N10314,DORIAN,2019-08-29 12:00:00,21.0,-66.9,75,986,,2019,53,1455.2669551567474,,,,,
2019236N10314,DORIAN,2019-08-29 15:00:00,21.5,-67.2, , ,,2019,53,1404.8822580550263,,,,,
2019236N10314,DORIAN,2019-08-29 18:00:00,22.0,-67.4,75,983,,2019,53,1365.4410719141488,,,,,
2019236N10314,DORIAN,2019-08-29 21:00:00,22.4,-67.7, , ,,2019,53,1321.4016464324036,,,,,
2019236N10314,DORIAN,2019-08-30 00:00:00,22.8,-68.0,80,978,,2019,53,1278.2783974575923,,,,,
2019236N10314,DORIAN,2019-08-30 03:00:00,23.2,-68.4, , ,,2019,53,1226.328482897821,,,,,
2019236N10314,DORIAN,2019-08-30 06:00:00,23.5,-68.8,90,978,,2019,53,1178.1566188565694,,,,,
2019236N10314,DORIAN,2019-08-30 09:00:00,23.9,-69.2, , ,,2019,53,1128.0156553581162,,,,,
2019236N10314,DORIAN,2019-08-30 12:00:00,24.3,-69.5,95,972,,2019,53,1089.0825252856462,,,,,
2019236N10314,DORIAN,2019-08-30 15:00:00,24.6,-69.9, , ,,2019,53,1043.3880274235903,,,,,
2019236N10314,DORIAN,2019-08-30 18:00:00,24.8,-70.3,100,968,,2019,53,1000.0621454141824,,,,,
2019236N10314,DORIAN,2019-08-30 21:00:00,25.1,-70.7, , ,,2019,53,955.798208968008,,,,,
2019236N10314,DORIAN,2019-08-31 00:00:00,25.3,-71.1,115,949,,2019,53,913.506424495066,,,,,
2019236N10314,DORIAN,2019-08-31 03:00:00,25.5,-71.6, , ,,2019,53,861.6954008585503,,,,,
2019236N10314,DORIAN,2019-08-31 06:00:00,25.6,-72.1,120,947,,2019,53,810.961969106741,,,,,
2019236N10314,DORIAN,2019-08-31 09:00:00,25.8,-72.6, , ,,2019,53,760.0511071124342,,,,,
2019236N10314,DORIAN,2019-08-31 12:00:00,25.9,-73.0,125,944,,2019,53,719.8640807545646,,,,,
2019236N10314,DORIAN,2019-08-31 15:00:00,26.0,-73.5, , ,,2019,53,669.9151798699233,,,,,
2019236N10314,DORIAN,2019-08-31 18:00:00,26.1,-74.0,130,942,,2019,53,620.2631250370719,,,,,
2019236N10314,DORIAN,2019-08-31 21:00:00,26.2,-74.4, , ,,2019,53,580.9327783100453,,,,,
2019236N10314,DORIAN,2019-09-01 00:00:00,26.3,-74.7,135,939,,2019,53,551.9249801067923,,,,,
2019236N10314,DORIAN,2019-09-01 03:00:00,26.4,-75.1, , ,,2019,53,513.4231951127792,,,,,
2019236N10314,DORIAN,2019-09-01 06:00:00,26.4,-75.6,145,934,,2019,53,464.0267395972604,,,,,
2019236N10314,DORIAN,2019-09-01 09:00:00,26.5,-76.1, , ,,2019,53,416.63001859012087,,,,,
2019236N10314,DORIAN,2019-09-01 12:00:00,26.5,-76.5,155,927,,2019,53,377.56783900891526,,,,,
2019236N10314,DORIAN,2019-09-01 15:00:00,26.5,-76.8, , ,,2019,53,348.3993320340221,,,,,
2019236N10314,DORIAN,2019-09-01 16:40:00,26.5,-77.0,160,910,,2019,53,329.03100747646727,,,,,
2019236N10314,DORIAN,2019-09-01 18:00:00,26.5,-77.1,160,910,,2019,53,319.37429273070063,,,,,
2019236N10314,DORIAN,2019-09-01 21:00:00,26.5,-77.4, , ,,2019,53,290.53589993519626,,,,,
2019236N10314,DORIAN,2019-09-02 00:00:00,26.6,-77.7,155,914,,2019,53,265.5402162811308,,,,,
2019236N10314,DORIAN,2019-09-02 02:15:00,26.6,-77.8,155,914,,2019,53,256.2210503397538,,,,,
2019236N10314,DORIAN,2019-09-02 03:00:00,26.6,-77.8, , ,,2019,53,256.2210503397538,,,,,
2019236N10314,DORIAN,2019-09-02 06:00:00,26.6,-78.0,145,916,,2019,53,237.74313127199895,,,,,
2019236N10314,DORIAN,2019-09-02 09:00:00,26.6,-78.2, , ,,2019,53,219.5240840119092,,,,,
2019236N10314,DORIAN,2019-09-02 12:00:00,26.7,-78.3,135,927,,2019,53,215.61488360899443,,,,,
2019236N10314,DORIAN,2019-09-02 15:00:00,26.7,-78.4, , ,,2019,53,206.9426715098985,,,,,
2019236N10314,DORIAN,2019-09-02 18:00:00,26.8,-78.4,125,938,,2019,53,212.7003338804465,,,,,
2019236N10314,DORIAN,2019-09-02 21:00:00,26.9,-78.5, , ,,2019,53,210.82051866507635,,,,,
2019236N10314,DORIAN,2019-09-03 00:00:00,26.9,-78.5,115,944,,2019,53,210.82051866507635,,,,,
2019236N10314,DORIAN,2019-09-03 03:00:00,26.9,-78.5, , ,,2019,53,210.82051866507635,,,,,
2019236N10314,DORIAN,2019-09-03 06:00:00,27.0,-78.5,105,950,,2019,53,217.62105298096657,,,,,
2019236N10314,DORIAN,2019-09-03 09:00:00,27.0,-78.5, , ,,2019,53,217.62105298096657,,,,,
2019236N10314,DORIAN,2019-09-03 12:00:00,27.1,-78.5,100,954,,2019,53,224.76606114675235,,,,,
2019236N10314,DORIAN,2019-09-03 15:00:00,27.3,-78.5, , ,,2019,53,239.96496644182153,,,,,
2019236N10314,DORIAN,2019-09-03 18:00:00,27.6,-78.6,95,959,,2019,53,258.4408929064813,,,,,
2019236N10314,DORIAN,2019-09-03 21:00:00,27.8,-78.7, , ,,2019,53,270.73089457010127,,,,,
2019236N10314,DORIAN,2019-09-04 00:00:00,28.1,-78.8,90,959,,2019,53,294.34112114443536,,,,,
2019236N10314,DORIAN,2019-09-04 03:00:00,28.4,-79.0, , ,,2019,53,316.1980824067325,,,,,
2019236N10314,DORIAN,2019-09-04 06:00:00,28.8,-79.2,90,964,,2019,53,351.76892305651336,,,,,
2019236N10314,DORIAN,2019-09-04 09:00:00,29.2,-79.4, , ,,2019,53,390.2147198411933,,,,,
2019236N10314,DORIAN,2019-09-04 12:00:00,29.5,-79.6,90,963,,2019,53,419.7458559887761,,,,,
2019236N10314,DORIAN,2019-09-04 15:00:00,29.8,-79.7, , ,,2019,53,451.6355043396597,,,,,
2019236N10314,DORIAN,2019-09-04 18:00:00,30.1,-79.7,95,960,,2019,53,484.808362415469,,,,,
2019236N10314,DORIAN,2019-09-04 21:00:00,30.4,-79.7, , ,,2019,53,518.0050187297022,,,,,
2019236N10314,DORIAN,2019-09-05 00:00:00,30.7,-79.7,100,955,,2019,53,551.2211736219176,,,,,
2019236N10314,DORIAN,2019-09-05 03:00:00,31.0,-79.7, , ,,2019,53,584.4535026093139,,,,,
2019236N10314,DORIAN,2019-09-05 06:00:00,31.4,-79.6,100,958,,2019,53,629.6037678945448,,,,,
2019236N10314,DORIAN,2019-09-05 09:00:00,31.8,-79.4, , ,,2019,53,675.8404720995225,,,,,
2019236N10314,DORIAN,2019-09-05 12:00:00,32.1,-79.2,100,958,,2019,53,711.3524613710251,,,,,
2019236N10314,DORIAN,2019-09-05 15:00:00,32.4,-79.1, , ,,2019,53,745.7150002989201,,,,,
2019236N10314,DORIAN,2019-09-05 18:00:00,32.7,-78.9,95,958,,2019,53,781.5966308729041,,,,,
2019236N10314,DORIAN,2019-09-05 21:00:00,33.0,-78.5, , ,,2019,53,821.3426788936363,,,,,
2019236N10314,DORIAN,2019-09-06 00:00:00,33.4,-77.9,90,956,,2019,53,877.6958079171607,,,,,
2019236N10314,DORIAN,2019-09-06 03:00:00,33.7,-77.4, , ,,2019,53,922.8169637388426,,,,,
2019236N10314,DORIAN,2019-09-06 06:00:00,34.1,-76.9,90,956,,2019,53,979.754700579334,,,,,
2019236N10314,DORIAN,2019-09-06 09:00:00,34.6,-76.3, , ,,2019,53,1051.2907061503893,,,,,
2019236N10314,DORIAN,2019-09-06 12:00:00,35.1,-75.7,85,956,,2019,53,1123.7535526485972,,,,,
2019236N10314,DORIAN,2019-09-06 12:30:00,35.2,-75.6,85,956,,2019,53,1137.598111396909,,,,,
2019236N10314,DORIAN,2019-09-06 15:00:00,35.7,-74.9, , ,,2019,53,1214.7743058612448,,,,,
2019236N10314,DORIAN,2019-09-06 18:00:00,36.2,-73.7,85,956,,2019,53,1314.488610848867,,,,,
2019236N10314,DORIAN,2019-09-06 21:00:00,36.8,-72.5, , ,,2019,53,1427.2738143528877,,,,,
2019236N10314,DORIAN,2019-09-07 00:00:00,37.4,-71.2,85,956,,2019,53,1547.4203349383813,,,,,
2019236N10314,DORIAN,2019-09-07 03:00:00,38.1,-70.0, , ,,2019,53,1672.98292479141,,,,,
2019236N10314,DORIAN,2019-09-07 06:00:00,38.9,-68.9,85,955,,2019,53,1802.199095812034,,,,,
2019236N10314,DORIAN,2019-09-07 09:00:00,39.8,-67.9, , ,,2019,53,1934.1130712684792,,,,,
2019236N10314,DORIAN,2019-09-07 12:00:00,40.8,-66.9,85,954,,2019,53,2073.788468483492,,,,,
2019236N10314,DORIAN,2019-09-07 15:00:00,41.8,-65.7, , ,,2019,53,2223.460119754709,,,,,
2019236N10314,DORIAN,2019-09-07 18:00:00,42.8,-64.6,80,954,,2019,53,2366.6803239760216,,,,,
2019236N10314,DORIAN,2019-09-07 21:00:00,44.0,-63.7, , ,,2019,53,2514.649959230552,,,,,
2019236N10314,DORIAN,2019-09-08 00:00:00,45.2,-62.9,80,956,,2019,53,2656.5419427440206,,,,,
2019236N10314,DORIAN,2019-09-08 03:00:00,46.4,-62.4, , ,,2019,53,2782.7038752997664,,,,,
2019236N10314,DORIAN,2019-09-08 06:00:00,47.6,-61.9,75,960,,2019,53,2909.072803570581,,,,,
2019236N10314,DORIAN,2019-09-08 09:00:00,48.6,-61.3, , ,,2019,53,3023.045817311057,,,,,
2019236N10314,DORIAN,2019-09-08 12:00:00,49.4,-60.4,70,962,,2019,53,3133.3978711358995,,,,,
2019236N10314,DORIAN,2019-09-08 15:00:00,50.2,-59.3, , ,,2019,53,3252.3167235429246,,,,,
2019236N10314,DORIAN,2019-09-08 18:00:00,50.8,-57.9,60,966,,2019,53,3368.0829919985235,,,,,
2019236N10314,DORIAN,2019-09-08 21:00:00,51.3,-56.4, , ,,2019,53,3480.58733161743,,,,,
2019236N10314,DORIAN,2019-09-09 00:00:00,51.6,-54.8,50,980,,2019,53,3582.945399368578,,,,,
2020211N13306,ISAIAS,2020-07-28 12:00:00,12.5,-54.0,35,1007,,2020,46,3112.051263218179,,,,,
2020211N13306,ISAIAS,2020-07-28 15:00:00,12.8,-55.3, , ,,2020,46,2975.064890981159,,,,,
2020211N13306,ISAIAS,2020-07-28 18:00:00,13.2,-56.4,35,1006,,2020,46,2850.776528858408,,,,,
2020211N13306,ISAIAS,2020-07-28 21:00:00,13.6,-57.4, , ,,2020,46,2735.8281836631227,,,,,
2020211N13306,ISAIAS,2020-07-29 00:00:00,14.1,-58.3,40,1005,,2020,46,2624.061192914558,,,,,
2020211N13306,ISAIAS,2020-07-29 03:00:00,14.5,-59.3, , ,,2020,46,2509.5036185985614,,,,,
2020211N13306,ISAIAS,2020-07-29 06:00:00,14.8,-60.3,40,1005,,2020,46,2401.3345073529654,,,,,
2020211N13306,ISAIAS,2020-07-29 09:00:00,15.0,-61.3, , ,,2020,46,2299.8048269688675,,,,,
2020211N13306,ISAIAS,2020-07-29 12:00:00,15.2,-62.2,40,1005,,2020,46,2207.692325360977,,,,,
2020211N13306,ISAIAS,2020-07-29 15:00:00,15.2,-63.1, , ,,2020,46,2129.1646655199565,,,,,
2020211N13306,ISAIAS,2020-07-29 18:00:00,15.3,-64.0,40,1005,,2020,46,2045.124446253907,,,,,
2020211N13306,ISAIAS,2020-07-29 21:00:00,15.5,-64.9, , ,,2020,46,1955.187788636095,,,,,
2020211N13306,ISAIAS,2020-07-30 00:00:00,15.8,-65.7,45,1004,,2020,46,1867.3592691497429,,,,,
2020211N13306,ISAIAS,2020-07-30 03:00:00,16.2,-66.5, , ,,2020,46,1772.8866235073504,,,,,
2020211N13306,ISAIAS,2020-07-30 06:00:00,16.7,-67.2,50,1003,,2020,46,1679.8883384693077,,,,,
2020211N13306,ISAIAS,2020-07-30 09:00:00,17.2,-67.9, , ,,2020,46,1587.0367039716973,,,,,
2020211N13306,ISAIAS,2020-07-30 12:00:00,17.7,-68.5,55,1002,,2020,46,1502.597287487025,,,,,
2020211N13306,ISAIAS,2020-07-30 15:00:00,18.1,-69.0, , ,,2020,46,1433.5033225487184,,,,,
2020211N13306,ISAIAS,2020-07-30 16:15:00,18.4,-69.3,55,1002,,2020,46,1387.9729754006617,,,,,
2020211N13306,ISAIAS,2020-07-30 18:00:00,18.9,-69.8,60,999,,2020,46,1312.2852599271928,,,,,
2020211N13306,ISAIAS,2020-07-30 21:00:00,19.5,-70.5, , ,,2020,46,1213.413045252934,,,,,
2020211N13306,ISAIAS,2020-07-31 00:00:00,19.9,-71.2,65,996,,2020,46,1128.1013817264873,,,,,
2020211N13306,ISAIAS,2020-07-31 03:00:00,20.2,-72.0, , ,,2020,46,1041.4730381324296,,,,,
2020211N13306,ISAIAS,2020-07-31 06:00:00,20.5,-72.7,70,990,,2020,46,963.547983773953,,,,,
2020211N13306,ISAIAS,2020-07-31 09:00:00,20.9,-73.4,70,990,,2020,46,878.9745335551379,,,,,
2020211N13306,ISAIAS,2020-07-31 12:00:00,21.3,-74.0,65,992,,2020,46,802.6367483568552,,,,,
2020211N13306,ISAIAS,2020-07-31 15:00:00,21.7,-74.6, , ,,2020,46,726.4421917712906,,,,,
2020211N13306,ISAIAS,2020-07-31 18:00:00,22.1,-75.1,70,990,,2020,46,658.3499606823074,,,,,
2020211N13306,ISAIAS,2020-07-31 21:00:00,22.5,-75.5, , ,,2020,46,598.4196332685483,,,,,
2020211N13306,ISAIAS,2020-08-01 00:00:00,22.9,-75.9,75,987,,2020,46,538.7603109309072,,,,,
2020211N13306,ISAIAS,2020-08-01 03:00:00,23.3,-76.3, , ,,2020,46,479.4457585990672,,,,,
2020211N13306,ISAIAS,2020-08-01 06:00:00,23.6,-76.7,75,987,,2020,46,426.8671156241384,,,,,
2020211N13306,ISAIAS,2020-08-01 09:00:00,24.0,-77.0, , ,,2020,46,376.8562896535295,,,,,
2020211N13306,ISAIAS,2020-08-01 12:00:00,24.3,-77.5,70,987,,2020,46,316.16321647757474,,,,,
2020211N13306,ISAIAS,2020-08-01 13:00:00,24.4,-77.7,70,989,,2020,46,293.0794310526446,,,,,
2020211N13306,ISAIAS,2020-08-01 15:00:00,24.6,-78.0, , ,,2020,46,255.5924816755515,,,,,
2020211N13306,ISAIAS,2020-08-01 18:00:00,24.8,-78.3,60,993,,2020,46,218.2057643860307,,,,,
2020211N13306,ISAIAS,2020-08-01 21:00:00,25.0,-78.6, , ,,2020,46,180.95783494568948,,,,,
2020211N13306,ISAIAS,2020-08-02 00:00:00,25.3,-78.9,60,995,,2020,46,139.41144303445498,,,,,
2020211N13306,ISAIAS,2020-08-02 03:00:00,25.6,-79.1, , ,,2020,46,110.8778994467072,,,,,
2020211N13306,ISAIAS,2020-08-02 06:00:00,25.9,-79.2,55,996,,2020,46,100.44799603965316,,,,,
2020211N13306,ISAIAS,2020-08-02 09:00:00,26.2,-79.4, , ,,2020,46,92.9481473772582,,,,,
2020211N13306,ISAIAS,2020-08-02 12:00:00,26.6,-79.5,55,995,,2020,46,115.99279373688616,,,,,
2020211N13306,ISAIAS,2020-08-02 15:00:00,27.0,-79.6, , ,,2020,46,149.78116582685493,,,,,
2020211N13306,ISAIAS,2020-08-02 18:00:00,27.4,-79.6,60,995,,2020,46,191.43935154314065,,,,,
2020211N13306,ISAIAS,2020-08-02 21:00:00,27.8,-79.6, , ,,2020,46,234.13696544621607,,,,,
2020211N13306,ISAIAS,2020-08-03 00:00:00,28.2,-79.7,60,995,,2020,46,275.4704143456666,,,,,
2020211N13306,ISAIAS,2020-08-03 03:00:00,28.6,-79.8, , ,,2020,46,317.97428582512543,,,,,
2020211N13306,ISAIAS,2020-08-03 06:00:00,29.1,-79.9,60,995,,2020,46,372.31690534865146,,,,,
2020211N13306,ISAIAS,2020-08-03 09:00:00,29.6,-80.0, , ,,2020,46,427.2168647373753,,,,,
2020211N13306,ISAIAS,2020-08-03 12:00:00,30.1,-80.0,60,995,,2020,46,482.764495505969,,,,,
2020211N13306,ISAIAS,2020-08-03 15:00:00,30.6,-79.9, , ,,2020,46,538.7532570072746,,,,,
2020211N13306,ISAIAS,2020-08-03 18:00:00,31.2,-79.7,65,991,,2020,46,606.6160615645266,,,,,
2020211N13306,ISAIAS,2020-08-03 21:00:00,31.9,-79.5, , ,,2020,46,685.8604637261282,,,,,
2020211N13306,ISAIAS,2020-08-04 00:00:00,32.8,-79.1,80,986,,2020,46,789.7370637073992,,,,,
2020211N13306,ISAIAS,2020-08-04 03:00:00,33.8,-78.5, , ,,2020,46,908.5606108475198,,,,,
2020211N13306,ISAIAS,2020-08-04 03:10:00,33.9,-78.5,80,986,,2020,46,919.486123224868,,,,,
2020211N13306,ISAIAS,2020-08-04 06:00:00,35.0,-78.1,60,992,,2020,46,1046.5810508828736,,,,,
2020211N13306,ISAIAS,2020-08-04 09:00:00,36.3,-77.5, , ,,2020,46,1199.3828359715649,,,,,
2020211N13306,ISAIAS,2020-08-04 12:00:00,37.7,-76.8,60,993,,2020,46,1365.3891663629286,,,,,
2020211N13306,ISAIAS,2020-08-04 15:00:00,39.3,-76.0, , ,,2020,46,1555.316529843479,,,,,
2020211N13306,ISAIAS,2020-08-04 18:00:00,40.9,-75.1,55,994,,2020,46,1747.6375998462922,,,,,
2020211N13306,ISAIAS,2020-08-04 21:00:00,42.5,-74.1, , ,,2020,46,1942.439235035324,,,,,
2020211N13306,ISAIAS,2020-08-05 00:00:00,44.0,-73.1,45,998,,2020,46,2126.5883394065754,,,,,
2020211N13306,ISAIAS,2020-08-05 03:00:00,45.4,-72.4, , ,,2020,46,2291.792229378113,,,,,
2020211N13306,ISAIAS,2020-08-05 06:00:00,46.7,-71.8,35,1000,,2020,46,2443.4149424121956,,,,,
2020256N25281,SALLY,2020-09-11 18:00:00,25.4,-78.6,30,1007,,2020,74,164.63673326927236,,,,,
2020256N25281,SALLY,2020-09-11 21:00:00,25.5,-79.0, , ,,2020,74,122.9739010793544,,,,,
2020256N25281,SALLY,2020-09-12 00:00:00,25.6,-79.4,30,1004,,2020,74,81.35882344690016,,,,,
2020256N25281,SALLY,2020-09-12 03:00:00,25.6,-79.8, , ,,2020,74,43.18393272832302,,,,,
2020256N25281,SALLY,2020-09-12 06:00:00,25.6,-80.2,30,1003,,2020,74,17.99898725240172,,,,,
2020256N25281,SALLY,2020-09-12 09:00:00,25.5,-80.5, , ,,2020,74,42.44385589273727,,,,,
2020256N25281,SALLY,2020-09-12 12:00:00,25.5,-80.8,35,1003,,2020,74,67.56191780647384,,,,,
2020256N25281,SALLY,2020-09-12 15:00:00,25.5,-81.2, , ,,2020,74,105.18055590882958,,,,,
2020256N25281,SALLY,2020-09-12 18:00:00,25.6,-81.6,35,1003,,2020,74,142.25766449538938,,,,,
2020256N25281,SALLY,2020-09-12 21:00:00,25.8,-82.0, , ,,2020,74,181.09838577899177,,,,,
2020256N25281,SALLY,2020-09-13 00:00:00,26.0,-82.5,35,1003,,2020,74,232.4301663260187,,,,,
2020256N25281,SALLY,2020-09-13 03:00:00,26.3,-83.0, , ,,2020,74,286.88800782234523,,,,,
2020256N25281,SALLY,2020-09-13 06:00:00,26.7,-83.5,45,1001,,2020,74,346.06074739129343,,,,,
2020256N25281,SALLY,2020-09-13 09:00:00,27.0,-84.0, , ,,2020,74,403.5452466156249,,,,,
2020256N25281,SALLY,2020-09-13 12:00:00,27.2,-84.5,50,996,,2020,74,457.60755516360734,,,,,
2020256N25281,SALLY,2020-09-13 15:00:00,27.4,-85.0, , ,,2020,74,511.6123857088572,,,,,
2020256N25281,SALLY,2020-09-13 18:00:00,27.6,-85.4,50,996,,2020,74,556.3017422008596,,,,,
2020256N25281,SALLY,2020-09-13 21:00:00,27.8,-85.7, , ,,2020,74,591.8132121076577,,,,,
2020256N25281,SALLY,2020-09-14 00:00:00,27.9,-86.0,50,996,,2020,74,623.3330196756698,,,,,
2020256N25281,SALLY,2020-09-14 03:00:00,28.1,-86.3, , ,,2020,74,658.8821746606156,,,,,
2020256N25281,SALLY,2020-09-14 06:00:00,28.2,-86.5,55,996,,2020,74,681.2237515497919,,,,,
2020256N25281,SALLY,2020-09-14 09:00:00,28.3,-86.7, , ,,2020,74,703.556333791155,,,,,
2020256N25281,SALLY,2020-09-14 12:00:00,28.4,-86.9,65,991,,2020,74,725.8791142872999,,,,,
2020256N25281,SALLY,2020-09-14 15:00:00,28.5,-87.1, , ,,2020,74,748.1913735789867,,,,,
2020256N25281,SALLY,2020-09-14 18:00:00,28.6,-87.3,75,986,,2020,74,770.4924670377468,,,,,
2020256N25281,SALLY,2020-09-14 21:00:00,28.7,-87.5, , ,,2020,74,792.7818142305943,,,,,
2020256N25281,SALLY,2020-09-15 00:00:00,28.7,-87.7,75,986,,2020,74,810.8281326891025,,,,,
2020256N25281,SALLY,2020-09-15 03:00:00,28.7,-87.9, , ,,2020,74,828.9522538493949,,,,,
2020256N25281,SALLY,2020-09-15 06:00:00,28.8,-88.0,70,984,,2020,74,842.1112025983903,,,,,
2020256N25281,SALLY,2020-09-15 09:00:00,28.9,-88.1, , ,,2020,74,855.3088701831033,,,,,
2020256N25281,SALLY,2020-09-15 12:00:00,29.0,-88.1,70,982,,2020,74,859.5743600543652,,,,,
2020256N25281,SALLY,2020-09-15 15:00:00,29.1,-88.1, , ,,2020,74,863.9611732443788,,,,,
2020256N25281,SALLY,2020-09-15 18:00:00,29.3,-88.1,70,981,,2020,74,873.0914038048517,,,,,
2020256N25281,SALLY,2020-09-15 21:00:00,29.5,-88.1, , ,,2020,74,882.68473091359,,,,,
2020256N25281,SALLY,2020-09-16 00:00:00,29.6,-88.0,75,975,,2020,74,879.0365488477102,,,,,
2020256N25281,SALLY,2020-09-16 03:00:00,29.7,-88.0, , ,,2020,74,884.1700599534377,,,,,
2020256N25281,SALLY,2020-09-16 06:00:00,29.9,-87.9,95,967,,2020,74,886.3499960089715,,,,,
2020256N25281,SALLY,2020-09-16 09:00:00,30.2,-87.7, , ,,2020,74,886.8301006799484,,,,,
2020256N25281,SALLY,2020-09-16 09:45:00,30.3,-87.7,95,965,,2020,74,892.7700762649758,,,,,
2020256N25281,SALLY,2020-09-16 12:00:00,30.5,-87.6,85,967,,2020,74,896.9946458565345,,,,,
2020256N25281,SALLY,2020-09-16 15:00:00,30.8,-87.4, , ,,2020,74,900.737433540688,,,,,
2020256N25281,SALLY,2020-09-16 18:00:00,31.1,-87.2,60,982,,2020,74,906.2016403241618,,,,,
2020256N25281,SALLY,2020-09-16 21:00:00,31.4,-87.0, , ,,2020,74,913.353507043868,,,,,
2020256N25281,SALLY,2020-09-17 00:00:00,31.6,-86.7,35,994,,2020,74,907.6164154357048,,,,,
2020256N25281,SALLY,2020-09-17 03:00:00,31.8,-86.4, , ,,2020,74,903.4182025061426,,,,,
2020256N25281,SALLY,2020-09-17 06:00:00,32.1,-86.1,30,1000,,2020,74,909.1789238171268,,,,,
2020256N25281,SALLY,2020-09-17 09:00:00,32.3,-85.7, , ,,2020,74,902.6118125242627,,,,,
2020256N25281,SALLY,2020-09-17 12:00:00,32.6,-85.2,30,1003,,2020,74,902.2218396224928,,,,,
2020256N25281,SALLY,2020-09-17 15:00:00,32.9,-84.5, , ,,2020,74,896.654917364111,,,,,
2020256N25281,SALLY,2020-09-17 18:00:00,33.2,-83.8,30,1004,,2020,74,897.6282391049357,,,,,
2020256N25281,SALLY,2020-09-17 21:00:00,33.5,-83.1, , ,,2020,74,905.0749734858892,,,,,
2020256N25281,SALLY,2020-09-18 00:00:00,33.7,-82.3,30,1004,,2020,74,905.7938240794376,,,,,
2020256N25281,SALLY,2020-09-18 03:00:00,33.9,-81.5, , ,,2020,74,913.6645353147233,,,,,
2020256N25281,SALLY,2020-09-18 06:00:00,34.1,-80.8,30,1005,,2020,74,929.0206962588032,,,,,
2020306N15288,ETA,2020-10-31 18:00:00,14.9,-72.4,30,1006,,2020,102,1454.5884322309369,,,,,
2020306N15288,ETA,2020-10-31 21:00:00,14.9,-73.0, , ,,2020,102,1420.7521086161908,,,,,
2020306N15288,ETA,2020-11-01 00:00:00,14.9,-73.6,35,1005,,2020,102,1388.8961726774562,,,,,
2020306N15288,ETA,2020-11-01 03:00:00,14.9,-74.3, , ,,2020,102,1354.4204494690389,,,,,
2020306N15288,ETA,2020-11-01 06:00:00,14.9,-75.1,35,1005,,2020,102,1318.8435592911692,,,,,
2020306N15288,ETA,2020-11-01 09:00:00,14.9,-75.9, , ,,2020,102,1287.6692549623808,,,,,
2020306N15288,ETA,2020-11-01 12:00:00,14.9,-76.7,40,1002,,2020,102,1261.2248120537738,,,,,
2020306N15288,ETA,2020-11-01 15:00:00,14.9,-77.5, , ,,2020,102,1239.8135722245447,,,,,
2020306N15288,ETA,2020-11-01 18:00:00,14.9,-78.2,50,992,,2020,102,1225.416896965697,,,,,
2020306N15288,ETA,2020-11-01 21:00:00,14.9,-78.8, , ,,2020,102,1216.4164660336212,,,,,
2020306N15288,ETA,2020-11-02 00:00:00,14.9,-79.4,60,988,,2020,102,1210.5724673984637,,,,,
2020306N15288,ETA,2020-11-02 03:00:00,14.9,-79.9, , ,,2020,102,1208.147480044783,,,,,
2020306N15288,ETA,2020-11-02 06:00:00,14.9,-80.4,70,982,,2020,102,1207.960189070565,,,,,
2020306N15288,ETA,2020-11-02 09:00:00,14.9,-80.8, , ,,2020,102,1209.422615494612,,,,,
2020306N15288,ETA,2020-11-02 12:00:00,14.8,-81.2,90,972,,2020,102,1223.3936253019249,,,,,
2020306N15288,ETA,2020-11-02 15:00:00,14.8,-81.6, , ,,2020,102,1227.665094812692,,,,,
2020306N15288,ETA,2020-11-02 18:00:00,14.7,-82.0,115,948,,2020,102,1244.3263109514255,,,,,
2020306N15288,ETA,2020-11-02 21:00:00,14.5,-82.3, , ,,2020,102,1271.3532481455895,,,,,
2020306N15288,ETA,2020-11-03 00:00:00,14.3,-82.5,130,929,,2020,102,1296.9887651209958,,,,,
2020306N15288,ETA,2020-11-03 03:00:00,14.1,-82.7, , ,,2020,102,1322.838160301812,,,,,
2020306N15288,ETA,2020-11-03 06:00:00,14.0,-82.9,130,922,,2020,102,1338.002857715578,,,,,
2020306N15288,ETA,2020-11-03 09:00:00,13.8,-83.0, , ,,2020,102,1361.9887452281323,,,,,
2020306N15288,ETA,2020-11-03 12:00:00,13.6,-83.1,125,936,,2020,102,1385.999578654319,,,,,
2020306N15288,ETA,2020-11-03 15:00:00,13.6,-83.2, , ,,2020,102,1388.3249879273828,,,,,
2020306N15288,ETA,2020-11-03 18:00:00,13.7,-83.3,120,940,,2020,102,1379.8940408503177,,,,,
2020306N15288,ETA,2020-11-03 21:00:00,13.8,-83.5,120,940,,2020,102,1374.1631201188293,,,,,
2020306N15288,ETA,2020-11-04 00:00:00,13.8,-83.7,95,965,,2020,102,1379.5555040627678,,,,,
2020306N15288,ETA,2020-11-04 03:00:00,13.8,-84.0, , ,,2020,102,1388.1932963794836,,,,,
2020306N15288,ETA,2020-11-04 06:00:00,13.8,-84.3,70,980,,2020,102,1397.4791918418466,,,,,
2020306N15288,ETA,2020-11-04 09:00:00,13.8,-84.6, , ,,2020,102,1407.400332741264,,,,,
2020306N15288,ETA,2020-11-04 12:00:00,13.8,-84.9,50,993,,2020,102,1417.9433535856383,,,,,
2020306N15288,ETA,2020-11-04 15:00:00,13.8,-85.1, , ,,2020,102,1425.310725213204,,,,,
2020306N15288,ETA,2020-11-04 18:00:00,13.9,-85.4,40,998,,2020,102,1426.5152746403155,,,,,
2020306N15288,ETA,2020-11-04 21:00:00,13.9,-85.7, , ,,2020,102,1438.7287699430096,,,,,
2020306N15288,ETA,2020-11-05 00:00:00,14.0,-86.0,30,1002,,2020,102,1441.347114182329,,,,,
2020306N15288,ETA,2020-11-05 03:00:00,14.1,-86.3, , ,,2020,102,1444.709088919947,,,,,
2020306N15288,ETA,2020-11-05 06:00:00,14.2,-86.7,25,1006,,2020,102,1453.6438425330575,,,,,
2020306N15288,ETA,2020-11-05 09:00:00,14.3,-87.1, , ,,2020,102,1463.7741692514244,,,,,
2020306N15288,ETA,2020-11-05 12:00:00,14.5,-87.5,25,1005,,2020,102,1465.4490362588508,,,,,
2020306N15288,ETA,2020-11-05 15:00:00,14.9,-87.7, , ,,2020,102,1438.3570260356323,,,,,
2020306N15288,ETA,2020-11-05 18:00:00,15.3,-87.8,30,1005,,2020,102,1406.5267794961185,,,,,
2020306N15288,ETA,2020-11-05 21:00:00,15.8,-87.8, , ,,2020,102,1360.225888210925,,,,,
2020306N15288,ETA,2020-11-06 00:00:00,16.2,-87.8,30,1004,,2020,102,1323.692427049328,,,,,
2020306N15288,ETA,2020-11-06 03:00:00,16.5,-87.7, , ,,2020,102,1290.3496119533957,,,,,
2020306N15288,ETA,2020-11-06 06:00:00,16.7,-87.6,30,1004,,2020,102,1266.087974958774,,,,,
2020306N15288,ETA,2020-11-06 09:00:00,16.8,-87.5, , ,,2020,102,1250.833664346956,,,,,
2020306N15288,ETA,2020-11-06 12:00:00,16.9,-87.4,30,1004,,2020,102,1235.585028522054,,,,,
2020306N15288,ETA,2020-11-06 15:00:00,17.0,-87.3, , ,,2020,102,1220.3421556947485,,,,,
2020306N15288,ETA,2020-11-06 18:00:00,17.1,-87.1,30,1004,,2020,102,1198.922564238181,,,,,
2020306N15288,ETA,2020-11-06 21:00:00,17.3,-86.8, , ,,2020,102,1162.4016513249276,,,,,
2020306N15288,ETA,2020-11-07 00:00:00,17.5,-86.4,30,1002,,2020,102,1120.0964712775303,,,,,
2020306N15288,ETA,2020-11-07 03:00:00,17.8,-85.8, , ,,2020,102,1057.4781924894778,,,,,
2020306N15288,ETA,2020-11-07 06:00:00,18.2,-85.1,35,1001,,2020,102,981.0905251305142,,,,,
2020306N15288,ETA,2020-11-07 09:00:00,18.7,-84.2, , ,,2020,102,886.8214971907747,,,,,
2020306N15288,ETA,2020-11-07 12:00:00,19.1,-83.2,45,997,,2020,102,802.5821790544851,,,,,
2020306N15288,ETA,2020-11-07 15:00:00,19.5,-82.3, , ,,2020,102,729.0650157267432,,,,,
2020306N15288,ETA,2020-11-07 18:00:00,19.8,-81.5,55,994,,2020,102,676.3234234345795,,,,,
2020306N15288,ETA,2020-11-07 21:00:00,20.1,-80.8, , ,,2020,102,632.6220133061208,,,,,
2020306N15288,ETA,2020-11-08 00:00:00,20.4,-80.2,55,991,,2020,102,596.1944276046083,,,,,
2020306N15288,ETA,2020-11-08 03:00:00,20.7,-79.8, , ,,2020,102,564.2559177995643,,,,,
2020306N15288,ETA,2020-11-08 06:00:00,21.1,-79.5,55,991,,2020,102,523.1365244464909,,,,,
2020306N15288,ETA,2020-11-08 08:55:00,21.5,-79.2,55,991,,2020,102,484.522895509497,,,,,
2020306N15288,ETA,2020-11-08 09:00:00,21.5,-79.2, , ,,2020,102,484.522895509497,,,,,
2020306N15288,ETA,2020-11-08 12:00:00,22.2,-79.0,50,993,,2020,102,414.1298235967175,,,,,
2020306N15288,ETA,2020-11-08 15:00:00,22.9,-79.0, , ,,2020,102,340.34010214362064,,,,,
2020306N15288,ETA,2020-11-08 18:00:00,23.5,-79.2,55,993,,2020,102,270.7298017926174,,,,,
2020306N15288,ETA,2020-11-08 21:00:00,24.1,-79.6, , ,,2020,102,194.16847506628665,,,,,
2020306N15288,ETA,2020-11-09 00:00:00,24.5,-80.1,55,993,,2020,102,140.59866334880468,,,,,
2020306N15288,ETA,2020-11-09 03:00:00,24.8,-80.5, , ,,2020,102,111.33536654059183,,,,,
2020306N15288,ETA,2020-11-09 04:00:00,24.9,-80.7,55,993,,2020,102,108.5795058880969,,,,,
2020306N15288,ETA,2020-11-09 06:00:00,25.0,-81.4,55,992,,2020,102,148.00635784791896,,,,,
2020306N15288,ETA,2020-11-09 09:00:00,25.0,-82.2, , ,,2020,102,218.8017459869199,,,,,
2020306N15288,ETA,2020-11-09 12:00:00,24.9,-82.9,50,992,,2020,102,288.5486166772699,,,,,
2020306N15288,ETA,2020-11-09 15:00:00,24.6,-83.5, , ,,2020,102,357.0645582257166,,,,,
2020306N15288,ETA,2020-11-09 18:00:00,24.2,-84.1,45,995,,2020,102,430.46450898494487,,,,,
2020306N15288,ETA,2020-11-09 21:00:00,23.8,-84.6, , ,,2020,102,495.5674487670548,,,,,
2020306N15288,ETA,2020-11-10 00:00:00,23.4,-85.0,45,995,,2020,102,552.513083884685,,,,,
2020306N15288,ETA,2020-11-10 03:00:00,23.2,-85.3, , ,,2020,102,590.1397283001879,,,,,
2020306N15288,ETA,2020-11-10 06:00:00,23.0,-85.4,45,995,,2020,102,610.2604561993462,,,,,
2020306N15288,ETA,2020-11-10 09:00:00,22.7,-85.4, , ,,2020,102,628.2180609772167,,,,,
2020306N15288,ETA,2020-11-10 12:00:00,22.6,-85.3,50,992,,2020,102,626.0640488527365,,,,,
2020306N15288,ETA,2020-11-10 15:00:00,22.7,-85.2, , ,,2020,102,611.2792611420891,,,,,
2020306N15288,ETA,2020-11-10 18:00:00,22.9,-85.1,50,992,,2020,102,590.2938646141429,,,,,
2020306N15288,ETA,2020-11-10 21:00:00,23.1,-84.9, , ,,2020,102,560.9863673528937,,,,,
2020306N15288,ETA,2020-11-11 00:00:00,23.5,-84.6,55,990,,2020,102,511.58619479547974,,,,,
2020306N15288,ETA,2020-11-11 03:00:00,23.9,-84.4, , ,,2020,102,472.3969814994951,,,,,
2020306N15288,ETA,2020-11-11 06:00:00,24.5,-84.2,60,987,,2020,102,427.1696628897718,,,,,
2020306N15288,ETA,2020-11-11 09:00:00,25.1,-84.0, , ,,2020,102,389.4193275367328,,,,,
2020306N15288,ETA,2020-11-11 12:00:00,25.8,-83.9,65,983,,2020,102,371.3032750398043,,,,,
2020306N15288,ETA,2020-11-11 15:00:00,26.3,-83.8, , ,,2020,102,365.4352156916948,,,,,
2020306N15288,ETA,2020-11-11 18:00:00,26.8,-83.7,60,990,,2020,102,368.31582714789806,,,,,
2020306N15288,ETA,2020-11-11 21:00:00,27.4,-83.6, , ,,2020,102,384.74840482203007,,,,,
2020306N15288,ETA,2020-11-12 00:00:00,27.9,-83.5,55,992,,2020,102,405.28434964254626,,,,,
2020306N15288,ETA,2020-11-12 03:00:00,28.3,-83.4, , ,,2020,102,424.97471906957566,,,,,
2020306N15288,ETA,2020-11-12 06:00:00,28.7,-83.2,50,994,,2020,102,441.7814030123731,,,,,
2020306N15288,ETA,2020-11-12 09:00:00,29.1,-82.9, , ,,2020,102,457.3733392295909,,,,,
2020306N15288,ETA,2020-11-12 09:20:00,29.2,-82.9,45,996,,2020,102,466.3712545905183,,,,,
2020306N15288,ETA,2020-11-12 12:00:00,29.7,-82.5,40,1001,,2020,102,493.3006564696528,,,,,
2020306N15288,ETA,2020-11-12 15:00:00,30.3,-81.9, , ,,2020,102,531.7332543095323,,,,,
2020306N15288,ETA,2020-11-12 18:00:00,30.9,-81.3,35,1003,,2020,102,581.5447036797857,,,,,
2020306N15288,ETA,2020-11-12 21:00:00,31.4,-80.7, , ,,2020,102,628.9081398068515,,,,,
2020306N15288,ETA,2020-11-13 00:00:00,31.9,-79.9,40,1004,,2020,102,683.1383594400468,,,,,
2020306N15288,ETA,2020-11-13 03:00:00,32.3,-79.0, , ,,2020,102,736.1824604601342,,,,,
2020306N15288,ETA,2020-11-13 06:00:00,32.7,-78.0,40,1004,,2020,102,800.2143817217445,,,,,
2020306N15288,ETA,2020-11-13 09:00:00,33.3,-76.7, , ,,2020,102,903.5548339007444,,,,,
2020306N15288,ETA,2020-11-13 12:00:00,34.0,-75.3,40,1004,,2020,102,1029.952178002091,,,,,
2020306N15288,ETA,2020-11-13 15:00:00,34.6,-73.9, , ,,2020,102,1153.2760043508588,,,,,
2020306N15288,ETA,2020-11-13 18:00:00,35.1,-72.5,40,1005,,2020,102,1272.5591637848916,,,,,
2020306N15288,ETA,2020-11-13 21:00:00,35.5,-70.9, , ,,2020,102,1399.4951298254568,,,,,
2020306N15288,ETA,2020-11-14 00:00:00,35.7,-69.2,35,1006,,2020,102,1522.625352384708,,,,,
2022154N21273,ALEX,2022-06-02 18:00:00,21.3,-87.5,30,1004,,2022,36,894.8116437261491,,,,,
2022154N21273,ALEX,2022-06-02 21:00:00,21.5,-87.4, , ,,2022,36,873.6479692944491,,,,,
2022154N21273,ALEX,2022-06-03 00:00:00,21.6,-87.3,30,1003,,2022,36,858.8492078642643,,,,,
2022154N21273,ALEX,2022-06-03 03:00:00,21.7,-87.2, , ,,2022,36,844.0722961476814,,,,,
2022154N21273,ALEX,2022-06-03 06:00:00,21.9,-87.1,35,1003,,2022,36,823.2436878688961,,,,,
2022154N21273,ALEX,2022-06-03 09:00:00,22.0,-87.0, , ,,2022,36,808.561552990309,,,,,
2022154N21273,ALEX,2022-06-03 12:00:00,22.2,-86.9,35,1003,,2022,36,788.0409789050926,,,,,
2022154N21273,ALEX,2022-06-03 15:00:00,22.4,-86.7, , ,,2022,36,758.9282092705838,,,,,
2022154N21273,ALEX,2022-06-03 18:00:00,22.8,-86.3,35,1003,,2022,36,701.1172088647508,,,,,
2022154N21273,ALEX,2022-06-03 21:00:00,23.3,-85.8, , ,,2022,36,629.8011773766518,,,,,
2022154N21273,ALEX,2022-06-04 00:00:00,23.9,-85.1,35,1003,,2022,36,536.7731891289492,,,,,
2022154N21273,ALEX,2022-06-04 03:00:00,24.4,-84.4, , ,,2022,36,450.01362855828233,,,,,
2022154N21273,ALEX,2022-06-04 06:00:00,25.0,-83.7,35,1003,,2022,36,362.4617368235916,,,,,
2022154N21273,ALEX,2022-06-04 09:00:00,25.6,-82.9, , ,,2022,36,271.9823262830652,,,,,
2022154N21273,ALEX,2022-06-04 12:00:00,26.2,-82.0,35,1002,,2022,36,187.1968066589256,,,,,
2022154N21273,ALEX,2022-06-04 15:00:00,26.7,-81.2, , ,,2022,36,144.90654231797964,,,,,
2022154N21273,ALEX,2022-06-04 18:00:00,27.2,-80.4,40,1001,,2022,36,161.26839070503885,,,,,
2022154N21273,ALEX,2022-06-04 21:00:00,27.6,-79.6, , ,,2022,36,212.69699987704735,,,,,
2022154N21273,ALEX,2022-06-05 00:00:00,28.0,-78.8,40,999,,2022,36,284.59675138658093,,,,,
2022154N21273,ALEX,2022-06-05 03:00:00,28.4,-78.0, , ,,2022,36,364.8767947906504,,,,,
2022154N21273,ALEX,2022-06-05 06:00:00,28.8,-77.2,45,995,,2022,36,448.9075119918544,,,,,
2022154N21273,ALEX,2022-06-05 09:00:00,29.3,-76.2, , ,,2022,36,556.4333911598005,,,,,
2022154N21273,ALEX,2022-06-05 12:00:00,29.9,-75.0,50,993,,2022,36,687.1202762035642,,,,,
2022154N21273,ALEX,2022-06-05 15:00:00,30.4,-73.8, , ,,2022,36,811.6235856986717,,,,,
2022154N21273,ALEX,2022-06-05 18:00:00,31.0,-72.5,60,985,,2022,36,951.0952888595644,,,,,
2022154N21273,ALEX,2022-06-05 21:00:00,31.6,-71.3, , ,,2022,36,1082.7130378667914,,,,,
2022154N21273,ALEX,2022-06-06 00:00:00,32.1,-70.2,60,984,,2022,36,1199.9350999560745,,,,,
2022154N21273,ALEX,2022-06-06 03:00:00,32.6,-69.0, , ,,2022,36,1324.80925534801,,,,,
2022154N21273,ALEX,2022-06-06 06:00:00,33.0,-67.8,55,987,,2022,36,1443.7183895672856,,,,,
2022154N21273,ALEX,2022-06-06 09:00:00,33.4,-66.5, , ,,2022,36,1570.749872776238,,,,,
2022154N21273,ALEX,2022-06-06 12:00:00,33.8,-65.2,55,992,,2022,36,1697.7959734399726,,,,,
2022154N21273,ALEX,2022-06-06 15:00:00,34.2,-63.7, , ,,2022,36,1841.192943563644,,,,,
2022154N21273,ALEX,2022-06-06 18:00:00,34.7,-62.2,50,994,,2022,36,1989.24254124905,,,,,
2022266N12294,IAN,2022-09-22 18:00:00,12.3,-66.3,30,1006,,2022,80,2087.712978409414,,,,,
2022266N12294,IAN,2022-09-22 21:00:00,12.6,-66.8, , ,,2022,80,2026.5892725091137,,,,,
2022266N12294,IAN,2022-09-23 00:00:00,12.9,-67.2,30,1006,,2022,80,1972.8178798403949,,,,,
2022266N12294,IAN,2022-09-23 03:00:00,13.3,-67.6, , ,,2022,80,1910.7937028324343,,,,,
2022266N12294,IAN,2022-09-23 06:00:00,13.7,-68.1,30,1006,,2022,80,1841.6511303053303,,,,,
2022266N12294,IAN,2022-09-23 09:00:00,14.0,-68.7, , ,,2022,80,1773.9305632352014,,,,,
2022266N12294,IAN,2022-09-23 12:00:00,14.2,-69.3,30,1006,,2022,80,1715.1356782632947,,,,,
2022266N12294,IAN,2022-09-23 15:00:00,14.4,-70.0, , ,,2022,80,1650.2831681598957,,,,,
2022266N12294,IAN,2022-09-23 18:00:00,14.6,-70.6,30,1006,,2022,80,1593.0513142402822,,,,,
2022266N12294,IAN,2022-09-23 21:00:00,14.7,-71.2, , ,,2022,80,1545.633650194829,,,,,
2022266N12294,IAN,2022-09-24 00:00:00,14.7,-71.7,35,1005,,2022,80,1514.689184604419,,,,,
2022266N12294,IAN,2022-09-24 03:00:00,14.7,-72.3, , ,,2022,80,1479.1169416400694,,,,,
2022266N12294,IAN,2022-09-24 06:00:00,14.7,-72.9,35,1005,,2022,80,1445.3667231145437,,,,,
2022266N12294,IAN,2022-09-24 09:00:00,14.6,-73.6, , ,,2022,80,1418.2848422674506,,,,,
2022266N12294,IAN,2022-09-24 12:00:00,14.5,-74.4,40,1003,,2022,80,1389.9840091914632,,,,,
2022266N12294,IAN,2022-09-24 15:00:00,14.4,-75.1, , ,,2022,80,1370.2326287238336,,,,,
2022266N12294,IAN,2022-09-24 18:00:00,14.4,-75.8,40,1003,,2022,80,1343.679902404321,,,,,
2022266N12294,IAN,2022-09-24 21:00:00,14.5,-76.5, , ,,2022,80,1309.959440162792,,,,,
2022266N12294,IAN,2022-09-25 00:00:00,14.6,-77.2,40,1003,,2022,80,1279.6300577433688,,,,,
2022266N12294,IAN,2022-09-25 03:00:00,14.6,-77.8, , ,,2022,80,1265.8695895486894,,,,,
2022266N12294,IAN,2022-09-25 06:00:00,14.6,-78.3,40,1003,,2022,80,1256.6623038828936,,,,,
2022266N12294,IAN,2022-09-25 09:00:00,14.7,-78.9, , ,,2022,80,1237.3350859910022,,,,,
2022266N12294,IAN,2022-09-25 12:00:00,15.0,-79.4,40,1003,,2022,80,1199.4773629509737,,,,,
2022266N12294,IAN,2022-09-25 15:00:00,15.4,-79.8, , ,,2022,80,1152.887330156899,,,,,
2022266N12294,IAN,2022-09-25 18:00:00,15.8,-80.1,40,1003,,2022,80,1107.7314644464475,,,,,
2022266N12294,IAN,2022-09-25 21:00:00,16.3,-80.5, , ,,2022,80,1052.5775960317603,,,,,
2022266N12294,IAN,2022-09-26 00:00:00,16.8,-80.9,50,991,,2022,80,999.185594483625,,,,,
2022266N12294,IAN,2022-09-26 03:00:00,17.2,-81.3, , ,,2022,80,958.8796079634936,,,,,
2022266N12294,IAN,2022-09-26 06:00:00,17.7,-81.7,65,985,,2022,80,909.8236044394966,,,,,
2022266N12294,IAN,2022-09-26 09:00:00,18.2,-82.1, , ,,2022,80,863.4885263415271,,,,,
2022266N12294,IAN,2022-09-26 12:00:00,18.7,-82.4,70,981,,2022,80,817.3981399339774,,,,,
2022266N12294,IAN,2022-09-26 15:00:00,19.2,-82.7, , ,,2022,80,773.7292491136539,,,,,
2022266N12294,IAN,2022-09-26 18:00:00,19.7,-83.0,80,976,,2022,80,732.9002888760782,,,,,
2022266N12294,IAN,2022-09-26 21:00:00,20.2,-83.2, , ,,2022,80,690.7778026708261,,,,,
2022266N12294,IAN,2022-09-27 00:00:00,20.8,-83.3,85,965,,2022,80,636.4583449729101,,,,,
2022266N12294,IAN,2022-09-27 03:00:00,21.3,-83.5, , ,,2022,80,599.8222125593982,,,,,
2022266N12294,IAN,2022-09-27 06:00:00,21.8,-83.6,100,956,,2022,80,560.5761350071963,,,,,
2022266N12294,IAN,2022-09-27 08:30:00,22.2,-83.7,110,947,,2022,80,532.7425841511395,,,,,
2022266N12294,IAN,2022-09-27 09:00:00,22.3,-83.7, , ,,2022,80,524.4383046080193,,,,,
2022266N12294,IAN,2022-09-27 12:00:00,22.6,-83.6,100,963,,2022,80,493.0184562173797,,,,,
2022266N12294,IAN,2022-09-27 15:00:00,23.0,-83.5, , ,,2022,80,454.44552890616296,,,,,
2022266N12294,IAN,2022-09-27 18:00:00,23.5,-83.3,105,951,,2022,80,402.3979594084705,,,,,
2022266N12294,IAN,2022-09-27 21:00:00,24.0,-83.2, , ,,2022,80,361.16483988262206,,,,,
2022266N12294,IAN,2022-09-28 00:00:00,24.4,-83.0,105,947,,2022,80,320.7825443329057,,,,,
2022266N12294,IAN,2022-09-28 02:00:00,24.6,-82.9,110,952,,2022,80,301.57426333851487,,,,,
2022266N12294,IAN,2022-09-28 03:00:00,24.7,-82.9, , ,,2022,80,296.87986698693817,,,,,
2022266N12294,IAN,2022-09-28 06:00:00,25.2,-82.9,120,945,,2022,80,278.9225765766587,,,,,
2022266N12294,IAN,2022-09-28 09:00:00,25.6,-82.8, , ,,2022,80,261.9844659296758,,,,,
2022266N12294,IAN,2022-09-28 12:00:00,26.0,-82.7,140,937,,2022,80,252.31766518459895,,,,,
2022266N12294,IAN,2022-09-28 15:00:00,26.3,-82.7, , ,,2022,80,257.650754216424,,,,,
2022266N12294,IAN,2022-09-28 18:00:00,26.6,-82.4,135,938,,2022,80,239.24938655718853,,,,,
2022266N12294,IAN,2022-09-28 19:05:00,26.7,-82.2,130,941,,2022,80,225.84470748811145,,,,,
2022266N12294,IAN,2022-09-28 20:35:00,26.8,-82.0,125,945,,2022,80,214.07536612099636,,,,,
2022266N12294,IAN,2022-09-28 21:00:00,26.8,-82.0, , ,,2022,80,214.07536612099636,,,,,
2022266N12294,IAN,2022-09-29 00:00:00,27.2,-81.7,100,960,,2022,80,219.3367240433093,,,,,
2022266N12294,IAN,2022-09-29 03:00:00,27.5,-81.4, , ,,2022,80,227.5553782553825,,,,,
2022266N12294,IAN,2022-09-29 06:00:00,27.7,-81.1,65,985,,2022,80,233.63749721067745,,,,,
2022266N12294,IAN,2022-09-29 09:00:00,28.0,-80.8, , ,,2022,80,256.09154976831104,,,,,
2022266N12294,IAN,2022-09-29 12:00:00,28.4,-80.6,60,987,,2022,80,296.1352598120843,,,,,
2022266N12294,IAN,2022-09-29 15:00:00,28.6,-80.4, , ,,2022,80,316.275520699256,,,,,
2022266N12294,IAN,2022-09-29 18:00:00,28.9,-80.1,65,986,,2022,80,349.0807893571816,,,,,
2022266N12294,IAN,2022-09-29 21:00:00,29.2,-79.7, , ,,2022,80,385.3857611251471,,,,,
2022266N12294,IAN,2022-09-30 00:00:00,29.6,-79.4,70,986,,2022,80,433.8577475326925,,,,,
2022266N12294,IAN,2022-09-30 03:00:00,29.9,-79.2, , ,,2022,80,470.3712938509625,,,,,
2022266N12294,IAN,2022-09-30 06:00:00,30.3,-79.1,75,984,,2022,80,515.8777122133733,,,,,
2022266N12294,IAN,2022-09-30 09:00:00,30.8,-79.0, , ,,2022,80,572.2453178966036,,,,,
2022266N12294,IAN,2022-09-30 12:00:00,31.5,-79.0,75,980,,2022,80,648.5687790378425,,,,,
2022266N12294,IAN,2022-09-30 15:00:00,32.7,-79.1, , ,,2022,80,778.7267139609605,,,,,
2022266N12294,IAN,2022-09-30 18:00:00,33.3,-79.2,70,978,,2022,80,843.6796970211221,,,,,
2022266N12294,IAN,2022-09-30 18:05:00,33.3,-79.2,70,978,,2022,80,843.6796970211221,,,,,
2022266N12294,IAN,2022-09-30 21:00:00,33.7,-79.2, , ,,2022,80,887.8620281693068,,,,,
2022266N12294,IAN,2022-10-01 00:00:00,34.4,-79.3,50,990,,2022,80,964.3457541693352,,,,,
2022266N12294,IAN,2022-10-01 03:00:00,34.9,-79.5, , ,,2022,80,1018.2901545106826,,,,,
2022266N12294,IAN,2022-10-01 06:00:00,35.3,-79.7,30,999,,2022,80,1061.651100066014,,,,,
2022311N21293,NICOLE,2022-11-06 12:00:00,20.6,-66.8,30,1005,,2022,105,1483.2273575387865,,,,,
2022311N21293,NICOLE,2022-11-06 15:00:00,21.5,-66.7, , ,,2022,105,1452.8645738914931,,,,,
2022311N21293,NICOLE,2022-11-06 18:00:00,22.4,-66.8,35,1005,,2022,105,1409.158147641622,,,,,
2022311N21293,NICOLE,2022-11-06 21:00:00,23.2,-67.1, , ,,2022,105,1354.4844814899584,,,,,
2022311N21293,NICOLE,2022-11-07 00:00:00,23.9,-67.5,35,1005,,2022,105,1296.8669263598615,,,,,
2022311N21293,NICOLE,2022-11-07 03:00:00,24.6,-67.8, , ,,2022,105,1253.160257361897,,,,,
2022311N21293,NICOLE,2022-11-07 06:00:00,25.2,-68.2,40,1004,,2022,105,1204.9273877995413,,,,,
2022311N21293,NICOLE,2022-11-07 09:00:00,25.6,-68.7, , ,,2022,105,1151.3843592144897,,,,,
2022311N21293,NICOLE,2022-11-07 12:00:00,25.9,-69.3,40,1002,,2022,105,1089.8992500446043,,,,,
2022311N21293,NICOLE,2022-11-07 15:00:00,26.2,-69.9, , ,,2022,105,1029.627601054865,,,,,
2022311N21293,NICOLE,2022-11-07 18:00:00,26.4,-70.3,40,1001,,2022,105,990.218798969176,,,,,
2022311N21293,NICOLE,2022-11-07 21:00:00,26.6,-70.5, , ,,2022,105,971.3585609611088,,,,,
2022311N21293,NICOLE,2022-11-08 00:00:00,26.8,-70.7,40,998,,2022,105,953.1272171507,,,,,
2022311N21293,NICOLE,2022-11-08 03:00:00,27.2,-70.9, , ,,2022,105,938.287515752207,,,,,
2022311N21293,NICOLE,2022-11-08 06:00:00,27.5,-71.2,40,996,,2022,105,914.1949351243496,,,,,
2022311N21293,NICOLE,2022-11-08 09:00:00,27.7,-71.6, , ,,2022,105,879.837288092955,,,,,
2022311N21293,NICOLE,2022-11-08 12:00:00,27.7,-72.1,45,993,,2022,105,831.8132435662304,,,,,
2022311N21293,NICOLE,2022-11-08 15:00:00,27.7,-72.7, , ,,2022,105,774.4469379066207,,,,,
2022311N21293,NICOLE,2022-11-08 18:00:00,27.6,-73.3,50,991,,2022,105,714.4653776693012,,,,,
2022311N21293,NICOLE,2022-11-08 21:00:00,27.4,-73.8, , ,,2022,105,661.104178451793,,,,,
2022311N21293,NICOLE,2022-11-09 00:00:00,27.2,-74.3,60,984,,2022,105,607.746084071369,,,,,
2022311N21293,NICOLE,2022-11-09 03:00:00,27.0,-74.8, , ,,2022,105,554.4179648630991,,,,,
2022311N21293,NICOLE,2022-11-09 06:00:00,26.8,-75.3,60,986,,2022,105,501.1577864969348,,,,,
2022311N21293,NICOLE,2022-11-09 09:00:00,26.6,-75.7, , ,,2022,105,457.7846249382475,,,,,
2022311N21293,NICOLE,2022-11-09 12:00:00,26.5,-76.2,55,985,,2022,105,406.8488190293164,,,,,
2022311N21293,NICOLE,2022-11-09 15:00:00,26.5,-76.7, , ,,2022,105,358.1079620105882,,,,,
2022311N21293,NICOLE,2022-11-09 17:00:00,26.5,-77.1,60,985,,2022,105,319.37429273070063,,,,,
2022311N21293,NICOLE,2022-11-09 18:00:00,26.5,-77.3,60,985,,2022,105,300.124620724679,,,,,
2022311N21293,NICOLE,2022-11-09 21:00:00,26.5,-77.8, , ,,2022,105,252.48587069097255,,,,,
2022311N21293,NICOLE,2022-11-09 23:00:00,26.6,-78.2,65,980,,2022,105,219.5240840119092,,,,,
2022311N21293,NICOLE,2022-11-10 00:00:00,26.7,-78.4,65,980,,2022,105,206.9426715098985,,,,,
2022311N21293,NICOLE,2022-11-10 03:00:00,27.0,-79.0, , ,,2022,105,181.8047507994109,,,,,
2022311N21293,NICOLE,2022-11-10 06:00:00,27.3,-79.8,65,980,,2022,105,175.43560703448213,,,,,
2022311N21293,NICOLE,2022-11-10 07:45:00,27.6,-80.3,65,980,,2022,105,204.69208111530088,,,,,
2022311N21293,NICOLE,2022-11-10 09:00:00,27.7,-80.7, , ,,2022,105,221.35853719819048,,,,,
2022311N21293,NICOLE,2022-11-10 12:00:00,28.0,-81.6,55,984,,2022,105,285.389035381164,,,,,
2022311N21293,NICOLE,2022-11-10 15:00:00,28.4,-82.2, , ,,2022,105,354.3718968204899,,,,,
2022311N21293,NICOLE,2022-11-10 18:00:00,29.0,-82.8,40,989,,2022,105,442.6574194757269,,,,,
2022311N21293,NICOLE,2022-11-10 19:00:00,29.2,-83.0,40,989,,2022,105,472.08797824153373,,,,,
2022311N21293,NICOLE,2022-11-10 21:00:00,29.6,-83.4, , ,,2022,105,530.924785214184,,,,,
2022311N21293,NICOLE,2022-11-11 00:00:00,30.1,-84.0,35,992,,2022,105,610.3625956182514,,,,,
2022311N21293,NICOLE,2022-11-11 03:00:00,30.6,-84.4, , ,,2022,105,677.7596339724588,,,,,
2022311N21293,NICOLE,2022-11-11 06:00:00,31.2,-84.6,30,996,,2022,105,742.308556253139,,,,,
2022311N21293,NICOLE,2022-11-11 09:00:00,32.1,-84.7, , ,,2022,105,829.9451209301403,,,,,
2022311N21293,NICOLE,2022-11-11 12:00:00,33.2,-84.6,25,999,,2022,105,930.4022080291736,,,,,
2022311N21293,NICOLE,2022-11-11 15:00:00,34.3,-84.3, , ,,2022,105,1028.2036897778564,,,,,
2022311N21293,NICOLE,2022-11-11 18:00:00,35.4,-83.8,25,1000,,2022,105,1125.7557167555512,,,,,
2025184N26277,CHANTAL,2025-07-03 06:00:00,26.3,-83.0, , ,,2025,40,286.88800782234523,,,,,
2025184N26277,CHANTAL,2025-07-03 09:00:00,26.4,-82.3, , ,,2025,40,222.18813645204492,,,,,
2025184N26277,CHANTAL,2025-07-03 12:00:00,26.7,-81.6, , ,,2025,40,174.96740318700333,,,,,
2025184N26277,CHANTAL,2025-07-03 15:00:00,27.3,-81.0, , ,,2025,40,189.00428883898823,,,,,
2025184N26277,CHANTAL,2025-07-03 18:00:00,28.1,-80.5, , ,,2025,40,261.7957113816963,,,,,
2025184N26277,CHANTAL,2025-07-03 21:00:00,28.9,-80.2, , ,,2025,40,348.96397796843803,,,,,
2025184N26277,CHANTAL,2025-07-04 00:00:00,29.5,-80.0, , ,,2025,40,416.1089331482111,,,,,
2025184N26277,CHANTAL,2025-07-04 03:00:00,29.9,-79.8, , ,,2025,40,461.7667001572994,,,,,
2025184N26277,CHANTAL,2025-07-04 06:00:00,30.1,-79.7, , ,,2025,40,484.808362415469,,,,,
2025184N26277,CHANTAL,2025-07-04 09:00:00,30.4,-79.4, , ,,2025,40,521.5665875971619,,,,,
2025184N26277,CHANTAL,2025-07-04 12:00:00,30.7,-79.2, , ,,2025,40,557.6344058153838,,,,,
2025184N26277,CHANTAL,2025-07-04 15:00:00,30.8,-79.1, , ,,2025,40,570.331205385785,,,,,
2025184N26277,CHANTAL,2025-07-04 18:00:00,30.8,-79.0, , ,,2025,40,572.2453178966036,,,,,
2025184N26277,CHANTAL,2025-07-04 21:00:00,30.6,-79.0, , ,,2025,40,550.5162014876662,,,,,
2025184N26277,CHANTAL,2025-07-05 00:00:00,30.5,-79.0, , ,,2025,40,539.6671808234182,,,,,
2025184N26277,CHANTAL,2025-07-05 03:00:00,30.6,-78.8, , ,,2025,40,555.0013528557607,,,,,
2025184N26277,CHANTAL,2025-07-05 06:00:00,30.7,-78.7, , ,,2025,40,568.2082805455635,,,,,
2025184N26277,CHANTAL,2025-07-05 09:00:00,30.7,-78.8, , ,,2025,40,565.770537459604,,,,,
2025184N26277,CHANTAL,2025-07-05 12:00:00,30.8,-79.0, , ,,2025,40,572.2453178966036,,,,,
2025184N26277,CHANTAL,2025-07-05 15:00:00,31.2,-78.9, , ,,2025,40,617.7330522993012,,,,,
2025184N26277,CHANTAL,2025-07-05 18:00:00,31.6,-78.7, , ,,2025,40,665.2745066409254,,,,,
2025184N26277,CHANTAL,2025-07-05 21:00:00,31.9,-78.7, , ,,2025,40,697.8182729861345,,,,,
2025184N26277,CHANTAL,2025-07-06 00:00:00,32.3,-78.7, , ,,2025,40,741.3222033301695,,,,,
2025184N26277,CHANTAL,2025-07-06 03:00:00,32.8,-78.8, , ,,2025,40,794.15115684476,,,,,
2025184N26277,CHANTAL,2025-07-06 06:00:00,33.3,-78.9, , ,,2025,40,847.4608199123026,,,,,
2025184N26277,CHANTAL,2025-07-06 09:00:00,33.7,-79.1, , ,,2025,40,888.9518679656384,,,,,
2025184N26277,CHANTAL,2025-07-06 12:00:00,34.0,-79.2, , ,,2025,40,921.0173380510594,,,,,
2025184N26277,CHANTAL,2025-07-06 15:00:00,34.2,-79.3, , ,,2025,40,942.2053187863368,,,,,
2025184N26277,CHANTAL,2025-07-06 18:00:00,34.5,-79.3, , ,,2025,40,975.4176407248716,,,,,
2025184N26277,CHANTAL,2025-07-06 21:00:00,35.0,-79.2, , ,,2025,40,1031.629010360642,,,,,
2025184N26277,CHANTAL,2025-07-07 00:00:00,35.6,-79.0, , ,,2025,40,1099.860018940613,,,,,
2025184N26277,CHANTAL,2025-07-07 03:00:00,36.0,-78.9, , ,,2025,40,1145.0655251793955,,,,,
2025184N26277,CHANTAL,2025-07-07 06:00:00,36.3,-78.6, , ,,2025,40,1181.522699056192,,,,,
2025184N26277,CHANTAL,2025-07-07 09:00:00,36.7,-77.9, , ,,2025,40,1235.525531211934,,,,,
2025184N26277,CHANTAL,2025-07-07 12:00:00,37.2,-77.0, , ,,2025,40,1307.1489546792336,,,,,
2025184N26277,CHANTAL,2025-07-07 15:00:00,37.7,-76.3, , ,,2025,40,1377.171470092569,,,,,
2025184N26277,CHANTAL,2025-07-07 18:00:00,38.3,-75.7, , ,,2025,40,1456.5323401673938,,,,,
2025184N26277,CHANTAL,2025-07-07 21:00:00,38.8,-75.2, , ,,2025,40,1523.1487782252996,,,,,
2025184N26277,CHANTAL,2025-07-08 00:00:00,39.2,-74.8, , ,,2025,40,1576.6968344542836,,,,,
