SID,NAME,ISO_TIME,LAT,LON,WMO_WIND,WMO_PRES,BASIN,SEASON,NUMBER,dist_to_pr_km,impact_next30,distance_km_poly,sst_current,sst_anom,sst_climo,merra_slp,merra_t2m,merra_rh2m,merra_u10,merra_v10,year,month,nino34,amo
1996248N15319,HORTENSE,1996-09-03 12:00:00,14.9,-41.0,25,1006,,1996,75,2750.000319100978,0,2645.8110725995293,27.111000061035156,-0.36113548278808594,27.54741096496582,,,,,,1996,9,26.27,-0.02
1996248N15319,HORTENSE,1996-09-03 15:00:00,14.9,-41.9, , ,,1996,75,2655.184315924901,0,2546.56468370081,27.130998611450195,-0.3859233856201172,27.594379425048828,,,,,,1996,9,26.27,-0.02
1996248N15319,HORTENSE,1996-09-03 18:00:00,14.9,-42.7,30,1006,,1996,75,2570.94765922769,0,2458.4097678702396,27.341665267944336,-0.22419357299804688,27.666086196899414,,,,,,1996,9,26.27,-0.02
1996248N15319,HORTENSE,1996-09-03 21:00:00,14.9,-43.4, , ,,1996,75,2497.2794417558616,0,2381.322712615294,27.470333099365234,-0.1394329071044922,27.666086196899414,,,,,,1996,9,26.27,-0.02
1996248N15319,HORTENSE,1996-09-04 00:00:00,14.8,-44.1,30,1006,,1996,75,2425.9662071151533,0,2306.052158888872,27.409000396728516,-0.24522972106933594,27.70469093322754,,,,,,1996,9,26.27,-0.02
1996248N15319,HORTENSE,1996-09-04 03:00:00,14.7,-44.8, , ,,1996,75,2354.815234622743,0,2231.022354871361,27.497333526611328,-0.2700634002685547,27.79728889465332,,,,,,1996,9,26.27,-0.02
1996248N15319,HORTENSE,1996-09-04 06:00:00,14.7,-45.4,30,1006,,1996,75,2291.8513416036185,0,2165.2002131447944,27.50666618347168,-0.3025016784667969,27.79728889465332,,,,,,1996,9,26.27,-0.02
1996248N15319,HORTENSE,1996-09-04 09:00:00,14.6,-46.0, , ,,1996,75,2231.4512705457287,0,2101.514752656802,27.4963321685791,-0.3693962097167969,27.875476837158203,,,,,,1996,9,26.27,-0.02
1996248N15319,HORTENSE,1996-09-04 12:00:00,14.6,-46.6,30,1006,,1996,75,2168.6267808347184,0,2035.888010796413,27.534332275390625,-0.3589591979980469,27.931453704833984,,,,,,1996,9,26.27,-0.02
1996248N15319,HORTENSE,1996-09-04 15:00:00,14.6,-47.1, , ,,1996,75,2116.318772323976,0,1981.2585366873911,27.637666702270508,-0.2852764129638672,27.931453704833984,,,,,,1996,9,26.27,-0.02
1996248N15319,HORTENSE,1996-09-04 18:00:00,14.7,-47.5,30,1006,,1996,75,2071.8790632996324,0,1935.345969158445,27.676666259765625,-0.2821979522705078,28.005985260009766,,,,,,1996,9,26.27,-0.02
1996248N15319,HORTENSE,1996-09-04 21:00:00,14.8,-47.9, , ,,1996,75,2027.4601186596635,0,1889.4361769689503,27.53333282470703,-0.4038047790527344,28.005985260009766,,,,,,1996,9,26.27,-0.02
1996248N15319,HORTENSE,1996-09-05 00:00:00,14.9,-48.4,30,1006,,1996,75,1972.604306588672,0,1832.6013076359125,27.407665252685547,-0.5632457733154297,28.005985260009766,,,,,,1996,9,26.27,-0.02
1996248N15319,HORTENSE,1996-09-05 03:00:00,14.9,-48.9, , ,,1996,75,1920.343146197526,0,1777.998481916056,27.5,-0.5048637390136719,28.07013702392578,,,,,,1996,9,26.27,-0.02
1996248N15319,HORTENSE,1996-09-05 06:00:00,14.8,-49.5,30,1006,,1996,75,1860.3865397727957,0,1714.9563108470531,27.730998992919922,-0.34122657775878906,28.149938583374023,,,,,,1996,9,26.27,-0.02
1996248N15319,HORTENSE,1996-09-05 09:00:00,14.7,-50.3, , ,,1996,75,1779.9086303516233,0,1630.6068609825547,27.66499900817871,-0.5106353759765625,28.149938583374023,,,,,,1996,9,26.27,-0.02
1996248N15319,HORTENSE,1996-09-05 12:00:00,14.5,-51.1,30,1006,,1996,75,1702.9330755636213,0,1549.7129711502862,27.877666473388672,-0.40673255920410156,28.255735397338867,,,,,,1996,9,26.27,-0.02
1996248N15319,HORTENSE,1996-09-05 15:00:00,14.4,-51.9, , ,,1996,75,1623.5906643814135,0,1466.8325041689654,27.86699867248535,-0.48521995544433594,28.34714126586914,,,,,,1996,9,26.27,-0.02
1996248N15319,HORTENSE,1996-09-05 18:00:00,14.3,-52.6,30,1006,,1996,75,1555.1055480809912,0,1395.4387967667487,27.869665145874023,-0.5502376556396484,28.43726921081543,,,,,,1996,9,26.27,-0.02
1996248N15319,HORTENSE,1996-09-05 21:00:00,14.3,-53.2, , ,,1996,75,1493.783372984222,0,1331.8073351230844,28.01533317565918,-0.44576454162597656,28.43726921081543,,,,,,1996,9,26.27,-0.02
1996248N15319,HORTENSE,1996-09-06 00:00:00,14.4,-53.6,30,1006,,1996,75,1449.4076716621394,0,1285.91788119779,28.1336669921875,-0.35689735412597656,28.495038986206055,,,,,,1996,9,26.27,-0.02
1996248N15319,HORTENSE,1996-09-06 03:00:00,14.5,-54.0, , ,,1996,75,1405.052058791504,0,1240.0339896367302,28.132665634155273,-0.3871021270751953,28.495038986206055,,,,,,1996,9,26.27,-0.02
1996248N15319,HORTENSE,1996-09-06 06:00:00,14.6,-54.3,30,1006,,1996,75,1370.9026436757292,0,1204.715326947765,28.128000259399414,-0.37883949279785156,28.495038986206055,,,,,,1996,9,26.27,-0.02
1996248N15319,HORTENSE,1996-09-06 09:00:00,14.7,-54.7, , ,,1996,75,1326.5813227831554,0,1158.8352307031992,28.124666213989258,-0.3972492218017578,28.55258560180664,,,,,,1996,9,26.27,-0.02
1996248N15319,HORTENSE,1996-09-06 12:00:00,14.7,-55.1,30,1006,,1996,75,1285.912834423261,0,1116.706720650013,28.122665405273438,-0.4323902130126953,28.55258560180664,,,,,,1996,9,26.27,-0.02
1996248N15319,HORTENSE,1996-09-06 15:00:00,14.8,-55.4, , ,,1996,75,1251.7913345839324,0,1081.382939801747,28.029998779296875,-0.53076171875,28.55258560180664,,,,,,1996,9,26.27,-0.02
1996248N15319,HORTENSE,1996-09-06 18:00:00,14.9,-55.7,30,1006,,1996,75,1217.6837287552692,0,1046.0574281003185,27.96466636657715,-0.6176567077636719,28.63576889038086,,,,,,1996,9,26.27,-0.02
1996248N15319,HORTENSE,1996-09-06 21:00:00,15.1,-56.3, , ,,1996,75,1149.5108276817814,0,975.4011593512104,28.111331939697266,-0.5218887329101562,28.579505920410156,,,,,,1996,9,26.27,-0.02
1996248N15319,HORTENSE,1996-09-07 00:00:00,15.2,-57.0,30,1006,,1996,75,1074.9183546642505,0,898.1323566179149,28.100332260131836,-0.5985088348388672,28.659902572631836,,,,,,1996,9,26.27,-0.02
1996248N15319,HORTENSE,1996-09-07 03:00:00,15.3,-57.7, , ,,1996,75,1000.5110256338096,0,821.0927030631086,28.167999267578125,-0.5558872222900391,28.746280670166016,,,,,,1996,9,26.27,-0.02
1996248N15319,HORTENSE,1996-09-07 06:00:00,15.4,-58.3,35,1005,,1996,75,936.344737016296,0,754.7215752276222,28.270666122436523,-0.5002975463867188,28.746280670166016,,,,,,1996,9,26.27,-0.02
1996248N15319,HORTENSE,1996-09-07 09:00:00,15.5,-59.0, , ,,1996,75,862.3658251220307,0,678.4071717980642,28.28966522216797,-0.5124855041503906,28.78407096862793,,,,,,1996,9,26.27,-0.02
1996248N15319,HORTENSE,1996-09-07 12:00:00,15.6,-59.6,40,1004,,1996,75,798.6034385502599,0,612.7859766428058,28.218666076660156,-0.5937061309814453,28.844579696655273,,,,,,1996,9,26.27,-0.02
1996248N15319,HORTENSE,1996-09-07 15:00:00,15.7,-60.0, , ,,1996,75,754.7857771384753,0,567.5881507315331,28.363332748413086,-0.4840278625488281,28.844579696655273,,,,,,1996,9,26.27,-0.02
1996248N15319,HORTENSE,1996-09-07 18:00:00,15.8,-60.4,40,1000,,1996,75,711.0279586541565,0,522.4842369628163,28.39699935913086,-0.45560264587402344,28.844579696655273,,,,,,1996,9,26.27,-0.02
1996248N15319,HORTENSE,1996-09-07 21:00:00,16.0,-60.8, , ,,1996,75,662.9681923289455,0,472.30781158735414,28.48466682434082,-0.4147529602050781,28.93948745727539,,,,,,1996,9,26.27,-0.02
1996248N15319,HORTENSE,1996-09-08 00:00:00,16.1,-61.2,50,996,,1996,75,619.2688916395084,0,427.358480670785,28.439666748046875,-0.46761322021484375,28.863849639892578,,,,,,1996,9,26.27,-0.02
1996248N15319,HORTENSE,1996-09-08 03:00:00,16.1,-61.6, , ,,1996,75,580.2050753453797,0,388.4257800309189,28.642000198364258,-0.32554054260253906,28.97422218322754,,,,,,1996,9,26.27,-0.02
1996248N15319,HORTENSE,1996-09-08 06:00:00,16.1,-62.0,55,996,,1996,75,541.6570122143436,0,350.5738342204738,28.65166664123535,-0.3664398193359375,28.97422218322754,,,,,,1996,9,26.27,-0.02
1996248N15319,HORTENSE,1996-09-08 09:00:00,16.1,-62.4, , ,,1996,75,503.74330031029336,0,314.3178397427108,28.602333068847656,-0.4265117645263672,28.97422218322754,,,,,,1996,9,26.27,-0.02
1996248N15319,HORTENSE,1996-09-08 12:00:00,16.1,-62.8,60,996,,1996,75,466.6187730410112,0,280.0763223602266,28.434999465942383,-0.6153202056884766,29.03211784362793,,,,,,1996,9,26.27,-0.02
1996248N15319,HORTENSE,1996-09-08 15:00:00,16.1,-63.2, , ,,1996,75,430.4878307196506,0,248.53135324866375,28.439332962036133,-0.6180000305175781,29.03211784362793,,,,,,1996,9,26.27,-0.02
1996248N15319,HORTENSE,1996-09-08 18:00:00,16.1,-63.6,60,991,,1996,75,395.6229639342998,0,220.6190125573686,28.56133270263672,-0.5025749206542969,29.048648834228516,,,,,,1996,9,26.27,-0.02
1996248N15319,HORTENSE,1996-09-08 21:00:00,16.1,-63.9, , ,,1996,75,370.5208261047274,0,202.8536065274995,28.625,-0.4421958923339844,29.048648834228516,,,,,,1996,9,26.27,-0.02
1996248N15319,HORTENSE,1996-09-09 00:00:00,16.1,-64.1,60,990,,1996,75,354.39098482835755,0,192.88183265790923,28.66266632080078,-0.40549659729003906,29.048648834228516,,,,,,1996,9,26.27,-0.02
1996248N15319,HORTENSE,1996-09-09 03:00:00,16.1,-64.3, , ,,1996,75,338.82604301411783,0,184.60084293046657,28.67799949645996,-0.3888092041015625,29.048648834228516,,,,,,1996,9,26.27,-0.02
1996248N15319,HORTENSE,1996-09-09 06:00:00,16.1,-64.5,70,987,,1996,75,323.90746507161305,0,178.17691311665843,28.649999618530273,-0.4154548645019531,29.039974212646484,,,,,,1996,9,26.27,-0.02
1996248N15319,HORTENSE,1996-09-09 09:00:00,16.2,-64.7, , ,,1996,75,301.3135087874293,0,162.3259188241616,28.649999618530273,-0.4154548645019531,29.039974212646484,,,,,,1996,9,26.27,-0.02
1996248N15319,HORTENSE,1996-09-09 12:00:00,16.3,-65.0,70,985,,1996,75,272.257271557833,0,148.04156219338066,28.611331939697266,-0.4375438690185547,29.039974212646484,,,,,,1996,9,26.27,-0.02
1996248N15319,HORTENSE,1996-09-09 15:00:00,16.4,-65.3, , ,,1996,75,244.43028272545317,0,139.4176500731966,28.618331909179688,-0.43271446228027344,29.039974212646484,,,,,,1996,9,26.27,-0.02
1996248N15319,HORTENSE,1996-09-09 18:00:00,16.6,-65.6,70,990,,1996,75,208.60377073219612,0,114.15075663927756,28.593332290649414,-0.4520111083984375,29.05225372314453,,,,,,1996,9,26.27,-0.02
1996248N15319,HORTENSE,1996-09-09 21:00:00,16.8,-65.8, , ,,1996,75,178.82616707552404,0,87.19236945805298,28.525999069213867,-0.5217266082763672,29.05225372314453,,,,,,1996,9,26.27,-0.02
1996248N15319,HORTENSE,1996-09-10 00:00:00,17.1,-66.1,70,989,,1996,75,135.01255596889985,0,45.91872702026921,28.483999252319336,-0.5705184936523438,29.049501419067383,,,,,,1996,9,26.27,-0.02
1996248N15319,HORTENSE,1996-09-10 03:00:00,17.6,-66.5, , ,,1996,75,69.68496542180877,1,0.0,28.420331954956055,-0.6463584899902344,29.096113204956055,,,,,,1996,9,26.27,-0.02
1996248N15319,HORTENSE,1996-09-10 06:00:00,18.0,-66.9,70,989,,1996,75,40.93281684217856,1,0.0,28.51999855041504,-0.5404834747314453,29.096113204956055,,,,,,1996,9,26.27,-0.02
1996248N15319,HORTENSE,1996-09-10 09:00:00,18.2,-67.4, , ,,1996,75,85.57749819984744,1,0.0,28.70433235168457,-0.3268585205078125,29.02466583251953,,,,,,1996,9,26.27,-0.02
1996248N15319,HORTENSE,1996-09-10 12:00:00,18.3,-67.8,65,989,,1996,75,128.06279740382857,1,0.0,28.44933319091797,-0.5363121032714844,28.969486236572266,,,,,,1996,9,26.27,-0.02
1996248N15319,HORTENSE,1996-09-10 15:00:00,18.6,-68.1, , ,,1996,75,164.78528253262903,0,4.081150982022381,28.224332809448242,-0.7364692687988281,28.969486236572266,,,,,,1996,9,26.27,-0.02
1996248N15319,HORTENSE,1996-09-10 18:00:00,18.9,-68.4,65,990,,1996,75,205.18672858937651,0,50.152077804985154,28.192333221435547,-0.7478275299072266,28.969486236572266,,,,,,1996,9,26.27,-0.02
1996248N15319,HORTENSE,1996-09-10 21:00:00,19.2,-68.7, , ,,1996,75,247.44913067917105,0,97.8175353886582,28.301998138427734,-0.6131591796875,28.869468688964844,,,,,,1996,9,26.27,-0.02
1996248N15319,HORTENSE,1996-09-11 00:00:00,19.5,-68.9,70,982,,1996,75,281.6127554364935,0,139.6082200873979,28.407333374023438,-0.4784564971923828,28.869468688964844,,,,,,1996,9,26.27,-0.02
1996248N15319,HORTENSE,1996-09-11 03:00:00,19.8,-69.2, , ,,1996,75,325.74731932512447,0,187.8263957366298,28.28499984741211,-0.5862445831298828,28.869468688964844,,,,,,1996,9,26.27,-0.02
1996248N15319,HORTENSE,1996-09-11 06:00:00,20.1,-69.5,75,975,,1996,75,370.2249268105296,0,236.28810663432543,28.29166603088379,-0.5992927551269531,28.913755416870117,,,,,,1996,9,26.27,-0.02
1996248N15319,HORTENSE,1996-09-11 09:00:00,20.5,-69.8, , ,,1996,75,421.42667105459515,0,294.2986676339981,28.268665313720703,-0.6366653442382812,28.913755416870117,,,,,,1996,9,26.27,-0.02
1996248N15319,HORTENSE,1996-09-11 12:00:00,20.9,-70.1,90,971,,1996,75,473.2448934777001,0,352.41262455151247,28.143665313720703,-0.7533855438232422,28.913755416870117,,,,,,1996,9,26.27,-0.02
1996248N15319,HORTENSE,1996-09-11 15:00:00,21.3,-70.4, , ,,1996,75,525.4807578299759,0,410.63797121609736,28.271665573120117,-0.6091289520263672,28.851099014282227,,,,,,1996,9,26.27,-0.02
1996248N15319,HORTENSE,1996-09-11 18:00:00,21.6,-70.6,95,970,,1996,75,562.9043300185795,0,452.733549891643,28.268665313720703,-0.6149635314941406,28.910396575927734,,,,,,1996,9,26.27,-0.02
1996248N15319,HORTENSE,1996-09-11 21:00:00,22.0,-70.9, , ,,1996,75,615.6263584896711,0,511.1605074875495,28.208332061767578,-0.6788406372070312,28.910396575927734,,,,,,1996,9,26.27,-0.02
1996248N15319,HORTENSE,1996-09-12 00:00:00,22.3,-71.1,100,967,,1996,75,653.3904466698797,0,553.4275910453057,28.13399887084961,-0.7439002990722656,28.865278244018555,,,,,,1996,9,26.27,-0.02
1996248N15319,HORTENSE,1996-09-12 03:00:00,22.6,-71.3, , ,,1996,75,691.2698444231129,0,595.7734505664021,28.109333038330078,-0.7694358825683594,28.865278244018555,,,,,,1996,9,26.27,-0.02
1996248N15319,HORTENSE,1996-09-12 06:00:00,23.0,-71.4,105,962,,1996,75,729.9245730147483,0,641.882510578607,28.097000122070312,-0.7796592712402344,28.865278244018555,,,,,,1996,9,26.27,-0.02
1996248N15319,HORTENSE,1996-09-12 09:00:00,23.4,-71.6, , ,,1996,75,776.232862100865,0,694.5924833416598,28.060998916625977,-0.8133621215820312,28.8734073638916,,,,,,1996,9,26.27,-0.02
1996248N15319,HORTENSE,1996-09-12 12:00:00,23.9,-71.8,115,959,,1996,75,831.0747940011598,0,757.817128054239,27.8626651763916,-0.9929447174072266,28.8734073638916,,,,,,1996,9,26.27,-0.02
1996248N15319,HORTENSE,1996-09-12 15:00:00,24.3,-71.9, , ,,1996,75,871.3652044208518,0,805.2707174304273,27.659666061401367,-1.172750473022461,28.828052520751953,,,,,,1996,9,26.27,-0.02
1996248N15319,HORTENSE,1996-09-12 18:00:00,24.7,-71.8,115,946,,1996,75,899.5873803002867,0,842.129516452624,27.61433219909668,-1.2042770385742188,28.828052520751953,,,,,,1996,9,26.27,-0.02
1996248N15319,HORTENSE,1996-09-12 21:00:00,25.3,-71.7, , ,,1996,75,947.3981897405642,0,902.5140718047816,27.75666618347168,-1.0070075988769531,28.76629066467285,,,,,,1996,9,26.27,-0.02
1996248N15319,HORTENSE,1996-09-13 00:00:00,25.9,-71.5,120,935,,1996,75,992.2457800254912,0,958.0493046603818,27.59233283996582,-1.1310901641845703,28.76629066467285,,,,,,1996,9,26.27,-0.02
1996248N15319,HORTENSE,1996-09-13 03:00:00,26.5,-71.5, , ,,1996,75,1049.6431706688932,0,1025.2234223311373,27.43000030517578,-1.2511978149414062,28.68714141845703,,,,,,1996,9,26.27,-0.02
1996248N15319,HORTENSE,1996-09-13 06:00:00,27.2,-71.4,115,942,,1996,75,1113.3358704783848,0,1100.969022371478,27.292333602905273,-1.3159866333007812,28.56555938720703,,,,,,1996,9,26.27,-0.02
1996248N15319,HORTENSE,1996-09-13 09:00:00,28.0,-71.2, , ,,1996,75,1184.843994554322,0,1186.9595993575456,27.060665130615234,-1.439901351928711,28.56555938720703,,,,,,1996,9,26.27,-0.02
1996248N15319,HORTENSE,1996-09-13 12:00:00,29.0,-70.9,100,948,,1996,75,1276.143004735208,0,1295.3968981973137,26.76966667175293,-1.5074443817138672,28.38055419921875,,,,,,1996,9,26.27,-0.02
1996248N15319,HORTENSE,1996-09-13 15:00:00,30.0,-70.6, , ,,1996,75,1371.2148110399835,0,1408.2746162630212,26.099332809448242,-1.9085769653320312,28.116479873657227,,,,,,1996,9,26.27,-0.02
1996248N15319,HORTENSE,1996-09-13 18:00:00,31.0,-70.3,100,948,,1996,75,1469.3165880670724,0,1525.4064621317912,25.741666793823242,-1.9759464263916016,27.81747817993164,,,,,,1996,9,26.27,-0.02
1996248N15319,HORTENSE,1996-09-13 21:00:00,32.1,-69.9, , ,,1996,75,1578.5520658998155,0,1657.1107627353172,25.592998504638672,-1.7680892944335938,27.278154373168945,,,,,,1996,9,26.27,-0.02
1996248N15319,HORTENSE,1996-09-14 00:00:00,33.3,-69.5,90,948,,1996,75,1701.6187562866764,0,1806.5742642857415,25.892332077026367,-1.2255115509033203,27.068700790405273,,,,,,1996,9,26.27,-0.02
1996248N15319,HORTENSE,1996-09-14 03:00:00,34.6,-69.0, , ,,1996,75,1836.842112765061,0,1972.7779827265192,25.724666595458984,-1.2224349975585938,26.97553062438965,,,,,,1996,9,26.27,-0.02
1996248N15319,HORTENSE,1996-09-14 06:00:00,35.9,-68.4,90,955,,1996,75,1973.8742140176903,0,2143.7015790880696,25.510332107543945,-1.2719612121582031,26.855037689208984,,,,,,1996,9,26.27,-0.02
1996248N15319,HORTENSE,1996-09-14 09:00:00,37.1,-67.8, , ,,1996,75,2102.594378249821,0,2306.368808603783,25.577333450317383,-1.184743881225586,26.79581642150879,,,,,,1996,9,26.27,-0.02
1996248N15319,HORTENSE,1996-09-14 12:00:00,38.5,-67.1,85,960,,1996,75,2255.485197749683,0,2502.2704571283693,24.4776668548584,-1.142324447631836,25.483366012573242,,,,,,1996,9,26.27,-0.02
1996248N15319,HORTENSE,1996-09-14 15:00:00,40.3,-66.2, , ,,1996,75,2455.379598230367,0,2763.2915635594973,19.9516658782959,-2.6190013885498047,22.460477828979492,,,,,,1996,9,26.27,-0.02
1996248N15319,HORTENSE,1996-09-14 18:00:00,42.0,-65.2,75,960,,1996,75,2647.4069539402703,0,3018.4453916145917,17.042333602905273,-1.6334056854248047,20.041484832763672,,,,,,1996,9,26.27,-0.02
1996248N15319,HORTENSE,1996-09-14 21:00:00,43.4,-64.2, , ,,1996,75,2808.776502706857,0,3236.780954581062,16.097000122070312,-0.5860366821289062,16.59380531311035,,,,,,1996,9,26.27,-0.02
1996248N15319,HORTENSE,1996-09-15 00:00:00,44.3,-63.3,70,970,,1996,75,2916.071193121683,0,3383.1972394986255,16.229665756225586,-0.43066978454589844,16.793785095214844,,,,,,1996,9,26.27,-0.02
1996248N15319,HORTENSE,1996-09-15 03:00:00,44.8,-62.5,70,978,,1996,75,2979.8214900832104,0,3469.8786145332556,,,16.793785095214844,,,,,,1996,9,26.27,-0.02
1996248N15319,HORTENSE,1996-09-15 06:00:00,45.5,-61.5,65,980,,1996,75,3069.6043025550875,0,3593.059764793563,,,16.956565856933594,,,,,,1996,9,26.27,-0.02
1996248N15319,HORTENSE,1996-09-15 09:00:00,46.0,-60.5, , ,,1996,75,3139.4307511169736,0,3688.451021202476,,,16.548141479492188,,,,,,1996,9,26.27,-0.02
1996248N15319,HORTENSE,1996-09-15 12:00:00,46.3,-59.1,60,982,,1996,75,3197.2302401212846,0,3762.7347649840945,14.200332641601562,-0.9666337966918945,14.942239761352539,,,,,,1996,9,26.27,-0.02
1996248N15319,HORTENSE,1996-09-15 15:00:00,46.2,-56.9, , ,,1996,75,3236.2205064983973,0,3798.510899755365,14.162666320800781,-0.8346939086914062,14.739324569702148,,,,,,1996,9,26.27,-0.02
1996248N15319,HORTENSE,1996-09-15 18:00:00,46.0,-55.0,40,996,,1996,75,3268.059649715201,0,3824.160197394663,13.847000122070312,-0.7738428115844727,14.974396705627441,,,,,,1996,9,26.27,-0.02
1996248N15319,HORTENSE,1996-09-15 21:00:00,46.0,-54.5, , ,,1996,75,3283.3645213239333,0,3840.905953636789,13.83466625213623,-0.6615800857543945,14.974396705627441,,,,,,1996,9,26.27,-0.02
1996248N15319,HORTENSE,1996-09-16 00:00:00,46.0,-54.0,40,998,,1996,75,3299.2371790982456,0,3858.382029885418,8.868063926696777,-5.487765312194824,14.873278617858887,,,,,,1996,9,26.27,-0.02
1996248N15319,HORTENSE,1996-09-16 03:00:00,45.6,-52.4, , ,,1996,75,3314.3900722486883,0,3859.379680608258,10.095806121826172,-4.7932024002075195,15.050260543823242,,,,,,1996,9,26.27,-0.02
1996248N15319,HORTENSE,1996-09-16 06:00:00,45.0,-50.0,35,999,,1996,75,3351.557277834012,0,3878.8566340829175,9.92967700958252,-5.09525203704834,15.247570991516113,,,,,,1996,9,26.27,-0.02
1998259N10335,GEORGES,1998-09-15 12:00:00,9.7,-25.1,30,1009,,1998,62,4565.666442605714,0,4492.628978678828,27.54166603088379,-0.3005962371826172,27.846364974975586,,,,,,1998,9,25.46,0.394
1998259N10335,GEORGES,1998-09-15 15:00:00,9.7,-25.8, , ,,1998,62,4492.185357111432,0,4416.4707069877295,27.581998825073242,-0.29027748107910156,27.883907318115234,,,,,,1998,9,25.46,0.394
1998259N10335,GEORGES,1998-09-15 18:00:00,9.8,-26.5,30,1009,,1998,62,4415.528574327062,0,4337.935682102676,27.45433235168457,-0.4355926513671875,27.937559127807617,,,,,,1998,9,25.46,0.394
1998259N10335,GEORGES,1998-09-15 21:00:00,9.9,-27.3, , ,,1998,62,4328.408246977088,0,4248.539026902669,27.4429988861084,-0.4569854736328125,27.937559127807617,,,,,,1998,9,25.46,0.394
1998259N10335,GEORGES,1998-09-16 00:00:00,10.0,-28.1,30,1009,,1998,62,4241.320143048055,0,4159.157678731974,28.129032135009766,0.23490333557128906,27.92360496520996,,,,,,1998,9,25.46,0.394
1998259N10335,GEORGES,1998-09-16 03:00:00,10.1,-28.9, , ,,1998,62,4154.265474100342,0,4069.7926667325687,27.941612243652344,0.051731109619140625,27.85640525817871,,,,,,1998,9,25.46,0.394
1998259N10335,GEORGES,1998-09-16 06:00:00,10.3,-29.7,30,1009,,1998,62,4064.025481541127,0,3977.941596982581,27.83612823486328,-0.06384849548339844,27.908967971801758,,,,,,1998,9,25.46,0.394
1998259N10335,GEORGES,1998-09-16 09:00:00,10.4,-30.5, , ,,1998,62,3977.034526442776,0,3888.587327779482,27.880643844604492,-0.06364822387695312,27.950000762939453,,,,,,1998,9,25.46,0.394
1998259N10335,GEORGES,1998-09-16 12:00:00,10.6,-31.3,35,1005,,1998,62,3886.8705899471192,0,3796.7276733416065,28.07806396484375,0.12164306640625,27.950000762939453,,,,,,1998,9,25.46,0.394
1998259N10335,GEORGES,1998-09-16 15:00:00,10.8,-32.1, , ,,1998,62,3796.754812036827,0,3704.8662110755586,28.07741928100586,0.11482620239257812,27.99064826965332,,,,,,1998,9,25.46,0.394
1998259N10335,GEORGES,1998-09-16 18:00:00,11.0,-32.9,35,1003,,1998,62,3706.688311999162,0,3613.003016325283,28.08774185180664,0.12624359130859375,27.984678268432617,,,,,,1998,9,25.46,0.394
1998259N10335,GEORGES,1998-09-16 21:00:00,11.1,-33.7, , ,,1998,62,3619.8255881298983,0,3523.6463383848827,27.729354858398438,-0.22320938110351562,27.927961349487305,,,,,,1998,9,25.46,0.394
1998259N10335,GEORGES,1998-09-17 00:00:00,11.3,-34.6,45,1000,,1998,62,3519.383655109723,0,3420.9203543932776,27.734838485717773,-0.21412086486816406,27.942502975463867,,,,,,1998,9,25.46,0.394
1998259N10335,GEORGES,1998-09-17 03:00:00,11.5,-35.4, , ,,1998,62,3429.452495151963,0,3329.044199969788,27.843225479125977,-0.13128280639648438,27.942502975463867,,,,,,1998,9,25.46,0.394
1998259N10335,GEORGES,1998-09-17 06:00:00,11.7,-36.3,50,997,,1998,62,3329.121594582384,0,3226.3110251854337,27.794837951660156,-0.1855297088623047,27.991737365722656,,,,,,1998,9,25.46,0.394
1998259N10335,GEORGES,1998-09-17 09:00:00,11.9,-37.2, , ,,1998,62,3228.8494082454063,0,3123.5742034949644,27.74774169921875,-0.20908737182617188,28.007360458374023,,,,,,1998,9,25.46,0.394
1998259N10335,GEORGES,1998-09-17 12:00:00,12.0,-38.1,55,994,,1998,62,3131.736590724716,0,3023.381243217377,27.510000228881836,-0.5062961578369141,28.07632064819336,,,,,,1998,9,25.46,0.394
1998259N10335,GEORGES,1998-09-17 15:00:00,12.2,-39.0, , ,,1998,62,3031.5687673729008,0,2920.6397013603446,27.460643768310547,-0.5756683349609375,27.96290397644043,,,,,,1998,9,25.46,0.394
1998259N10335,GEORGES,1998-09-17 18:00:00,12.3,-40.0,65,987,,1998,62,2924.1377047098345,0,2809.65716972391,27.39870834350586,-0.634124755859375,28.00261116027832,,,,,,1998,9,25.46,0.394
1998259N10335,GEORGES,1998-09-17 21:00:00,12.4,-41.0, , ,,1998,62,2816.797952976287,0,2698.7494549198304,27.504192352294922,-0.5588607788085938,28.02396583557129,,,,,,1998,9,25.46,0.394
1998259N10335,GEORGES,1998-09-18 00:00:00,12.5,-42.0,70,984,,1998,62,2709.557444102,0,2587.9262240642165,27.596450805664062,-0.5269889831542969,28.086944580078125,,,,,,1998,9,25.46,0.394
1998259N10335,GEORGES,1998-09-18 03:00:00,12.6,-43.0, , ,,1998,62,2602.4252897675005,0,2477.179620631493,27.680967330932617,-0.4384498596191406,28.14310646057129,,,,,,1998,9,25.46,0.394
1998259N10335,GEORGES,1998-09-18 06:00:00,12.8,-43.9,80,977,,1998,62,2502.542582970423,0,2374.457445621184,27.67258071899414,-0.42380714416503906,28.201839447021484,,,,,,1998,9,25.46,0.394
1998259N10335,GEORGES,1998-09-18 09:00:00,12.9,-44.8, , ,,1998,62,2405.959029733777,0,2274.592832022256,27.788063049316406,-0.3799552917480469,28.27898406982422,,,,,,1998,9,25.46,0.394
1998259N10335,GEORGES,1998-09-18 12:00:00,13.1,-45.7,85,973,,1998,62,2306.2066375077206,0,2171.8850765372435,27.655805587768555,-0.4977569580078125,28.07314109802246,,,,,,1998,9,25.46,0.394
1998259N10335,GEORGES,1998-09-18 15:00:00,13.3,-46.6, , ,,1998,62,2206.525811069149,0,2069.177775074139,27.66354751586914,-0.4822559356689453,28.13593292236328,,,,,,1998,9,25.46,0.394
1998259N10335,GEORGES,1998-09-18 18:00:00,13.5,-47.4,90,970,,1998,62,2117.264076909965,0,1977.2305998341249,27.85709571838379,-0.3396129608154297,28.13593292236328,,,,,,1998,9,25.46,0.394
1998259N10335,GEORGES,1998-09-18 21:00:00,13.7,-48.2, , ,,1998,62,2028.065898096072,0,1885.278734554496,27.914514541625977,-0.2815990447998047,28.213695526123047,,,,,,1998,9,25.46,0.394
1998259N10335,GEORGES,1998-09-19 00:00:00,13.9,-49.0,90,970,,1998,62,1938.9324086759136,0,1793.3221130481145,27.890321731567383,-0.31978607177734375,28.281152725219727,,,,,,1998,9,25.46,0.394
1998259N10335,GEORGES,1998-09-19 03:00:00,14.1,-49.8, , ,,1998,62,1849.864755453876,0,1701.3606719199363,27.969999313354492,-0.24115371704101562,28.149938583374023,,,,,,1998,9,25.46,0.394
1998259N10335,GEORGES,1998-09-19 06:00:00,14.4,-50.6,95,965,,1998,62,1757.7394500352175,0,1606.4743461074586,28.186450958251953,-0.04921722412109375,28.255735397338867,,,,,,1998,9,25.46,0.394
1998259N10335,GEORGES,1998-09-19 09:00:00,14.6,-51.3, , ,,1998,62,1679.1711173586204,0,1525.2762125503853,28.24386978149414,-0.03188896179199219,28.255735397338867,,,,,,1998,9,25.46,0.394
1998259N10335,GEORGES,1998-09-19 12:00:00,14.9,-52.0,110,954,,1998,62,1597.6873094865448,0,1441.266855633239,28.20838737487793,-0.10497093200683594,28.34714126586914,,,,,,1998,9,25.46,0.394
1998259N10335,GEORGES,1998-09-19 15:00:00,15.2,-52.7, , ,,1998,62,1516.4347768891157,0,1357.3554846902873,28.04741859436035,-0.2833824157714844,28.323888778686523,,,,,,1998,9,25.46,0.394
1998259N10335,GEORGES,1998-09-19 18:00:00,15.4,-53.5,125,949,,1998,62,1427.7967326142923,0,1265.375069876318,28.103548049926758,-0.28531646728515625,28.408533096313477,,,,,,1998,9,25.46,0.394
1998259N10335,GEORGES,1998-09-19 21:00:00,15.6,-54.2, , ,,1998,62,1349.6180206758029,0,1184.2298485770093,28.18741798400879,-0.2205486297607422,28.408533096313477,,,,,,1998,9,25.46,0.394
1998259N10335,GEORGES,1998-09-20 00:00:00,15.7,-54.9,130,939,,1998,62,1274.242620567226,0,1105.7379364539015,28.5848388671875,0.11418724060058594,28.488128662109375,,,,,,1998,9,25.46,0.394
1998259N10335,GEORGES,1998-09-20 03:00:00,15.9,-55.6, , ,,1998,62,1196.1798203846142,0,1024.5764554727489,28.73806381225586,0.21312904357910156,28.579505920410156,,,,,,1998,9,25.46,0.394
1998259N10335,GEORGES,1998-09-20 06:00:00,16.0,-56.3,135,937,,1998,62,1120.8883581416408,0,946.0951125486716,28.750967025756836,0.1643848419189453,28.579505920410156,,,,,,1998,9,25.46,0.394
1998259N10335,GEORGES,1998-09-20 09:00:00,16.1,-57.0, , ,,1998,62,1045.6585811656123,0,867.6660587888053,29.04451560974121,0.4239177703857422,28.58397102355957,,,,,,1998,9,25.46,0.394
1998259N10335,GEORGES,1998-09-20 12:00:00,16.2,-57.7,130,939,,1998,62,970.4973090939354,0,789.2692630353639,29.015483856201172,0.36228179931640625,28.63648223876953,,,,,,1998,9,25.46,0.394
1998259N10335,GEORGES,1998-09-20 15:00:00,16.3,-58.5, , ,,1998,62,885.1078150772066,0,700.1944453532167,28.815160751342773,0.12648582458496094,28.701425552368164,,,,,,1998,9,25.46,0.394
1998259N10335,GEORGES,1998-09-20 18:00:00,16.4,-59.2,115,956,,1998,62,810.1384227355012,0,622.0228644554002,28.77838706970215,0.05792999267578125,28.701425552368164,,,,,,1998,9,25.46,0.394
1998259N10335,GEORGES,1998-09-20 21:00:00,16.5,-59.9, , ,,1998,62,735.2808735557726,0,544.025803317995,28.859031677246094,0.08636283874511719,28.772340774536133,,,,,,1998,9,25.46,0.394
1998259N10335,GEORGES,1998-09-21 00:00:00,16.7,-60.6,100,963,,1998,62,657.4492983581799,0,462.71686367109135,28.81322479248047,-0.0015544891357421875,28.863849639892578,,,,,,1998,9,25.46,0.394
1998259N10335,GEORGES,1998-09-21 03:00:00,16.9,-61.3, , ,,1998,62,579.6987633582611,0,381.4024520892376,28.817419052124023,-0.028133392333984375,28.863849639892578,,,,,,1998,9,25.46,0.394
1998259N10335,GEORGES,1998-09-21 04:30:00,17.0,-61.7,100,966,,1998,62,535.7280575016318,0,335.43789416230493,28.807741165161133,-0.058666229248046875,28.97422218322754,,,,,,1998,9,25.46,0.394
1998259N10335,GEORGES,1998-09-21 06:00:00,17.1,-62.1,100,966,,1998,62,491.77867514389527,0,289.49009978789405,28.70806312561035,-0.15152549743652344,28.77013397216797,,,,,,1998,9,25.46,0.394
1998259N10335,GEORGES,1998-09-21 08:00:00,17.2,-62.6,100,966,,1998,62,437.6131498382021,0,233.0652497731612,28.811288833618164,-0.09998512268066406,28.90079116821289,,,,,,1998,9,25.46,0.394
1998259N10335,GEORGES,1998-09-21 09:00:00,17.2,-62.9, , ,,1998,62,407.00880529897046,0,201.73453653387085,28.899677276611328,-0.03743934631347656,28.90079116821289,,,,,,1998,9,25.46,0.394
1998259N10335,GEORGES,1998-09-21 12:00:00,17.4,-63.6,95,966,,1998,62,329.43750832856813,0,120.90278771329,29.15386962890625,0.19080734252929688,28.982276916503906,,,,,,1998,9,25.46,0.394
1998259N10335,GEORGES,1998-09-21 15:00:00,17.6,-64.3, , ,,1998,62,251.9449696104315,0,40.91898539473664,29.15096664428711,0.1808319091796875,28.982276916503906,,,,,,1998,9,25.46,0.394
1998259N10335,GEORGES,1998-09-21 18:00:00,17.8,-65.0,90,970,,1998,62,174.53533474797698,1,0.0,29.064191818237305,0.10239219665527344,28.995363235473633,,,,,,1998,9,25.46,0.394
1998259N10335,GEORGES,1998-09-21 21:00:00,18.0,-65.6, , ,,1998,62,107.48148686509144,1,0.0,29.03419303894043,0.05135917663574219,29.049501419067383,,,,,,1998,9,25.46,0.394
1998259N10335,GEORGES,1998-09-21 22:00:00,18.1,-65.8,100,968,,1998,62,84.55253707079925,1,0.0,,,28.91379165649414,,,,,,1998,9,25.46,0.394
1998259N10335,GEORGES,1998-09-22 00:00:00,18.2,-66.3,90,970,,1998,62,30.72919447088176,1,0.0,,,28.91379165649414,,,,,,1998,9,25.46,0.394
1998259N10335,GEORGES,1998-09-22 03:00:00,18.1,-66.9, , ,,1998,62,35.39094222339947,1,0.0,,,29.02466583251953,,,,,,1998,9,25.46,0.394
1998259N10335,GEORGES,1998-09-22 06:00:00,18.0,-67.4,95,972,,1998,62,89.046752158317,1,0.0,29.080644607543945,0.03130912780761719,29.096113204956055,,,,,,1998,9,25.46,0.394
1998259N10335,GEORGES,1998-09-22 09:00:00,18.1,-67.8, , ,,1998,62,128.53677423641307,1,0.0,29.11451530456543,0.11034965515136719,28.969486236572266,,,,,,1998,9,25.46,0.394
1998259N10335,GEORGES,1998-09-22 12:00:00,18.2,-68.5,105,964,,1998,62,201.74699625919283,0,11.264187026837355,29.11806297302246,0.11367416381835938,29.00446128845215,,,,,,1998,9,25.46,0.394
1998259N10335,GEORGES,1998-09-22 12:30:00,18.2,-68.7,105,962,,1998,62,222.8705751607023,0,33.49462689604356,29.11806297302246,0.11367416381835938,29.00446128845215,,,,,,1998,9,25.46,0.394
1998259N10335,GEORGES,1998-09-22 15:00:00,18.3,-69.3, , ,,1998,62,286.2858167193063,0,100.97296063029803,29.173547744750977,0.15619277954101562,29.00446128845215,,,,,,1998,9,25.46,0.394
1998259N10335,GEORGES,1998-09-22 18:00:00,18.6,-69.7,95,970,,1998,62,330.7998068637911,0,151.385029567563,,,29.042356491088867,,,,,,1998,9,25.46,0.394
1998259N10335,GEORGES,1998-09-22 21:00:00,18.7,-70.2, , ,,1998,62,384.45020587283955,0,208.18579243279012,,,29.042356491088867,,,,,,1998,9,25.46,0.394
1998259N10335,GEORGES,1998-09-23 00:00:00,18.8,-70.8,70,980,,1998,62,448.53712882643623,0,275.83823919363243,,,29.189632415771484,,,,,,1998,9,25.46,0.394
1998259N10335,GEORGES,1998-09-23 03:00:00,18.9,-71.4, , ,,1998,62,512.5940350889392,0,343.5576604430021,,,29.189632415771484,,,,,,1998,9,25.46,0.394
1998259N10335,GEORGES,1998-09-23 06:00:00,19.0,-72.1,65,990,,1998,62,587.0369640064498,0,422.1938916511975,,,29.58900260925293,,,,,,1998,9,25.46,0.394
1998259N10335,GEORGES,1998-09-23 09:00:00,19.1,-72.7, , ,,1998,62,651.0180398234241,0,489.98041614048344,,,29.90125274658203,,,,,,1998,9,25.46,0.394
1998259N10335,GEORGES,1998-09-23 12:00:00,19.3,-73.3,65,996,,1998,62,716.5317626635906,0,560.2493596212275,29.882579803466797,0.06746292114257812,29.90125274658203,,,,,,1998,9,25.46,0.394
1998259N10335,GEORGES,1998-09-23 15:00:00,19.5,-73.9, , ,,1998,62,782.1488911332783,0,630.6506071234028,29.726774215698242,0.000484466552734375,29.721073150634766,,,,,,1998,9,25.46,0.394
1998259N10335,GEORGES,1998-09-23 18:00:00,19.8,-74.3,65,994,,1998,62,829.2496170087966,0,682.632858047834,29.232580184936523,-0.29039955139160156,29.721073150634766,,,,,,1998,9,25.46,0.394
1998259N10335,GEORGES,1998-09-23 21:00:00,20.0,-74.5, , ,,1998,62,854.1791229641536,0,710.5215582109303,29.156450271606445,-0.3467216491699219,29.64954376220703,,,,,,1998,9,25.46,0.394
1998259N10335,GEORGES,1998-09-23 21:30:00,20.1,-74.5,65,993,,1998,62,856.5733326157286,0,713.9572968260948,,,29.17999267578125,,,,,,1998,9,25.46,0.394
1998259N10335,GEORGES,1998-09-24 00:00:00,20.5,-74.9,65,992,,1998,62,907.7024390055898,0,771.2617928833847,,,29.17999267578125,,,,,,1998,9,25.46,0.394
1998259N10335,GEORGES,1998-09-24 03:00:00,20.7,-75.4, , ,,1998,62,963.7222679948588,0,831.6890435832692,,,29.17999267578125,,,,,,1998,9,25.46,0.394
1998259N10335,GEORGES,1998-09-24 06:00:00,20.8,-76.0,65,991,,1998,62,1026.876950358566,0,898.6103287155795,,,,,,,,,1998,9,25.46,0.394
1998259N10335,GEORGES,1998-09-24 09:00:00,21.0,-76.6, , ,,1998,62,1092.8026505745734,0,969.524550899793,,,30.47908592224121,,,,,,1998,9,25.46,0.394
1998259N10335,GEORGES,1998-09-24 12:00:00,21.3,-77.2,70,990,,1998,62,1161.5392777286304,0,1044.4512730837384,,,29.238452911376953,,,,,,1998,9,25.46,0.394
1998259N10335,GEORGES,1998-09-24 15:00:00,21.6,-77.6, , ,,1998,62,1210.4272492829248,0,1098.685582484619,,,,,,,,,1998,9,25.46,0.394
1998259N10335,GEORGES,1998-09-24 18:00:00,21.9,-78.0,75,989,,1998,62,1259.5250439852723,0,1153.2326356658602,,,,,,,,,1998,9,25.46,0.394
1998259N10335,GEORGES,1998-09-24 21:00:00,22.3,-78.5, , ,,1998,62,1321.9936031771338,0,1222.8975569380175,29.116451263427734,,29.417236328125,,,,,,1998,9,25.46,0.394
1998259N10335,GEORGES,1998-09-25 00:00:00,22.7,-79.0,80,987,,1998,62,1384.75867618104,0,1293.013202633785,29.164838790893555,-0.24914932250976562,29.417236328125,,,,,,1998,9,25.46,0.394
1998259N10335,GEORGES,1998-09-25 03:00:00,23.1,-79.6, , ,,1998,62,1457.400607083032,0,1373.690881324566,28.994516372680664,-0.39409446716308594,29.35658073425293,,,,,,1998,9,25.46,0.394
1998259N10335,GEORGES,1998-09-25 06:00:00,23.4,-80.2,85,986,,1998,62,1526.3254336784191,0,1449.539065553785,28.889677047729492,-0.4681510925292969,29.35658073425293,,,,,,1998,9,25.46,0.394
1998259N10335,GEORGES,1998-09-25 09:00:00,23.6,-80.8, , ,,1998,62,1591.4230351373778,0,1520.3875516606877,28.974193572998047,-0.3143348693847656,29.272401809692383,,,,,,1998,9,25.46,0.394
1998259N10335,GEORGES,1998-09-25 12:00:00,23.9,-81.3,90,982,,1998,62,1650.5411796522603,0,1586.1752433451943,28.742258071899414,-0.5691108703613281,29.272401809692383,,,,,,1998,9,25.46,0.394
1998259N10335,GEORGES,1998-09-25 15:00:00,24.4,-81.7, , ,,1998,62,1707.864962094189,0,1652.5490103232016,28.302579879760742,-1.0733509063720703,29.424333572387695,,,,,,1998,9,25.46,0.394
1998259N10335,GEORGES,1998-09-25 15:30:00,24.5,-81.8,90,981,,1998,62,1721.2872784908218,0,1667.926983145726,28.269031524658203,-1.127908706665039,29.424333572387695,,,,,,1998,9,25.46,0.394
1998259N10335,GEORGES,1998-09-25 18:00:00,24.6,-82.4,90,975,,1998,62,1781.9893465354317,0,1733.3530855220042,27.95806312561035,-1.445211410522461,29.424333572387695,,,,,,1998,9,25.46,0.394
1998259N10335,GEORGES,1998-09-25 21:00:00,24.7,-82.9, , ,,1998,62,1833.2555671716143,0,1788.88726291714,27.804838180541992,-1.5513992309570312,29.354055404663086,,,,,,1998,9,25.46,0.394
1998259N10335,GEORGES,1998-09-26 00:00:00,24.8,-83.3,90,974,,1998,62,1875.0250924895631,0,1834.4145945637413,27.897418975830078,-1.3857669830322266,29.354055404663086,,,,,,1998,9,25.46,0.394
1998259N10335,GEORGES,1998-09-26 03:00:00,25.0,-83.8, , ,,1998,62,1929.9957704365515,0,1895.234450543612,28.642580032348633,-0.5844192504882812,29.25475311279297,,,,,,1998,9,25.46,0.394
1998259N10335,GEORGES,1998-09-26 06:00:00,25.2,-84.2,90,975,,1998,62,1975.402604543645,0,1945.9782605519683,28.652257919311523,-0.5407047271728516,29.143285751342773,,,,,,1998,9,25.46,0.394
1998259N10335,GEORGES,1998-09-26 09:00:00,25.4,-84.7, , ,,1998,62,2030.2142437023815,0,2006.8306111189336,28.432903289794922,-0.7641887664794922,29.207469940185547,,,,,,1998,9,25.46,0.394
1998259N10335,GEORGES,1998-09-26 12:00:00,25.7,-85.1,90,974,,1998,62,2079.2378028357703,0,2062.8767286858233,28.138385772705078,-1.0527095794677734,29.207469940185547,,,,,,1998,9,25.46,0.394
1998259N10335,GEORGES,1998-09-26 15:00:00,25.9,-85.5, , ,,1998,62,2124.455444077434,0,2113.7090457437894,28.061935424804688,-1.1079273223876953,29.236955642700195,,,,,,1998,9,25.46,0.394
1998259N10335,GEORGES,1998-09-26 18:00:00,26.2,-85.9,90,975,,1998,62,2173.4166073879296,0,2169.9434356184724,27.96354866027832,-1.1797847747802734,29.0958251953125,,,,,,1998,9,25.46,0.394
1998259N10335,GEORGES,1998-09-26 21:00:00,26.6,-86.2, , ,,1998,62,2216.9648695835954,0,2221.880104502912,27.763547897338867,-1.3122711181640625,29.0958251953125,,,,,,1998,9,25.46,0.394
1998259N10335,GEORGES,1998-09-27 00:00:00,27.0,-86.5,95,969,,1998,62,2260.758734696268,0,2274.287850222712,27.593547821044922,-1.4449501037597656,29.09243392944336,,,,,,1998,9,25.46,0.394
1998259N10335,GEORGES,1998-09-27 03:00:00,27.3,-86.9, , ,,1998,62,2309.8140569075936,0,2331.122814742321,27.465805053710938,-1.5023612976074219,28.952287673950195,,,,,,1998,9,25.46,0.394
1998259N10335,GEORGES,1998-09-27 06:00:00,27.6,-87.2,95,970,,1998,62,2349.6858229008435,0,2378.2494928231627,27.399677276611328,-1.5399131774902344,28.952287673950195,,,,,,1998,9,25.46,0.394
1998259N10335,GEORGES,1998-09-27 09:00:00,27.9,-87.5, , ,,1998,62,2389.5949084025415,0,2425.5293561621565,27.084192276000977,-1.833902359008789,29.000295639038086,,,,,,1998,9,25.46,0.394
1998259N10335,GEORGES,1998-09-27 12:00:00,28.2,-87.8,95,962,,1998,62,2429.5347734775387,0,2472.9682954821897,26.98128890991211,-1.8992595672607422,28.812898635864258,,,,,,1998,9,25.46,0.394
1998259N10335,GEORGES,1998-09-27 15:00:00,28.5,-88.1, , ,,1998,62,2469.499246582341,0,2520.5768790301554,26.86741828918457,-1.9682292938232422,28.812898635864258,,,,,,1998,9,25.46,0.394
1998259N10335,GEORGES,1998-09-27 18:00:00,28.8,-88.3,95,962,,1998,62,2500.526971160226,0,2558.676097533434,26.624515533447266,-2.108266830444336,28.812898635864258,,,,,,1998,9,25.46,0.394
1998259N10335,GEORGES,1998-09-27 21:00:00,29.1,-88.4, , ,,1998,62,2522.77024443354,0,2587.4042733810275,26.48290252685547,-2.1993408203125,28.65060043334961,,,,,,1998,9,25.46,0.394
1998259N10335,GEORGES,1998-09-28 00:00:00,29.3,-88.5,95,961,,1998,62,2540.6700824507893,0,2609.939616665022,26.21354866027832,-2.3920364379882812,28.532833099365234,,,,,,1998,9,25.46,0.394
1998259N10335,GEORGES,1998-09-28 03:00:00,29.5,-88.6, , ,,1998,62,2558.6380771547256,0,2632.602005860054,26.21354866027832,-2.3920364379882812,28.532833099365234,,,,,,1998,9,25.46,0.394
1998259N10335,GEORGES,1998-09-28 06:00:00,29.8,-88.7,90,964,,1998,62,2581.3367360019306,0,2662.088960474838,25.748708724975586,-2.749814987182617,28.532833099365234,,,,,,1998,9,25.46,0.394
1998259N10335,GEORGES,1998-09-28 09:00:00,30.2,-88.8, , ,,1998,62,2609.0256799902754,0,2698.789169665454,25.259031295776367,-3.164459228515625,28.339710235595703,,,,,,1998,9,25.46,0.394
1998259N10335,GEORGES,1998-09-28 11:30:00,30.4,-88.9,90,964,,1998,62,2627.334226567957,0,2722.0570575569827,24.98870849609375,-3.3851547241210938,28.339710235595703,,,,,,1998,9,25.46,0.394
1998259N10335,GEORGES,1998-09-28 12:00:00,30.4,-88.9,90,965,,1998,62,2627.334226567957,0,2722.0570575569827,24.98870849609375,-3.3851547241210938,28.339710235595703,,,,,,1998,9,25.46,0.394
1998259N10335,GEORGES,1998-09-28 15:00:00,30.5,-88.9, , ,,1998,62,2632.206931081928,0,2729.065058532215,24.98870849609375,-3.3851547241210938,28.339710235595703,,,,,,1998,9,25.46,0.394
1998259N10335,GEORGES,1998-09-28 18:00:00,30.6,-88.9,65,984,,1998,62,2637.115341509171,0,2736.1233276514095,,,28.339710235595703,,,,,,1998,9,25.46,0.394
1998259N10335,GEORGES,1998-09-28 21:00:00,30.6,-89.0, , ,,1998,62,2645.7009298971548,0,2745.4439400869005,,,28.339710235595703,,,,,,1998,9,25.46,0.394
1998259N10335,GEORGES,1998-09-29 00:00:00,30.6,-89.0,50,986,,1998,62,2645.7009298971548,0,2745.4439400869005,,,28.339710235595703,,,,,,1998,9,25.46,0.394
1998259N10335,GEORGES,1998-09-29 03:00:00,30.6,-88.7, , ,,1998,62,2619.9748430090012,0,2717.523000413561,,,28.339710235595703,,,,,,1998,9,25.46,0.394
1998259N10335,GEORGES,1998-09-29 06:00:00,30.6,-88.4,40,992,,1998,62,2594.342383236588,0,2689.726873238071,,,28.414445877075195,,,,,,1998,9,25.46,0.394
1998259N10335,GEORGES,1998-09-29 09:00:00,30.8,-88.3, , ,,1998,62,2596.034340326194,0,2695.049550477745,,,28.414445877075195,,,,,,1998,9,25.46,0.394
1998259N10335,GEORGES,1998-09-29 12:00:00,31.0,-88.1,30,994,,1998,62,2589.575447372967,0,2691.5143380857367,,,28.414445877075195,,,,,,1998,9,25.46,0.394
1998259N10335,GEORGES,1998-09-29 15:00:00,31.0,-87.8, , ,,1998,62,2564.4392094056934,0,2664.2460443367586,,,28.414445877075195,,,,,,1998,9,25.46,0.394
1998259N10335,GEORGES,1998-09-29 18:00:00,30.9,-87.5,30,996,,1998,62,2534.012953146956,0,2629.530375255933,,,28.414445877075195,,,,,,1998,9,25.46,0.394
1998259N10335,GEORGES,1998-09-29 21:00:00,30.8,-87.2, , ,,1998,62,2503.5779187421854,0,2594.8529307306676,,,28.562103271484375,,,,,,1998,9,25.46,0.394
1998259N10335,GEORGES,1998-09-30 00:00:00,30.8,-86.9,30,998,,1998,62,2478.6153359226937,0,2567.861168451468,,,28.562103271484375,,,,,,1998,9,25.46,0.394
1998259N10335,GEORGES,1998-09-30 03:00:00,30.7,-86.6, , ,,1998,62,2448.208614439284,0,2533.294446604802,,,28.562103271484375,,,,,,1998,9,25.46,0.394
1998259N10335,GEORGES,1998-09-30 06:00:00,30.7,-86.3,30,1000,,1998,62,2423.399607321038,0,2506.5296990000165,,,28.573787689208984,,,,,,1998,9,25.46,0.394
1998259N10335,GEORGES,1998-09-30 09:00:00,30.7,-85.9, , ,,1998,62,2390.51027979247,0,2471.0945088748617,,,28.573787689208984,,,,,,1998,9,25.46,0.394
1998259N10335,GEORGES,1998-09-30 12:00:00,30.7,-85.4,25,1002,,1998,62,2349.71611930064,0,2427.221798607035,,,,,,,,,1998,9,25.46,0.394
1998259N10335,GEORGES,1998-09-30 15:00:00,30.7,-84.8, , ,,1998,62,2301.2543026495946,0,2375.2266216517746,,,,,,,,,1998,9,25.46,0.394
1998259N10335,GEORGES,1998-09-30 18:00:00,30.6,-84.2,25,1004,,1998,62,2247.1724698673725,0,2315.617676594444,,,28.41501808166504,,,,,,1998,9,25.46,0.394
1998259N10335,GEORGES,1998-09-30 21:00:00,30.5,-83.6, , ,,1998,62,2193.380308235953,0,2256.4561513433214,,,28.41501808166504,,,,,,1998,9,25.46,0.394
1998259N10335,GEORGES,1998-10-01 00:00:00,30.5,-83.0,25,1006,,1998,62,2146.3808854558215,0,2206.397437381797,,,,,,,,,1998,10,25.25,0.363
1998259N10335,GEORGES,1998-10-01 03:00:00,30.5,-82.4, , ,,1998,62,2100.065172267092,0,2157.245280754311,,,,,,,,,1998,10,25.25,0.363
1998259N10335,GEORGES,1998-10-01 06:00:00,30.5,-81.8,20,1008,,1998,62,2054.4803461984447,0,2109.06113960755,,,,,,,,,1998,10,25.25,0.363
2004258N16300,JEANNE,2004-09-13 18:00:00,15.9,-60.0,25,1010,,2004,73,746.4713198883996,0,557.8844494517884,28.964332580566406,0.13513946533203125,28.844579696655273,,,,,,2004,9,27.53,0.221
2004258N16300,JEANNE,2004-09-13 21:00:00,15.9,-60.3, , ,,2004,73,716.6385264474357,0,527.5041678055275,28.94499969482422,0.09239768981933594,28.844579696655273,,,,,,2004,9,27.53,0.221
2004258N16300,JEANNE,2004-09-14 00:00:00,16.0,-60.7,25,1010,,2004,73,672.8405313110887,0,482.31297283252707,28.970664978027344,0.09465408325195312,28.93948745727539,,,,,,2004,9,27.53,0.221
2004258N16300,JEANNE,2004-09-14 03:00:00,16.1,-61.2, , ,,2004,73,619.2688916395084,0,427.358480670785,28.97833251953125,0.07105255126953125,28.863849639892578,,,,,,2004,9,27.53,0.221
2004258N16300,JEANNE,2004-09-14 04:00:00,16.2,-61.3,30,1009,,2004,73,605.1068923093526,0,412.1604736757931,29.04199981689453,0.10458946228027344,28.863849639892578,,,,,,2004,9,27.53,0.221
2004258N16300,JEANNE,2004-09-14 06:00:00,16.3,-61.5,30,1009,,2004,73,581.1287191259216,0,387.05994831546934,28.946998596191406,0.0025959014892578125,28.97422218322754,,,,,,2004,9,27.53,0.221
2004258N16300,JEANNE,2004-09-14 09:00:00,16.4,-62.0, , ,,2004,73,527.6312296038197,0,332.47288032966225,29.016332626342773,0.022657394409179688,28.97422218322754,,,,,,2004,9,27.53,0.221
2004258N16300,JEANNE,2004-09-14 12:00:00,16.4,-62.6,35,1006,,2004,73,469.4554264689089,0,275.7880888002835,28.92599868774414,-0.09413337707519531,29.03211784362793,,,,,,2004,9,27.53,0.221
2004258N16300,JEANNE,2004-09-14 15:00:00,16.5,-63.1, , ,,2004,73,416.88598228715944,0,224.4006308171633,28.93833351135254,-0.10356712341308594,29.03211784362793,,,,,,2004,9,27.53,0.221
2004258N16300,JEANNE,2004-09-14 18:00:00,16.7,-63.5,50,996,,2004,73,368.809416905025,0,175.58154680863092,28.861000061035156,-0.17010879516601562,29.048648834228516,,,,,,2004,9,27.53,0.221
2004258N16300,JEANNE,2004-09-14 21:00:00,16.9,-63.8, , ,,2004,73,330.23212092247394,0,135.25080239048762,28.94066619873047,-0.07798194885253906,29.048648834228516,,,,,,2004,9,27.53,0.221
2004258N16300,JEANNE,2004-09-15 00:00:00,17.1,-64.0,55,996,,2004,73,301.3982877128057,0,103.08961203874122,28.93633270263672,-0.07144927978515625,28.982276916503906,,,,,,2004,9,27.53,0.221
2004258N16300,JEANNE,2004-09-15 03:00:00,17.2,-64.4, , ,,2004,73,258.261880524583,0,64.86940011417417,28.900665283203125,-0.10834884643554688,28.982276916503906,,,,,,2004,9,27.53,0.221
2004258N16300,JEANNE,2004-09-15 06:00:00,17.2,-64.8,55,994,,2004,73,220.99061299277145,0,46.08030058577178,28.85099983215332,-0.1604766845703125,28.995363235473633,,,,,,2004,9,27.53,0.221
2004258N16300,JEANNE,2004-09-15 09:00:00,17.4,-65.1, , ,,2004,73,182.2486181772528,0,21.0274596200028,28.73066520690918,-0.27638816833496094,28.995363235473633,,,,,,2004,9,27.53,0.221
2004258N16300,JEANNE,2004-09-15 12:00:00,17.6,-65.4,60,991,,2004,73,143.59913804546989,0,7.1147938732187885,28.628000259399414,-0.3732147216796875,28.995363235473633,,,,,,2004,9,27.53,0.221
2004258N16300,JEANNE,2004-09-15 15:00:00,17.9,-65.9, , ,,2004,73,81.20857624261069,1,0.0,28.493000030517578,-0.5003509521484375,29.049501419067383,,,,,,2004,9,27.53,0.221
2004258N16300,JEANNE,2004-09-15 16:00:00,18.0,-66.0,60,991,,2004,73,67.02412720367569,1,0.0,28.54599952697754,-0.46144866943359375,29.049501419067383,,,,,,2004,9,27.53,0.221
2004258N16300,JEANNE,2004-09-15 18:00:00,18.1,-66.2,60,991,,2004,73,43.34997360771927,1,0.0,,,28.91379165649414,,,,,,2004,9,27.53,0.221
2004258N16300,JEANNE,2004-09-15 21:00:00,18.3,-66.6, , ,,2004,73,8.86846805290682,1,0.0,,,29.02466583251953,,,,,,2004,9,27.53,0.221
2004258N16300,JEANNE,2004-09-16 00:00:00,18.5,-67.1,60,993,,2004,73,62.12530311644019,1,0.0,,,29.02466583251953,,,,,,2004,9,27.53,0.221
2004258N16300,JEANNE,2004-09-16 03:00:00,18.6,-67.5, , ,,2004,73,104.8495859481294,1,0.0,28.899999618530273,-0.07375526428222656,28.969486236572266,,,,,,2004,9,27.53,0.221
2004258N16300,JEANNE,2004-09-16 06:00:00,18.6,-67.8,60,992,,2004,73,134.43230539228108,1,0.0,28.79451560974121,-0.16805267333984375,28.969486236572266,,,,,,2004,9,27.53,0.221
2004258N16300,JEANNE,2004-09-16 09:00:00,18.6,-68.0, , ,,2004,73,154.609812637622,0,1.7219388136445757,28.69483757019043,-0.2659645080566406,28.969486236572266,,,,,,2004,9,27.53,0.221
2004258N16300,JEANNE,2004-09-16 11:00:00,18.6,-68.3,70,985,,2004,73,185.26201896725428,0,14.551205585436326,28.68967628479004,-0.278778076171875,28.969486236572266,,,,,,2004,9,27.53,0.221
2004258N16300,JEANNE,2004-09-16 12:00:00,18.6,-68.5,70,984,,2004,73,205.86471918348437,0,29.966482853424942,,,29.00446128845215,,,,,,2004,9,27.53,0.221
2004258N16300,JEANNE,2004-09-16 15:00:00,18.7,-68.9, , ,,2004,73,249.38871388794087,0,73.09653838614305,,,29.00446128845215,,,,,,2004,9,27.53,0.221
2004258N16300,JEANNE,2004-09-16 18:00:00,18.8,-69.0,65,988,,2004,73,262.13705816465017,0,88.77972462925082,,,29.00446128845215,,,,,,2004,9,27.53,0.221
2004258N16300,JEANNE,2004-09-16 21:00:00,19.0,-69.2, , ,,2004,73,288.3525363623885,0,120.43402748661264,,,29.00446128845215,,,,,,2004,9,27.53,0.221
2004258N16300,JEANNE,2004-09-17 00:00:00,19.2,-69.4,60,990,,2004,73,315.3218067624815,0,152.27619421347956,28.7670955657959,-0.1641063690185547,28.869468688964844,,,,,,2004,9,27.53,0.221
2004258N16300,JEANNE,2004-09-17 03:00:00,19.3,-69.6, , ,,2004,73,338.85448093217605,0,177.19579759261825,28.7670955657959,-0.1356964111328125,28.894134521484375,,,,,,2004,9,27.53,0.221
2004258N16300,JEANNE,2004-09-17 06:00:00,19.4,-69.9,55,990,,2004,73,372.23250360524605,0,211.369562630601,28.778709411621094,-0.1306629180908203,28.894134521484375,,,,,,2004,9,27.53,0.221
2004258N16300,JEANNE,2004-09-17 09:00:00,19.5,-70.3, , ,,2004,73,415.4631221113292,0,255.22231408022785,,,28.894134521484375,,,,,,2004,9,27.53,0.221
2004258N16300,JEANNE,2004-09-17 12:00:00,19.7,-70.7,50,990,,2004,73,462.41966789088013,0,305.57281718342836,,,29.02836799621582,,,,,,2004,9,27.53,0.221
2004258N16300,JEANNE,2004-09-17 15:00:00,19.9,-71.2, , ,,2004,73,519.1937538009684,0,365.6228781793907,28.70612907409668,-0.32013893127441406,29.02836799621582,,,,,,2004,9,27.53,0.221
2004258N16300,JEANNE,2004-09-17 18:00:00,20.0,-71.6,30,1002,,2004,73,562.2819943868432,0,410.3949765277624,28.759353637695312,-0.35338592529296875,29.233877182006836,,,,,,2004,9,27.53,0.221
2004258N16300,JEANNE,2004-09-17 21:00:00,20.1,-71.8, , ,,2004,73,585.7105093891304,0,435.6159972150175,28.715805053710938,-0.40535926818847656,29.083784103393555,,,,,,2004,9,27.53,0.221
2004258N16300,JEANNE,2004-09-18 00:00:00,20.2,-72.0,40,1000,,2004,73,609.141034915037,0,460.8405975960802,28.78257942199707,-0.3971061706542969,29.083784103393555,,,,,,2004,9,27.53,0.221
2004258N16300,JEANNE,2004-09-18 03:00:00,20.3,-72.3, , ,,2004,73,642.35222547601,0,495.8933652682739,28.66806411743164,-0.5007724761962891,29.083784103393555,,,,,,2004,9,27.53,0.221
2004258N16300,JEANNE,2004-09-18 06:00:00,20.4,-72.5,45,1000,,2004,73,665.7625238689059,0,521.1249295470004,28.716129302978516,-0.4968986511230469,29.19046974182129,,,,,,2004,9,27.53,0.221
2004258N16300,JEANNE,2004-09-18 09:00:00,20.8,-72.7, , ,,2004,73,701.5685707706938,0,563.6497026334375,28.51935386657715,-0.5933208465576172,29.19046974182129,,,,,,2004,9,27.53,0.221
2004258N16300,JEANNE,2004-09-18 12:00:00,21.2,-72.8,45,1000,,2004,73,729.472171231539,0,598.4739135390193,28.46709632873535,-0.6214065551757812,29.028139114379883,,,,,,2004,9,27.53,0.221
2004258N16300,JEANNE,2004-09-18 15:00:00,21.5,-72.6, , ,,2004,73,726.5022572099682,0,601.1371381523448,28.471290588378906,-0.5910015106201172,29.028139114379883,,,,,,2004,9,27.53,0.221
2004258N16300,JEANNE,2004-09-18 18:00:00,21.7,-72.3,40,1005,,2004,73,711.0678967417937,0,590.4012078237445,28.438709259033203,-0.6082668304443359,29.085622787475586,,,,,,2004,9,27.53,0.221
2004258N16300,JEANNE,2004-09-18 21:00:00,21.9,-72.2, , ,,2004,73,714.4977770059106,0,598.1210226874075,28.35709571838379,-0.6588630676269531,29.085622787475586,,,,,,2004,9,27.53,0.221
2004258N16300,JEANNE,2004-09-19 00:00:00,22.2,-72.2,40,1002,,2004,73,733.6394581445684,0,623.289690320773,28.266128540039062,-0.7081756591796875,28.904062271118164,,,,,,2004,9,27.53,0.221
2004258N16300,JEANNE,2004-09-19 03:00:00,22.5,-72.2, , ,,2004,73,753.767723971743,0,649.4654352533287,28.15322494506836,-0.7794265747070312,28.904062271118164,,,,,,2004,9,27.53,0.221
2004258N16300,JEANNE,2004-09-19 06:00:00,22.8,-72.3,40,1002,,2004,73,782.6813133208591,0,683.7943306939441,28.087419509887695,-0.8250389099121094,28.904062271118164,,,,,,2004,9,27.53,0.221
2004258N16300,JEANNE,2004-09-19 09:00:00,23.1,-72.4, , ,,2004,73,812.0337084419344,0,718.5391099366037,28.03129005432129,-0.8712406158447266,28.8734073638916,,,,,,2004,9,27.53,0.221
2004258N16300,JEANNE,2004-09-19 12:00:00,23.5,-72.5,40,1000,,2004,73,849.2676128528665,0,763.1247890939663,28.086772918701172,-0.816070556640625,28.91135597229004,,,,,,2004,9,27.53,0.221
2004258N16300,JEANNE,2004-09-19 15:00:00,23.9,-72.4, , ,,2004,73,872.8008270012929,0,795.1413753575321,27.959999084472656,-0.9126243591308594,28.8734073638916,,,,,,2004,9,27.53,0.221
2004258N16300,JEANNE,2004-09-19 18:00:00,24.2,-72.3,45,996,,2004,73,889.8776889037813,0,818.755871221965,27.920000076293945,-0.9426155090332031,28.828052520751953,,,,,,2004,9,27.53,0.221
2004258N16300,JEANNE,2004-09-19 21:00:00,24.5,-72.2, , ,,2004,73,908.0032940923012,0,843.5156607889072,27.843870162963867,-0.9961452484130859,28.828052520751953,,,,,,2004,9,27.53,0.221
2004258N16300,JEANNE,2004-09-20 00:00:00,24.8,-72.1,50,994,,2004,73,927.1157506965887,0,869.2559501156409,27.647418975830078,-1.1653213500976562,28.828052520751953,,,,,,2004,9,27.53,0.221
2004258N16300,JEANNE,2004-09-20 03:00:00,25.1,-72.1, , ,,2004,73,953.279366455624,0,901.2504382304088,27.541290283203125,-1.2568988800048828,28.76629066467285,,,,,,2004,9,27.53,0.221
2004258N16300,JEANNE,2004-09-20 06:00:00,25.5,-72.0,55,992,,2004,73,982.9481596823438,0,939.46612533491,27.420644760131836,-1.3629932403564453,28.76629066467285,,,,,,2004,9,27.53,0.221
2004258N16300,JEANNE,2004-09-20 09:00:00,26.1,-71.9, , ,,2004,73,1032.4114160256647,0,1000.3443051282094,26.9603214263916,-1.7516632080078125,28.68714141845703,,,,,,2004,9,27.53,0.221
2004258N16300,JEANNE,2004-09-20 12:00:00,26.6,-71.7,60,989,,2004,73,1069.2347265591077,0,1045.919795046776,26.58386993408203,-2.076129913330078,28.68714141845703,,,,,,2004,9,27.53,0.221
2004258N16300,JEANNE,2004-09-20 15:00:00,27.0,-71.6, , ,,2004,73,1103.0054773213535,0,1086.6408600085558,26.40774154663086,-2.2309741973876953,28.68714141845703,,,,,,2004,9,27.53,0.221
2004258N16300,JEANNE,2004-09-20 18:00:00,27.2,-71.4,75,984,,2004,73,1113.3358704783848,0,1100.969022371478,26.311935424804688,-2.296384811401367,28.56555938720703,,,,,,2004,9,27.53,0.221
2004258N16300,JEANNE,2004-09-20 21:00:00,27.3,-71.1, , ,,2004,73,1110.1136130035163,0,1100.5193575893545,26.29387092590332,-2.285564422607422,28.56555938720703,,,,,,2004,9,27.53,0.221
2004258N16300,JEANNE,2004-09-21 00:00:00,27.4,-70.8,75,982,,2004,73,1107.8654855283996,0,1101.0712957327448,26.31096649169922,-2.256603240966797,28.56555938720703,,,,,,2004,9,27.53,0.221
2004258N16300,JEANNE,2004-09-21 03:00:00,27.5,-70.5, , ,,2004,73,1106.595483613348,0,1101.532489124343,26.361934661865234,-2.190258026123047,28.56555938720703,,,,,,2004,9,27.53,0.221
2004258N16300,JEANNE,2004-09-21 06:00:00,27.6,-70.2,75,972,,2004,73,1106.3050198123424,0,1103.067983264528,26.564838409423828,-1.9236278533935547,28.501232147216797,,,,,,2004,9,27.53,0.221
2004258N16300,JEANNE,2004-09-21 09:00:00,27.6,-69.8, , ,,2004,73,1093.340893246915,0,1090.669491523155,26.580322265625,-1.895364761352539,28.501232147216797,,,,,,2004,9,27.53,0.221
2004258N16300,JEANNE,2004-09-21 12:00:00,27.6,-69.5,75,972,,2004,73,1084.5284002936164,0,1082.4181780028257,26.608064651489258,-1.85748291015625,28.501232147216797,,,,,,2004,9,27.53,0.221
2004258N16300,JEANNE,2004-09-21 15:00:00,27.5,-69.3, , ,,2004,73,1068.3842667178496,0,1065.192563804021,26.548385620117188,-1.9404754638671875,28.46114158630371,,,,,,2004,9,27.53,0.221
2004258N16300,JEANNE,2004-09-21 18:00:00,27.4,-69.2,75,972,,2004,73,1055.0424306077846,0,1050.5759821700549,26.647418975830078,-1.8314895629882812,28.46114158630371,,,,,,2004,9,27.53,0.221
2004258N16300,JEANNE,2004-09-21 21:00:00,27.3,-69.0, , ,,2004,73,1039.2670726366466,0,1033.7945081169903,26.647418975830078,-1.8314895629882812,28.46114158630371,,,,,,2004,9,27.53,0.221
2004258N16300,JEANNE,2004-09-22 00:00:00,27.2,-68.9,80,972,,2004,73,1026.083367039725,0,1019.3842649890285,26.77838706970215,-1.7188758850097656,28.46114158630371,,,,,,2004,9,27.53,0.221
2004258N16300,JEANNE,2004-09-22 03:00:00,27.0,-68.8, , ,,2004,73,1002.1351756210277,0,992.7598421380692,26.793548583984375,-1.7306900024414062,28.563457489013672,,,,,,2004,9,27.53,0.221
2004258N16300,JEANNE,2004-09-22 06:00:00,26.8,-68.7,85,968,,2004,73,978.2058396043316,0,966.2211527018032,26.899999618530273,-1.622537612915039,28.563457489013672,,,,,,2004,9,27.53,0.221
2004258N16300,JEANNE,2004-09-22 09:00:00,26.6,-68.6, , ,,2004,73,954.2973679012338,0,939.7714636704474,27.006772994995117,-1.5455322265625,28.563457489013672,,,,,,2004,9,27.53,0.221
2004258N16300,JEANNE,2004-09-22 12:00:00,26.5,-68.5,85,968,,2004,73,941.2682455146436,0,925.690942187331,27.18903160095215,-1.3933258056640625,28.563457489013672,,,,,,2004,9,27.53,0.221
2004258N16300,JEANNE,2004-09-22 15:00:00,26.4,-68.6, , ,,2004,73,932.632728321942,0,915.2495746416178,27.18903160095215,-1.3933258056640625,28.563457489013672,,,,,,2004,9,27.53,0.221
2004258N16300,JEANNE,2004-09-22 18:00:00,26.2,-68.8,85,967,,2004,73,915.8792780949196,0,894.9646144795772,27.247419357299805,-1.3624324798583984,28.563457489013672,,,,,,2004,9,27.53,0.221
2004258N16300,JEANNE,2004-09-22 21:00:00,25.9,-68.9, , ,,2004,73,886.3759948149965,0,860.9021839594509,27.5216121673584,-1.1183414459228516,28.683387756347656,,,,,,2004,9,27.53,0.221
2004258N16300,JEANNE,2004-09-23 00:00:00,25.7,-69.0,85,966,,2004,73,867.9131911832798,0,839.2993059717594,27.506128311157227,-1.1672401428222656,28.683387756347656,,,,,,2004,9,27.53,0.221
2004258N16300,JEANNE,2004-09-23 03:00:00,25.6,-69.1, , ,,2004,73,860.3336123190502,0,830.0070292026004,27.506128311157227,-1.1672401428222656,28.683387756347656,,,,,,2004,9,27.53,0.221
2004258N16300,JEANNE,2004-09-23 06:00:00,25.5,-69.3,85,966,,2004,73,856.2687889608388,0,823.9760821733322,27.37870979309082,-1.3309268951416016,28.683387756347656,,,,,,2004,9,27.53,0.221
2004258N16300,JEANNE,2004-09-23 09:00:00,25.5,-69.4, , ,,2004,73,859.6876365417621,0,827.1044404725953,27.37870979309082,-1.3309268951416016,28.683387756347656,,,,,,2004,9,27.53,0.221
2004258N16300,JEANNE,2004-09-23 12:00:00,25.5,-69.6,80,966,,2004,73,866.8527213402505,0,833.766376095972,27.294837951660156,-1.4244651794433594,28.72344207763672,,,,,,2004,9,27.53,0.221
2004258N16300,JEANNE,2004-09-23 15:00:00,25.6,-69.8, , ,,2004,73,884.7007956185828,0,852.5997361427663,27.224838256835938,-1.4783706665039062,28.72344207763672,,,,,,2004,9,27.53,0.221
2004258N16300,JEANNE,2004-09-23 18:00:00,25.8,-70.0,75,966,,2004,73,912.9936290316252,0,883.3577213848831,27.1912899017334,-1.4893436431884766,28.72344207763672,,,,,,2004,9,27.53,0.221
2004258N16300,JEANNE,2004-09-23 21:00:00,25.9,-70.2, , ,,2004,73,931.2380271563565,0,902.6910332431236,27.1912899017334,-1.4893436431884766,28.72344207763672,,,,,,2004,9,27.53,0.221
2004258N16300,JEANNE,2004-09-24 00:00:00,26.0,-70.4,70,966,,2004,73,949.695775356924,0,921.6723341528872,27.26483726501465,-1.421743392944336,28.72344207763672,,,,,,2004,9,27.53,0.221
2004258N16300,JEANNE,2004-09-24 03:00:00,26.1,-70.8, , ,,2004,73,977.2920471689982,0,948.9327917754476,27.228063583374023,-1.446187973022461,28.643146514892578,,,,,,2004,9,27.53,0.221
2004258N16300,JEANNE,2004-09-24 06:00:00,26.1,-71.2,75,969,,2004,73,996.2028260825496,0,966.2052033559384,27.20903205871582,-1.4739303588867188,28.643146514892578,,,,,,2004,9,27.53,0.221
2004258N16300,JEANNE,2004-09-24 09:00:00,26.1,-71.7, , ,,2004,73,1021.6796269817409,0,990.1451587431222,27.078386306762695,-1.6239242553710938,28.68714141845703,,,,,,2004,9,27.53,0.221
2004258N16300,JEANNE,2004-09-24 12:00:00,26.2,-72.2,80,969,,2004,73,1058.241351329351,0,1026.8893326595164,26.794193267822266,-1.9318923950195312,28.68714141845703,,,,,,2004,9,27.53,0.221
2004258N16300,JEANNE,2004-09-24 15:00:00,26.3,-72.6, , ,,2004,73,1090.209750144534,0,1058.1136723953373,26.335161209106445,-2.406583786010742,28.75738525390625,,,,,,2004,9,27.53,0.221
2004258N16300,JEANNE,2004-09-24 18:00:00,26.4,-73.1,85,968,,2004,73,1128.901105787185,0,1095.953589903183,26.494516372680664,-2.277334213256836,28.75738525390625,,,,,,2004,9,27.53,0.221
2004258N16300,JEANNE,2004-09-24 21:00:00,26.4,-73.7, , ,,2004,73,1166.467014701185,0,1130.7574728866152,26.891935348510742,-1.8930377960205078,28.78236198425293,,,,,,2004,9,27.53,0.221
2004258N16300,JEANNE,2004-09-25 00:00:00,26.4,-74.3,85,964,,2004,73,1206.0116994850532,0,1168.2590876648442,27.16806411743164,-1.6440505981445312,28.78236198425293,,,,,,2004,9,27.53,0.221
2004258N16300,JEANNE,2004-09-25 03:00:00,26.4,-74.9, , ,,2004,73,1247.3463718416083,0,1208.211495299695,27.220321655273438,-1.6148605346679688,28.82928466796875,,,,,,2004,9,27.53,0.221
2004258N16300,JEANNE,2004-09-25 06:00:00,26.5,-75.6,90,960,,2004,73,1305.1629798812758,0,1266.9880523015254,27.366451263427734,-1.50726318359375,28.879749298095703,,,,,,2004,9,27.53,0.221
2004258N16300,JEANNE,2004-09-25 09:00:00,26.5,-76.3, , ,,2004,73,1357.043813336559,0,1318.7143988798266,27.295482635498047,-1.6395130157470703,28.879749298095703,,,,,,2004,9,27.53,0.221
2004258N16300,JEANNE,2004-09-25 12:00:00,26.6,-76.9,100,957,,2004,73,1409.9208568961965,0,1373.7629065799874,27.20967674255371,-1.738962173461914,28.984819412231445,,,,,,2004,9,27.53,0.221
2004258N16300,JEANNE,2004-09-25 14:00:00,26.7,-77.3,100,956,,2004,73,1447.8606855281137,0,1413.9792157276015,26.937742233276367,-2.0786972045898438,28.984819412231445,,,,,,2004,9,27.53,0.221
2004258N16300,JEANNE,2004-09-25 15:00:00,26.8,-77.5, , ,,2004,73,1470.3366779902783,0,1438.5857997959415,26.805482864379883,-2.180692672729492,29.14954376220703,,,,,,2004,9,27.53,0.221
2004258N16300,JEANNE,2004-09-25 18:00:00,26.9,-78.2,105,952,,2004,73,1532.256018778403,0,1503.6364846480744,26.69774055480957,-2.345966339111328,29.14954376220703,,,,,,2004,9,27.53,0.221
2004258N16300,JEANNE,2004-09-25 21:00:00,27.0,-78.8, , ,,2004,73,1586.8963096681723,0,1561.596566967493,26.770967483520508,-2.3475799560546875,29.18570899963379,,,,,,2004,9,27.53,0.221
2004258N16300,JEANNE,2004-09-26 00:00:00,27.1,-79.4,105,951,,2004,73,1642.012681321111,0,1620.3125145732004,27.68903160095215,-1.3709087371826172,29.039875030517578,,,,,,2004,9,27.53,0.221
2004258N16300,JEANNE,2004-09-26 03:00:00,27.2,-80.0, , ,,2004,73,1697.5522438327216,0,1679.6501111520015,27.307741165161133,,28.866127014160156,,,,,,2004,9,27.53,0.221
2004258N16300,JEANNE,2004-09-26 04:00:00,27.2,-80.2,105,950,,2004,73,1714.1422196324725,0,1696.9605641583444,27.307741165161133,,28.866127014160156,,,,,,2004,9,27.53,0.221
2004258N16300,JEANNE,2004-09-26 06:00:00,27.3,-80.6,95,953,,2004,73,1753.4683980259208,0,1739.6251746159992,,,,,,,,,2004,9,27.53,0.221
2004258N16300,JEANNE,2004-09-26 09:00:00,27.5,-81.1, , ,,2004,73,1807.1161319799864,0,1798.95027685593,,,,,,,,,2004,9,27.53,0.221
2004258N16300,JEANNE,2004-09-26 12:00:00,27.7,-81.6,75,965,,2004,73,1860.7427459531557,0,1858.4145828609348,,,,,,,,,2004,9,27.53,0.221
2004258N16300,JEANNE,2004-09-26 15:00:00,28.0,-82.0, , ,,2004,73,1911.6806711939616,0,1916.7227805308137,,,,,,,,,2004,9,27.53,0.221
2004258N16300,JEANNE,2004-09-26 18:00:00,28.3,-82.3,55,970,,2004,73,1954.18378791314,0,1966.2699120482591,,,,,,,,,2004,9,27.53,0.221
2004258N16300,JEANNE,2004-09-26 21:00:00,28.8,-82.5, , ,,2004,73,2000.2538385363907,0,2022.910960003131,,,28.948266983032227,,,,,,2004,9,27.53,0.221
2004258N16300,JEANNE,2004-09-27 00:00:00,29.3,-82.7,45,978,,2004,73,2046.8244770586075,0,2080.3726904983696,,,28.647289276123047,,,,,,2004,9,27.53,0.221
2004258N16300,JEANNE,2004-09-27 03:00:00,29.7,-83.0, , ,,2004,73,2095.630454897921,0,2138.8037465912644,,,28.647289276123047,,,,,,2004,9,27.53,0.221
2004258N16300,JEANNE,2004-09-27 06:00:00,30.1,-83.3,40,981,,2004,73,2144.485907670023,0,2197.5122605082774,,,,,,,,,2004,9,27.53,0.221
2004258N16300,JEANNE,2004-09-27 09:00:00,30.6,-83.7, , ,,2004,73,2207.5771921830237,0,2273.3345995696145,,,28.41501808166504,,,,,,2004,9,27.53,0.221
2004258N16300,JEANNE,2004-09-27 12:00:00,31.1,-83.9,35,987,,2004,73,2255.1089633794263,0,2332.896858380579,,,,,,,,,2004,9,27.53,0.221
2004258N16300,JEANNE,2004-09-27 15:00:00,31.8,-83.8, , ,,2004,73,2293.461835264002,0,2386.6729644768657,,,,,,,,,2004,9,27.53,0.221
2004258N16300,JEANNE,2004-09-27 18:00:00,32.5,-83.6,30,993,,2004,73,2326.5442273269955,0,2435.41244731934,,,,,,,,,2004,9,27.53,0.221
2004258N16300,JEANNE,2004-09-27 21:00:00,32.9,-83.4, , ,,2004,73,2340.4035705041715,0,2458.152022642417,,,,,,,,,2004,9,27.53,0.221
2004258N16300,JEANNE,2004-09-28 00:00:00,33.2,-83.2,25,998,,2004,73,2347.9573199616375,0,2472.2237793739987,,,,,,,,,2004,9,27.53,0.221
2004258N16300,JEANNE,2004-09-28 03:00:00,33.6,-82.9, , ,,2004,73,2356.8175325469792,0,2489.8876504397213,,,,,,,,,2004,9,27.53,0.221
2004258N16300,JEANNE,2004-09-28 06:00:00,34.1,-82.4,20,999,,2004,73,2361.507551508803,0,2505.502298952634,,,,,,,,,2004,9,27.53,0.221
2004258N16300,JEANNE,2004-09-28 09:00:00,34.7,-81.8, , ,,2004,73,2370.611419774161,0,2528.461335818419,,,,,,,,,2004,9,27.53,0.221
2004258N16300,JEANNE,2004-09-28 12:00:00,35.4,-81.0,20,1000,,2004,73,2380.0625215582263,0,2554.6156116639654,,,,,,,,,2004,9,27.53,0.221
2004258N16300,JEANNE,2004-09-28 15:00:00,36.4,-79.8, , ,,2004,73,2400.44539337949,0,2600.8538815468382,,,,,,,,,2004,9,27.53,0.221
2004258N16300,JEANNE,2004-09-28 18:00:00,37.3,-78.4,25,999,,2004,73,2413.9493264472585,0,2638.1119059117527,,,,,,,,,2004,9,27.53,0.221
2004258N16300,JEANNE,2004-09-28 21:00:00,37.9,-77.3, , ,,2004,73,2423.175219769055,0,2661.9220280279815,,,,,,,,,2004,9,27.53,0.221
2004258N16300,JEANNE,2004-09-29 00:00:00,38.3,-76.4,25,999,,2004,73,2426.8982435454823,0,2675.782864328985,18.469676971435547,,23.631683349609375,,,,,,2004,9,27.53,0.221
2004258N16300,JEANNE,2004-09-29 03:00:00,38.6,-75.6, , ,,2004,73,2428.1085288384793,0,2684.838388906005,,,23.631683349609375,,,,,,2004,9,27.53,0.221
2004258N16300,JEANNE,2004-09-29 06:00:00,38.8,-74.7,35,999,,2004,73,2418.9276848103323,0,2679.0471671432665,18.353225708007812,-4.201789855957031,22.620262145996094,,,,,,2004,9,27.53,0.221
2004258N16300,JEANNE,2004-09-29 09:00:00,38.7,-73.7, , ,,2004,73,2378.8156005990386,0,2633.0407689203153,17.73580551147461,-5.122138977050781,22.736894607543945,,,,,,2004,9,27.53,0.221
2004258N16300,JEANNE,2004-09-29 12:00:00,38.5,-72.5,35,999,,2004,73,2326.484003891552,0,2571.979275652123,21.339031219482422,-2.469736099243164,23.419178009033203,,,,,,2004,9,27.53,0.221
2007345N18298,OLGA,2007-12-10 12:00:00,18.3,-61.8,35,1009,,2007,89,505.8746731872342,0,307.9350836781938,27.232580184936523,0.0765533447265625,27.14019203186035,,,,,,2007,12,25.01,0.091
2007345N18298,OLGA,2007-12-10 15:00:00,18.3,-62.5, , ,,2007,89,431.9764804642601,0,230.5147255457081,27.222257614135742,0.03958702087402344,27.169816970825195,,,,,,2007,12,25.01,0.091
2007345N18298,OLGA,2007-12-10 18:00:00,18.3,-63.2,35,1008,,2007,89,358.08211798893666,0,153.43322199044349,27.1958065032959,-0.008207321166992188,27.169816970825195,,,,,,2007,12,25.01,0.091
2007345N18298,OLGA,2007-12-10 21:00:00,18.3,-63.9, , ,,2007,89,284.19608169818963,0,77.38535153396772,27.26483917236328,0.019443511962890625,27.222999572753906,,,,,,2007,12,25.01,0.091
2007345N18298,OLGA,2007-12-11 00:00:00,18.4,-64.7,35,1007,,2007,89,200.5198341238428,0,7.580778932807636,27.031612396240234,-0.23992156982421875,27.250843048095703,,,,,,2007,12,25.01,0.091
2007345N18298,OLGA,2007-12-11 03:00:00,18.5,-65.5, , ,,2007,89,119.1581615214682,1,0.0,27.112579345703125,-0.19341659545898438,27.287097930908203,,,,,,2007,12,25.01,0.091
2007345N18298,OLGA,2007-12-11 06:00:00,18.5,-66.3,40,1005,,2007,89,43.60205590675038,1,0.0,,,27.287097930908203,,,,,,2007,12,25.01,0.091
2007345N18298,OLGA,2007-12-11 07:00:00,18.4,-66.5,40,1005,,2007,89,22.07979554219164,1,0.0,,,27.439924240112305,,,,,,2007,12,25.01,0.091
2007345N18298,OLGA,2007-12-11 09:00:00,18.3,-66.9, , ,,2007,89,33.888310089942244,1,0.0,,,27.439924240112305,,,,,,2007,12,25.01,0.091
2007345N18298,OLGA,2007-12-11 12:00:00,18.3,-67.4,45,1004,,2007,89,85.97387582101632,1,0.0,27.524192810058594,0.07920646667480469,27.439924240112305,,,,,,2007,12,25.01,0.091
2007345N18298,OLGA,2007-12-11 15:00:00,18.4,-67.9, , ,,2007,89,139.70747378592702,1,0.0,27.475160598754883,0.05683326721191406,27.384428024291992,,,,,,2007,12,25.01,0.091
2007345N18298,OLGA,2007-12-11 18:00:00,18.5,-68.4,50,1003,,2007,89,193.5123227218474,0,13.874253935817102,27.370643615722656,-0.05041694641113281,27.384428024291992,,,,,,2007,12,25.01,0.091
2007345N18298,OLGA,2007-12-11 21:00:00,18.8,-69.1, , ,,2007,89,272.37012584599773,0,98.25033336139346,,,27.41727638244629,,,,,,2007,12,25.01,0.091
2007345N18298,OLGA,2007-12-12 00:00:00,19.0,-70.0,50,1003,,2007,89,369.62653294798065,0,198.45328899406869,,,27.51438331604004,,,,,,2007,12,25.01,0.091
2007345N18298,OLGA,2007-12-12 03:00:00,19.1,-70.9, , ,,2007,89,464.4352413032827,0,296.2671149111709,,,27.278635025024414,,,,,,2007,12,25.01,0.091
2007345N18298,OLGA,2007-12-12 06:00:00,19.1,-71.9,40,1005,,2007,89,567.8468048942466,0,403.1876784742503,,,27.427284240722656,,,,,,2007,12,25.01,0.091
2007345N18298,OLGA,2007-12-12 09:00:00,19.1,-72.9, , ,,2007,89,671.8530697098837,0,511.8000977327304,28.223224639892578,0.07028961181640625,28.156877517700195,,,,,,2007,12,25.01,0.091
2007345N18298,OLGA,2007-12-12 12:00:00,19.1,-73.8,35,1008,,2007,89,765.7647869625793,0,610.3856676630149,27.86838722229004,-0.118011474609375,27.8747501373291,,,,,,2007,12,25.01,0.091
2007345N18298,OLGA,2007-12-12 15:00:00,19.1,-74.8, , ,,2007,89,870.3305067967589,0,720.3229776164957,27.641935348510742,-0.1792316436767578,27.740928649902344,,,,,,2007,12,25.01,0.091
2007345N18298,OLGA,2007-12-12 18:00:00,19.0,-75.7,30,1008,,2007,89,963.7959921984424,0,818.1470365733384,27.639677047729492,-0.18701744079589844,27.807722091674805,,,,,,2007,12,25.01,0.091
2007345N18298,OLGA,2007-12-12 21:00:00,18.9,-76.5, , ,,2007,89,1047.2041233170332,0,905.546397132879,27.802902221679688,-0.017724990844726562,27.803953170776367,,,,,,2007,12,25.01,0.091
2007345N18298,OLGA,2007-12-13 00:00:00,18.9,-77.2,30,1008,,2007,89,1120.7820522984784,0,983.1795799727996,27.81386947631836,-0.018070220947265625,27.803953170776367,,,,,,2007,12,25.01,0.091
2007345N18298,OLGA,2007-12-13 03:00:00,18.9,-78.0, , ,,2007,89,1204.8927448065815,0,1071.9548312782597,27.94645118713379,0.05877494812011719,27.968074798583984,,,,,,2007,12,25.01,0.091
2007345N18298,OLGA,2007-12-13 06:00:00,19.0,-78.7,30,1007,,2007,89,1278.830936951017,0,1150.5619195095576,27.91870880126953,0.0628814697265625,27.91402816772461,,,,,,2007,12,25.01,0.091
2007345N18298,OLGA,2007-12-13 09:00:00,19.2,-79.4, , ,,2007,89,1353.1945879886352,0,1230.2573433591365,27.758708953857422,0.019525527954101562,27.695127487182617,,,,,,2007,12,25.01,0.091
2007345N18298,OLGA,2007-12-13 12:00:00,19.4,-80.1,30,1007,,2007,89,1427.6552499350123,0,1310.1664014300418,27.678386688232422,0.05295562744140625,27.601402282714844,,,,,,2007,12,25.01,0.091
2007345N18298,OLGA,2007-12-13 15:00:00,19.5,-80.7, , ,,2007,89,1491.0749879552395,0,1377.845923689324,27.515159606933594,-0.10719490051269531,27.59642219543457,,,,,,2007,12,25.01,0.091
2007345N18298,OLGA,2007-12-13 18:00:00,19.6,-81.3,30,1007,,2007,89,1554.4676865373349,0,1445.5401001209652,27.431934356689453,-0.137176513671875,27.59642219543457,,,,,,2007,12,25.01,0.091
2007345N18298,OLGA,2007-12-13 21:00:00,19.7,-81.8, , ,,2007,89,1607.3798187798775,0,1502.191082580709,27.53354835510254,-0.03362846374511719,27.590158462524414,,,,,,2007,12,25.01,0.091
2007345N18298,OLGA,2007-12-14 00:00:00,19.7,-82.3,30,1007,,2007,89,1659.640666353685,0,1557.482182534179,27.570322036743164,2.6702880859375e-05,27.590158462524414,,,,,,2007,12,25.01,0.091
2007345N18298,OLGA,2007-12-14 03:00:00,19.7,-82.8, , ,,2007,89,1711.9144792497375,0,1612.7986432760597,27.559354782104492,-0.015743255615234375,27.59864616394043,,,,,,2007,12,25.01,0.091
2007345N18298,OLGA,2007-12-14 06:00:00,19.7,-83.3,30,1007,,2007,89,1764.199689069964,0,1668.1379418711151,27.57741928100586,0.008840560913085938,27.59864616394043,,,,,,2007,12,25.01,0.091
2007345N18298,OLGA,2007-12-14 09:00:00,19.7,-83.8, , ,,2007,89,1816.494894215864,0,1723.4978784385366,27.6019344329834,0.04364776611328125,27.5764217376709,,,,,,2007,12,25.01,0.091
2007345N18298,OLGA,2007-12-14 12:00:00,19.6,-84.2,30,1007,,2007,89,1857.951718366676,0,1766.663375070288,27.589677810668945,0.03718376159667969,27.5764217376709,,,,,,2007,12,25.01,0.091
2007345N18298,OLGA,2007-12-14 15:00:00,19.5,-84.7, , ,,2007,89,1910.0237412395231,0,1821.0654966247564,27.528064727783203,-0.04126548767089844,27.546165466308594,,,,,,2007,12,25.01,0.091
2007345N18298,OLGA,2007-12-14 18:00:00,19.5,-85.1,30,1007,,2007,89,1951.9412491181808,0,1865.441376577618,27.492258071899414,-0.058635711669921875,27.546165466308594,,,,,,2007,12,25.01,0.091
2007345N18298,OLGA,2007-12-14 21:00:00,19.7,-85.5, , ,,2007,89,1994.357381458066,0,1911.851891418732,27.429031372070312,-0.08386993408203125,27.5109806060791,,,,,,2007,12,25.01,0.091
2007345N18298,OLGA,2007-12-15 00:00:00,20.0,-85.8,30,1006,,2007,89,2026.8693774693304,0,1948.637741446125,27.4061279296875,-0.0813446044921875,27.5109806060791,,,,,,2007,12,25.01,0.091
2007345N18298,OLGA,2007-12-15 03:00:00,20.3,-86.1, , ,,2007,89,2059.7534272645635,0,1985.9470565390131,27.355806350708008,-0.0826416015625,27.444446563720703,,,,,,2007,12,25.01,0.091
2007345N18298,OLGA,2007-12-15 06:00:00,20.6,-86.5,30,1006,,2007,89,2103.3726091989165,0,2034.778201117451,27.149999618530273,-0.10563087463378906,27.332082748413086,,,,,,2007,12,25.01,0.091
2007345N18298,OLGA,2007-12-15 09:00:00,21.1,-86.9, , ,,2007,89,2149.098616656453,0,2087.810960328397,,,25.90024757385254,,,,,,2007,12,25.01,0.091
2007345N18298,OLGA,2007-12-15 12:00:00,21.7,-87.4,30,1007,,2007,89,2207.244056779711,0,2155.202818414657,25.169677734375,-0.37918853759765625,25.90024757385254,,,,,,2007,12,25.01,0.091
2007345N18298,OLGA,2007-12-15 15:00:00,22.5,-87.9, , ,,2007,89,2269.6463327893557,0,2229.6432127231224,25.569677352905273,0.23479652404785156,25.294044494628906,,,,,,2007,12,25.01,0.091
2007345N18298,OLGA,2007-12-15 18:00:00,23.3,-88.2,30,1007,,2007,89,2314.1188891661996,0,2285.6887365229345,25.55870819091797,0.12122344970703125,25.497758865356445,,,,,,2007,12,25.01,0.091
2007345N18298,OLGA,2007-12-15 21:00:00,24.2,-87.9, , ,,2007,89,2303.9031910406643,0,2284.8983898521087,25.891613006591797,0.17866134643554688,25.67339515686035,,,,,,2007,12,25.01,0.091
2007345N18298,OLGA,2007-12-16 00:00:00,25.0,-87.2,30,1005,,2007,89,2256.833046504149,0,2244.0799205968,27.249353408813477,1.0470943450927734,26.456396102905273,,,,,,2007,12,25.01,0.091
2007345N18298,OLGA,2007-12-16 03:00:00,25.7,-86.3, , ,,2007,89,2192.8699735431437,0,2184.311053628195,27.102256774902344,1.1637725830078125,26.106884002685547,,,,,,2007,12,25.01,0.091
2007345N18298,OLGA,2007-12-16 06:00:00,26.3,-85.2,25,1006,,2007,89,2112.0737732036946,0,2105.716111467091,24.57935333251953,-0.09977149963378906,24.49539566040039,,,,,,2007,12,25.01,0.091
2011233N15301,IRENE,2011-08-21 00:00:00,15.0,-59.0,45,1006,,2011,54,884.3421401633034,0,703.2808939473302,29.05466651916504,0.6044387817382812,28.465627670288086,,,,,,2011,8,26.21,0.126
2011233N15301,IRENE,2011-08-21 03:00:00,15.5,-59.8, , ,,2011,54,783.2367448015974,0,597.7327655564519,29.122665405273438,0.6656112670898438,28.45655632019043,,,,,,2011,8,26.21,0.126
2011233N15301,IRENE,2011-08-21 06:00:00,16.0,-60.6,45,1006,,2011,54,682.7354376886477,0,492.3644943810014,29.226333618164062,0.735382080078125,28.53728485107422,,,,,,2011,8,26.21,0.126
2011233N15301,IRENE,2011-08-21 09:00:00,16.4,-61.4, , ,,2011,54,586.951423312175,0,392.03402016248305,29.194000244140625,0.6469154357910156,28.49787139892578,,,,,,2011,8,26.21,0.126
2011233N15301,IRENE,2011-08-21 12:00:00,16.8,-62.2,45,1005,,2011,54,491.58924835850024,0,291.6937216653739,28.84833335876465,0.27684593200683594,28.61476707458496,,,,,,2011,8,26.21,0.126
2011233N15301,IRENE,2011-08-21 15:00:00,17.2,-63.0, , ,,2011,54,396.84820733386414,0,191.42854765758912,28.951000213623047,0.3223991394042969,28.597084045410156,,,,,,2011,8,26.21,0.126
2011233N15301,IRENE,2011-08-21 18:00:00,17.5,-63.7,50,999,,2011,54,316.1978037154597,0,106.053212990866,28.946666717529297,0.3040752410888672,28.66161346435547,,,,,,2011,8,26.21,0.126
2011233N15301,IRENE,2011-08-21 21:00:00,17.7,-64.1, , ,,2011,54,269.6816955467337,0,56.191084073404646,28.91266632080078,0.2619476318359375,28.66161346435547,,,,,,2011,8,26.21,0.126
2011233N15301,IRENE,2011-08-21 23:00:00,17.8,-64.6,60,993,,2011,54,215.58337629338283,0,0.2953985293524485,28.972665786743164,0.33628273010253906,28.674211502075195,,,,,,2011,8,26.21,0.126
2011233N15301,IRENE,2011-08-22 00:00:00,17.9,-65.0,60,993,,2011,54,171.8419391801074,1,0.0,28.928665161132812,0.28265380859375,28.674211502075195,,,,,,2011,8,26.21,0.126
2011233N15301,IRENE,2011-08-22 03:00:00,17.9,-65.6, , ,,2011,54,110.58093906754968,1,0.0,28.970666885375977,0.3179607391357422,28.69144630432129,,,,,,2011,8,26.21,0.126
2011233N15301,IRENE,2011-08-22 05:25:00,18.1,-65.8,60,990,,2011,54,84.55253707079925,1,0.0,,,28.601526260375977,,,,,,2011,8,26.21,0.126
2011233N15301,IRENE,2011-08-22 06:00:00,18.2,-65.9,65,990,,2011,54,72.9289820554731,1,0.0,,,28.601526260375977,,,,,,2011,8,26.21,0.126
2011233N15301,IRENE,2011-08-22 09:00:00,18.6,-66.4, , ,,2011,54,46.69206879955611,1,0.0,28.946666717529297,0.3137359619140625,28.601526260375977,,,,,,2011,8,26.21,0.126
2011233N15301,IRENE,2011-08-22 12:00:00,18.9,-67.0,70,989,,2011,54,87.00994447670637,1,0.0,28.87733268737793,0.20960426330566406,28.71658706665039,,,,,,2011,8,26.21,0.126
2011233N15301,IRENE,2011-08-22 15:00:00,19.1,-67.5, , ,,2011,54,136.91580800119306,0,30.44245459366105,28.856666564941406,0.21936798095703125,28.615942001342773,,,,,,2011,8,26.21,0.126
2011233N15301,IRENE,2011-08-22 18:00:00,19.3,-68.0,75,988,,2011,54,190.88003462055832,0,71.4624504484556,28.865999221801758,0.2525749206542969,28.615942001342773,,,,,,2011,8,26.21,0.126
2011233N15301,IRENE,2011-08-22 21:00:00,19.5,-68.4, , ,,2011,54,237.69689926854463,0,115.1795818714867,28.880998611450195,0.2859477996826172,28.615942001342773,,,,,,2011,8,26.21,0.126
2011233N15301,IRENE,2011-08-23 00:00:00,19.7,-68.8,80,981,,2011,54,284.7054773014539,0,154.25996455889432,28.83366584777832,0.2827301025390625,28.529483795166016,,,,,,2011,8,26.21,0.126
2011233N15301,IRENE,2011-08-23 03:00:00,19.9,-69.2, , ,,2011,54,331.8040473816073,0,197.4939867059034,28.794666290283203,0.24073219299316406,28.529483795166016,,,,,,2011,8,26.21,0.126
2011233N15301,IRENE,2011-08-23 06:00:00,20.1,-69.7,80,978,,2011,54,387.7457319330384,0,250.15879241249925,28.80533218383789,0.2561664581298828,28.600446701049805,,,,,,2011,8,26.21,0.126
2011233N15301,IRENE,2011-08-23 09:00:00,20.3,-70.2, , ,,2011,54,443.8664219101959,0,305.36751075529065,28.794666290283203,0.2216625213623047,28.600446701049805,,,,,,2011,8,26.21,0.126
2011233N15301,IRENE,2011-08-23 12:00:00,20.4,-70.6,80,978,,2011,54,485.5398571795122,0,345.8524595089409,28.864999771118164,0.3015289306640625,28.56709098815918,,,,,,2011,8,26.21,0.126
2011233N15301,IRENE,2011-08-23 15:00:00,20.5,-70.9, , ,,2011,54,518.2776057662167,0,378.8948390820131,28.94066619873047,0.3819618225097656,28.56709098815918,,,,,,2011,8,26.21,0.126
2011233N15301,IRENE,2011-08-23 18:00:00,20.7,-71.2,80,977,,2011,54,556.349302947253,0,419.7572070796943,28.83799934387207,0.2397327423095703,28.56709098815918,,,,,,2011,8,26.21,0.126
2011233N15301,IRENE,2011-08-23 21:00:00,20.9,-71.6, , ,,2011,54,603.498901395014,0,469.30404274113937,28.834999084472656,0.13769149780273438,28.712181091308594,,,,,,2011,8,26.21,0.126
2011233N15301,IRENE,2011-08-24 00:00:00,21.0,-71.9,80,969,,2011,54,636.1888945385994,0,502.9607897653436,28.89299964904785,0.159210205078125,28.712181091308594,,,,,,2011,8,26.21,0.126
2011233N15301,IRENE,2011-08-24 03:00:00,21.1,-72.2, , ,,2011,54,668.9071891786555,0,536.8543825641842,28.955331802368164,0.17296409606933594,28.818449020385742,,,,,,2011,8,26.21,0.126
2011233N15301,IRENE,2011-08-24 06:00:00,21.3,-72.5,95,965,,2011,54,706.7893038341113,0,577.9074049820434,28.91933250427246,0.1296234130859375,28.766279220581055,,,,,,2011,8,26.21,0.126
2011233N15301,IRENE,2011-08-24 09:00:00,21.6,-72.9, , ,,2011,54,759.046682427713,0,635.0345662975539,28.867332458496094,0.09150123596191406,28.766279220581055,,,,,,2011,8,26.21,0.126
2011233N15301,IRENE,2011-08-24 12:00:00,21.9,-73.3,105,957,,2011,54,811.3237400728867,0,692.2157565731949,28.80500030517578,-0.028736114501953125,28.766279220581055,,,,,,2011,8,26.21,0.126
2011233N15301,IRENE,2011-08-24 15:00:00,22.3,-73.8, , ,,2011,54,878.0495776109361,0,765.5734927499831,28.83300018310547,-0.09766387939453125,28.956144332885742,,,,,,2011,8,26.21,0.126
2011233N15301,IRENE,2011-08-24 16:00:00,22.4,-74.0,100,955,,2011,54,901.4246814391856,0,790.6064308523207,28.931665420532227,-0.024965286254882812,28.956144332885742,,,,,,2011,8,26.21,0.126
2011233N15301,IRENE,2011-08-24 18:00:00,22.7,-74.3,100,954,,2011,54,944.7973628886384,0,839.0461725290162,29.04166603088379,0.06427955627441406,28.956144332885742,,,,,,2011,8,26.21,0.126
2011233N15301,IRENE,2011-08-24 21:00:00,23.1,-74.7, , ,,2011,54,1002.7771904485384,0,903.8402967797962,28.965999603271484,-0.022333145141601562,29.01900291442871,,,,,,2011,8,26.21,0.126
2011233N15301,IRENE,2011-08-25 00:00:00,23.5,-75.1,95,952,,2011,54,1060.8866090042293,0,968.8494357243384,29.029666900634766,-0.03870391845703125,29.01900291442871,,,,,,2011,8,26.21,0.126
2011233N15301,IRENE,2011-08-25 03:00:00,23.8,-75.5, , ,,2011,54,1113.126593654758,0,1026.3955284928772,29.185998916625977,-0.046665191650390625,29.427160263061523,,,,,,2011,8,26.21,0.126
2011233N15301,IRENE,2011-08-25 06:00:00,24.1,-75.9,95,950,,2011,54,1165.3068150030858,0,1083.9947265736278,29.142332077026367,-0.12886428833007812,29.23054313659668,,,,,,2011,8,26.21,0.126
2011233N15301,IRENE,2011-08-25 09:00:00,24.7,-76.2,90,950,,2011,54,1227.27613846308,0,1156.5290386508093,28.93699836730957,-0.34766197204589844,29.23054313659668,,,,,,2011,8,26.21,0.126
2011233N15301,IRENE,2011-08-25 12:00:00,25.4,-76.6,90,950,,2011,54,1304.870646499981,0,1246.6783499899311,29.057666778564453,-0.34290504455566406,29.473636627197266,,,,,,2011,8,26.21,0.126
2011233N15301,IRENE,2011-08-25 15:00:00,26.0,-77.0, , ,,2011,54,1376.660244779987,0,1329.60593999422,29.046998977661133,-0.4118518829345703,29.473636627197266,,,,,,2011,8,26.21,0.126
2011233N15301,IRENE,2011-08-25 18:00:00,26.5,-77.2,90,950,,2011,54,1426.2899100452128,0,1388.5827347345871,29.123332977294922,-0.2945213317871094,29.376934051513672,,,,,,2011,8,26.21,0.126
2011233N15301,IRENE,2011-08-25 21:00:00,27.1,-77.3, , ,,2011,54,1475.9056455237594,0,1449.5513492203693,28.73933219909668,-0.5705680847167969,29.1632137298584,,,,,,2011,8,26.21,0.126
2011233N15301,IRENE,2011-08-26 00:00:00,27.7,-77.3,90,946,,2011,54,1519.4185362422013,0,1504.56933356957,28.6299991607666,-0.5655231475830078,29.1632137298584,,,,,,2011,8,26.21,0.126
2011233N15301,IRENE,2011-08-26 03:00:00,28.2,-77.3, , ,,2011,54,1556.911520799182,0,1551.903983524143,28.618000030517578,-0.5017166137695312,29.048585891723633,,,,,,2011,8,26.21,0.126
2011233N15301,IRENE,2011-08-26 06:00:00,28.8,-77.3,90,942,,2011,54,1603.2641910527757,0,1610.4288212107008,28.53066635131836,-0.4773902893066406,29.048585891723633,,,,,,2011,8,26.21,0.126
2011233N15301,IRENE,2011-08-26 09:00:00,29.4,-77.3, , ,,2011,54,1650.9833776923213,0,1670.7116927719371,28.592666625976562,-0.3423137664794922,28.909360885620117,,,,,,2011,8,26.21,0.126
2011233N15301,IRENE,2011-08-26 12:00:00,30.0,-77.4,85,947,,2011,54,1706.4184682898203,0,1739.0342638208438,28.288999557495117,-0.5600185394287109,28.909360885620117,,,,,,2011,8,26.21,0.126
2011233N15301,IRENE,2011-08-26 15:00:00,30.6,-77.5, , ,,2011,54,1762.5988490844102,0,1808.4875824410028,27.621665954589844,-1.1596546173095703,28.793458938598633,,,,,,2011,8,26.21,0.126
2011233N15301,IRENE,2011-08-26 18:00:00,31.1,-77.5,80,950,,2011,54,1804.8179525883115,0,1862.0224323241575,27.609333038330078,-1.2608661651611328,29.05372428894043,,,,,,2011,8,26.21,0.126
2011233N15301,IRENE,2011-08-26 21:00:00,31.6,-77.3, , ,,2011,54,1835.8903159196227,0,1904.6118128100136,28.28533363342285,-0.5784854888916016,28.74207878112793,,,,,,2011,8,26.21,0.126
2011233N15301,IRENE,2011-08-27 00:00:00,32.1,-77.1,75,952,,2011,54,1868.4073880789376,0,1948.9755393756184,29.00666618347168,0.11652565002441406,28.984437942504883,,,,,,2011,8,26.21,0.126
2011233N15301,IRENE,2011-08-27 03:00:00,32.7,-76.9, , ,,2011,54,1911.3792276293243,0,2006.5098306001585,29.09000015258789,0.2034435272216797,28.984437942504883,,,,,,2011,8,26.21,0.126
2011233N15301,IRENE,2011-08-27 06:00:00,33.4,-76.8,75,952,,2011,54,1970.3875445083188,0,2083.1422223114896,28.88399887084961,0.30646705627441406,28.48443031311035,,,,,,2011,8,26.21,0.126
2011233N15301,IRENE,2011-08-27 09:00:00,34.1,-76.7, , ,,2011,54,2030.75422730802,0,2161.3590387235845,27.702999114990234,-0.47620582580566406,27.752315521240234,,,,,,2011,8,26.21,0.126
2011233N15301,IRENE,2011-08-27 12:00:00,34.7,-76.6,75,952,,2011,54,2082.8174532750963,0,2228.4416589354655,26.678333282470703,,27.752315521240234,,,,,,2011,8,26.21,0.126
2011233N15301,IRENE,2011-08-27 15:00:00,35.1,-76.5, , ,,2011,54,2116.5075696816157,0,2272.3220950919326,,,,,,,,,2011,8,26.21,0.126
2011233N15301,IRENE,2011-08-27 18:00:00,35.5,-76.3,65,950,,2011,54,2146.2589648981725,0,2312.278703400975,26.255332946777344,,27.586732864379883,,,,,,2011,8,26.21,0.126
2011233N15301,IRENE,2011-08-27 21:00:00,36.1,-76.0, , ,,2011,54,2192.2751447227565,0,2374.167466853978,,,25.583763122558594,,,,,,2011,8,26.21,0.126
2011233N15301,IRENE,2011-08-28 00:00:00,36.7,-75.7,65,951,,2011,54,2239.862773017302,0,2438.312345610951,23.446998596191406,-2.2436046600341797,25.583763122558594,,,,,,2011,8,26.21,0.126
2011233N15301,IRENE,2011-08-28 03:00:00,37.3,-75.4, , ,,2011,54,2288.9194147956546,0,2504.593185207523,23.096332550048828,-2.3919410705566406,25.171995162963867,,,,,,2011,8,26.21,0.126
2011233N15301,IRENE,2011-08-28 06:00:00,38.1,-75.0,65,958,,2011,54,2356.4466685328116,0,2595.4748607523434,22.536333084106445,-2.1810970306396484,24.178617477416992,,,,,,2011,8,26.21,0.126
2011233N15301,IRENE,2011-08-28 09:00:00,39.2,-74.5, , ,,2011,54,2454.383847805372,0,2726.9449138210152,21.97366714477539,-2.1852474212646484,24.120704650878906,,,,,,2011,8,26.21,0.126
2011233N15301,IRENE,2011-08-28 09:35:00,39.4,-74.4,60,959,,2011,54,2472.297564682932,0,2751.213213216279,21.641666412353516,-2.388202667236328,23.86333465576172,,,,,,2011,8,26.21,0.126
2011233N15301,IRENE,2011-08-28 12:00:00,40.3,-74.1,55,963,,2011,54,2558.3575693165726,0,2867.340099006914,,,23.16713523864746,,,,,,2011,8,26.21,0.126
2011233N15301,IRENE,2011-08-28 13:00:00,40.6,-74.0,55,965,,2011,54,2587.3748612671648,0,2906.76191139081,,,23.16713523864746,,,,,,2011,8,26.21,0.126
2011233N15301,IRENE,2011-08-28 15:00:00,41.3,-73.7, , ,,2011,54,2654.0534012170415,0,2998.3483178822917,,,,,,,,,2011,8,26.21,0.126
2011233N15301,IRENE,2011-08-28 18:00:00,42.5,-73.1,50,970,,2011,54,2768.856620942329,0,3158.4070516847746,,,,,,,,,2011,8,26.21,0.126
2011233N15301,IRENE,2011-08-28 21:00:00,43.4,-72.7, , ,,2011,54,2857.9412854321304,0,3283.8201366343287,,,,,,,,,2011,8,26.21,0.126
2011233N15301,IRENE,2011-08-29 00:00:00,44.2,-72.1,45,979,,2011,54,2934.1837120364785,0,3393.7384508175755,,,,,,,,,2011,8,26.21,0.126
2011233N15301,IRENE,2011-08-29 03:00:00,45.3,-70.9, , ,,2011,54,3037.405434253096,0,3545.8890026355393,,,,,,,,,2011,8,26.21,0.126
2011233N15301,IRENE,2011-08-29 06:00:00,46.5,-69.5,40,983,,2011,54,3155.821937497963,0,3722.358605582806,,,,,,,,,2011,8,26.21,0.126
2011233N15301,IRENE,2011-08-29 09:00:00,47.8,-68.1, , ,,2011,54,3291.915100632202,0,3927.2169323049,,,,,,,,,2011,8,26.21,0.126
2011233N15301,IRENE,2011-08-29 12:00:00,49.1,-66.7,40,985,,2011,54,3433.62458064182,0,4144.0430783949805,10.546666145324707,-3.658463478088379,13.879860877990723,,,,,,2011,8,26.21,0.126
2011233N15301,IRENE,2011-08-29 15:00:00,50.3,-65.3, , ,,2011,54,3568.88885382051,0,4354.625403546857,,,13.949090957641602,,,,,,2011,8,26.21,0.126
2011233N15301,IRENE,2011-08-29 18:00:00,51.3,-63.8,40,987,,2011,54,3686.449017494074,0,4538.278559252018,,,,,,,,,2011,8,26.21,0.126
2011233N15301,IRENE,2011-08-29 21:00:00,52.2,-62.0, , ,,2011,54,3799.5470229866783,0,4715.331603500829,,,,,,,,,2011,8,26.21,0.126
2011233N15301,IRENE,2011-08-30 00:00:00,53.0,-60.0,40,991,,2011,54,3909.257665990144,0,4886.284370269354,,,,,,,,,2011,8,26.21,0.126
2017260N12310,MARIA,2017-09-16 12:00:00,12.2,-49.7,30,1006,,2017,78,1930.6199670487504,0,1779.8806815779096,28.238386154174805,-0.41243553161621094,28.577199935913086,,,,,,2017,9,26.29,0.328
2017260N12310,MARIA,2017-09-16 15:00:00,12.2,-50.8, , ,,2017,78,1820.514196763509,0,1666.4845248150818,28.590322494506836,-0.10685348510742188,28.61591911315918,,,,,,2017,9,26.29,0.328
2017260N12310,MARIA,2017-09-16 18:00:00,12.2,-51.7,40,1004,,2017,78,1731.181637954951,0,1574.714936334888,28.802579879760742,0.05833244323730469,28.68658447265625,,,,,,2017,9,26.29,0.328
2017260N12310,MARIA,2017-09-16 21:00:00,12.3,-52.5, , ,,2017,78,1647.662375804652,0,1489.128853994271,28.569677352905273,-0.1891155242919922,28.761079788208008,,,,,,2017,9,26.29,0.328
2017260N12310,MARIA,2017-09-17 00:00:00,12.4,-53.1,45,1002,,2017,78,1584.0614082658442,0,1423.9607616089606,28.566452026367188,-0.22508811950683594,28.761079788208008,,,,,,2017,9,26.29,0.328
2017260N12310,MARIA,2017-09-17 03:00:00,12.6,-53.8, , ,,2017,78,1505.9997033776087,0,1343.978888938225,28.654516220092773,-0.12589454650878906,28.80811309814453,,,,,,2017,9,26.29,0.328
2017260N12310,MARIA,2017-09-17 06:00:00,12.8,-54.4,55,994,,2017,78,1437.785775255392,0,1274.0577224905498,28.638710021972656,-0.12657737731933594,28.80811309814453,,,,,,2017,9,26.29,0.328
2017260N12310,MARIA,2017-09-17 09:00:00,13.1,-55.0, , ,,2017,78,1364.7174715281285,0,1198.989128004349,28.729354858398438,-0.03439903259277344,28.687742233276367,,,,,,2017,9,26.29,0.328
2017260N12310,MARIA,2017-09-17 12:00:00,13.3,-55.7,60,990,,2017,78,1286.9393174081897,0,1119.2544093681568,28.765483856201172,0.011255264282226562,28.761594772338867,,,,,,2017,9,26.29,0.328
2017260N12310,MARIA,2017-09-17 15:00:00,13.5,-56.4, , ,,2017,78,1209.3279630758973,0,1039.7390344022265,28.840322494506836,0.03595542907714844,28.761594772338867,,,,,,2017,9,26.29,0.328
2017260N12310,MARIA,2017-09-17 18:00:00,13.6,-57.0,65,986,,2017,78,1146.6455027147333,0,975.8448859992536,28.846128463745117,0.021114349365234375,28.830516815185547,,,,,,2017,9,26.29,0.328
2017260N12310,MARIA,2017-09-17 21:00:00,13.8,-57.5, , ,,2017,78,1088.507352532605,0,916.1958392030314,28.818708419799805,-0.016254425048828125,28.87708282470703,,,,,,2017,9,26.29,0.328
2017260N12310,MARIA,2017-09-18 00:00:00,14.0,-58.0,75,979,,2017,78,1030.428242122344,0,856.6127435649776,28.849998474121094,-0.0142822265625,28.87708282470703,,,,,,2017,9,26.29,0.328
2017260N12310,MARIA,2017-09-18 03:00:00,14.2,-58.5, , ,,2017,78,972.4118342356412,0,797.0766814620393,28.778709411621094,-0.09325218200683594,28.86884307861328,,,,,,2017,9,26.29,0.328
2017260N12310,MARIA,2017-09-18 06:00:00,14.3,-59.0,80,977,,2017,78,919.8547760747967,0,743.7508443415816,28.69354820251465,-0.18860816955566406,28.86884307861328,,,,,,2017,9,26.29,0.328
2017260N12310,MARIA,2017-09-18 09:00:00,14.4,-59.4, , ,,2017,78,876.9005304645643,0,700.2031734783102,28.737096786499023,-0.15987205505371094,28.86884307861328,,,,,,2017,9,26.29,0.328
2017260N12310,MARIA,2017-09-18 12:00:00,14.5,-59.7,100,967,,2017,78,843.3798553290442,0,666.1193351402337,28.805482864379883,-0.10630226135253906,28.924219131469727,,,,,,2017,9,26.29,0.328
2017260N12310,MARIA,2017-09-18 15:00:00,14.7,-60.0, , ,,2017,78,804.2949204221367,0,625.5657145817318,28.829355239868164,-0.09736061096191406,28.924219131469727,,,,,,2017,9,26.29,0.328
2017260N12310,MARIA,2017-09-18 18:00:00,14.9,-60.4,110,956,,2017,78,755.9366064476831,0,575.8702034881416,28.78935432434082,-0.1418476104736328,28.924219131469727,,,,,,2017,9,26.29,0.328
2017260N12310,MARIA,2017-09-18 21:00:00,15.1,-60.7, , ,,2017,78,716.9160787191518,0,535.2948800050183,28.713871002197266,-0.22114944458007812,28.93948745727539,,,,,,2017,9,26.29,0.328
2017260N12310,MARIA,2017-09-19 00:00:00,15.3,-61.1,145,924,,2017,78,668.6175551474321,0,485.6661750732874,28.766773223876953,-0.1994781494140625,28.93948745727539,,,,,,2017,9,26.29,0.328
2017260N12310,MARIA,2017-09-19 01:15:00,15.4,-61.3,145,922,,2017,78,644.4824889036024,0,460.8892145264061,28.86741828918457,-0.13110923767089844,28.93948745727539,,,,,,2017,9,26.29,0.328
2017260N12310,MARIA,2017-09-19 03:00:00,15.5,-61.5, , ,,2017,78,620.3570559941934,0,436.12673829119694,28.97612762451172,-0.05467414855957031,29.076927185058594,,,,,,2017,9,26.29,0.328
2017260N12310,MARIA,2017-09-19 06:00:00,15.7,-61.9,135,940,,2017,78,572.1356654785766,0,386.65276413562,28.998064041137695,-0.04926872253417969,29.076927185058594,,,,,,2017,9,26.29,0.328
2017260N12310,MARIA,2017-09-19 09:00:00,15.9,-62.3, , ,,2017,78,523.9546848565601,0,337.3683928983012,29.023225784301758,-0.027557373046875,29.076927185058594,,,,,,2017,9,26.29,0.328
2017260N12310,MARIA,2017-09-19 12:00:00,16.1,-62.7,140,931,,2017,78,475.81574065067025,0,288.37817917530776,29.048063278198242,0.008481979370117188,29.03211784362793,,,,,,2017,9,26.29,0.328
2017260N12310,MARIA,2017-09-19 15:00:00,16.3,-63.1, , ,,2017,78,427.72096552687503,0,239.7725040032184,29.052257537841797,0.010356903076171875,29.03211784362793,,,,,,2017,9,26.29,0.328
2017260N12310,MARIA,2017-09-19 18:00:00,16.6,-63.5,145,920,,2017,78,374.1157193660873,0,183.4946715429746,29.017417907714844,-0.013690948486328125,29.048648834228516,,,,,,2017,9,26.29,0.328
2017260N12310,MARIA,2017-09-19 21:00:00,16.8,-63.9, , ,,2017,78,326.0807853261423,0,136.0012828279622,29.03870964050293,0.020061492919921875,29.048648834228516,,,,,,2017,9,26.29,0.328
2017260N12310,MARIA,2017-09-20 00:00:00,17.0,-64.3,150,909,,2017,78,278.088971501007,0,90.32212359266154,29.160322189331055,0.13675498962402344,29.048648834228516,,,,,,2017,9,26.29,0.328
2017260N12310,MARIA,2017-09-20 03:00:00,17.3,-64.7,150,908,,2017,78,224.81792017716745,0,38.31074042113375,29.110321044921875,0.11326789855957031,28.995363235473633,,,,,,2017,9,26.29,0.328
2017260N12310,MARIA,2017-09-20 06:00:00,17.6,-65.1,140,913,,2017,78,172.11026194414467,1,0.0,29.03483772277832,0.04615211486816406,28.995363235473633,,,,,,2017,9,26.29,0.328
2017260N12310,MARIA,2017-09-20 09:00:00,17.9,-65.7, , ,,2017,78,100.6322900878588,1,0.0,28.98516082763672,0.00232696533203125,29.049501419067383,,,,,,2017,9,26.29,0.328
2017260N12310,MARIA,2017-09-20 10:15:00,18.0,-65.9,135,920,,2017,78,76.95556249878923,1,0.0,29.052902221679688,0.059551239013671875,29.049501419067383,,,,,,2017,9,26.29,0.328
2017260N12310,MARIA,2017-09-20 12:00:00,18.2,-66.2,115,935,,2017,78,41.2694639103992,1,0.0,,,28.91379165649414,,,,,,2017,9,26.29,0.328
2017260N12310,MARIA,2017-09-20 15:00:00,18.4,-66.6, , ,,2017,78,19.95351871707547,1,0.0,,,29.02466583251953,,,,,,2017,9,26.29,0.328
2017260N12310,MARIA,2017-09-20 18:00:00,18.6,-67.0,95,959,,2017,78,60.39954655594013,1,0.0,28.79161262512207,-0.2045154571533203,29.02466583251953,,,,,,2017,9,26.29,0.328
2017260N12310,MARIA,2017-09-20 21:00:00,18.8,-67.3, , ,,2017,78,98.74649295211748,1,0.0,28.701290130615234,-0.2455883026123047,29.02466583251953,,,,,,2017,9,26.29,0.328
2017260N12310,MARIA,2017-09-21 00:00:00,19.0,-67.6,95,958,,2017,78,137.232649981499,0,22.88527766502278,28.66225814819336,-0.27865028381347656,28.969486236572266,,,,,,2017,9,26.29,0.328
2017260N12310,MARIA,2017-09-21 03:00:00,19.2,-67.9, , ,,2017,78,175.7459850446237,0,55.9441431086715,28.535160064697266,-0.3721485137939453,28.869401931762695,,,,,,2017,9,26.29,0.328
2017260N12310,MARIA,2017-09-21 06:00:00,19.4,-68.2,100,959,,2017,78,214.25469377233512,0,93.0718844202284,28.483869552612305,-0.39859580993652344,28.869401931762695,,,,,,2017,9,26.29,0.328
2017260N12310,MARIA,2017-09-21 09:00:00,19.6,-68.5, , ,,2017,78,252.74614582973143,0,129.99507596180928,28.495805740356445,-0.37027740478515625,28.869468688964844,,,,,,2017,9,26.29,0.328
2017260N12310,MARIA,2017-09-21 12:00:00,19.9,-68.8,100,959,,2017,78,297.99562943509454,0,175.5536433286142,28.454837799072266,-0.4095649719238281,28.869468688964844,,,,,,2017,9,26.29,0.328
2017260N12310,MARIA,2017-09-21 15:00:00,20.2,-69.2, , ,,2017,78,351.4605901617819,0,227.66453675755767,28.473546981811523,-0.39682579040527344,28.862680435180664,,,,,,2017,9,26.29,0.328
2017260N12310,MARIA,2017-09-21 18:00:00,20.5,-69.5,105,960,,2017,78,396.7363376125805,0,275.4026000608944,28.557741165161133,-0.3356456756591797,28.913755416870117,,,,,,2017,9,26.29,0.328
2017260N12310,MARIA,2017-09-21 21:00:00,20.7,-69.8, , ,,2017,78,434.99895923213865,0,313.5773831662422,28.50516128540039,-0.39481544494628906,28.913755416870117,,,,,,2017,9,26.29,0.328
2017260N12310,MARIA,2017-09-22 00:00:00,20.8,-70.0,110,953,,2017,78,458.1988167803643,0,336.20961577418353,28.372257232666016,-0.5247936248779297,28.913755416870117,,,,,,2017,9,26.29,0.328
2017260N12310,MARIA,2017-09-22 03:00:00,21.0,-70.3, , ,,2017,78,496.4474751487191,0,375.3646427958648,28.357742309570312,-0.5528926849365234,28.913755416870117,,,,,,2017,9,26.29,0.328
2017260N12310,MARIA,2017-09-22 06:00:00,21.2,-70.5,110,959,,2017,78,526.4961169544194,0,407.86971565994435,28.261611938476562,-0.6481857299804688,28.910396575927734,,,,,,2017,9,26.29,0.328
2017260N12310,MARIA,2017-09-22 09:00:00,21.5,-70.7, , ,,2017,78,563.578270622773,0,449.84974597462065,28.263870239257812,-0.6315021514892578,28.910396575927734,,,,,,2017,9,26.29,0.328
2017260N12310,MARIA,2017-09-22 12:00:00,21.9,-70.9,110,958,,2017,78,608.201296465659,0,501.4981203993771,28.302579879760742,-0.5845928192138672,28.910396575927734,,,,,,2017,9,26.29,0.328
2017260N12310,MARIA,2017-09-22 15:00:00,22.3,-71.1, , ,,2017,78,653.3904466698797,0,553.4275910453057,28.146127700805664,-0.7317714691162109,28.865278244018555,,,,,,2017,9,26.29,0.328
2017260N12310,MARIA,2017-09-22 18:00:00,22.8,-71.2,110,959,,2017,78,699.6983008650184,0,609.4452651083087,28.131290435791016,-0.7390060424804688,28.865278244018555,,,,,,2017,9,26.29,0.328
2017260N12310,MARIA,2017-09-22 21:00:00,23.3,-71.4, , ,,2017,78,754.2114713374716,0,672.4072816965523,28.102256774902344,-0.7701835632324219,28.870174407958984,,,,,,2017,9,26.29,0.328
2017260N12310,MARIA,2017-09-23 00:00:00,23.7,-71.6,105,953,,2017,78,800.9361513658571,0,725.4184628237651,28.092580795288086,-0.7735595703125,28.8734073638916,,,,,,2017,9,26.29,0.328
2017260N12310,MARIA,2017-09-23 03:00:00,24.1,-71.8, , ,,2017,78,847.8492421394927,0,778.6127935869644,28.235483169555664,-0.6085300445556641,28.828052520751953,,,,,,2017,9,26.29,0.328
2017260N12310,MARIA,2017-09-23 06:00:00,24.4,-71.9,100,952,,2017,78,879.8942880681316,0,815.7582894912521,28.21193504333496,-0.6204814910888672,28.828052520751953,,,,,,2017,9,26.29,0.328
2017260N12310,MARIA,2017-09-23 09:00:00,24.7,-72.0, , ,,2017,78,912.1204716218684,0,853.0632424407529,28.249353408813477,-0.5779380798339844,28.828052520751953,,,,,,2017,9,26.29,0.328
2017260N12310,MARIA,2017-09-23 12:00:00,25.1,-72.1,100,952,,2017,78,953.279366455624,0,901.2504382304088,28.11515998840332,-0.6830291748046875,28.76629066467285,,,,,,2017,9,26.29,0.328
2017260N12310,MARIA,2017-09-23 15:00:00,25.5,-72.2, , ,,2017,78,994.7902254682596,0,949.8023991412912,28.077741622924805,-0.7058963775634766,28.76629066467285,,,,,,2017,9,26.29,0.328
2017260N12310,MARIA,2017-09-23 18:00:00,25.9,-72.3,100,952,,2017,78,1036.609242467089,0,998.6923106141124,27.78709602355957,-0.9782772064208984,28.76629066467285,,,,,,2017,9,26.29,0.328
2017260N12310,MARIA,2017-09-23 21:00:00,26.2,-72.4, , ,,2017,78,1069.5862236231617,0,1036.832638658313,27.732257843017578,-1.0123577117919922,28.68714141845703,,,,,,2017,9,26.29,0.328
2017260N12310,MARIA,2017-09-24 00:00:00,26.6,-72.4,100,945,,2017,78,1106.2558243216167,0,1081.3326288616126,27.659677505493164,-1.0415992736816406,28.68714141845703,,,,,,2017,9,26.29,0.328
2017260N12310,MARIA,2017-09-24 03:00:00,27.0,-72.5, , ,,2017,78,1148.8438987513548,0,1130.5924140167283,27.463224411010742,-1.2292060852050781,28.75738525390625,,,,,,2017,9,26.29,0.328
2017260N12310,MARIA,2017-09-24 06:00:00,27.5,-72.6,95,942,,2017,78,1201.029521555279,0,1191.201857155629,27.263870239257812,-1.3770751953125,28.64643669128418,,,,,,2017,9,26.29,0.328
2017260N12310,MARIA,2017-09-24 09:00:00,28.0,-72.7, , ,,2017,78,1253.542804994097,0,1252.362445890356,26.888063430786133,-1.670877456665039,28.64643669128418,,,,,,2017,9,26.29,0.328
2017260N12310,MARIA,2017-09-24 12:00:00,28.4,-72.8,95,947,,2017,78,1296.7545171329425,0,1302.5999056418627,27.061613082885742,-1.414663314819336,28.4574031829834,,,,,,2017,9,26.29,0.328
2017260N12310,MARIA,2017-09-24 15:00:00,28.8,-72.9, , ,,2017,78,1340.0888504461884,0,1353.1104634550718,27.29387092590332,-1.0566768646240234,28.4574031829834,,,,,,2017,9,26.29,0.328
2017260N12310,MARIA,2017-09-24 18:00:00,29.1,-72.9,90,943,,2017,78,1369.0784186850572,0,1387.6492954919051,27.27903175354004,-1.0033187866210938,28.181726455688477,,,,,,2017,9,26.29,0.328
2017260N12310,MARIA,2017-09-24 21:00:00,29.4,-72.9, , ,,2017,78,1398.2598635370312,0,1422.4750875886473,27.154193878173828,-1.0599613189697266,28.181726455688477,,,,,,2017,9,26.29,0.328
2017260N12310,MARIA,2017-09-25 00:00:00,29.7,-72.9,85,947,,2017,78,1427.621416523904,0,1457.5776111536657,26.972579956054688,-1.1732139587402344,28.181726455688477,,,,,,2017,9,26.29,0.328
2017260N12310,MARIA,2017-09-25 03:00:00,30.0,-72.9, , ,,2017,78,1457.1521878508747,0,1492.9476626343646,26.73516082763672,-1.3421058654785156,28.181726455688477,,,,,,2017,9,26.29,0.328
2017260N12310,MARIA,2017-09-25 06:00:00,30.3,-72.9,75,954,,2017,78,1486.8420924716654,0,1528.576966654445,26.3564510345459,-1.583761215209961,27.905109405517578,,,,,,2017,9,26.29,0.328
2017260N12310,MARIA,2017-09-25 09:00:00,30.6,-72.9, , ,,2017,78,1516.6817826869626,0,1564.4580894876658,26.244192123413086,-1.6344070434570312,27.905109405517578,,,,,,2017,9,26.29,0.328
2017260N12310,MARIA,2017-09-25 12:00:00,30.8,-73.0,70,961,,2017,78,1540.8554767634907,0,1592.6342569664268,26.145160675048828,-1.6879119873046875,27.905109405517578,,,,,,2017,9,26.29,0.328
2017260N12310,MARIA,2017-09-25 15:00:00,31.1,-73.1, , ,,2017,78,1574.997595970574,0,1632.921893341131,25.950645446777344,-1.8279571533203125,27.69001579284668,,,,,,2017,9,26.29,0.328
2017260N12310,MARIA,2017-09-25 18:00:00,31.4,-73.1,70,966,,2017,78,1605.0178179411648,0,1669.266135993375,25.83096694946289,-1.8931636810302734,27.69001579284668,,,,,,2017,9,26.29,0.328
2017260N12310,MARIA,2017-09-25 21:00:00,31.7,-73.1, , ,,2017,78,1635.1647364679775,0,1705.8475154603043,25.78354835510254,-1.8739986419677734,27.69001579284668,,,,,,2017,9,26.29,0.328
2017260N12310,MARIA,2017-09-26 00:00:00,32.0,-73.1,70,966,,2017,78,1665.431468782405,0,1742.654790947552,25.810321807861328,-1.768533706665039,27.69001579284668,,,,,,2017,9,26.29,0.328
2017260N12310,MARIA,2017-09-26 03:00:00,32.3,-73.1, , ,,2017,78,1695.8115970324932,0,1779.657363135445,26.34064483642578,-1.0808219909667969,27.37677574157715,,,,,,2017,9,26.29,0.328
2017260N12310,MARIA,2017-09-26 06:00:00,32.6,-73.1,65,970,,2017,78,1726.2991318701038,0,1816.885844599433,26.554515838623047,-0.7912502288818359,27.37677574157715,,,,,,2017,9,26.29,0.328
2017260N12310,MARIA,2017-09-26 09:00:00,33.0,-73.1, , ,,2017,78,1767.106639472303,0,1866.821114725725,26.267742156982422,-1.0053234100341797,27.37677574157715,,,,,,2017,9,26.29,0.328
2017260N12310,MARIA,2017-09-26 12:00:00,33.3,-73.1,65,970,,2017,78,1797.8236612299504,0,1904.3083402883829,25.071935653686523,-2.05572509765625,27.073972702026367,,,,,,2017,9,26.29,0.328
2017260N12310,MARIA,2017-09-26 15:00:00,33.6,-73.1, , ,,2017,78,1828.630813426569,0,1941.988374385726,24.773225784301758,-2.2953433990478516,27.073972702026367,,,,,,2017,9,26.29,0.328
2017260N12310,MARIA,2017-09-26 18:00:00,33.9,-73.1,65,975,,2017,78,1859.5236137854072,0,1979.8878537863588,24.70741844177246,-2.315671920776367,27.073972702026367,,,,,,2017,9,26.29,0.328
2017260N12310,MARIA,2017-09-26 21:00:00,34.2,-73.1, , ,,2017,78,1890.4978608982055,0,2018.0090185822728,24.83161163330078,-2.145998001098633,26.86473846435547,,,,,,2017,9,26.29,0.328
2017260N12310,MARIA,2017-09-27 00:00:00,34.4,-73.0,65,975,,2017,78,1907.869846744376,0,2040.036002606573,25.15999984741211,-1.7721309661865234,26.86473846435547,,,,,,2017,9,26.29,0.328
2017260N12310,MARIA,2017-09-27 03:00:00,34.7,-72.9, , ,,2017,78,1935.8222643430704,0,2075.1970200847863,25.58322525024414,-1.2944011688232422,26.86473846435547,,,,,,2017,9,26.29,0.328
2017260N12310,MARIA,2017-09-27 06:00:00,34.9,-72.9,65,976,,2017,78,1956.678493910825,0,2101.059085747245,25.63612937927246,-1.2672386169433594,26.86473846435547,,,,,,2017,9,26.29,0.328
2017260N12310,MARIA,2017-09-27 09:00:00,35.1,-72.9, , ,,2017,78,1977.5639132138265,0,2127.0154785779187,25.743547439575195,-1.1855621337890625,26.995525360107422,,,,,,2017,9,26.29,0.328
2017260N12310,MARIA,2017-09-27 12:00:00,35.4,-72.8,65,977,,2017,78,2005.9155842022024,0,2162.929751700165,26.022579193115234,-0.9322719573974609,26.995525360107422,,,,,,2017,9,26.29,0.328
2017260N12310,MARIA,2017-09-27 15:00:00,35.7,-72.7, , ,,2017,78,2034.4838097973277,0,2199.2193629147505,26.03483772277832,-0.8653659820556641,26.995525360107422,,,,,,2017,9,26.29,0.328
2017260N12310,MARIA,2017-09-27 18:00:00,36.0,-72.6,65,979,,2017,78,2063.2593291272483,0,2235.8529415928333,26.408063888549805,-0.4683189392089844,26.995525360107422,,,,,,2017,9,26.29,0.328
2017260N12310,MARIA,2017-09-27 21:00:00,36.3,-72.5, , ,,2017,78,2092.2333215402537,0,2272.844055047705,27.380643844604492,0.5519027709960938,26.733272552490234,,,,,,2017,9,26.29,0.328
2017260N12310,MARIA,2017-09-28 00:00:00,36.6,-72.2,65,979,,2017,78,2116.2293232559887,0,2304.7538122804986,27.033870697021484,0.2934684753417969,26.95609474182129,,,,,,2017,9,26.29,0.328
2017260N12310,MARIA,2017-09-28 03:00:00,36.7,-71.8, , ,,2017,78,2117.1229496422375,0,2308.02257339922,26.884193420410156,0.09943389892578125,26.95609474182129,,,,,,2017,9,26.29,0.328
2017260N12310,MARIA,2017-09-28 06:00:00,36.7,-71.3,60,982,,2017,78,2105.8724943582283,0,2296.3750284143075,26.2761287689209,-0.5419063568115234,26.93253517150879,,,,,,2017,9,26.29,0.328
2017260N12310,MARIA,2017-09-28 09:00:00,36.8,-70.7, , ,,2017,78,2104.67227230884,0,2297.715420873086,26.294837951660156,-0.4044303894042969,26.93253517150879,,,,,,2017,9,26.29,0.328
2017260N12310,MARIA,2017-09-28 12:00:00,36.8,-70.0,60,982,,2017,78,2092.671365456624,0,2285.7531657440086,25.904191970825195,-0.8422298431396484,26.793548583984375,,,,,,2017,9,26.29,0.328
2017260N12310,MARIA,2017-09-28 15:00:00,36.8,-69.3, , ,,2017,78,2082.853169061269,0,2276.228766386126,25.353225708007812,-1.3822593688964844,26.679786682128906,,,,,,2017,9,26.29,0.328
2017260N12310,MARIA,2017-09-28 18:00:00,36.8,-68.6,55,985,,2017,78,2075.2489885560963,0,2269.3294752974884,25.53419303894043,-1.1938190460205078,26.679786682128906,,,,,,2017,9,26.29,0.328
2017260N12310,MARIA,2017-09-28 21:00:00,36.8,-67.8, , ,,2017,78,2069.3008408035316,0,2264.604871495439,25.519031524658203,-1.2212409973144531,26.703760147094727,,,,,,2017,9,26.29,0.328
2017260N12310,MARIA,2017-09-29 00:00:00,36.9,-66.8,55,985,,2017,78,2077.1336670637147,0,2277.375627877224,25.080644607543945,-1.6677494049072266,26.73419189453125,,,,,,2017,9,26.29,0.328
2017260N12310,MARIA,2017-09-29 03:00:00,37.0,-65.8, , ,,2017,78,2089.578699108569,0,2294.5888482285013,25.129676818847656,-1.5774497985839844,26.726863861083984,,,,,,2017,9,26.29,0.328
2017260N12310,MARIA,2017-09-29 06:00:00,37.0,-64.6,50,987,,2017,78,2097.1880672062466,0,2301.9960054218104,25.9151611328125,-0.7724723815917969,26.73347282409668,,,,,,2017,9,26.29,0.328
2017260N12310,MARIA,2017-09-29 09:00:00,37.0,-63.4, , ,,2017,78,2111.2922897188437,0,2314.921845453466,25.61451530456543,-0.9938030242919922,26.594879150390625,,,,,,2017,9,26.29,0.328
2017260N12310,MARIA,2017-09-29 12:00:00,37.0,-62.0,50,988,,2017,78,2135.7791997726717,0,2338.361927980523,25.36677360534668,-1.1318855285644531,26.508453369140625,,,,,,2017,9,26.29,0.328
2017260N12310,MARIA,2017-09-29 15:00:00,37.1,-60.6, , ,,2017,78,2179.2507887347474,0,2380.9644537454465,24.77387046813965,-1.5202274322509766,26.277507781982422,,,,,,2017,9,26.29,0.328
2017260N12310,MARIA,2017-09-29 18:00:00,37.4,-59.0,50,988,,2017,78,2257.341431897745,0,2465.1567085193124,23.957096099853516,-2.1765670776367188,26.099437713623047,,,,,,2017,9,26.29,0.328
2017260N12310,MARIA,2017-09-29 21:00:00,37.7,-57.3, , ,,2017,78,2347.071877400866,0,2563.421539383491,24.520645141601562,-1.4976158142089844,26.011159896850586,,,,,,2017,9,26.29,0.328
2017260N12310,MARIA,2017-09-30 00:00:00,38.1,-55.6,50,988,,2017,78,2454.4532866052855,0,2685.102850771942,25.015483856201172,-0.8940563201904297,25.9378662109375,,,,,,2017,9,26.29,0.328
2017260N12310,MARIA,2017-09-30 03:00:00,38.6,-53.9, , ,,2017,78,2577.4607854005376,0,2828.288744174515,24.77677345275879,-0.8863620758056641,25.727699279785156,,,,,,2017,9,26.29,0.328
2017260N12310,MARIA,2017-09-30 06:00:00,39.1,-52.2,50,988,,2017,78,2705.071488336503,0,2978.673743439451,23.850000381469727,-1.464864730834961,25.1157283782959,,,,,,2017,9,26.29,0.328
2017260N12310,MARIA,2017-09-30 09:00:00,39.5,-50.5, , ,,2017,78,2827.668207427399,0,3122.842192820591,23.287418365478516,-1.8136825561523438,25.06316566467285,,,,,,2017,9,26.29,0.328
2017260N12310,MARIA,2017-09-30 12:00:00,40.0,-48.8,50,988,,2017,78,2962.4416329806027,0,3284.963268326241,23.969999313354492,-0.4458274841308594,24.83651351928711,,,,,,2017,9,26.29,0.328
2017260N12310,MARIA,2017-09-30 15:00:00,40.6,-47.2, , ,,2017,78,3102.1720281703297,0,3457.3785117614943,16.807418823242188,-6.553802490234375,23.482398986816406,,,,,,2017,9,26.29,0.328
2017260N12310,MARIA,2017-09-30 18:00:00,41.2,-45.6,45,991,,2017,78,3242.977864232888,0,3632.975791633979,22.41419219970703,-1.1816978454589844,23.424684524536133,,,,,,2017,9,26.29,0.328
2017260N12310,MARIA,2017-09-30 21:00:00,41.7,-44.1, , ,,2017,78,3370.829632284229,0,3792.884669171439,21.722902297973633,-1.5317859649658203,23.25303840637207,,,,,,2017,9,26.29,0.328
2017260N12310,MARIA,2017-10-01 00:00:00,42.2,-42.6,45,994,,2017,78,3499.373902429324,0,3955.213157311997,21.442256927490234,0.3702354431152344,21.090951919555664,,,,,,2017,10,26.15,0.411
2017260N12310,MARIA,2017-10-01 03:00:00,42.8,-41.1, , ,,2017,78,3635.6489740914703,0,4131.324444010824,20.901935577392578,0.7752342224121094,20.391590118408203,,,,,,2017,10,26.15,0.411
2017260N12310,MARIA,2017-10-01 06:00:00,43.4,-39.4,45,996,,2017,78,3784.272343994788,0,4323.8499819987655,19.77903175354004,0.3862762451171875,19.21255874633789,,,,,,2017,10,26.15,0.411
2017260N12310,MARIA,2017-10-01 09:00:00,44.1,-37.5, , ,,2017,78,3952.2907999165286,0,4545.005273475689,17.75516128540039,-0.6900978088378906,18.13796615600586,,,,,,2017,10,26.15,0.411
2017260N12310,MARIA,2017-10-01 12:00:00,44.9,-35.5,45,999,,2017,78,4132.679442973918,0,4787.730217825521,17.53354835510254,-0.26946449279785156,18.137723922729492,,,,,,2017,10,26.15,0.411
2017260N12310,MARIA,2017-10-01 15:00:00,45.7,-33.3, , ,,2017,78,4324.737131573952,0,5048.4522535252745,17.40709686279297,0.20740127563476562,17.297578811645508,,,,,,2017,10,26.15,0.411
2017260N12310,MARIA,2017-10-01 18:00:00,46.5,-31.0,45,1003,,2017,78,4521.932203603827,0,5319.869770958596,15.660967826843262,-1.0751428604125977,16.65754508972168,,,,,,2017,10,26.15,0.411
2017260N12310,MARIA,2017-10-01 21:00:00,47.1,-28.7, , ,,2017,78,4706.369283827376,0,5571.416271517697,16.411611557006836,0.2957172393798828,15.85576057434082,,,,,,2017,10,26.15,0.411
2017260N12310,MARIA,2017-10-02 00:00:00,47.5,-26.5,40,1005,,2017,78,4873.056661492869,0,5795.141351913115,15.94935417175293,-0.12728118896484375,15.98193359375,,,,,,2017,10,26.15,0.411
2017260N12310,MARIA,2017-10-02 03:00:00,47.8,-24.3, , ,,2017,78,5035.0861928314125,0,6010.611503648847,15.80322551727295,0.028296470642089844,16.00408172607422,,,,,,2017,10,26.15,0.411
2017260N12310,MARIA,2017-10-02 06:00:00,48.0,-22.0,40,1012,,2017,78,5200.028077002044,0,6226.648367003872,16.41128921508789,0.528498649597168,16.104473114013672,,,,,,2017,10,26.15,0.411
2017260N12310,MARIA,2017-10-02 09:00:00,48.1,-19.5, , ,,2017,78,5375.884126493486,0,6452.862798755431,15.960322380065918,0.11569690704345703,15.647124290466309,,,,,,2017,10,26.15,0.411
2017260N12310,MARIA,2017-10-02 12:00:00,48.0,-17.0,30,1016,,2017,78,5546.477294978883,0,6662.902520098314,16.5587100982666,0.5870742797851562,16.164339065551758,,,,,,2017,10,26.15,0.411
2020233N14313,LAURA,2020-08-20 00:00:00,14.4,-47.3,30,1008,,2020,60,2100.788769630074,0,1964.0666074058668,28.299999237060547,0.8919658660888672,27.35955810546875,,,,,,2020,8,26.26,0.425
2020233N14313,LAURA,2020-08-20 03:00:00,14.9,-48.5, , ,,2020,60,1962.14815700112,0,1821.675624631626,28.301666259765625,0.8326282501220703,27.532861709594727,,,,,,2020,8,26.26,0.425
2020233N14313,LAURA,2020-08-20 06:00:00,15.4,-49.6,30,1008,,2020,60,1834.6996049014929,0,1690.747819460085,28.34833335876465,0.8139381408691406,27.56073570251465,,,,,,2020,8,26.26,0.425
2020233N14313,LAURA,2020-08-20 09:00:00,15.8,-50.6, , ,,2020,60,1720.7791130162266,0,1573.329380423464,28.398332595825195,0.7961139678955078,27.650928497314453,,,,,,2020,8,26.26,0.425
2020233N14313,LAURA,2020-08-20 12:00:00,16.1,-51.6,30,1008,,2020,60,1609.4754921710237,0,1458.041724255564,28.705665588378906,1.0037155151367188,27.72699737548828,,,,,,2020,8,26.26,0.425
2020233N14313,LAURA,2020-08-20 15:00:00,16.4,-52.5, , ,,2020,60,1509.0116291478585,0,1353.944939959293,28.893999099731445,1.0791358947753906,27.855640411376953,,,,,,2020,8,26.26,0.425
2020233N14313,LAURA,2020-08-20 18:00:00,16.6,-53.4,30,1008,,2020,60,1410.6993396444732,0,1251.5853099761634,28.955665588378906,1.0553817749023438,27.855640411376953,,,,,,2020,8,26.26,0.425
2020233N14313,LAURA,2020-08-20 21:00:00,16.7,-54.4, , ,,2020,60,1303.7667521517417,0,1139.6931282629726,29.152332305908203,1.1229000091552734,27.996055603027344,,,,,,2020,8,26.26,0.425
2020233N14313,LAURA,2020-08-21 00:00:00,16.8,-55.5,30,1008,,2020,60,1186.3812928272257,0,1016.7727794229748,29.336332321166992,1.196319580078125,28.188751220703125,,,,,,2020,8,26.26,0.425
2020233N14313,LAURA,2020-08-21 03:00:00,16.9,-56.5, , ,,2020,60,1079.5632395492848,0,904.9006497304916,29.386333465576172,1.1675071716308594,28.273292541503906,,,,,,2020,8,26.26,0.425
2020233N14313,LAURA,2020-08-21 06:00:00,16.9,-57.5,30,1008,,2020,60,974.6789796247098,0,794.7394300849371,29.306665420532227,1.0199775695800781,28.334890365600586,,,,,,2020,8,26.26,0.425
2020233N14313,LAURA,2020-08-21 09:00:00,16.9,-58.5, , ,,2020,60,870.0527457176624,0,684.8677262767408,29.577665328979492,1.2438278198242188,28.35809326171875,,,,,,2020,8,26.26,0.425
2020233N14313,LAURA,2020-08-21 12:00:00,17.0,-59.4,40,1008,,2020,60,773.9673069490478,0,584.2081440507797,29.5766658782959,1.2115821838378906,28.35809326171875,,,,,,2020,8,26.26,0.425
2020233N14313,LAURA,2020-08-21 15:00:00,17.1,-60.3, , ,,2020,60,677.9726203090798,0,483.6313409200338,29.529333114624023,1.1263160705566406,28.369544982910156,,,,,,2020,8,26.26,0.425
2020233N14313,LAURA,2020-08-21 18:00:00,17.1,-61.1,40,1007,,2020,60,594.869419461743,0,396.71056444560554,29.52033233642578,1.0741233825683594,28.396869659423828,,,,,,2020,8,26.26,0.425
2020233N14313,LAURA,2020-08-21 20:30:00,17.1,-61.8,40,1007,,2020,60,522.5864927481543,0,321.38003836085244,29.518665313720703,1.003683090209961,28.473453521728516,,,,,,2020,8,26.26,0.425
2020233N14313,LAURA,2020-08-21 21:00:00,17.1,-61.9, , ,,2020,60,512.304012071772,0,310.7149037553135,29.518665313720703,1.003683090209961,28.473453521728516,,,,,,2020,8,26.26,0.425
2020233N14313,LAURA,2020-08-21 23:30:00,17.1,-62.6,40,1007,,2020,60,440.73962947186055,0,237.0782457561294,29.5679988861084,0.9815082550048828,28.597084045410156,,,,,,2020,8,26.26,0.425
2020233N14313,LAURA,2020-08-22 00:00:00,17.1,-62.8,40,1007,,2020,60,420.4577709666744,0,216.47868939752937,29.625999450683594,1.0154914855957031,28.597084045410156,,,,,,2020,8,26.26,0.425
2020233N14313,LAURA,2020-08-22 03:00:00,17.2,-63.7, , ,,2020,60,326.49171967938213,0,122.24180687125988,29.709333419799805,1.0563907623291016,28.66161346435547,,,,,,2020,8,26.26,0.425
2020233N14313,LAURA,2020-08-22 06:00:00,17.4,-64.4,40,1007,,2020,60,249.16999546709675,0,46.8413252885367,29.68400001525879,1.0151081085205078,28.66161346435547,,,,,,2020,8,26.26,0.425
2020233N14313,LAURA,2020-08-22 09:00:00,17.6,-65.2, , ,,2020,60,162.47351119845578,0,1.8345962038729249,29.72166633605957,1.0554180145263672,28.674211502075195,,,,,,2020,8,26.26,0.425
2020233N14313,LAURA,2020-08-22 12:00:00,17.7,-65.9,45,1006,,2020,60,93.17729177500352,1,0.0,29.82499885559082,1.1467876434326172,28.69144630432129,,,,,,2020,8,26.26,0.425
2020233N14313,LAURA,2020-08-22 15:00:00,17.8,-66.7, , ,,2020,60,48.21245182257244,1,0.0,29.94533348083496,1.2465381622314453,28.727550506591797,,,,,,2020,8,26.26,0.425
2020233N14313,LAURA,2020-08-22 18:00:00,17.9,-67.4,45,1004,,2020,60,92.75310812688976,1,0.0,29.832332611083984,1.1226787567138672,28.727550506591797,,,,,,2020,8,26.26,0.425
2020233N14313,LAURA,2020-08-22 21:00:00,18.0,-68.1, , ,,2020,60,161.4527956012466,1,0.0,29.67566680908203,0.9906158447265625,28.697114944458008,,,,,,2020,8,26.26,0.425
2020233N14313,LAURA,2020-08-23 00:00:00,18.2,-68.8,45,1004,,2020,60,233.43242542289192,0,44.60984683064573,29.738998413085938,1.0600738525390625,28.68655014038086,,,,,,2020,8,26.26,0.425
2020233N14313,LAURA,2020-08-23 03:00:00,18.3,-69.6, , ,,2020,60,317.94996589268015,0,134.2215314467949,29.661333084106445,0.9759082794189453,28.69422149658203,,,,,,2020,8,26.26,0.425
2020233N14313,LAURA,2020-08-23 04:30:00,18.4,-70.0,45,1004,,2020,60,360.5116054371357,0,179.7370300081075,,,28.69422149658203,,,,,,2020,8,26.26,0.425
2020233N14313,LAURA,2020-08-23 06:00:00,18.5,-70.3,45,1004,,2020,60,392.7438543479216,0,214.4742712800018,,,28.69422149658203,,,,,,2020,8,26.26,0.425
2020233N14313,LAURA,2020-08-23 09:00:00,18.6,-71.2, , ,,2020,60,488.1721939360217,0,315.2801015266678,,,28.892066955566406,,,,,,2020,8,26.26,0.425
2020233N14313,LAURA,2020-08-23 12:00:00,18.8,-72.3,45,1004,,2020,60,605.4719262572931,0,439.8851187299446,,,29.331905364990234,,,,,,2020,8,26.26,0.425
2020233N14313,LAURA,2020-08-23 15:00:00,19.1,-73.3, , ,,2020,60,713.5632768545275,0,555.5452192959696,30.408666610717773,0.7505168914794922,29.802295684814453,,,,,,2020,8,26.26,0.425
2020233N14313,LAURA,2020-08-23 18:00:00,19.4,-74.3,55,1002,,2020,60,821.9566590330692,0,671.5655182437545,30.08300018310547,0.5576820373535156,29.582813262939453,,,,,,2020,8,26.26,0.425
2020233N14313,LAURA,2020-08-23 21:00:00,19.6,-75.2, , ,,2020,60,918.4788801037956,0,774.4612036493983,30.165332794189453,,29.469470977783203,,,,,,2020,8,26.26,0.425
2020233N14313,LAURA,2020-08-24 00:00:00,19.8,-76.0,55,1000,,2020,60,1004.5712382635786,0,866.4856902819032,30.268665313720703,,29.64947509765625,,,,,,2020,8,26.26,0.425
2020233N14313,LAURA,2020-08-24 02:00:00,20.0,-76.6,55,1000,,2020,60,1069.957533742506,0,936.8068886880916,30.234333038330078,,29.66514778137207,,,,,,2020,8,26.26,0.425
2020233N14313,LAURA,2020-08-24 03:00:00,20.1,-76.9, , ,,2020,60,1102.6575868151838,0,971.9996008514532,,,30.493581771850586,,,,,,2020,8,26.26,0.425
2020233N14313,LAURA,2020-08-24 06:00:00,20.2,-77.8,50,1000,,2020,60,1197.1936796492828,0,1072.35294267065,30.55466651916504,0.49848175048828125,30.233503341674805,,,,,,2020,8,26.26,0.425
2020233N14313,LAURA,2020-08-24 09:00:00,20.5,-78.7, , ,,2020,60,1295.0779974346528,0,1177.9185565263772,30.314666748046875,0.2950859069824219,29.959632873535156,,,,,,2020,8,26.26,0.425
2020233N14313,LAURA,2020-08-24 12:00:00,20.8,-79.7,50,1002,,2020,60,1403.1770022836895,0,1294.45134186214,30.3093318939209,0.3663444519042969,29.82927894592285,,,,,,2020,8,26.26,0.425
2020233N14313,LAURA,2020-08-24 15:00:00,21.1,-80.6, , ,,2020,60,1500.9260351184407,0,1400.2538882210777,30.378000259399414,0.49324607849121094,29.93000030517578,,,,,,2020,8,26.26,0.425
2020233N14313,LAURA,2020-08-24 18:00:00,21.5,-81.5,50,1001,,2020,60,1600.5776240837329,0,1509.1576035290425,30.282333374023438,0.2688922882080078,30.1167049407959,,,,,,2020,8,26.26,0.425
2020233N14313,LAURA,2020-08-24 21:00:00,21.9,-82.4, , ,,2020,60,1700.2607112779883,0,1618.3817614056966,30.405332565307617,0.2285785675048828,30.1167049407959,,,,,,2020,8,26.26,0.425
2020233N14313,LAURA,2020-08-25 00:00:00,22.3,-83.3,55,998,,2020,60,1799.9192523175548,0,1727.8444861633395,,,30.396940231323242,,,,,,2020,8,26.26,0.425
2020233N14313,LAURA,2020-08-25 03:00:00,22.6,-84.1, , ,,2020,60,1887.1796139527144,0,1823.432074377799,29.922666549682617,0.03483390808105469,29.916563034057617,,,,,,2020,8,26.26,0.425
2020233N14313,LAURA,2020-08-25 06:00:00,22.8,-84.8,60,995,,2020,60,1962.0069345836664,0,1904.9970924816776,29.932666778564453,0.09649848937988281,29.847047805786133,,,,,,2020,8,26.26,0.425
2020233N14313,LAURA,2020-08-25 09:00:00,23.1,-85.5, , ,,2020,60,2038.9900129336747,0,1990.014404833863,30.05533218383789,0.3200206756591797,29.758466720581055,,,,,,2020,8,26.26,0.425
2020233N14313,LAURA,2020-08-25 12:00:00,23.4,-86.2,65,990,,2020,60,2115.882218237311,0,2075.1322975234007,30.018333435058594,0.30150794982910156,29.758466720581055,,,,,,2020,8,26.26,0.425
2020233N14313,LAURA,2020-08-25 15:00:00,23.7,-86.9, , ,,2020,60,2192.67219681611,0,2160.343381757283,29.948331832885742,0.2758216857910156,29.640323638916016,,,,,,2020,8,26.26,0.425
2020233N14313,LAURA,2020-08-25 18:00:00,24.1,-87.5,70,990,,2020,60,2261.86574670559,0,2238.7803277523226,30.018665313720703,0.24329376220703125,29.795480728149414,,,,,,2020,8,26.26,0.425
2020233N14313,LAURA,2020-08-25 21:00:00,24.5,-88.2, , ,,2020,60,2340.9761535649795,0,2328.108566877902,29.91666603088379,0.10111427307128906,29.795480728149414,,,,,,2020,8,26.26,0.425
2020233N14313,LAURA,2020-08-26 00:00:00,24.9,-88.9,75,983,,2020,60,2420.031328853013,0,2417.6860872109314,29.722665786743164,-0.1916217803955078,29.950183868408203,,,,,,2020,8,26.26,0.425
2020233N14313,LAURA,2020-08-26 03:00:00,25.2,-89.6, , ,,2020,60,2496.385562822024,0,2503.3993071916793,29.716665267944336,-0.2352275848388672,29.962055206298828,,,,,,2020,8,26.26,0.425
2020233N14313,LAURA,2020-08-26 06:00:00,25.6,-90.2,90,978,,2020,60,2565.4786095030586,0,2582.849722649472,29.685998916625977,-0.2757225036621094,29.962055206298828,,,,,,2020,8,26.26,0.425
2020233N14313,LAURA,2020-08-26 09:00:00,26.0,-90.8, , ,,2020,60,2634.5506375044292,0,2662.574911780034,29.743331909179688,-0.23637771606445312,30.001346588134766,,,,,,2020,8,26.26,0.425
2020233N14313,LAURA,2020-08-26 12:00:00,26.4,-91.4,100,963,,2020,60,2703.5826876402384,0,2742.5611061841455,29.518333435058594,-0.45699119567871094,29.9563045501709,,,,,,2020,8,26.26,0.425
2020233N14313,LAURA,2020-08-26 15:00:00,26.8,-92.0, , ,,2020,60,2772.557316140432,0,2822.7963207965067,29.345998764038086,-0.6292934417724609,29.99197006225586,,,,,,2020,8,26.26,0.425
2020233N14313,LAURA,2020-08-26 18:00:00,27.3,-92.5,120,952,,2020,60,2834.836829956235,0,2897.6121670012803,29.20433235168457,-0.7288112640380859,29.907670974731445,,,,,,2020,8,26.26,0.425
2020233N14313,LAURA,2020-08-26 21:00:00,27.9,-92.8, , ,,2020,60,2881.464623264635,0,2957.32513386269,29.152332305908203,-0.7598304748535156,29.907670974731445,,,,,,2020,8,26.26,0.425
2020233N14313,LAURA,2020-08-27 00:00:00,28.5,-93.0,130,937,,2020,60,2919.4691289120956,0,3008.1248591910944,29.088665008544922,-0.8100547790527344,29.90683364868164,,,,,,2020,8,26.26,0.425
2020233N14313,LAURA,2020-08-27 03:00:00,29.1,-93.2, , ,,2020,60,2958.3387907577385,0,3060.305280884455,28.94499969482422,-1.061239242553711,30.06842041015625,,,,,,2020,8,26.26,0.425
2020233N14313,LAURA,2020-08-27 06:00:00,29.8,-93.3,130,939,,2020,60,2992.5860316777907,0,3109.624611736083,,,30.06842041015625,,,,,,2020,8,26.26,0.425
2020233N14313,LAURA,2020-08-27 09:00:00,30.5,-93.4, , ,,2020,60,3028.2330619604218,0,3161.043900092134,,,,,,,,,2020,8,26.26,0.425
2020233N14313,LAURA,2020-08-27 12:00:00,31.2,-93.3,85,970,,2020,60,3047.5701642115855,0,3195.0296468061892,,,,,,,,,2020,8,26.26,0.425
2020233N14313,LAURA,2020-08-27 15:00:00,32.0,-93.1, , ,,2020,60,3064.548558099384,0,3228.86312964651,,,,,,,,,2020,8,26.26,0.425
2020233N14313,LAURA,2020-08-27 18:00:00,32.8,-92.9,55,988,,2020,60,3084.227694729088,0,3266.3481067999455,,,,,,,,,2020,8,26.26,0.425
2020233N14313,LAURA,2020-08-27 21:00:00,33.6,-92.7, , ,,2020,60,3106.5602932277643,0,3307.4244015082145,,,,,,,,,2020,8,26.26,0.425
2020233N14313,LAURA,2020-08-28 00:00:00,34.4,-92.5,35,993,,2020,60,3131.4934793089337,0,3352.0000024449373,,,,,,,,,2020,8,26.26,0.425
2020233N14313,LAURA,2020-08-28 03:00:00,35.0,-92.3, , ,,2020,60,3147.906903156944,0,3383.3973769062313,,,,,,,,,2020,8,26.26,0.425
2020233N14313,LAURA,2020-08-28 06:00:00,35.4,-92.0,25,998,,2020,60,3146.713510366156,0,3391.083578814249,,,,,,,,,2020,8,26.26,0.425
2020233N14313,LAURA,2020-08-28 09:00:00,35.8,-91.7, , ,,2020,60,3146.586238750638,0,3400.1282754737795,,,,,,,,,2020,8,26.26,0.425
2020233N14313,LAURA,2020-08-28 12:00:00,36.1,-91.2,25,1000,,2020,60,3126.4067716772847,0,3384.646611756249,,,,,,,,,2020,8,26.26,0.425
2020233N14313,LAURA,2020-08-28 15:00:00,36.6,-90.7, , ,,2020,60,3119.9697108295663,0,3389.2422927675652,,,,,,,,,2020,8,26.26,0.425
2020233N14313,LAURA,2020-08-28 18:00:00,37.0,-90.0,25,1003,,2020,60,3094.7338059001727,0,3370.768638458653,,,,,,,,,2020,8,26.26,0.425
2020233N14313,LAURA,2020-08-28 21:00:00,37.3,-89.1, , ,,2020,60,3051.0765539784484,0,3329.5750459061815,,,,,,,,,2020,8,26.26,0.425
2020233N14313,LAURA,2020-08-29 00:00:00,37.5,-88.0,25,1004,,2020,60,2989.43475692332,0,3266.1116251265253,,,,,,,,,2020,8,26.26,0.425
2020233N14313,LAURA,2020-08-29 03:00:00,37.9,-86.5, , ,,2020,60,2920.0062779380014,0,3199.3292202742477,,,,,,,,,2020,8,26.26,0.425
2020233N14313,LAURA,2020-08-29 06:00:00,38.3,-84.8,20,1004,,2020,60,2845.793510062353,0,3128.0080768720213,,,,,,,,,2020,8,26.26,0.425
